customer_id,customer_type,first_name,last_name,email,postcode_area,city,region,signup_date
CUST00001,B2C,Emma,Barlow,rita27@example.net,EN4B,Hull,Yorkshire & Humber,2025-08-20
CUST00002,B2C,Albert,Morris,joanne40@example.com,M30,London,London,2026-06-10
CUST00003,B2C,Josh,Jackson,clarkeannette@example.com,L79,Blackpool,North West,2025-08-23
CUST00004,B2C,Lisa,Wheeler,hbaker@example.org,G18,Bournemouth,South West,2026-03-06
CUST00005,B2C,Allan,Gray,traceyward@example.org,NG6,Sheffield,Yorkshire & Humber,2026-08-08
CUST00006,B2C,Frank,Cole,powellann@example.net,PA47,Belfast,Northern Ireland,2024-10-07
CUST00007,B2C,Julie,Thomas,gibsoncameron@example.com,G4,Cambridge,East of England,2025-05-31
CUST00008,B2B,Mohammed,Richardson,wilsondamien@example.net,CB1,Southampton,South East,2026-03-18
CUST00009,B2C,Ashleigh,O'Connor,gemmasimmons@example.net,W9,Sunderland,North East,2025-10-02
CUST00010,B2C,Henry,Manning,ntaylor@example.org,E4A,Bristol,South West,2026-04-17
CUST00011,B2C,Annette,Wood,peter27@example.org,UB2,Southampton,South East,2025-04-02
CUST00012,B2C,Ian,Clarke,garygriffiths@example.net,DD4,Manchester,North West,2025-07-13
CUST00013,B2C,Marian,Evans,brandonbarlow@example.com,S81,Brighton,South East,2026-06-10
CUST00014,B2C,Aimee,Richards,helenjones@example.net,RM2,Dundee,Scotland,2025-04-24
CUST00015,B2C,Sheila,Harrison,johndavis@example.net,ZE2E,Middlesbrough,North East,2025-11-21
CUST00016,B2C,Eleanor,Richards,gouldgail@example.org,AL8B,London,London,2026-07-22
CUST00017,B2C,Duncan,Pearson,jane53@example.net,B8,Lincoln,East Midlands,2026-03-19
CUST00018,B2C,Kerry,Watson,pharris@example.net,NW7Y,Ipswich,East of England,2025-05-10
CUST00019,B2C,Kevin,Murphy,dyates@example.net,M58,York,Yorkshire & Humber,2025-12-22
CUST00020,B2C,Aimee,Smith,nicholsongillian@example.com,CB04,Oxford,South East,2025-10-12
CUST00021,B2C,Rachael,Allen,lindseythomas@example.net,HS0A,Brighton,South East,2025-01-02
CUST00022,B2C,Sylvia,Thornton,wilsonclaire@example.com,S1,Sheffield,Yorkshire & Humber,2026-07-07
CUST00023,B2C,Terry,Mills,qclarke@example.net,L4,London,London,2025-08-28
CUST00024,B2C,Bradley,Lewis,june69@example.com,W61,Nottingham,East Midlands,2026-03-16
CUST00025,B2B,Mitchell,Chambers,eking@example.org,CF1W,Newport,Wales,2024-10-07
CUST00026,B2B,Sally,Smith,goddardconor@example.org,B19,Leicester,East Midlands,2025-12-01
CUST00027,B2B,Alex,Swift,rrussell@example.com,N91,Belfast,Northern Ireland,2025-02-18
CUST00028,B2C,Irene,Gill,ritawalton@example.org,BS61,Lincoln,East Midlands,2026-08-08
CUST00029,B2C,Edward,White,parsonsgail@example.net,DL0,Nottingham,East Midlands,2024-09-28
CUST00030,B2C,Lindsey,Brown,fitzgeraldjoanne@example.com,DH74,Middlesbrough,North East,2024-11-10
CUST00031,B2C,Vanessa,Walsh,dtaylor@example.org,E91,Sheffield,Yorkshire & Humber,2024-11-20
CUST00032,B2C,Damien,Mitchell,holtgeraldine@example.com,YO6,Sheffield,Yorkshire & Humber,2025-10-30
CUST00033,B2C,Damien,Curtis,brandon60@example.net,NW0,Swansea,Wales,2026-01-29
CUST00034,B2C,David,Wilson,ybell@example.net,W5,London,London,2026-01-20
CUST00035,B2B,Lee,Boyle,greengarry@example.net,PH67,Oxford,South East,2025-11-14
CUST00036,B2C,Leanne,Taylor,vsutton@example.net,B3,Belfast,Northern Ireland,2024-09-06
CUST00037,B2B,Jade,Hall,jberry@example.org,L7,Cambridge,East of England,2024-12-08
CUST00038,B2C,Mark,Cooke,adam70@example.com,SA8,Sheffield,Yorkshire & Humber,2026-06-12
CUST00039,B2C,James,Warren,jonesalexander@example.com,W3,Cambridge,East of England,2026-05-11
CUST00040,B2C,Leah,Williams,katherine51@example.net,DY9,London,London,2026-04-19
CUST00041,B2C,Lindsey,Sullivan,alexandra16@example.org,EX5M,Derry,Northern Ireland,2025-09-02
CUST00042,B2C,Lynne,Palmer,yvonne60@example.org,FK5,Newport,Wales,2025-12-22
CUST00043,B2C,Jodie,Pratt,pauline00@example.net,B6S,Belfast,Northern Ireland,2026-06-24
CUST00044,B2C,Hilary,Pearce,qking@example.org,PA9P,Oxford,South East,2026-01-11
CUST00045,B2C,Ashley,Morgan,youngmark@example.org,L7J,Blackpool,North West,2025-10-14
CUST00046,B2C,Lesley,Hodgson,burgesswendy@example.com,SM7M,Edinburgh,Scotland,2026-05-18
CUST00047,B2C,Katy,Barrett,rossjohn@example.com,CO8,Aberdeen,Scotland,2024-08-12
CUST00048,B2C,Scott,Turner,caroline72@example.org,SK40,London,London,2025-01-09
CUST00049,B2B,Kim,Clarke,fosterjayne@example.com,M5S,Blackpool,North West,2025-08-11
CUST00050,B2B,Glenn,Pearce,bethany03@example.net,BL2N,Dundee,Scotland,2024-08-20
CUST00051,B2C,Stephanie,Watts,hlewis@example.com,NW63,York,Yorkshire & Humber,2024-09-20
CUST00052,B2C,Maurice,Patel,dixondylan@example.org,TR3N,Coventry,West Midlands,2025-10-27
CUST00053,B2C,Eric,Ellis,aimee39@example.com,S34,Wolverhampton,West Midlands,2025-02-24
CUST00054,B2C,Gerard,Hancock,jonesshirley@example.com,L0,Ipswich,East of England,2024-12-01
CUST00055,B2C,Oliver,Henderson,charles68@example.org,S7U,Derry,Northern Ireland,2026-08-08
CUST00056,B2C,Stacey,Harrison,jayne38@example.com,E1D,Cambridge,East of England,2026-01-08
CUST00057,B2B,Dawn,Watts,dhill@example.com,B0D,Oxford,South East,2024-11-04
CUST00058,B2C,Harriet,Vincent,gstephenson@example.net,W9G,Nottingham,East Midlands,2024-10-14
CUST00059,B2C,Scott,Kelly,lydiawalker@example.org,CR86,Ipswich,East of England,2025-01-17
CUST00060,B2C,Amelia,Patel,rbriggs@example.com,E7,Belfast,Northern Ireland,2025-06-21
CUST00061,B2C,Amelia,Graham,ystanley@example.com,E2U,Derry,Northern Ireland,2025-06-02
CUST00062,B2C,Max,Walters,christian59@example.org,N16,Manchester,North West,2025-09-06
CUST00063,B2C,Josephine,Norris,angelaahmed@example.org,W08,Derry,Northern Ireland,2026-04-10
CUST00064,B2B,Andrew,Dawson,kathleen76@example.net,CH0,Swansea,Wales,2024-12-24
CUST00065,B2B,Sara,Robinson,tayloralan@example.org,W67,Derry,Northern Ireland,2025-08-27
CUST00066,B2C,Debra,Cook,qwood@example.net,CW3,Southampton,South East,2024-12-28
CUST00067,B2C,Nicola,Watson,josephlane@example.com,AL2,Southampton,South East,2025-08-23
CUST00068,B2B,Harry,Brown,maria93@example.net,SP9,Sheffield,Yorkshire & Humber,2024-11-23
CUST00069,B2B,Martin,Baker,frederickbennett@example.net,W7,Oxford,South East,2026-03-06
CUST00070,B2C,Kathleen,Lewis,bondfrancis@example.com,GY3V,Derry,Northern Ireland,2025-11-03
CUST00071,B2B,Lewis,Brown,leerobin@example.net,SS8,Derby,East Midlands,2025-09-03
CUST00072,B2B,Carol,Hodgson,nferguson@example.org,M5,Leeds,Yorkshire & Humber,2025-05-11
CUST00073,B2C,Glen,Williams,huntlucy@example.net,S97,Middlesbrough,North East,2025-01-23
CUST00074,B2B,Lynn,Lewis,ldavis@example.org,G3H,Sunderland,North East,2026-02-14
CUST00075,B2C,Brandon,Smith,conor05@example.org,N6,Liverpool,North West,2026-03-29
CUST00076,B2C,Andrea,Shah,frichardson@example.org,NW1M,Newcastle,North East,2026-02-08
CUST00077,B2C,Angela,James,phillip01@example.com,DY2W,Leeds,Yorkshire & Humber,2026-08-03
CUST00078,B2C,Judith,Turner,pearsonallan@example.com,WV5,Wrexham,Wales,2025-11-10
CUST00079,B2C,Jasmine,Miles,lsmith@example.org,LD4,Norwich,East of England,2024-11-21
CUST00080,B2C,Elizabeth,Green,tturnbull@example.net,YO88,Brighton,South East,2024-10-22
CUST00081,B2C,Craig,Richardson,joshmarshall@example.com,E8,Coventry,West Midlands,2025-03-05
CUST00082,B2C,Cheryl,Berry,flemingmax@example.com,LS57,London,London,2025-07-27
CUST00083,B2C,Nicholas,Moore,murrayjacqueline@example.org,WR77,Swansea,Wales,2026-01-07
CUST00084,B2C,Stephen,Bull,dylan03@example.net,L9,Wolverhampton,West Midlands,2025-04-30
CUST00085,B2B,Toby,Moss,xhancock@example.net,W6K,Lincoln,East Midlands,2026-01-17
CUST00086,B2B,Stacey,Francis,pstone@example.net,B52,Sheffield,Yorkshire & Humber,2024-08-12
CUST00087,B2C,Pamela,Richardson,mlee@example.com,IP76,Sunderland,North East,2025-06-18
CUST00088,B2C,Arthur,Powell,gillian48@example.net,S77,Newcastle,North East,2026-05-08
CUST00089,B2C,Iain,Simpson,kglover@example.com,G6,Reading,South East,2024-09-16
CUST00090,B2B,Caroline,Payne,kayluke@example.net,SL9E,Sheffield,Yorkshire & Humber,2025-04-22
CUST00091,B2C,Mitchell,Carr,winterconnor@example.net,SS3,Dundee,Scotland,2026-05-25
CUST00092,B2C,Dylan,O'Connor,lewismohammad@example.org,BS8,Coventry,West Midlands,2025-07-09
CUST00093,B2C,Adam,Chapman,xcollins@example.com,L9,Wrexham,Wales,2026-06-01
CUST00094,B2C,Gerald,Wilkinson,jacksonann@example.net,EX2,London,London,2026-05-14
CUST00095,B2C,Allan,Hall,ronaldslater@example.net,G3A,Belfast,Northern Ireland,2026-07-01
CUST00096,B2C,Alison,Pollard,callum88@example.org,G14,Sunderland,North East,2025-11-16
CUST00097,B2C,Robin,Campbell,abigail43@example.org,L4T,Derry,Northern Ireland,2026-08-07
CUST00098,B2C,Irene,Anderson,joshslater@example.com,HA8,Nottingham,East Midlands,2026-02-20
CUST00099,B2C,Hazel,Perkins,linda79@example.net,TA98,Ipswich,East of England,2025-09-20
CUST00100,B2C,Tina,Miller,benjaminparkes@example.org,WD9P,Plymouth,South West,2025-01-22
CUST00101,B2C,Roger,Bryan,laurendavies@example.net,L40,Leeds,Yorkshire & Humber,2025-09-28
CUST00102,B2C,Samantha,Thompson,stephaniefitzgerald@example.org,CM87,Derry,Northern Ireland,2024-11-06
CUST00103,B2B,Reece,Pratt,shaunbailey@example.org,S2,Sheffield,Yorkshire & Humber,2026-03-21
CUST00104,B2C,Matthew,Baxter,rachelmoran@example.org,M8F,Exeter,South West,2025-05-18
CUST00105,B2C,Owen,Turner,chapmanjake@example.org,GU7R,Edinburgh,Scotland,2024-11-17
CUST00106,B2C,Clifford,Marsden,russellfuller@example.net,N60,Coventry,West Midlands,2026-04-29
CUST00107,B2C,Patricia,Parsons,tomlinsonclare@example.net,G0H,Exeter,South West,2025-12-28
CUST00108,B2C,Bruce,Watson,cameron34@example.com,G0S,Wolverhampton,West Midlands,2025-11-11
CUST00109,B2C,Bryan,Wilkinson,glennorton@example.org,NP9,London,London,2024-08-26
CUST00110,B2C,Bryan,Pearson,glawrence@example.net,PO0,London,London,2024-10-04
CUST00111,B2C,Neil,Cross,hazellewis@example.com,NG71,Wrexham,Wales,2025-04-12
CUST00112,B2C,Gary,Kelly,kenneth76@example.org,E2K,York,Yorkshire & Humber,2025-02-17
CUST00113,B2C,Leonard,Hunt,cmorris@example.org,CO9V,London,London,2026-01-17
CUST00114,B2C,Rita,Gibbs,christopherwest@example.com,B0J,Bristol,South West,2024-10-12
CUST00115,B2C,Colin,Perry,danny39@example.org,SA5H,Preston,North West,2025-10-02
CUST00116,B2C,Hayley,Todd,brownhannah@example.com,G89,Birmingham,West Midlands,2024-08-18
CUST00117,B2C,Holly,Wood,simon63@example.org,NE1Y,Middlesbrough,North East,2025-04-16
CUST00118,B2C,Bethany,Taylor,pritchardsian@example.org,G9,London,London,2025-10-02
CUST00119,B2C,Wendy,Hutchinson,zdixon@example.org,HD0,Oxford,South East,2025-05-10
CUST00120,B2C,Dale,Martin,iainreeves@example.com,M7,Lincoln,East Midlands,2026-07-11
CUST00121,B2C,Mitchell,Kaur,vanessayoung@example.com,W07,Cardiff,Wales,2025-10-02
CUST00122,B2C,Lucy,Moore,hdavison@example.net,M4,Wolverhampton,West Midlands,2025-03-27
CUST00123,B2C,Francis,Finch,kwilliams@example.com,S49,Middlesbrough,North East,2026-05-31
CUST00124,B2C,Megan,Reynolds,harveymark@example.org,G0A,Plymouth,South West,2025-07-05
CUST00125,B2C,Karl,Godfrey,ericgallagher@example.org,E7,Sheffield,Yorkshire & Humber,2024-10-08
CUST00126,B2C,Donald,Hunt,craigbrooks@example.net,M29,Nottingham,East Midlands,2026-08-02
CUST00127,B2C,Marie,Smith,xgeorge@example.net,CO6,Derry,Northern Ireland,2026-07-25
CUST00128,B2C,Mohammed,Bruce,lorrainecarter@example.com,CO4,Derby,East Midlands,2024-10-22
CUST00129,B2C,Rosie,Harris,jeffreywilkins@example.org,M7B,Middlesbrough,North East,2025-04-06
CUST00130,B2B,Gail,Davies,smithlouis@example.net,S71,Hull,Yorkshire & Humber,2025-08-18
CUST00131,B2C,Clive,White,brownstacey@example.com,B4T,Swansea,Wales,2024-08-14
CUST00132,B2B,Frank,Evans,bclarke@example.com,LL1,Reading,South East,2026-03-24
CUST00133,B2B,Gillian,Smith,kieran14@example.com,EN0X,Sheffield,Yorkshire & Humber,2025-07-27
CUST00134,B2C,Alison,Smith,elizabethrichardson@example.com,GY2,London,London,2025-11-21
CUST00135,B2B,Patrick,McLean,sam20@example.com,RH0Y,York,Yorkshire & Humber,2025-11-25
CUST00136,B2C,Keith,Williams,dsmith@example.com,E4W,Preston,North West,2024-12-21
CUST00137,B2C,Hugh,Gordon,dale20@example.net,DD7,Swansea,Wales,2025-11-14
CUST00138,B2C,Paula,Reid,molly51@example.org,FK2,Reading,South East,2025-05-31
CUST00139,B2B,Fiona,Smith,eleanorreid@example.com,BH1W,Peterborough,East of England,2026-04-03
CUST00140,B2C,Julian,Henderson,natalie33@example.org,AB91,Ipswich,East of England,2025-05-03
CUST00141,B2C,Susan,Cooper,gdoyle@example.net,TR9,Leeds,Yorkshire & Humber,2025-10-19
CUST00142,B2C,Sarah,Russell,bethelliott@example.org,G17,London,London,2025-06-29
CUST00143,B2B,Claire,Holmes,hcarter@example.net,LE6,Leicester,East Midlands,2026-07-22
CUST00144,B2B,Jasmine,Hall,damianmorgan@example.net,SW2V,Bournemouth,South West,2025-01-16
CUST00145,B2C,Patrick,Ellis,bradley64@example.com,DA5N,London,London,2025-12-10
CUST00146,B2C,Timothy,McKenzie,hbarrett@example.com,KW95,Nottingham,East Midlands,2025-08-02
CUST00147,B2C,Dean,Thomas,roywright@example.org,GU85,Derry,Northern Ireland,2026-07-20
CUST00148,B2C,Marion,Conway,owen51@example.com,LU2W,Brighton,South East,2024-08-08
CUST00149,B2B,Michael,Watson,glen17@example.org,ST3V,Belfast,Northern Ireland,2025-04-12
CUST00150,B2B,June,Smith,gareth68@example.com,G33,Derry,Northern Ireland,2025-10-29
CUST00151,B2C,Frances,Woodward,pdavies@example.com,FK4W,Leeds,Yorkshire & Humber,2025-08-29
CUST00152,B2C,Samuel,Stevens,bentleydiane@example.com,BD0,Leeds,Yorkshire & Humber,2025-05-07
CUST00153,B2C,Connor,Thomas,amberdavies@example.net,S3B,Derry,Northern Ireland,2026-04-22
CUST00154,B2C,Patrick,Ahmed,marilyn25@example.org,S7,Reading,South East,2026-06-24
CUST00155,B2C,Kyle,Hartley,andersontom@example.org,N99,Leeds,Yorkshire & Humber,2025-05-24
CUST00156,B2C,Clare,Riley,connormoore@example.com,KW2Y,Cambridge,East of England,2025-12-14
CUST00157,B2C,Joshua,May,skinnerleon@example.net,G1S,Bristol,South West,2025-02-03
CUST00158,B2C,James,Bryan,collinsguy@example.com,W5,Bournemouth,South West,2024-11-25
CUST00159,B2B,Henry,Morris,utyler@example.org,SY87,Liverpool,North West,2026-06-22
CUST00160,B2C,Brandon,Taylor,stevensbethan@example.net,N35,Plymouth,South West,2025-05-14
CUST00161,B2C,Roy,Kemp,jonesgareth@example.com,W65,Dundee,Scotland,2026-06-13
CUST00162,B2C,Nathan,Howard,jennifer99@example.com,M41,Birmingham,West Midlands,2025-09-12
CUST00163,B2C,Gillian,Hayward,carlwalker@example.com,DT1,Birmingham,West Midlands,2025-09-01
CUST00164,B2B,Jasmine,Jones,vbrady@example.net,W6S,Leeds,Yorkshire & Humber,2024-11-15
CUST00165,B2C,Joan,Hall,julieglover@example.com,E10,Newcastle,North East,2025-01-10
CUST00166,B2B,Duncan,Turner,harriet89@example.com,DY28,Norwich,East of England,2025-06-15
CUST00167,B2C,Carol,Taylor,jodiepatel@example.org,TQ0E,Lincoln,East Midlands,2025-09-30
CUST00168,B2C,Gillian,Rogers,chudson@example.net,S4S,Newport,Wales,2024-10-20
CUST00169,B2C,Kyle,Gardner,jade13@example.net,KW6E,Preston,North West,2024-10-27
CUST00170,B2C,Kelly,Wilson,suzanne18@example.org,E0J,Edinburgh,Scotland,2025-01-03
CUST00171,B2B,Charlene,Sullivan,akhtarpaige@example.org,SP6V,Nottingham,East Midlands,2025-12-21
CUST00172,B2C,Megan,Nicholls,whitealex@example.org,G69,Aberdeen,Scotland,2025-08-05
CUST00173,B2C,Melanie,Rice,hilaryduffy@example.net,CT3,Oxford,South East,2025-07-20
CUST00174,B2C,Megan,Thompson,elaine71@example.org,S94,London,London,2026-04-26
CUST00175,B2C,Amy,Kaur,katymartin@example.com,LU88,Norwich,East of England,2026-04-01
CUST00176,B2B,Ronald,Davies,amurphy@example.net,BL0,Belfast,Northern Ireland,2026-03-15
CUST00177,B2C,Christine,Perry,davisoneric@example.com,CT5V,Belfast,Northern Ireland,2025-07-19
CUST00178,B2C,Allan,Connolly,gordonjack@example.net,MK6R,London,London,2024-10-07
CUST00179,B2C,Beverley,Humphreys,sandersonmelissa@example.net,KY8,Sunderland,North East,2025-07-05
CUST00180,B2C,Kyle,Sinclair,joel05@example.net,B57,Belfast,Northern Ireland,2025-11-06
CUST00181,B2C,Josephine,Newman,colemanbarbara@example.net,M7,London,London,2024-12-24
CUST00182,B2C,Eileen,Townsend,georgia64@example.net,E0,Sunderland,North East,2025-09-18
CUST00183,B2C,Lindsey,Atkinson,claire01@example.org,HP14,London,London,2025-10-17
CUST00184,B2C,Ashley,Parker,vincent25@example.net,RG8Y,Wrexham,Wales,2026-03-10
CUST00185,B2B,Kelly,Rogers,rhunter@example.org,NW0,Exeter,South West,2024-10-23
CUST00186,B2C,Scott,Bell,katiewebster@example.net,SP4A,Belfast,Northern Ireland,2024-10-12
CUST00187,B2C,Hayley,Hammond,carolynnorman@example.com,E82,Norwich,East of England,2025-07-14
CUST00188,B2C,Lawrence,Blake,mccarthygary@example.org,W3S,Derry,Northern Ireland,2025-03-04
CUST00189,B2C,Aaron,Edwards,rbarker@example.com,S02,Plymouth,South West,2025-03-04
CUST00190,B2C,Dylan,Barton,tjones@example.net,BH56,Cambridge,East of England,2025-12-23
CUST00191,B2C,Max,Reid,ododd@example.com,CB9W,Sunderland,North East,2025-05-02
CUST00192,B2C,Victor,Ali,brennanleigh@example.net,L1W,Norwich,East of England,2025-11-25
CUST00193,B2C,Henry,Coleman,shawandrew@example.org,GU3H,Norwich,East of England,2025-06-07
CUST00194,B2C,Tracy,Cook,roseleanne@example.com,M4,Bristol,South West,2024-08-08
CUST00195,B2C,Jake,Smith,wintercaroline@example.com,FK10,Hull,Yorkshire & Humber,2025-07-13
CUST00196,B2C,Samantha,Bennett,patelgemma@example.org,PR05,Peterborough,East of England,2025-10-23
CUST00197,B2C,Peter,Allen,kevin07@example.org,GL1Y,London,London,2025-03-08
CUST00198,B2C,Glen,Chambers,alexgriffiths@example.org,SW9H,Lincoln,East Midlands,2025-10-13
CUST00199,B2C,Teresa,Price,stephanie78@example.org,PE4,Wolverhampton,West Midlands,2025-06-07
CUST00200,B2C,Marcus,Jones,jillsanderson@example.org,L3D,Blackpool,North West,2024-10-13
CUST00201,B2B,Natasha,Bibi,xwalsh@example.com,IM7R,Hull,Yorkshire & Humber,2024-11-20
CUST00202,B2C,Chloe,Holt,lydiawest@example.net,E3,London,London,2025-09-28
CUST00203,B2C,Georgina,Ellis,nsmith@example.com,SG54,Ipswich,East of England,2025-02-09
CUST00204,B2C,Ruth,Cox,leah09@example.org,CH1,London,London,2025-05-05
CUST00205,B2B,Rosie,Johnson,barry68@example.org,S6,Norwich,East of England,2025-02-25
CUST00206,B2C,Stephanie,Thompson,nicholasmitchell@example.com,N78,Blackpool,North West,2026-01-26
CUST00207,B2B,Holly,Morgan,hamiltonwendy@example.net,N10,Sheffield,Yorkshire & Humber,2026-06-24
CUST00208,B2C,Colin,Butler,xwoods@example.com,L1E,Sheffield,Yorkshire & Humber,2026-03-12
CUST00209,B2C,Sandra,Collins,zrobson@example.org,SK57,Newcastle,North East,2026-03-06
CUST00210,B2C,Joe,Jackson,jrichards@example.org,M90,Wrexham,Wales,2025-05-28
CUST00211,B2C,Tina,Akhtar,declan62@example.com,B7U,Hull,Yorkshire & Humber,2025-04-05
CUST00212,B2C,Kate,Harper,zfield@example.org,N8,Belfast,Northern Ireland,2024-11-28
CUST00213,B2C,Jayne,Knight,rhys32@example.org,ME2M,Cardiff,Wales,2025-04-17
CUST00214,B2C,Victoria,Turner,oforster@example.net,W86,London,London,2024-12-24
CUST00215,B2C,Carolyn,Saunders,tinadoyle@example.com,CB8,Middlesbrough,North East,2026-08-03
CUST00216,B2B,Deborah,Thompson,sally81@example.net,CT72,Coventry,West Midlands,2024-12-27
CUST00217,B2C,Mathew,Clayton,judithjohnson@example.net,PE2,Liverpool,North West,2026-01-08
CUST00218,B2C,Shaun,Lloyd,barkerjennifer@example.com,E3,Coventry,West Midlands,2026-01-10
CUST00219,B2C,Sally,Sutton,jenkinsjasmine@example.com,N13,Preston,North West,2024-10-29
CUST00220,B2C,Craig,Pickering,christian56@example.net,CR89,Plymouth,South West,2025-06-18
CUST00221,B2C,Michael,King,blakesheila@example.net,B62,Oxford,South East,2025-08-17
CUST00222,B2C,Philip,Skinner,davismarc@example.net,E2,Bournemouth,South West,2025-12-04
CUST00223,B2C,Brandon,Day,ibanks@example.net,W8E,Leeds,Yorkshire & Humber,2026-01-26
CUST00224,B2C,Jay,Collier,marcus86@example.net,M4,Bournemouth,South West,2026-01-31
CUST00225,B2C,Karen,Coles,antony47@example.org,S37,Birmingham,West Midlands,2026-01-25
CUST00226,B2C,Melanie,Woods,charris@example.com,CF8,Middlesbrough,North East,2025-06-17
CUST00227,B2C,Amanda,Yates,fredericksmith@example.org,L9D,Belfast,Northern Ireland,2025-09-29
CUST00228,B2C,Bethany,May,nicolaward@example.org,G4,Swansea,Wales,2025-02-08
CUST00229,B2C,Melissa,Clarke,diana88@example.org,B6,Newport,Wales,2024-11-17
CUST00230,B2C,Robin,Read,jdavis@example.org,S37,Wolverhampton,West Midlands,2026-03-01
CUST00231,B2C,Christian,Bishop,seansullivan@example.com,WV3R,Hull,Yorkshire & Humber,2025-03-19
CUST00232,B2C,Callum,Lawrence,zjenkins@example.org,L2H,Oxford,South East,2026-05-31
CUST00233,B2C,Julie,Brown,pmiller@example.net,CO5,Manchester,North West,2025-10-21
CUST00234,B2C,Barbara,Johnson,dawnclark@example.org,RG78,Blackpool,North West,2025-07-25
CUST00235,B2C,Benjamin,Brown,susantaylor@example.org,CM77,London,London,2025-07-13
CUST00236,B2C,Joanne,Phillips,patkinson@example.net,S9K,Liverpool,North West,2026-02-26
CUST00237,B2C,Leah,Cook,lynn21@example.org,B66,Coventry,West Midlands,2025-04-20
CUST00238,B2C,Janice,Pratt,ybrown@example.net,B9,Coventry,West Midlands,2025-09-09
CUST00239,B2C,Ryan,Harvey,xquinn@example.net,CA14,Wolverhampton,West Midlands,2026-04-10
CUST00240,B2C,Jack,Pratt,kathleen49@example.net,SG3X,London,London,2026-04-05
CUST00241,B2C,Jessica,Roberts,dixonbarry@example.org,W3,Wolverhampton,West Midlands,2026-01-29
CUST00242,B2B,Danielle,Carroll,lawsonkathryn@example.org,CR12,London,London,2026-02-13
CUST00243,B2C,Oliver,King,robinsoneric@example.net,G06,Wolverhampton,West Midlands,2025-04-27
CUST00244,B2C,Kerry,Harris,mary96@example.org,HP3,Middlesbrough,North East,2026-02-03
CUST00245,B2C,Scott,Barber,georgia83@example.com,W4F,Coventry,West Midlands,2025-08-21
CUST00246,B2C,Beth,Thompson,wayne06@example.org,N4,Glasgow,Scotland,2025-02-01
CUST00247,B2C,Patrick,Hope,meganmay@example.com,G5,Plymouth,South West,2026-08-08
CUST00248,B2C,Ashley,Fisher,grace61@example.com,SW6E,Brighton,South East,2026-03-30
CUST00249,B2C,Barbara,Nicholson,olewis@example.com,B0,Dundee,Scotland,2026-02-03
CUST00250,B2C,Mandy,Walsh,mathew82@example.net,WF2,Nottingham,East Midlands,2025-11-04
CUST00251,B2C,Allan,Anderson,joseph63@example.org,HR5B,Wrexham,Wales,2024-11-17
CUST00252,B2C,Jeffrey,Thomas,otodd@example.com,CH1,Derby,East Midlands,2026-01-16
CUST00253,B2C,Philip,Willis,mannfrancesca@example.net,TR0X,Nottingham,East Midlands,2026-04-17
CUST00254,B2C,Joel,Lloyd,josephfreeman@example.net,SY0X,Peterborough,East of England,2025-10-31
CUST00255,B2B,Adam,Hunter,eileen37@example.net,IP10,Newport,Wales,2025-03-08
CUST00256,B2C,Robin,Davis,smitchell@example.com,SO0X,Belfast,Northern Ireland,2025-10-06
CUST00257,B2C,Dale,Bradley,rrees@example.net,M4B,Southampton,South East,2026-02-02
CUST00258,B2C,Denis,Skinner,watsonjason@example.net,CO0P,Derry,Northern Ireland,2026-05-31
CUST00259,B2C,Heather,Hale,pamelawalsh@example.com,N79,Derry,Northern Ireland,2024-09-29
CUST00260,B2C,Sandra,Davies,harrislee@example.org,HS00,Middlesbrough,North East,2024-11-29
CUST00261,B2C,Hollie,Baker,barlownathan@example.net,SW5,Blackpool,North West,2025-04-27
CUST00262,B2C,Lesley,Hughes,bnicholls@example.net,LS4H,Bristol,South West,2025-08-04
CUST00263,B2C,Teresa,Morris,smoore@example.org,N7F,London,London,2025-07-02
CUST00264,B2C,Derek,Skinner,nbarrett@example.net,S83,Cambridge,East of England,2026-07-15
CUST00265,B2B,Philip,Hamilton,bevans@example.net,G7U,Derby,East Midlands,2026-07-18
CUST00266,B2C,Teresa,Evans,cliffordbaker@example.org,UB44,Derby,East Midlands,2026-01-28
CUST00267,B2C,Donna,Walsh,humphreysstewart@example.com,N6K,Belfast,Northern Ireland,2025-08-06
CUST00268,B2B,Carol,Johnson,porterhilary@example.net,M83,Brighton,South East,2025-04-23
CUST00269,B2C,Sophie,Swift,jamesdonna@example.com,KA7,Plymouth,South West,2025-10-18
CUST00270,B2C,Sam,Russell,bethanyclark@example.net,HR7,Bournemouth,South West,2024-10-05
CUST00271,B2C,Bruce,Simpson,balldale@example.org,M3,Coventry,West Midlands,2025-06-25
CUST00272,B2C,Harriet,Stokes,davieslindsey@example.com,BT0V,Norwich,East of England,2026-07-04
CUST00273,B2C,Lauren,Martin,elliot49@example.com,SE47,London,London,2024-09-16
CUST00274,B2C,Jay,Coleman,qdennis@example.net,N4,Cardiff,Wales,2026-04-13
CUST00275,B2C,Harry,Evans,ukelly@example.net,TN4M,York,Yorkshire & Humber,2025-03-25
CUST00276,B2C,Dylan,Miller,browndale@example.net,SW0,Belfast,Northern Ireland,2024-12-25
CUST00277,B2C,Gavin,Allen,joshlee@example.org,G2C,Swansea,Wales,2026-07-10
CUST00278,B2C,Marcus,Oliver,ilittle@example.net,L7,Dundee,Scotland,2024-12-20
CUST00279,B2C,Elliott,Allen,lmckenzie@example.com,L7T,Leicester,East Midlands,2026-07-20
CUST00280,B2C,Graham,Bartlett,judith83@example.net,IV01,Reading,South East,2025-05-31
CUST00281,B2C,Deborah,Gibbons,josephthorpe@example.com,B14,London,London,2026-05-26
CUST00282,B2C,Maurice,Taylor,hollieshaw@example.com,B3K,Brighton,South East,2025-02-17
CUST00283,B2C,Sara,Hunt,elliotabbott@example.com,E9W,Nottingham,East Midlands,2025-03-31
CUST00284,B2B,Pauline,Dickinson,damian65@example.net,TF94,Dundee,Scotland,2025-02-19
CUST00285,B2C,Ellie,Patel,fmartin@example.com,G73,Cardiff,Wales,2026-05-07
CUST00286,B2B,Gerard,Carr,dennisantony@example.com,G7B,Plymouth,South West,2026-07-18
CUST00287,B2B,Roger,Bell,ruthpope@example.org,DL6X,Blackpool,North West,2024-09-26
CUST00288,B2B,Abdul,Moore,lesleywatts@example.org,ST42,Aberdeen,Scotland,2025-10-13
CUST00289,B2C,Rachel,Lloyd,woodryan@example.com,M3D,Oxford,South East,2025-11-20
CUST00290,B2C,Reece,Holmes,gareth51@example.com,BL5,Edinburgh,Scotland,2025-01-02
CUST00291,B2C,Marie,Sutton,deniseaustin@example.org,BR53,Cardiff,Wales,2024-10-14
CUST00292,B2C,Gillian,Brookes,robin88@example.net,N0,Birmingham,West Midlands,2025-11-03
CUST00293,B2C,Abdul,Wilkinson,carolynhowe@example.net,N3,Preston,North West,2026-05-24
CUST00294,B2C,Nigel,Shepherd,westjade@example.org,W6,Plymouth,South West,2024-12-01
CUST00295,B2C,Cheryl,Morris,daniel36@example.org,L9E,Wolverhampton,West Midlands,2025-12-20
CUST00296,B2C,Rhys,Gray,graykayleigh@example.com,SR2V,Ipswich,East of England,2024-09-10
CUST00297,B2C,Ashleigh,Metcalfe,julia28@example.net,M80,Brighton,South East,2026-03-02
CUST00298,B2B,Jane,Jones,malcolm68@example.org,G75,Edinburgh,Scotland,2025-09-18
CUST00299,B2C,Carolyn,Lambert,jbailey@example.org,L67,Wolverhampton,West Midlands,2024-12-03
CUST00300,B2C,Josephine,James,tinawest@example.net,M3T,Dundee,Scotland,2024-12-17
CUST00301,B2C,Sally,Gardiner,louis26@example.net,IG5B,Derry,Northern Ireland,2024-10-12
CUST00302,B2C,Neil,Bowen,maryharper@example.net,B4H,Ipswich,East of England,2024-08-16
CUST00303,B2C,Rhys,Cox,mitchellcollins@example.net,CM9N,Norwich,East of England,2024-11-07
CUST00304,B2C,Lindsey,Hodgson,kerry90@example.net,YO0R,London,London,2026-08-01
CUST00305,B2B,Douglas,Slater,jcoleman@example.org,S7D,Leeds,Yorkshire & Humber,2025-02-09
CUST00306,B2C,Janet,Graham,hayleyreed@example.com,TF3,Bristol,South West,2026-05-26
CUST00307,B2C,Fiona,Godfrey,fletchermalcolm@example.org,N7T,Sheffield,Yorkshire & Humber,2026-07-29
CUST00308,B2C,Daniel,Marsh,wedwards@example.org,WA7H,London,London,2025-12-17
CUST00309,B2C,Andrea,Wilkinson,rickyking@example.org,DH0P,Derry,Northern Ireland,2024-10-28
CUST00310,B2C,Leanne,Johnson,nathan90@example.com,M62,Exeter,South West,2026-05-28
CUST00311,B2C,Owen,Roberts,webbbilly@example.net,LN4,Newport,Wales,2025-10-20
CUST00312,B2B,Simon,Green,janet29@example.net,M7B,Ipswich,East of England,2026-03-13
CUST00313,B2C,Janice,Simpson,uarnold@example.net,AB0W,Preston,North West,2025-10-17
CUST00314,B2C,Ronald,Graham,conorshort@example.net,G55,Norwich,East of England,2024-08-16
CUST00315,B2C,Elaine,Davis,heather74@example.com,L41,London,London,2025-07-25
CUST00316,B2C,Judith,Gray,victor43@example.com,SA3V,Cardiff,Wales,2025-11-25
CUST00317,B2C,Danny,Sanders,john39@example.net,RG1,Aberdeen,Scotland,2025-12-22
CUST00318,B2C,Lesley,Mahmood,metcalfedean@example.net,S7,Cambridge,East of England,2024-10-26
CUST00319,B2C,Fiona,Robertson,mandy45@example.org,B56,York,Yorkshire & Humber,2025-03-29
CUST00320,B2B,Donald,Green,stevengallagher@example.org,E8,Glasgow,Scotland,2025-07-27
CUST00321,B2C,Carly,Fuller,henryward@example.org,G9,London,London,2025-12-16
CUST00322,B2B,Charlie,Williams,lorrainedixon@example.net,GL6W,Middlesbrough,North East,2025-03-15
CUST00323,B2C,Douglas,Fletcher,davisshaun@example.org,LD6M,Belfast,Northern Ireland,2024-11-19
CUST00324,B2C,Abdul,Mills,quinnjoanna@example.org,SP6,Derry,Northern Ireland,2025-04-24
CUST00325,B2C,Mandy,Ali,teresathomas@example.org,MK0,Sunderland,North East,2026-01-31
CUST00326,B2C,Aimee,Graham,williamsamelia@example.net,L4,Aberdeen,Scotland,2025-01-15
CUST00327,B2C,Bradley,Mellor,wrightdeclan@example.com,SM4W,London,London,2024-11-14
CUST00328,B2C,Hugh,Johnson,thobbs@example.org,EN86,Plymouth,South West,2025-07-10
CUST00329,B2C,Marilyn,Lloyd,pking@example.com,E5B,Nottingham,East Midlands,2026-06-20
CUST00330,B2C,Debra,Grant,nhill@example.net,N2T,Liverpool,North West,2025-07-20
CUST00331,B2C,Christian,Gardner,lorraine62@example.net,AL5B,Leicester,East Midlands,2024-10-20
CUST00332,B2C,Abdul,Porter,oconnormalcolm@example.net,S42,Belfast,Northern Ireland,2025-09-17
CUST00333,B2C,Stephen,Patel,atkinsonrachel@example.net,B0F,Peterborough,East of England,2025-11-27
CUST00334,B2C,Jane,O'Brien,june43@example.net,LE9,Nottingham,East Midlands,2025-06-14
CUST00335,B2C,Lindsey,Oliver,nbell@example.net,B16,Hull,Yorkshire & Humber,2024-08-13
CUST00336,B2C,Kenneth,McLean,georgebarrett@example.com,B9,Newcastle,North East,2025-03-03
CUST00337,B2B,Marc,Dixon,john35@example.org,L79,Middlesbrough,North East,2026-05-16
CUST00338,B2C,Maurice,Murray,allenfrancis@example.net,SS83,Middlesbrough,North East,2026-04-26
CUST00339,B2C,Ryan,Mellor,abdul38@example.net,N6,London,London,2024-10-23
CUST00340,B2C,Abigail,Hall,wardnicholas@example.org,IM5,Blackpool,North West,2024-10-19
CUST00341,B2B,Rhys,Harrison,pfuller@example.org,L51,Leeds,Yorkshire & Humber,2026-04-28
CUST00342,B2C,Alexandra,Preston,megannicholls@example.com,BN9,Oxford,South East,2025-09-17
CUST00343,B2C,Alan,Shaw,robsonstanley@example.org,L7H,Middlesbrough,North East,2026-06-21
CUST00344,B2C,Hayley,Richards,garethjones@example.net,BT2M,Oxford,South East,2024-12-14
CUST00345,B2C,Connor,Taylor,grahamkyle@example.org,SP91,York,Yorkshire & Humber,2025-01-25
CUST00346,B2C,Emily,Harrison,mcdonaldjanet@example.org,L7,Edinburgh,Scotland,2024-12-24
CUST00347,B2C,Toby,Hall,mhale@example.org,E0C,Liverpool,North West,2024-12-26
CUST00348,B2C,Daniel,Harding,bcarter@example.net,PA5,Leicester,East Midlands,2026-06-06
CUST00349,B2B,Roger,Hayes,karen96@example.com,HP0A,Bristol,South West,2024-08-24
CUST00350,B2C,Cheryl,Hughes,woodkaren@example.com,M9G,Oxford,South East,2024-11-22
CUST00351,B2C,Louise,Brown,ppoole@example.com,BB6,Derby,East Midlands,2026-02-10
CUST00352,B2C,Maurice,Collins,patriciabrown@example.net,G65,Leeds,Yorkshire & Humber,2025-09-18
CUST00353,B2C,Lewis,Wall,umartin@example.net,LL4,Nottingham,East Midlands,2026-05-27
CUST00354,B2C,Abbie,Smith,nigeltalbot@example.org,NP27,London,London,2024-12-22
CUST00355,B2B,Laura,Hussain,jennifer96@example.com,W21,London,London,2025-05-02
CUST00356,B2C,Zoe,Jones,rmarshall@example.com,DE1N,Manchester,North West,2026-07-13
CUST00357,B2C,Bruce,Robson,uharris@example.com,SL2W,Dundee,Scotland,2026-07-30
CUST00358,B2C,Laura,Miller,jmann@example.com,RH41,Lincoln,East Midlands,2024-09-29
CUST00359,B2C,Gregory,Townsend,zhughes@example.net,NN2H,London,London,2026-08-06
CUST00360,B2C,Phillip,Davies,rachel32@example.com,WF79,Manchester,North West,2025-10-24
CUST00361,B2C,Kenneth,Gill,natashaowen@example.net,CT1H,Norwich,East of England,2026-05-19
CUST00362,B2C,Kevin,Walker,davidmann@example.org,M6,Plymouth,South West,2025-12-06
CUST00363,B2C,Kimberley,Smith,nbaker@example.org,NN3W,Cambridge,East of England,2024-11-10
CUST00364,B2C,Amanda,Edwards,graham89@example.org,DH17,Peterborough,East of England,2025-10-25
CUST00365,B2C,Kirsty,Roberts,arowley@example.net,CA3,Sheffield,Yorkshire & Humber,2025-04-28
CUST00366,B2C,Leigh,Horton,xwilson@example.com,W0H,Glasgow,Scotland,2025-12-15
CUST00367,B2C,George,Allen,owilson@example.com,N66,London,London,2025-03-21
CUST00368,B2C,Jacqueline,Williamson,xallen@example.org,B67,Lincoln,East Midlands,2025-02-22
CUST00369,B2C,Paige,Berry,cookemary@example.net,W4J,Wolverhampton,West Midlands,2025-06-18
CUST00370,B2C,Charlene,Rice,malcolmbarker@example.com,NR7,Nottingham,East Midlands,2025-09-11
CUST00371,B2C,Debra,Perkins,marionmiller@example.com,N6,Newcastle,North East,2026-01-07
CUST00372,B2C,Lawrence,Jones,bradleyhartley@example.com,L6W,Leeds,Yorkshire & Humber,2025-05-11
CUST00373,B2C,Thomas,Clark,stevensmaria@example.net,L04,Nottingham,East Midlands,2025-09-11
CUST00374,B2C,Gerald,Pearson,leegeorge@example.org,LN37,London,London,2024-11-18
CUST00375,B2C,Ashley,Pritchard,vanessa89@example.net,DA11,Nottingham,East Midlands,2026-04-29
CUST00376,B2C,Ronald,Bell,browncolin@example.com,G59,Brighton,South East,2024-10-08
CUST00377,B2C,Marilyn,Cooke,hillgareth@example.com,FY60,London,London,2025-09-04
CUST00378,B2C,Victor,Clark,aevans@example.com,ST23,Hull,Yorkshire & Humber,2024-10-20
CUST00379,B2C,Adrian,Perry,carrkaren@example.org,S4U,Aberdeen,Scotland,2024-08-17
CUST00380,B2C,Katherine,Davies,dawn71@example.net,BS9,Sheffield,Yorkshire & Humber,2025-10-09
CUST00381,B2C,Natasha,Daly,shepherdchelsea@example.org,SN1,Belfast,Northern Ireland,2025-05-25
CUST00382,B2B,Lynda,Wall,tina60@example.net,WF6P,York,Yorkshire & Humber,2025-04-26
CUST00383,B2C,Nicole,Byrne,rosemary84@example.org,TN2A,Blackpool,North West,2026-08-08
CUST00384,B2B,Damien,Barrett,chelseataylor@example.org,SE5,Belfast,Northern Ireland,2026-08-02
CUST00385,B2C,Nigel,Cooper,julia67@example.com,DL5N,London,London,2025-07-31
CUST00386,B2B,Marie,Taylor,xthompson@example.net,LD5,Exeter,South West,2024-08-30
CUST00387,B2C,Kerry,Holland,bellbilly@example.net,EN6,Middlesbrough,North East,2025-11-08
CUST00388,B2C,Darren,Green,fbrown@example.org,DY2,Reading,South East,2024-11-03
CUST00389,B2C,Louise,Smith,vrichardson@example.org,L11,Cambridge,East of England,2025-09-15
CUST00390,B2C,Dale,Scott,fbrown@example.net,BR8Y,York,Yorkshire & Humber,2026-06-28
CUST00391,B2C,Malcolm,Bond,khanchristian@example.com,RG3,Cardiff,Wales,2025-11-29
CUST00392,B2C,Charlie,Walker,hopkinspaula@example.org,M7,Leeds,Yorkshire & Humber,2024-09-06
CUST00393,B2C,Mary,Williams,bernard31@example.com,AB5V,Coventry,West Midlands,2026-01-28
CUST00394,B2C,Norman,Smith,jonesgareth@example.com,CR6,Oxford,South East,2024-12-03
CUST00395,B2C,Abbie,Hewitt,apeacock@example.com,M81,Bournemouth,South West,2025-09-05
CUST00396,B2C,Laura,Jones,rbenson@example.com,DA24,Lincoln,East Midlands,2024-12-11
CUST00397,B2C,Aimee,Fry,bwilson@example.com,N5E,Southampton,South East,2025-08-15
CUST00398,B2C,Sian,Martin,wjoyce@example.net,B4,York,Yorkshire & Humber,2025-03-22
CUST00399,B2C,Jonathan,Wood,ynash@example.net,S2A,Manchester,North West,2026-04-20
CUST00400,B2C,Marcus,Atkinson,leigh67@example.org,JE90,Leicester,East Midlands,2025-07-20
CUST00401,B2C,Elliott,Williams,xbailey@example.net,G1A,Sunderland,North East,2026-03-03
CUST00402,B2C,Elaine,Lee,xgilbert@example.net,WD5B,London,London,2026-06-24
CUST00403,B2C,Sam,Marshall,russelleleanor@example.com,HX4,Bristol,South West,2026-07-26
CUST00404,B2C,Emily,Wilkins,ysmith@example.com,NP15,Cardiff,Wales,2026-01-13
CUST00405,B2C,Maurice,Sinclair,maureenparker@example.org,N0H,Belfast,Northern Ireland,2025-03-08
CUST00406,B2C,Marion,Lloyd,bhardy@example.com,SN4,Manchester,North West,2024-12-05
CUST00407,B2C,Michelle,Russell,umorris@example.com,M1,Newport,Wales,2025-03-29
CUST00408,B2C,Stuart,King,kennedyclaire@example.net,KT4P,Exeter,South West,2024-10-13
CUST00409,B2C,Jayne,Porter,kstone@example.com,N1J,Derby,East Midlands,2026-06-20
CUST00410,B2B,Michelle,Robertson,phillipskieran@example.com,TD9,London,London,2025-11-17
CUST00411,B2B,Terence,Davies,wheelerdean@example.net,S7E,Newport,Wales,2024-09-01
CUST00412,B2C,Joanne,Allan,ypayne@example.net,WR67,Bristol,South West,2025-09-26
CUST00413,B2C,Eileen,Walton,thompsonlouis@example.org,L8,Sunderland,North East,2025-11-19
CUST00414,B2C,Jennifer,Davies,barkerbarbara@example.net,UB03,Wrexham,Wales,2024-11-04
CUST00415,B2C,Ann,Stevens,stevensleah@example.org,G34,Lincoln,East Midlands,2024-11-23
CUST00416,B2C,Christine,Metcalfe,carolyntownsend@example.org,B3,Southampton,South East,2025-02-28
CUST00417,B2C,Shirley,Marshall,kmurray@example.com,IP12,Belfast,Northern Ireland,2025-09-04
CUST00418,B2B,Jay,Roberts,vgreen@example.org,G0K,York,Yorkshire & Humber,2025-01-28
CUST00419,B2C,Georgia,Walker,william72@example.com,L3,Preston,North West,2026-03-03
CUST00420,B2C,Timothy,Doyle,jasonjennings@example.net,E7K,Edinburgh,Scotland,2026-05-21
CUST00421,B2C,Pauline,Kent,rhawkins@example.net,ST42,Dundee,Scotland,2025-02-14
CUST00422,B2B,Billy,King,colin87@example.net,LE70,Bournemouth,South West,2025-08-26
CUST00423,B2C,Diana,Walsh,aatkinson@example.org,BT3,Exeter,South West,2025-08-21
CUST00424,B2C,George,Baldwin,dylanharvey@example.com,EX38,Sheffield,Yorkshire & Humber,2025-06-10
CUST00425,B2C,Sam,O'Connor,joebooth@example.org,S2,Derby,East Midlands,2026-03-21
CUST00426,B2B,Oliver,Dunn,paigedavis@example.org,LA9,Peterborough,East of England,2025-06-23
CUST00427,B2C,Carolyn,Griffin,ewilliams@example.org,EN83,Derry,Northern Ireland,2026-06-26
CUST00428,B2C,Garry,West,harrietbarnes@example.com,G12,Birmingham,West Midlands,2025-10-12
CUST00429,B2C,Karen,Dean,amanda16@example.org,DG04,Norwich,East of England,2024-08-31
CUST00430,B2C,Vincent,Forster,toby57@example.net,W01,Norwich,East of England,2026-05-11
CUST00431,B2C,Alexander,Griffiths,shawcharles@example.org,BL78,Bristol,South West,2025-03-15
CUST00432,B2C,Vanessa,Holmes,declanhenderson@example.net,B1D,Edinburgh,Scotland,2024-10-06
CUST00433,B2C,Robert,Collins,eleanorsmith@example.net,CB6W,Southampton,South East,2024-12-09
CUST00434,B2C,Denis,Allen,wilkinsonneil@example.net,E10,Plymouth,South West,2025-12-18
CUST00435,B2C,Jenna,Hilton,hmckenzie@example.net,SW6,London,London,2025-07-11
CUST00436,B2C,Ashley,Howells,pnewman@example.org,L1,London,London,2026-01-16
CUST00437,B2C,Rosemary,Murphy,waynenoble@example.org,B34,Wolverhampton,West Midlands,2024-10-25
CUST00438,B2C,Samuel,Green,petergray@example.org,BA7N,Southampton,South East,2025-08-27
CUST00439,B2C,Ashleigh,Webb,alexandra42@example.net,M4,Belfast,Northern Ireland,2025-12-16
CUST00440,B2C,Cameron,Preston,clewis@example.net,HS2,Norwich,East of England,2024-11-25
CUST00441,B2C,Natasha,Hamilton,bethanweston@example.com,W57,Newcastle,North East,2026-04-06
CUST00442,B2C,Bryan,Norman,rebecca35@example.org,S5C,Belfast,Northern Ireland,2024-11-16
CUST00443,B2B,Gemma,King,barrywhite@example.org,WN43,Ipswich,East of England,2024-08-29
CUST00444,B2C,Alexandra,Mason,katiebennett@example.net,B6E,Reading,South East,2025-05-01
CUST00445,B2B,Dennis,Smith,harriscarl@example.net,GU6B,Preston,North West,2024-11-09
CUST00446,B2B,Oliver,Jones,clivereynolds@example.org,E7,Liverpool,North West,2025-08-10
CUST00447,B2B,Alexandra,Roberts,stevencoleman@example.com,N18,Norwich,East of England,2026-05-21
CUST00448,B2C,Susan,Thompson,birchpamela@example.org,HD2,Manchester,North West,2026-01-20
CUST00449,B2C,Declan,Peters,chloe70@example.net,TW3,Plymouth,South West,2025-06-19
CUST00450,B2C,Rhys,Humphreys,owenjosephine@example.com,L1,Wolverhampton,West Midlands,2026-06-06
CUST00451,B2C,Ashley,Clark,greensusan@example.net,W9,Preston,North West,2025-04-10
CUST00452,B2C,Hollie,Thompson,xsmith@example.net,G0C,Derby,East Midlands,2025-03-12
CUST00453,B2C,Danny,Cooke,lperry@example.com,HA4Y,Derby,East Midlands,2026-01-18
CUST00454,B2C,Dawn,Ellis,ahmedjeremy@example.org,B4,Norwich,East of England,2024-11-26
CUST00455,B2C,Thomas,Boyle,karl20@example.net,RG8,Exeter,South West,2024-12-26
CUST00456,B2C,Russell,Watson,leahshepherd@example.net,EN1W,Hull,Yorkshire & Humber,2024-09-19
CUST00457,B2B,Jonathan,Peters,qshort@example.net,S5,Belfast,Northern Ireland,2025-06-04
CUST00458,B2C,Donald,Henderson,karl81@example.net,GL55,Cardiff,Wales,2025-11-15
CUST00459,B2C,Edward,Walker,qbrennan@example.org,L2,Coventry,West Midlands,2024-10-08
CUST00460,B2C,Trevor,Stone,nicolemarshall@example.net,WA6R,Lincoln,East Midlands,2025-01-25
CUST00461,B2C,Nigel,Rogers,valeriemitchell@example.com,TD7,Edinburgh,Scotland,2025-07-17
CUST00462,B2C,Sharon,Randall,nashlinda@example.org,CF62,Derry,Northern Ireland,2025-06-16
CUST00463,B2B,Jamie,Clarke,jonescarol@example.com,BL0,Derby,East Midlands,2024-09-25
CUST00464,B2C,Glenn,Blake,bryan@example.org,WR8A,London,London,2024-10-21
CUST00465,B2C,Victoria,Ellis,igraham@example.net,NW02,Southampton,South East,2025-07-20
CUST00466,B2C,Karen,Martin,williamsterry@example.com,G57,Derby,East Midlands,2024-09-11
CUST00467,B2C,Michael,Skinner,allenjeffrey@example.org,W40,Lincoln,East Midlands,2026-01-22
CUST00468,B2C,Martyn,Norman,jthomson@example.net,JE97,Manchester,North West,2026-04-23
CUST00469,B2C,Charlie,Watson,rachelbird@example.com,S8,Birmingham,West Midlands,2026-05-09
CUST00470,B2B,Brian,Howell,taylorrachael@example.org,TA8,Sheffield,Yorkshire & Humber,2025-06-09
CUST00471,B2C,Lynne,Simpson,carlscott@example.net,M5,Derry,Northern Ireland,2024-11-30
CUST00472,B2C,Suzanne,Heath,damianjackson@example.com,CO6,Derry,Northern Ireland,2026-03-12
CUST00473,B2C,Beverley,Jones,qwarner@example.com,FK8,Birmingham,West Midlands,2025-11-14
CUST00474,B2C,Suzanne,Moore,connorpalmer@example.net,SK29,Sunderland,North East,2024-10-01
CUST00475,B2C,Georgina,Jackson,iancarter@example.net,B74,Aberdeen,Scotland,2025-03-05
CUST00476,B2C,Bradley,Allen,brennandanielle@example.net,G3J,Leicester,East Midlands,2026-05-18
CUST00477,B2C,Kathleen,Allen,eileenmitchell@example.org,L3F,London,London,2025-11-30
CUST00478,B2B,Julia,Clark,wilsonelaine@example.com,WF4W,Derby,East Midlands,2024-10-09
CUST00479,B2C,Paul,Howard,jacquelineanderson@example.org,IV42,Sheffield,Yorkshire & Humber,2026-02-22
CUST00480,B2B,Linda,Evans,victoria94@example.net,WV0P,Manchester,North West,2026-06-10
CUST00481,B2C,Anna,Nash,gtaylor@example.org,GY90,Peterborough,East of England,2025-05-18
CUST00482,B2C,Vanessa,Rowe,mmcdonald@example.net,S9,Glasgow,Scotland,2026-04-20
CUST00483,B2C,Wendy,Cooke,xburns@example.net,HD1,Middlesbrough,North East,2026-01-18
CUST00484,B2C,Alex,Talbot,georgewalker@example.org,G23,Sheffield,Yorkshire & Humber,2024-09-07
CUST00485,B2C,Craig,Walker,shahjack@example.com,W1,Coventry,West Midlands,2026-01-23
CUST00486,B2C,Joanna,Shaw,rhysmitchell@example.net,E96,Liverpool,North West,2026-04-02
CUST00487,B2C,Katherine,Hodgson,pamela44@example.net,M1,Lincoln,East Midlands,2026-03-14
CUST00488,B2C,Adam,Butcher,kyle78@example.org,PA7P,Oxford,South East,2026-06-17
CUST00489,B2C,Carolyn,Hart,andrewcarr@example.org,SG8,Bournemouth,South West,2025-10-06
CUST00490,B2C,Tom,Holt,owengreen@example.com,GL5,Aberdeen,Scotland,2024-09-26
CUST00491,B2C,Gail,Jones,lewisdarren@example.net,S0,Dundee,Scotland,2025-04-16
CUST00492,B2C,Dominic,Hodgson,jeffrey13@example.org,EN43,Norwich,East of England,2026-02-28
CUST00493,B2C,Amelia,Evans,georgiareid@example.org,E3,Derby,East Midlands,2025-06-26
CUST00494,B2C,Gregory,Dickinson,mitchellturner@example.com,E3K,Coventry,West Midlands,2025-03-13
CUST00495,B2C,Abigail,Duffy,colin02@example.net,WD4,Southampton,South East,2025-10-10
CUST00496,B2C,Phillip,Pearce,lwatson@example.com,S3,Wolverhampton,West Midlands,2025-12-11
CUST00497,B2C,Graeme,Hunt,lewiswood@example.net,SY9,Newport,Wales,2024-11-26
CUST00498,B2C,Eleanor,Herbert,zyoung@example.com,G5,Birmingham,West Midlands,2026-01-17
CUST00499,B2C,Helen,Marshall,smithlydia@example.com,B8,Brighton,South East,2025-03-09
CUST00500,B2C,Glen,Holloway,kyle78@example.net,DL2,Blackpool,North West,2025-08-03
CUST00501,B2C,Mohammed,Parker,murrayjenna@example.net,NR5X,Cambridge,East of England,2026-02-25
CUST00502,B2C,Mandy,Thomas,geraldine25@example.net,W5H,Middlesbrough,North East,2026-05-19
CUST00503,B2C,Derek,Hill,beverley07@example.net,S5B,Cardiff,Wales,2025-02-02
CUST00504,B2C,Ann,Morris,katherineclarke@example.org,ME96,Newcastle,North East,2025-09-28
CUST00505,B2C,Daniel,Parker,margaret30@example.org,TA24,York,Yorkshire & Humber,2026-07-06
CUST00506,B2C,Jay,Khan,damiangreen@example.com,SP9,Sunderland,North East,2024-12-20
CUST00507,B2B,Neil,Williams,george10@example.org,L24,Coventry,West Midlands,2025-08-20
CUST00508,B2C,Jonathan,Brooks,hamiltonkathryn@example.org,BT9P,York,Yorkshire & Humber,2025-06-10
CUST00509,B2C,Alexandra,Hutchinson,othomas@example.org,KW45,Belfast,Northern Ireland,2025-02-20
CUST00510,B2C,Dominic,Myers,hannah70@example.com,M9,Coventry,West Midlands,2024-11-01
CUST00511,B2C,Joshua,Parker,rroberts@example.com,G69,Wolverhampton,West Midlands,2025-12-02
CUST00512,B2C,Graham,Williams,adamstoby@example.net,L27,Leeds,Yorkshire & Humber,2026-06-09
CUST00513,B2C,Suzanne,Shaw,frasermichelle@example.org,E5,Brighton,South East,2025-06-03
CUST00514,B2C,Nigel,Barton,fitzgeraldkieran@example.net,UB5,Dundee,Scotland,2026-07-24
CUST00515,B2B,Claire,Frost,lbishop@example.com,S3A,Aberdeen,Scotland,2025-08-09
CUST00516,B2C,Gerald,Little,naomismith@example.org,CT62,London,London,2025-06-28
CUST00517,B2C,Robert,Barnett,denniswright@example.org,B4U,Nottingham,East Midlands,2026-03-16
CUST00518,B2C,Ronald,Griffiths,yjohnson@example.net,CF6A,Exeter,South West,2026-07-30
CUST00519,B2C,Abdul,Robinson,shirley62@example.net,WF6,Nottingham,East Midlands,2025-08-13
CUST00520,B2C,Alexandra,Knowles,jbennett@example.net,W60,Leicester,East Midlands,2025-01-15
CUST00521,B2C,Megan,Mills,lloydrosemary@example.org,S7,Edinburgh,Scotland,2024-10-14
CUST00522,B2C,Stephanie,Houghton,nixonbradley@example.org,WS3A,London,London,2025-09-03
CUST00523,B2C,Eileen,Coates,lewis69@example.com,M36,Cambridge,East of England,2024-10-23
CUST00524,B2C,Christine,Robson,umurray@example.org,N1,Lincoln,East Midlands,2025-12-19
CUST00525,B2C,Susan,Whitehead,goliver@example.net,G2,Coventry,West Midlands,2026-05-25
CUST00526,B2C,Margaret,Coles,ksaunders@example.com,DG0,Manchester,North West,2024-09-21
CUST00527,B2B,Philip,Hunter,rogerjones@example.net,W27,Cambridge,East of England,2025-05-08
CUST00528,B2C,Stacey,Harris,richardscarol@example.com,GU6Y,Derry,Northern Ireland,2025-11-09
CUST00529,B2C,Charles,Donnelly,sylviawilliams@example.org,G7,Leicester,East Midlands,2024-10-10
CUST00530,B2C,Benjamin,Newton,ospencer@example.net,RM55,Leeds,Yorkshire & Humber,2026-01-28
CUST00531,B2C,Jodie,Taylor,echapman@example.net,S32,Coventry,West Midlands,2026-07-02
CUST00532,B2C,Hollie,Pritchard,jay31@example.net,PA2,Sunderland,North East,2025-12-10
CUST00533,B2C,Iain,Davies,johnking@example.com,S5,Derby,East Midlands,2024-11-12
CUST00534,B2C,Jodie,Perkins,cmorley@example.net,N6,Lincoln,East Midlands,2025-09-08
CUST00535,B2C,Ellie,Farrell,colindavies@example.net,KA1R,Leicester,East Midlands,2026-08-08
CUST00536,B2C,Tracey,Berry,lwhite@example.org,DN37,London,London,2024-12-20
CUST00537,B2C,Kathleen,Elliott,smithmegan@example.org,L03,Birmingham,West Midlands,2024-11-04
CUST00538,B2C,James,Parker,philipahmed@example.org,E0W,London,London,2026-01-12
CUST00539,B2B,Lesley,Griffiths,janehayward@example.com,N74,Birmingham,West Midlands,2024-11-14
CUST00540,B2C,Aimee,Green,dfinch@example.org,SO4,London,London,2025-04-21
CUST00541,B2C,Barry,Jones,kimclarke@example.org,LA5Y,Middlesbrough,North East,2026-01-10
CUST00542,B2C,Christine,Bowen,joshua66@example.com,SR6M,Bristol,South West,2025-01-25
CUST00543,B2B,Joe,Patel,sylvia88@example.com,S2,London,London,2026-06-25
CUST00544,B2C,Jasmine,Bennett,ifleming@example.com,AB4Y,Peterborough,East of England,2026-01-29
CUST00545,B2C,Steven,Howard,abarker@example.com,KA50,Leicester,East Midlands,2024-08-20
CUST00546,B2C,Deborah,Wilson,marian26@example.net,CM99,Birmingham,West Midlands,2026-05-11
CUST00547,B2C,Benjamin,Davies,markboyle@example.org,BS2X,Wrexham,Wales,2026-08-06
CUST00548,B2C,Iain,Smith,josh33@example.org,KW3,Manchester,North West,2025-03-16
CUST00549,B2C,Lauren,Douglas,nwest@example.org,TA5X,Dundee,Scotland,2026-07-09
CUST00550,B2C,Victor,Ingram,joel83@example.net,SP01,Swansea,Wales,2024-12-06
CUST00551,B2C,Ruth,Patel,pearcefrank@example.net,G2,Belfast,Northern Ireland,2025-12-28
CUST00552,B2C,William,Lynch,qrowe@example.net,B5,Manchester,North West,2024-08-08
CUST00553,B2C,Dawn,James,powergary@example.com,E4J,Wolverhampton,West Midlands,2025-05-07
CUST00554,B2C,John,Goddard,wburton@example.org,BS7P,Oxford,South East,2026-04-13
CUST00555,B2C,Beth,Lees,june60@example.org,W8F,Dundee,Scotland,2026-04-12
CUST00556,B2C,Allan,Watson,raymondvincent@example.org,LD89,Norwich,East of England,2026-06-23
CUST00557,B2C,Nathan,Lloyd,bradley26@example.net,SP8,Coventry,West Midlands,2025-01-16
CUST00558,B2C,Nicholas,Allen,philip56@example.org,S9F,Leicester,East Midlands,2025-05-06
CUST00559,B2C,Marc,Potter,denis04@example.net,W1,London,London,2025-06-14
CUST00560,B2C,Carly,Fletcher,leannewatson@example.com,L02,Blackpool,North West,2025-07-26
CUST00561,B2C,Julian,Williamson,martin40@example.net,W9,Sunderland,North East,2025-07-18
CUST00562,B2C,Rachel,Barnes,stephen67@example.net,S38,Swansea,Wales,2025-06-02
CUST00563,B2C,Gillian,Greenwood,jennariley@example.net,E5,Belfast,Northern Ireland,2025-10-11
CUST00564,B2C,Timothy,Ali,harriet32@example.org,HS3N,Leicester,East Midlands,2026-06-20
CUST00565,B2B,Simon,Anderson,hazelhawkins@example.net,WA0,Birmingham,West Midlands,2024-09-28
CUST00566,B2C,Jake,Watts,cosullivan@example.com,WN76,Ipswich,East of England,2025-11-08
CUST00567,B2C,Gareth,White,dale95@example.com,M97,Belfast,Northern Ireland,2025-08-09
CUST00568,B2C,Mathew,Lewis,bowenphilip@example.net,L4E,Preston,North West,2026-07-15
CUST00569,B2C,Jake,Reynolds,leigh57@example.net,TA3P,Belfast,Northern Ireland,2026-02-27
CUST00570,B2B,Geoffrey,Bailey,kaurkate@example.com,B3,Bristol,South West,2025-02-10
CUST00571,B2C,Kim,Houghton,gail41@example.net,E08,Southampton,South East,2025-01-20
CUST00572,B2C,Gerald,Jones,bryandouglas@example.net,N1D,Preston,North West,2025-07-07
CUST00573,B2B,Eileen,Baker,reynoldscheryl@example.com,BL0,Norwich,East of England,2024-09-04
CUST00574,B2B,Suzanne,Jones,alexander94@example.net,S40,Derry,Northern Ireland,2024-10-11
CUST00575,B2C,Claire,Cooper,whiteraymond@example.net,G85,Peterborough,East of England,2026-04-26
CUST00576,B2C,George,Patel,mohammedbolton@example.com,CO5R,Cambridge,East of England,2026-07-18
CUST00577,B2C,Nicole,Hussain,suzanne66@example.org,B4J,Bournemouth,South West,2026-06-08
CUST00578,B2B,Robin,Thomas,foxrebecca@example.org,M4,Newcastle,North East,2025-01-29
CUST00579,B2C,Gerard,Bryan,alexander35@example.org,BL1X,Cambridge,East of England,2024-08-18
CUST00580,B2C,Wayne,Sharp,benjaminstephenson@example.net,IG9P,Peterborough,East of England,2026-03-18
CUST00581,B2C,Kyle,Peacock,sykesdouglas@example.org,N2,Oxford,South East,2025-03-07
CUST00582,B2C,Amber,Johnson,briangreen@example.org,TD9E,London,London,2026-05-16
CUST00583,B2C,Colin,Lewis,patrickhewitt@example.org,S2,Norwich,East of England,2024-12-25
CUST00584,B2C,Denise,Lane,lee01@example.com,S8S,Norwich,East of England,2025-01-29
CUST00585,B2C,Stuart,Russell,cameron56@example.com,CW9,Hull,Yorkshire & Humber,2026-07-30
CUST00586,B2C,Joanna,Brown,henryanderson@example.org,SS0,Exeter,South West,2025-10-02
CUST00587,B2C,Allan,Hancock,rachaelwalsh@example.com,UB5E,Swansea,Wales,2025-03-04
CUST00588,B2C,Sean,Walker,terry87@example.org,TW84,Brighton,South East,2024-09-18
CUST00589,B2C,Danny,Clarke,smithashley@example.org,HG9,Blackpool,North West,2025-03-17
CUST00590,B2B,Jacob,Parker,geraldine21@example.org,N54,Preston,North West,2026-03-06
CUST00591,B2C,Scott,Davies,samanthabennett@example.org,FY7N,Belfast,Northern Ireland,2025-12-15
CUST00592,B2C,Stuart,Lloyd,sevans@example.net,BH1,Nottingham,East Midlands,2025-03-26
CUST00593,B2C,Patricia,Wilkinson,marian74@example.net,N1,Preston,North West,2025-11-14
CUST00594,B2C,Justin,Bishop,knowlesaimee@example.net,L0,Derby,East Midlands,2024-09-07
CUST00595,B2C,Kayleigh,Walsh,dennis12@example.net,DY0,Belfast,Northern Ireland,2026-05-08
CUST00596,B2C,Geraldine,Burke,morrisonkathryn@example.net,M15,Lincoln,East Midlands,2024-08-30
CUST00597,B2C,Philip,Smith,owen79@example.net,G58,Exeter,South West,2024-08-15
CUST00598,B2B,Carole,Thomas,teresa49@example.net,LU0X,London,London,2024-12-23
CUST00599,B2C,Dylan,Jackson,janicecarr@example.org,W1E,Liverpool,North West,2025-01-02
CUST00600,B2C,Donna,Franklin,gregorymitchell@example.net,HR15,Birmingham,West Midlands,2025-01-31
CUST00601,B2C,Mitchell,Barrett,gemmaparkes@example.net,L5,Coventry,West Midlands,2025-11-28
CUST00602,B2C,Kerry,Morris,ahmedpaula@example.com,N38,Newcastle,North East,2025-06-17
CUST00603,B2C,Anna,Ali,guy92@example.net,M9,Swansea,Wales,2025-02-10
CUST00604,B2C,Karl,Kelly,zpearson@example.org,W0,Sheffield,Yorkshire & Humber,2025-01-29
CUST00605,B2C,Geraldine,Stevenson,psmith@example.com,M72,Ipswich,East of England,2025-04-04
CUST00606,B2C,Russell,Harper,rosierogers@example.net,DN41,Leicester,East Midlands,2025-11-19
CUST00607,B2C,Glenn,Kemp,mitchellhooper@example.com,HX53,Belfast,Northern Ireland,2025-09-28
CUST00608,B2C,Janet,Day,orobson@example.org,AB70,Wolverhampton,West Midlands,2025-09-01
CUST00609,B2C,Nathan,Kelly,jonesdebra@example.com,AL35,Derry,Northern Ireland,2025-07-12
CUST00610,B2C,Duncan,Whitehead,vmarshall@example.com,L5,Glasgow,Scotland,2025-03-15
CUST00611,B2C,Stewart,Jones,roselouis@example.com,N83,Cambridge,East of England,2025-01-08
CUST00612,B2C,Shirley,Ellis,davisharriet@example.net,WN95,Swansea,Wales,2026-07-25
CUST00613,B2C,Rachel,Holmes,debrabegum@example.org,WC4,Derry,Northern Ireland,2025-01-17
CUST00614,B2C,Mathew,White,wpope@example.org,N7S,Edinburgh,Scotland,2026-03-12
CUST00615,B2B,Stephanie,Lees,cameron34@example.com,G4,London,London,2025-03-14
CUST00616,B2B,Elliot,Thomas,catherineward@example.org,N25,Liverpool,North West,2024-08-15
CUST00617,B2C,Nathan,Connolly,dstephenson@example.org,HX7,Brighton,South East,2026-06-19
CUST00618,B2C,Yvonne,Smith,osbornegemma@example.org,EC5,Birmingham,West Midlands,2025-01-15
CUST00619,B2C,Amy,Baker,derekturner@example.net,SM7,Wrexham,Wales,2024-09-25
CUST00620,B2C,Ashleigh,Morton,whitescott@example.net,EC5M,Peterborough,East of England,2025-03-12
CUST00621,B2C,Lydia,Begum,barrybennett@example.org,L5C,Aberdeen,Scotland,2025-10-23
CUST00622,B2C,Eileen,Wilkinson,roystorey@example.net,IV8V,Middlesbrough,North East,2026-08-01
CUST00623,B2C,Charles,Thomas,victoria10@example.org,E5,Ipswich,East of England,2024-10-01
CUST00624,B2C,Vanessa,Turner,eileen60@example.com,M0A,London,London,2025-08-14
CUST00625,B2B,Robin,Cook,clare14@example.net,S13,Manchester,North West,2026-03-07
CUST00626,B2C,Max,Anderson,dannyharris@example.org,RM0,Oxford,South East,2024-08-18
CUST00627,B2C,Christopher,Hanson,gbennett@example.org,TR0W,Newcastle,North East,2025-08-25
CUST00628,B2C,Beverley,Jones,wgill@example.org,M8A,Sunderland,North East,2026-06-24
CUST00629,B2C,Nicola,Henry,mathewscott@example.com,N93,York,Yorkshire & Humber,2026-06-09
CUST00630,B2C,Toby,Page,lewisashley@example.net,N6,Peterborough,East of England,2026-01-12
CUST00631,B2C,Kelly,Bishop,awest@example.org,HA7,London,London,2024-11-01
CUST00632,B2C,Stephen,Swift,ijackson@example.org,L9,Peterborough,East of England,2025-04-02
CUST00633,B2C,Tom,Townsend,natasha04@example.net,TR5,Reading,South East,2026-01-10
CUST00634,B2C,James,Hill,pricehayley@example.org,EN2,London,London,2025-09-23
CUST00635,B2C,Lewis,Cooper,cooperronald@example.net,DA6,Bristol,South West,2024-11-07
CUST00636,B2B,Stuart,Jones,brownthomas@example.com,M3T,Edinburgh,Scotland,2026-06-01
CUST00637,B2C,Terence,Richards,harrissally@example.org,NP43,Aberdeen,Scotland,2025-04-06
CUST00638,B2C,Diane,Nicholson,gallaghertrevor@example.net,WD21,Birmingham,West Midlands,2024-09-27
CUST00639,B2B,Helen,Walters,jennashah@example.net,HS8,Leicester,East Midlands,2026-04-13
CUST00640,B2B,Paula,Andrews,smithjanice@example.org,PA1M,Bournemouth,South West,2025-06-11
CUST00641,B2C,Patrick,Hammond,allenanne@example.org,AL5E,Reading,South East,2026-03-13
CUST00642,B2C,Nicholas,Wilson,sophie21@example.com,UB11,Newcastle,North East,2025-11-16
CUST00643,B2C,Colin,Wilson,zfisher@example.com,WD42,Coventry,West Midlands,2024-08-25
CUST00644,B2C,Joe,Brown,thomas39@example.com,LN94,Newcastle,North East,2024-09-16
CUST00645,B2C,Donna,Shaw,geoffrey33@example.com,L5D,Wolverhampton,West Midlands,2026-05-15
CUST00646,B2C,Sam,Mitchell,bpage@example.net,E8,Ipswich,East of England,2024-12-28
CUST00647,B2B,Gerard,Williamson,joan53@example.org,CB98,Cardiff,Wales,2024-10-08
CUST00648,B2C,Brett,Cooke,rclarke@example.org,DE66,Oxford,South East,2024-09-18
CUST00649,B2C,Abdul,Khan,hiltonderek@example.org,S32,Derry,Northern Ireland,2026-05-22
CUST00650,B2C,Sally,Robinson,wrighthenry@example.net,N4U,Newcastle,North East,2025-03-28
CUST00651,B2C,Leslie,Shepherd,smyers@example.com,N7,Wrexham,Wales,2025-09-26
CUST00652,B2C,Christopher,Price,thomasbrett@example.org,EC0M,Derby,East Midlands,2024-10-28
CUST00653,B2C,Kyle,Gardiner,mwilson@example.com,B5H,Peterborough,East of England,2026-04-18
CUST00654,B2C,Jessica,Wilkinson,stanley98@example.net,AL80,London,London,2024-12-31
CUST00655,B2C,Josh,Cook,wilkinschristopher@example.com,WC6W,Oxford,South East,2026-08-05
CUST00656,B2C,Carole,Pearson,tbennett@example.net,HX87,Cardiff,Wales,2026-02-14
CUST00657,B2C,Sylvia,Richardson,samantha05@example.org,M23,Glasgow,Scotland,2025-03-23
CUST00658,B2B,Terence,Hudson,oowen@example.net,L75,Bournemouth,South West,2025-04-05
CUST00659,B2C,Albert,Martin,thenry@example.com,L59,Cardiff,Wales,2025-12-08
CUST00660,B2B,Danielle,Charlton,kevin26@example.com,E57,Belfast,Northern Ireland,2025-04-20
CUST00661,B2C,Stephen,Ross,ewoods@example.net,TN96,York,Yorkshire & Humber,2024-08-11
CUST00662,B2B,Elaine,Stevenson,sharonjohnson@example.org,WV9,Wolverhampton,West Midlands,2025-07-07
CUST00663,B2C,Jonathan,Fraser,yvonnedavies@example.net,B8H,Sunderland,North East,2024-12-27
CUST00664,B2C,Derek,Khan,raymondgregory@example.net,S3,Preston,North West,2024-10-18
CUST00665,B2C,Peter,Smith,nelsonmark@example.org,DG3N,Newcastle,North East,2025-11-19
CUST00666,B2C,Kathryn,Sanders,gary34@example.net,E9,Middlesbrough,North East,2025-04-08
CUST00667,B2C,Marcus,West,samantha64@example.net,SA1,Sunderland,North East,2025-03-27
CUST00668,B2C,Katherine,Jones,neil74@example.net,E2,Dundee,Scotland,2025-12-24
CUST00669,B2C,Denise,Allen,ellispaige@example.net,W4C,Preston,North West,2025-09-08
CUST00670,B2C,Naomi,Smith,michelle39@example.net,G47,London,London,2025-07-22
CUST00671,B2C,Jane,Wright,xhunt@example.com,SA8E,Cardiff,Wales,2025-10-31
CUST00672,B2C,Jenna,Brown,ruth56@example.net,NP8,London,London,2024-12-27
CUST00673,B2C,Ian,Graham,kholland@example.net,AB1X,Derry,Northern Ireland,2026-01-19
CUST00674,B2C,Rhys,King,dale91@example.org,PA2N,Edinburgh,Scotland,2024-09-19
CUST00675,B2C,Frank,Walker,linda62@example.net,M43,Belfast,Northern Ireland,2025-09-28
CUST00676,B2C,Norman,Price,cameronhicks@example.com,SE02,Leicester,East Midlands,2024-12-25
CUST00677,B2B,Terry,Bird,wilkinswendy@example.net,WC72,Newport,Wales,2025-11-01
CUST00678,B2C,Amelia,Cooper,crossdeclan@example.net,RG20,Peterborough,East of England,2024-12-14
CUST00679,B2C,Malcolm,May,careykerry@example.org,KW72,Oxford,South East,2025-08-13
CUST00680,B2B,Maureen,Harding,skinnerstephen@example.com,B97,Wolverhampton,West Midlands,2025-11-18
CUST00681,B2C,Gavin,Porter,leachsharon@example.org,M97,Bournemouth,South West,2025-06-30
CUST00682,B2B,Vincent,Begum,nshah@example.org,FY26,Newport,Wales,2026-04-11
CUST00683,B2C,Diana,Lawrence,danielle34@example.net,N0,Ipswich,East of England,2025-01-22
CUST00684,B2C,Ian,Collins,abigail56@example.org,E9,Blackpool,North West,2026-06-16
CUST00685,B2C,Samuel,Bishop,estone@example.com,E8H,Sunderland,North East,2025-01-24
CUST00686,B2C,Eric,Knowles,blakemohammad@example.net,YO25,Derry,Northern Ireland,2025-11-13
CUST00687,B2C,Catherine,Turner,uperry@example.net,L51,Derry,Northern Ireland,2026-04-18
CUST00688,B2B,Georgina,John,dianehall@example.net,L0,Sheffield,Yorkshire & Humber,2025-08-21
CUST00689,B2C,Joan,Gould,leonchan@example.com,LE8,Peterborough,East of England,2026-05-28
CUST00690,B2C,Steven,Rhodes,bakerbethan@example.net,W3,Oxford,South East,2026-03-25
CUST00691,B2B,Chelsea,Smith,oferguson@example.org,CM0A,London,London,2025-06-17
CUST00692,B2C,Anthony,Poole,brenda17@example.com,B8K,Cambridge,East of England,2025-09-23
CUST00693,B2B,Katy,Smart,brooksjosephine@example.com,DG24,Middlesbrough,North East,2025-05-01
CUST00694,B2C,Eric,Gray,cakhtar@example.com,WN17,Dundee,Scotland,2024-10-22
CUST00695,B2C,Rachael,Hughes,fbates@example.net,G51,Newcastle,North East,2026-03-24
CUST00696,B2C,Dale,Shaw,gskinner@example.net,CF76,Birmingham,West Midlands,2026-02-05
CUST00697,B2C,Clifford,Ashton,fordcraig@example.org,G6H,London,London,2026-03-03
CUST00698,B2C,Eleanor,Mason,francesmartin@example.com,S46,Aberdeen,Scotland,2026-05-04
CUST00699,B2C,Dennis,Williams,harryjackson@example.com,DN10,Belfast,Northern Ireland,2026-05-29
CUST00700,B2C,Rosie,Sanderson,roy20@example.org,DN5W,Dundee,Scotland,2025-02-01
CUST00701,B2C,Melanie,Barton,astevenson@example.net,LL9E,Nottingham,East Midlands,2026-03-02
CUST00702,B2B,Rebecca,Barlow,bevanpauline@example.net,N6C,London,London,2024-09-13
CUST00703,B2B,Carl,Robinson,graememorris@example.org,N6D,Wrexham,Wales,2024-11-01
CUST00704,B2C,Mohamed,Clarke,aedwards@example.net,E4,Reading,South East,2024-10-08
CUST00705,B2C,Charles,Stewart,charlieparkes@example.org,S33,Southampton,South East,2025-08-24
CUST00706,B2C,Maureen,Phillips,alan46@example.com,G1J,York,Yorkshire & Humber,2026-03-14
CUST00707,B2C,Julia,Jones,gerard48@example.com,G8,Derry,Northern Ireland,2025-02-13
CUST00708,B2C,Dennis,Ball,michael68@example.org,YO4,Aberdeen,Scotland,2024-10-15
CUST00709,B2C,Abbie,Storey,paigewright@example.net,E55,Belfast,Northern Ireland,2025-01-15
CUST00710,B2C,Charlene,Parsons,smithpaige@example.net,EX28,Newcastle,North East,2024-12-11
CUST00711,B2C,Ricky,Howells,iain90@example.org,B46,Hull,Yorkshire & Humber,2025-03-22
CUST00712,B2B,Brian,Williams,amber82@example.com,PH2,Sunderland,North East,2025-08-21
CUST00713,B2C,Natasha,Miah,brooksgerard@example.net,B3A,York,Yorkshire & Humber,2025-11-23
CUST00714,B2B,Amelia,Jones,ritaallan@example.com,HR1,Lincoln,East Midlands,2024-12-10
CUST00715,B2C,Shannon,Cooper,dmartin@example.org,S7H,Dundee,Scotland,2026-01-22
CUST00716,B2C,Kerry,Rhodes,marion95@example.org,M97,Cambridge,East of England,2024-11-25
CUST00717,B2C,Dylan,Chambers,zoe22@example.com,TR2,Bournemouth,South West,2024-09-29
CUST00718,B2C,Barry,Mason,bradleyhutchinson@example.org,PO2A,Swansea,Wales,2025-05-28
CUST00719,B2C,Sharon,Gough,robertscatherine@example.org,L8,Leeds,Yorkshire & Humber,2025-09-25
CUST00720,B2B,Sara,Wilson,maryreynolds@example.com,M0D,Middlesbrough,North East,2026-04-24
CUST00721,B2B,Marcus,Bradley,mark99@example.net,G8F,Wolverhampton,West Midlands,2025-07-17
CUST00722,B2C,Graeme,Price,coxneil@example.net,HR3E,Glasgow,Scotland,2024-10-28
CUST00723,B2C,Alexandra,Stephens,albert93@example.net,CB6,Preston,North West,2024-09-25
CUST00724,B2C,Lorraine,Williams,fowlerbruce@example.com,S1,Coventry,West Midlands,2026-06-10
CUST00725,B2C,Frederick,Dodd,stanleylittle@example.net,L3,Ipswich,East of England,2025-11-15
CUST00726,B2C,Alison,Jackson,williamsandrea@example.net,G63,Blackpool,North West,2025-12-24
CUST00727,B2C,Anna,Clements,brandonwhite@example.org,WV1,Hull,Yorkshire & Humber,2025-07-10
CUST00728,B2C,Heather,Ali,ijackson@example.org,TF5,Bournemouth,South West,2024-11-08
CUST00729,B2C,Barbara,Adams,bquinn@example.org,DY8,Peterborough,East of England,2025-01-21
CUST00730,B2C,Gail,Smith,allan87@example.com,EH0,Sunderland,North East,2025-01-11
CUST00731,B2C,Wayne,Atkinson,palmernorman@example.net,NG3,Peterborough,East of England,2025-06-11
CUST00732,B2C,Josh,Godfrey,lisaroberts@example.org,TA6R,Cardiff,Wales,2024-09-18
CUST00733,B2C,Declan,Curtis,jonesfiona@example.net,N1D,Glasgow,Scotland,2025-02-02
CUST00734,B2C,Norman,Rahman,maureenpratt@example.org,E13,Lincoln,East Midlands,2025-10-06
CUST00735,B2C,Laura,Webster,carlfitzgerald@example.com,HS3,Exeter,South West,2024-11-21
CUST00736,B2C,Abbie,Myers,hazel32@example.org,W44,London,London,2025-10-12
CUST00737,B2C,Christopher,Howe,yhunt@example.net,AB5V,Plymouth,South West,2025-11-19
CUST00738,B2C,Linda,Moore,stokesabbie@example.net,S1K,Peterborough,East of England,2025-01-18
CUST00739,B2C,Mathew,Williams,janecurtis@example.org,L33,Blackpool,North West,2026-07-17
CUST00740,B2C,Stewart,Moore,jhargreaves@example.org,CO3N,Derby,East Midlands,2024-12-30
CUST00741,B2C,Gregory,Holmes,bethany26@example.net,G61,Middlesbrough,North East,2025-12-22
CUST00742,B2C,Graeme,Hunter,lauren73@example.org,M97,Ipswich,East of England,2025-03-06
CUST00743,B2C,Dawn,Young,callumhussain@example.org,G5,Leeds,Yorkshire & Humber,2026-04-23
CUST00744,B2C,Maureen,Holmes,gilessharon@example.net,W3,Manchester,North West,2025-09-02
CUST00745,B2C,Ian,Rogers,marksmith@example.org,DY4E,Derry,Northern Ireland,2026-06-27
CUST00746,B2C,Jenna,Kelly,jemma85@example.com,W6B,Leicester,East Midlands,2026-07-28
CUST00747,B2C,Christine,Rowe,keith52@example.net,W25,Birmingham,West Midlands,2025-01-07
CUST00748,B2C,Sophie,Thomas,andrewevans@example.org,SS0V,Oxford,South East,2026-07-27
CUST00749,B2C,Jodie,Webb,cmartin@example.net,N49,Bournemouth,South West,2025-11-21
CUST00750,B2C,Karl,Hall,megan08@example.net,E92,Swansea,Wales,2024-09-03
CUST00751,B2B,Francesca,Robson,stephen53@example.org,HP4M,Glasgow,Scotland,2025-01-02
CUST00752,B2C,Emma,Barber,douglas56@example.com,WR2,Coventry,West Midlands,2025-08-16
CUST00753,B2C,Jean,Lewis,rogersdamien@example.org,N27,Aberdeen,Scotland,2025-08-29
CUST00754,B2C,Patrick,O'Neill,sarcher@example.org,BH0,Belfast,Northern Ireland,2025-05-15
CUST00755,B2C,Abdul,Skinner,elaine74@example.net,L9,Wrexham,Wales,2025-06-19
CUST00756,B2C,Lynn,Anderson,shirleybaker@example.com,DN55,Norwich,East of England,2024-11-30
CUST00757,B2C,Josephine,Davies,naomi95@example.com,KY45,Wrexham,Wales,2024-10-03
CUST00758,B2C,Shirley,Edwards,jonesabbie@example.org,AB3A,Bournemouth,South West,2024-12-14
CUST00759,B2C,Douglas,Wright,claire85@example.org,ML61,Swansea,Wales,2025-10-11
CUST00760,B2C,Denise,Walters,adam07@example.org,SE8,Dundee,Scotland,2026-02-24
CUST00761,B2C,Bethany,Burgess,aaronjackson@example.net,G7G,Norwich,East of England,2025-05-23
CUST00762,B2C,Bethany,Butcher,cunninghamchloe@example.com,M9F,Preston,North West,2025-11-22
CUST00763,B2B,Thomas,Arnold,zmiller@example.com,LU7,Oxford,South East,2025-06-30
CUST00764,B2C,Stanley,Davis,wtaylor@example.net,S8,Plymouth,South West,2025-12-21
CUST00765,B2C,Samuel,Atkinson,mitchelltrevor@example.org,L4T,London,London,2025-01-05
CUST00766,B2C,Dean,Wood,krobinson@example.org,FK25,Dundee,Scotland,2024-12-30
CUST00767,B2B,Diana,Kelly,stanleykarl@example.net,N5,Wolverhampton,West Midlands,2026-02-19
CUST00768,B2C,Gavin,Noble,daniel69@example.com,WV64,Liverpool,North West,2025-08-17
CUST00769,B2C,Ryan,Howell,dominic72@example.net,S5A,Manchester,North West,2025-05-26
CUST00770,B2C,George,Hart,leahholden@example.net,DH86,Brighton,South East,2025-11-17
CUST00771,B2B,Dorothy,Osborne,jade26@example.net,BA4,Derry,Northern Ireland,2025-08-05
CUST00772,B2C,Amy,Webb,marsdenrussell@example.org,E1A,Preston,North West,2026-04-08
CUST00773,B2C,Hugh,Pearson,leahbrown@example.org,B1G,Derry,Northern Ireland,2025-04-04
CUST00774,B2C,Jasmine,Howells,lbird@example.com,DN22,Belfast,Northern Ireland,2025-12-25
CUST00775,B2C,Hugh,Mills,evansjulie@example.org,KW0Y,Liverpool,North West,2025-06-20
CUST00776,B2C,Amelia,Wright,mmorris@example.org,KY34,Sunderland,North East,2026-06-01
CUST00777,B2C,Zoe,Collins,shortoliver@example.net,E05,Birmingham,West Midlands,2026-05-07
CUST00778,B2C,Linda,Warner,zcarr@example.org,E71,Oxford,South East,2026-01-13
CUST00779,B2C,Jack,Allen,qcunningham@example.org,DG56,Wolverhampton,West Midlands,2025-02-22
CUST00780,B2C,Jill,Boyle,victoriabaker@example.net,S7K,Peterborough,East of England,2025-07-07
CUST00781,B2C,Jodie,Miller,bradshawhazel@example.net,B4,London,London,2026-02-02
CUST00782,B2C,Eleanor,Shah,wmitchell@example.net,CB0X,Oxford,South East,2025-11-29
CUST00783,B2C,Anthony,Brown,karl42@example.org,N19,London,London,2025-07-09
CUST00784,B2C,Catherine,Baker,norman77@example.org,CB7X,London,London,2026-04-16
CUST00785,B2C,Maureen,Chapman,xgoddard@example.com,OX1M,Preston,North West,2025-02-07
CUST00786,B2B,Marcus,Campbell,taylorcolin@example.org,S4F,Birmingham,West Midlands,2025-07-03
CUST00787,B2C,Rachel,Holden,alex36@example.org,E4G,Edinburgh,Scotland,2024-12-23
CUST00788,B2C,Martyn,Smith,jadeburton@example.net,L8S,Nottingham,East Midlands,2025-01-15
CUST00789,B2C,Ann,Jones,graemecook@example.net,L6,Nottingham,East Midlands,2025-01-17
CUST00790,B2C,Anthony,Marshall,williamsduncan@example.org,GL54,London,London,2025-08-01
CUST00791,B2C,Darren,Price,michellejohn@example.com,N2,London,London,2026-02-19
CUST00792,B2B,Carolyn,Roberts,joan47@example.org,AB76,Cardiff,Wales,2025-03-18
CUST00793,B2C,Toby,McCarthy,henry94@example.org,IM93,Dundee,Scotland,2025-07-27
CUST00794,B2C,Helen,Holloway,rosie42@example.org,G29,Nottingham,East Midlands,2026-03-06
CUST00795,B2C,Hayley,Smith,hazel46@example.net,SO0,Coventry,West Midlands,2025-11-24
CUST00796,B2C,Owen,Moore,emily57@example.org,G0S,Bournemouth,South West,2026-05-12
CUST00797,B2C,Linda,Smith,dohertychristopher@example.com,S7,Sheffield,Yorkshire & Humber,2026-05-23
CUST00798,B2B,Dale,Watson,pickeringjoan@example.org,G9,Hull,Yorkshire & Humber,2024-08-10
CUST00799,B2C,Patricia,Mitchell,ckaur@example.net,B9,Cambridge,East of England,2024-11-24
CUST00800,B2C,Lucy,Hancock,fdickinson@example.net,IG8,Dundee,Scotland,2025-11-15
CUST00801,B2C,Julian,Jones,boylejennifer@example.org,CM14,Liverpool,North West,2026-03-25
CUST00802,B2C,Ian,Richards,janecook@example.net,M33,Bournemouth,South West,2025-02-01
CUST00803,B2C,Sheila,Sheppard,medwards@example.net,B4B,Southampton,South East,2025-08-31
CUST00804,B2C,Clive,Graham,victoria66@example.com,DN6M,Sheffield,Yorkshire & Humber,2025-03-21
CUST00805,B2C,Helen,Clark,rosemarysmith@example.org,B58,Edinburgh,Scotland,2025-11-29
CUST00806,B2B,Adrian,Lewis,georgiabaker@example.com,B4J,Lincoln,East Midlands,2025-08-19
CUST00807,B2C,Gemma,Stephens,xcook@example.net,W7F,Reading,South East,2025-10-31
CUST00808,B2B,Linda,Ryan,griffinanthony@example.com,EH50,Peterborough,East of England,2025-04-06
CUST00809,B2C,Charlene,Howells,aali@example.net,RG1Y,Derry,Northern Ireland,2024-10-03
CUST00810,B2C,Jake,Jones,vrobinson@example.net,E4,Newport,Wales,2024-10-12
CUST00811,B2C,Gillian,Gibbons,hannahsmith@example.org,G8A,Ipswich,East of England,2025-10-18
CUST00812,B2C,Karl,Watts,heatherbarrett@example.com,KW7,London,London,2025-08-24
CUST00813,B2C,Kenneth,Miah,sallyjackson@example.com,RM7B,London,London,2026-06-19
CUST00814,B2C,Kevin,Murphy,nwhite@example.com,M13,Lincoln,East Midlands,2025-09-20
CUST00815,B2C,Emma,Wilkinson,edwardwright@example.com,CW13,Middlesbrough,North East,2026-03-08
CUST00816,B2B,Joseph,Hussain,joanne88@example.com,BN01,Belfast,Northern Ireland,2024-12-04
CUST00817,B2C,George,Lamb,davisfrances@example.com,N2,Sheffield,Yorkshire & Humber,2026-05-26
CUST00818,B2C,Lee,Johnson,thomas04@example.org,M8S,Oxford,South East,2025-05-28
CUST00819,B2B,Brenda,Smith,eali@example.com,ML2,Derry,Northern Ireland,2024-11-14
CUST00820,B2C,Francesca,Black,rileyjonathan@example.org,DD9,Swansea,Wales,2026-04-29
CUST00821,B2C,Mathew,Patel,rebeccathompson@example.com,S2H,Wolverhampton,West Midlands,2026-02-26
CUST00822,B2C,Gregory,Ford,dylan47@example.com,TD62,Sunderland,North East,2025-04-26
CUST00823,B2C,Andrew,Storey,tomknowles@example.com,NR6H,Wrexham,Wales,2025-01-20
CUST00824,B2C,Ashley,Thomas,rwhite@example.com,WD8,York,Yorkshire & Humber,2025-05-23
CUST00825,B2C,Marie,Turnbull,ofranklin@example.net,TD3,Bristol,South West,2026-05-22
CUST00826,B2C,Harriet,Nicholson,wattsabbie@example.net,IV5,York,Yorkshire & Humber,2024-09-25
CUST00827,B2C,Darren,Stanley,murphygraham@example.com,HU6,York,Yorkshire & Humber,2026-07-16
CUST00828,B2C,Joanne,Chambers,uwood@example.com,HG70,London,London,2024-10-15
CUST00829,B2C,Carl,Bradshaw,pateleleanor@example.org,M8F,Liverpool,North West,2025-07-26
CUST00830,B2C,Allan,Bradshaw,leeterry@example.org,L12,Edinburgh,Scotland,2026-05-04
CUST00831,B2C,Eileen,Stephens,valeriewest@example.org,CV1B,Middlesbrough,North East,2024-10-13
CUST00832,B2C,Mohammed,Robinson,nicola64@example.org,SG7Y,London,London,2025-03-20
CUST00833,B2C,Josh,Parry,smithcharles@example.org,E53,Southampton,South East,2026-01-16
CUST00834,B2C,Joseph,Allan,bevansharon@example.org,L9G,Derry,Northern Ireland,2026-05-28
CUST00835,B2C,Jamie,Peacock,waltoncatherine@example.org,M5D,Derby,East Midlands,2025-03-21
CUST00836,B2C,Trevor,Morris,shanejackson@example.net,L34,Derry,Northern Ireland,2025-04-12
CUST00837,B2B,Georgina,Harrison,danny35@example.com,LS9W,Blackpool,North West,2025-11-18
CUST00838,B2C,Timothy,Bennett,phale@example.com,N4T,Cardiff,Wales,2025-04-30
CUST00839,B2C,Pauline,Jackson,thorntonjeremy@example.org,S1U,Manchester,North West,2025-11-05
CUST00840,B2C,Harry,Roberts,zkelly@example.net,N6T,Exeter,South West,2025-03-31
CUST00841,B2C,Joan,Ellis,guy90@example.org,SO38,Ipswich,East of England,2024-12-19
CUST00842,B2C,Francis,Frost,johnsonnathan@example.com,TD7M,Derry,Northern Ireland,2025-06-23
CUST00843,B2C,Colin,Robinson,joshua61@example.net,E85,Cambridge,East of England,2025-03-17
CUST00844,B2C,Joshua,McCarthy,garethpatel@example.org,M7J,Manchester,North West,2026-03-24
CUST00845,B2C,Wendy,Stewart,zwest@example.net,N5,Nottingham,East Midlands,2025-10-08
CUST00846,B2C,Annette,Rose,rjackson@example.net,BL53,Norwich,East of England,2026-01-11
CUST00847,B2C,Vincent,Jones,trevorrichards@example.org,M0K,Norwich,East of England,2025-07-30
CUST00848,B2C,Francesca,Parsons,zjones@example.com,HP43,Wolverhampton,West Midlands,2025-10-11
CUST00849,B2C,Gordon,Conway,scottgoddard@example.com,DL9M,Dundee,Scotland,2025-10-05
CUST00850,B2C,Danny,Jones,henry77@example.net,G1D,Wolverhampton,West Midlands,2025-05-30
CUST00851,B2C,Julian,Graham,cwells@example.org,L67,Reading,South East,2025-05-06
CUST00852,B2B,Gregory,Jackson,timothyward@example.net,B50,Ipswich,East of England,2025-09-21
CUST00853,B2C,Sharon,Roberts,paul91@example.com,ZE6,Glasgow,Scotland,2025-04-19
CUST00854,B2C,Leon,Bailey,patricia34@example.com,BN9W,Bristol,South West,2026-01-08
CUST00855,B2C,Georgia,Holden,nnicholls@example.org,NE3Y,Derry,Northern Ireland,2025-02-13
CUST00856,B2B,Terry,Taylor,benjaminwatson@example.net,EC2W,Glasgow,Scotland,2025-10-30
CUST00857,B2C,Anna,Clark,thomasmargaret@example.net,HA75,Lincoln,East Midlands,2025-12-12
CUST00858,B2C,Ben,Barker,nlynch@example.com,M2,Leicester,East Midlands,2025-11-27
CUST00859,B2C,Barry,Long,ecook@example.com,HD3,Reading,South East,2024-12-26
CUST00860,B2C,Sam,John,brucewatson@example.com,W36,Wolverhampton,West Midlands,2025-10-06
CUST00861,B2B,Melanie,Roberts,ashleighwilliams@example.org,TD9A,Hull,Yorkshire & Humber,2026-07-12
CUST00862,B2C,Cheryl,Hunt,janet30@example.com,HA6P,Wolverhampton,West Midlands,2025-05-11
CUST00863,B2C,Luke,Hill,hussainjeremy@example.net,M3,Plymouth,South West,2025-09-04
CUST00864,B2C,Naomi,Morris,alexandergraeme@example.net,G2B,Belfast,Northern Ireland,2025-06-14
CUST00865,B2C,Jonathan,Kaur,dylangriffiths@example.org,SM59,Cambridge,East of England,2024-12-02
CUST00866,B2C,Keith,Thorpe,joannemitchell@example.org,SY75,Middlesbrough,North East,2025-09-11
CUST00867,B2C,Katherine,Lee,zknight@example.com,SR39,London,London,2025-07-11
CUST00868,B2B,Clifford,Webb,oliver65@example.net,IG92,London,London,2025-01-29
CUST00869,B2C,Bryan,Stewart,charlottebailey@example.com,N6J,Manchester,North West,2024-12-16
CUST00870,B2C,Angela,Burgess,wbarlow@example.net,L02,Bournemouth,South West,2026-05-27
CUST00871,B2C,Valerie,Williams,katybishop@example.com,CO53,Middlesbrough,North East,2025-11-27
CUST00872,B2B,Jayne,Richards,ewallace@example.org,IM3,Cambridge,East of England,2025-09-23
CUST00873,B2C,Henry,Dunn,irene66@example.org,RH2,Derry,Northern Ireland,2026-02-16
CUST00874,B2C,Pamela,Fisher,sylviahargreaves@example.net,AL27,Newport,Wales,2025-10-03
CUST00875,B2C,Naomi,Hall,janetaylor@example.org,L1T,Glasgow,Scotland,2026-08-08
CUST00876,B2C,Laura,Cunningham,ydavies@example.org,B45,London,London,2025-03-28
CUST00877,B2B,Heather,Macdonald,jamesjay@example.com,KY5B,Brighton,South East,2024-12-17
CUST00878,B2C,Charlotte,Pearson,vwilliams@example.com,G5,Newport,Wales,2025-12-05
CUST00879,B2B,Paige,Conway,kimberleyhawkins@example.net,TF14,Belfast,Northern Ireland,2025-05-29
CUST00880,B2C,Guy,Price,jodiegill@example.net,TQ11,Dundee,Scotland,2025-04-02
CUST00881,B2B,Nicole,Pritchard,stewartroberts@example.org,S59,Glasgow,Scotland,2026-04-30
CUST00882,B2C,Patricia,Begum,scottsutton@example.net,E2A,Peterborough,East of England,2026-06-13
CUST00883,B2C,Ruth,Brady,joneshelen@example.org,L93,Bristol,South West,2024-10-29
CUST00884,B2C,Tracy,Hill,owilson@example.com,G5,Reading,South East,2026-07-15
CUST00885,B2C,Diane,Jones,walshnicola@example.com,BB85,Middlesbrough,North East,2026-06-10
CUST00886,B2C,Stephen,Moore,patelashley@example.org,SS96,Plymouth,South West,2025-05-30
CUST00887,B2C,Vincent,Parker,amandayoung@example.org,CM7M,Newport,Wales,2026-01-28
CUST00888,B2C,Jasmine,Poole,beverley42@example.net,OL98,London,London,2025-12-12
CUST00889,B2C,Frank,Stevens,robertbryant@example.org,W02,London,London,2025-05-28
CUST00890,B2C,Lynne,Stevens,hargreavesglen@example.org,CA79,London,London,2025-01-28
CUST00891,B2C,Aimee,Goddard,jennifer81@example.com,L47,Middlesbrough,North East,2026-05-28
CUST00892,B2C,Arthur,Wilson,clivestokes@example.com,N2E,Nottingham,East Midlands,2025-03-28
CUST00893,B2C,Jay,Wyatt,paige63@example.com,CF1H,Nottingham,East Midlands,2025-07-14
CUST00894,B2C,Carole,Harris,roger63@example.org,W05,Wolverhampton,West Midlands,2025-08-28
CUST00895,B2C,Natasha,Rogers,dylanlowe@example.net,ME48,Ipswich,East of England,2026-04-25
CUST00896,B2C,Donald,Williams,petertaylor@example.com,EH5R,Leicester,East Midlands,2025-07-29
CUST00897,B2C,Brian,Wright,ritaglover@example.org,N2C,Hull,Yorkshire & Humber,2025-02-06
CUST00898,B2C,Arthur,Smith,watkinsdarren@example.com,EX3,Southampton,South East,2024-11-02
CUST00899,B2C,Emma,Doyle,ejohnson@example.net,ME3M,Preston,North West,2025-01-03
CUST00900,B2C,Irene,Thomas,pgreen@example.org,G98,Middlesbrough,North East,2024-08-28
CUST00901,B2B,Nicholas,Buckley,bwright@example.net,GL6,London,London,2025-09-16
CUST00902,B2C,Ruth,Robinson,sykesmegan@example.org,B8W,Aberdeen,Scotland,2025-11-18
CUST00903,B2C,Mohamed,Fuller,lisajennings@example.com,NR38,Preston,North West,2025-09-14
CUST00904,B2C,Joseph,Wheeler,beth96@example.net,W4,Belfast,Northern Ireland,2025-03-17
CUST00905,B2C,Georgina,Reed,qrussell@example.net,TQ5,York,Yorkshire & Humber,2024-10-10
CUST00906,B2C,Max,Hartley,andrewsmelissa@example.net,G9K,Sunderland,North East,2025-08-12
CUST00907,B2C,Shaun,Jackson,garrycampbell@example.org,G6D,Lincoln,East Midlands,2025-11-18
CUST00908,B2C,Vincent,Newton,jeansmith@example.com,L8,Derby,East Midlands,2025-11-14
CUST00909,B2C,Billy,Roberts,rreynolds@example.net,L58,Newcastle,North East,2026-03-02
CUST00910,B2C,Dale,Stone,ronald63@example.org,BD1,Exeter,South West,2026-08-08
CUST00911,B2C,Oliver,Coleman,dorothy39@example.net,S06,Leeds,Yorkshire & Humber,2024-09-11
CUST00912,B2B,Janet,Weston,jason50@example.com,S8,London,London,2024-12-03
CUST00913,B2C,Wayne,Saunders,carol06@example.net,N5,Hull,Yorkshire & Humber,2025-02-15
CUST00914,B2B,Olivia,Smith,ogreen@example.net,GY5M,London,London,2025-04-09
CUST00915,B2C,Pauline,Wilkinson,vhunt@example.com,DE37,Newport,Wales,2024-08-16
CUST00916,B2B,Linda,Murphy,shaun49@example.com,CO2,Newport,Wales,2025-02-11
CUST00917,B2C,Jonathan,Bradley,eward@example.com,W1A,Bournemouth,South West,2026-05-16
CUST00918,B2C,Toby,Jarvis,gerard35@example.net,TN6,Norwich,East of England,2024-11-22
CUST00919,B2C,Samuel,Taylor,valeriethomas@example.com,W1H,Glasgow,Scotland,2025-08-13
CUST00920,B2C,Paula,Allen,marianlewis@example.com,DY7W,Bournemouth,South West,2026-07-27
CUST00921,B2C,Gordon,Mann,osbornegareth@example.net,IP2,Nottingham,East Midlands,2024-12-20
CUST00922,B2C,Russell,Phillips,philip97@example.org,N5,Liverpool,North West,2026-07-15
CUST00923,B2C,Oliver,Cook,godonnell@example.com,SY26,Derry,Northern Ireland,2025-07-13
CUST00924,B2C,Fiona,Barlow,joshua96@example.com,L2W,Edinburgh,Scotland,2026-04-09
CUST00925,B2C,Sylvia,Hunt,sian69@example.com,E7,Manchester,North West,2025-05-09
CUST00926,B2B,Jennifer,Carr,yvonnejenkins@example.org,NP3H,Preston,North West,2025-04-27
CUST00927,B2C,Mohammad,Gill,geraldine18@example.com,PH1R,Leicester,East Midlands,2025-11-08
CUST00928,B2C,Leon,Roberts,mburton@example.org,W83,Leicester,East Midlands,2026-08-04
CUST00929,B2C,Francesca,Smith,eford@example.org,L3,Peterborough,East of England,2026-01-25
CUST00930,B2C,Zoe,Smith,fstorey@example.net,E81,Derby,East Midlands,2024-08-22
CUST00931,B2C,Jean,Robinson,ywoods@example.org,E73,Cambridge,East of England,2026-04-13
CUST00932,B2C,Nicole,James,xpayne@example.org,BN58,Derby,East Midlands,2025-05-08
CUST00933,B2C,Charlene,Glover,rwatts@example.org,WV9,Peterborough,East of England,2025-05-01
CUST00934,B2B,Irene,Thomas,russellclaire@example.com,S2,London,London,2025-03-01
CUST00935,B2C,Karen,Cooper,philipmarsh@example.org,E0,Glasgow,Scotland,2025-12-28
CUST00936,B2C,Geraldine,Payne,johnsonbarry@example.net,SM9,Edinburgh,Scotland,2025-06-28
CUST00937,B2C,Joanna,Price,phillip97@example.org,NP32,Peterborough,East of England,2025-08-06
CUST00938,B2C,Margaret,Powell,georgemoore@example.net,M4W,Leeds,Yorkshire & Humber,2026-01-14
CUST00939,B2C,Timothy,Randall,acollier@example.org,G77,Exeter,South West,2026-04-05
CUST00940,B2C,Debra,Rhodes,shannondavies@example.com,G83,Birmingham,West Midlands,2026-06-02
CUST00941,B2C,Joshua,Mahmood,mohammed98@example.org,M60,Belfast,Northern Ireland,2024-11-29
CUST00942,B2C,Roy,Jackson,fjones@example.com,B1,Oxford,South East,2026-05-05
CUST00943,B2C,Patricia,Atkinson,xahmed@example.com,M68,Preston,North West,2025-08-28
CUST00944,B2C,Rachel,Payne,leanne42@example.net,IG7B,Derby,East Midlands,2025-09-12
CUST00945,B2C,George,Smith,taylorderek@example.net,NW4,London,London,2024-11-05
CUST00946,B2C,Ronald,Chamberlain,jbibi@example.org,PA0X,London,London,2026-01-08
CUST00947,B2C,Alison,Murray,graeme22@example.org,B7E,Liverpool,North West,2026-07-16
CUST00948,B2B,Tony,French,qrussell@example.org,N37,Manchester,North West,2026-02-26
CUST00949,B2C,Peter,Pearce,david41@example.net,WF3,Hull,Yorkshire & Humber,2026-06-11
CUST00950,B2C,Samuel,Hope,kerrysaunders@example.com,N5,Leicester,East Midlands,2025-05-10
CUST00951,B2C,Tracey,Richardson,glen26@example.org,CF2N,Belfast,Northern Ireland,2026-01-05
CUST00952,B2C,Shirley,Brennan,rogerselaine@example.com,M20,Dundee,Scotland,2024-10-02
CUST00953,B2C,Sarah,Cox,sean07@example.org,N4,Derry,Northern Ireland,2026-04-22
CUST00954,B2C,Francis,Roberts,evanstoby@example.net,MK8,Cambridge,East of England,2024-10-16
CUST00955,B2C,Georgia,Wallace,nkelly@example.net,HG0H,Nottingham,East Midlands,2025-10-15
CUST00956,B2C,Maurice,Austin,vsutton@example.org,NE97,Sunderland,North East,2025-10-06
CUST00957,B2C,Bryan,Brennan,kellystevens@example.com,CF10,Cambridge,East of England,2025-08-18
CUST00958,B2C,Natasha,Anderson,josephinemartin@example.org,SG2B,Sheffield,Yorkshire & Humber,2025-12-06
CUST00959,B2C,Lee,O'Donnell,wattslauren@example.com,N2,Leicester,East Midlands,2026-07-31
CUST00960,B2C,Adrian,Carpenter,chapmanlauren@example.com,YO2,Peterborough,East of England,2025-02-23
CUST00961,B2C,Abdul,Ali,clees@example.net,NG3,Southampton,South East,2024-10-16
CUST00962,B2B,Olivia,Hopkins,thomassharon@example.org,E6E,Norwich,East of England,2026-03-02
CUST00963,B2C,Joe,Lewis,angela59@example.net,W6E,Sunderland,North East,2025-12-10
CUST00964,B2C,Louise,King,nicola58@example.net,L4,Wolverhampton,West Midlands,2026-06-18
CUST00965,B2C,Leigh,Davis,sharper@example.com,N0,Derby,East Midlands,2026-01-02
CUST00966,B2C,Leon,Jackson,andrewstorey@example.com,SO8,Preston,North West,2025-03-11
CUST00967,B2C,Kyle,Quinn,hazel12@example.org,LN8,Blackpool,North West,2025-01-06
CUST00968,B2C,Leah,Steele,ojones@example.net,W8,Nottingham,East Midlands,2026-02-23
CUST00969,B2C,Leigh,Bryant,hugheswendy@example.net,DH48,Sheffield,Yorkshire & Humber,2026-03-29
CUST00970,B2C,Ronald,Bartlett,wendysingh@example.com,S0T,Leicester,East Midlands,2025-05-30
CUST00971,B2C,David,Khan,leon40@example.net,DN2,Bournemouth,South West,2026-06-16
CUST00972,B2C,Clive,Ahmed,jordanwendy@example.net,N0F,Sheffield,Yorkshire & Humber,2026-08-07
CUST00973,B2C,Emma,Thompson,laura16@example.org,AB44,Coventry,West Midlands,2024-08-08
CUST00974,B2C,Iain,Sharp,katiechambers@example.net,BH19,Peterborough,East of England,2024-08-12
CUST00975,B2B,Jamie,Craig,hardingkathleen@example.com,DY6V,Southampton,South East,2025-09-13
CUST00976,B2C,Keith,Hamilton,zgordon@example.net,AL1H,Exeter,South West,2026-04-22
CUST00977,B2C,Sarah,Jones,thomasswift@example.org,M5,Liverpool,North West,2025-06-10
CUST00978,B2C,Shirley,Thompson,declanrobinson@example.org,G1G,London,London,2026-06-16
CUST00979,B2C,Simon,Webster,lmarshall@example.com,TD46,Peterborough,East of England,2025-09-14
CUST00980,B2C,Paige,Jackson,michellescott@example.org,W85,Middlesbrough,North East,2024-12-12
CUST00981,B2C,Debra,Ward,stoneclaire@example.org,BH6,Birmingham,West Midlands,2025-02-17
CUST00982,B2C,Hayley,Mistry,ycarter@example.net,FK7E,Brighton,South East,2025-11-16
CUST00983,B2C,Carly,Griffiths,qrose@example.net,L7K,Liverpool,North West,2025-05-07
CUST00984,B2C,Marcus,Bennett,hughesleonard@example.org,B7,Preston,North West,2024-10-12
CUST00985,B2C,Ann,Woodward,franceslane@example.net,N04,Newcastle,North East,2024-12-14
CUST00986,B2C,Jasmine,Stewart,jlewis@example.com,E83,Sunderland,North East,2024-08-20
CUST00987,B2C,Guy,Simpson,rroberts@example.com,WC27,Sheffield,Yorkshire & Humber,2025-01-08
CUST00988,B2C,Frank,Frost,garnerfrancesca@example.org,DY13,Blackpool,North West,2025-11-07
CUST00989,B2C,Lee,Parkes,martyn60@example.net,L7,Belfast,Northern Ireland,2025-10-04
CUST00990,B2C,Fiona,Jones,megan23@example.com,TW8A,Liverpool,North West,2026-03-14
CUST00991,B2C,Kathleen,Bentley,franknorman@example.com,NP08,London,London,2024-11-05
CUST00992,B2C,Bryan,O'Donnell,oliverjordan@example.net,W3,Reading,South East,2024-09-30
CUST00993,B2C,Victoria,Bailey,jennifer50@example.com,L8,London,London,2024-11-30
CUST00994,B2C,Lynne,Morris,charlene87@example.org,JE4A,Middlesbrough,North East,2025-12-20
CUST00995,B2B,Joanna,Humphries,lindsey31@example.org,BH2M,Exeter,South West,2025-07-23
CUST00996,B2C,Derek,Barnes,leedanielle@example.org,WR6,Belfast,Northern Ireland,2025-03-15
CUST00997,B2C,Stuart,Scott,declankhan@example.com,G2C,Liverpool,North West,2025-01-08
CUST00998,B2B,Shirley,Spencer,adrian86@example.net,M7,Ipswich,East of England,2025-08-08
CUST00999,B2C,Lorraine,Francis,abigail11@example.org,S4,Liverpool,North West,2026-01-24
CUST01000,B2C,Robin,Richardson,mevans@example.net,DE6,Dundee,Scotland,2026-06-25
CUST01001,B2C,Malcolm,Blake,joycekirsty@example.org,CB13,Reading,South East,2025-08-21
CUST01002,B2C,Timothy,Oliver,lgeorge@example.org,E27,Derby,East Midlands,2025-01-12
CUST01003,B2B,Samuel,Brown,gemma65@example.com,L9,Wrexham,Wales,2026-06-10
CUST01004,B2C,Kathryn,Payne,stephen51@example.net,CM2N,Cambridge,East of England,2024-11-09
CUST01005,B2C,Charlotte,Stephens,gcampbell@example.org,B7U,Swansea,Wales,2025-04-15
CUST01006,B2C,Terence,Sheppard,william19@example.com,S2,Cardiff,Wales,2026-05-15
CUST01007,B2B,Amber,Oliver,francissteele@example.net,CT03,Newcastle,North East,2025-02-12
CUST01008,B2C,Marcus,Foster,hayleymurphy@example.com,B89,Coventry,West Midlands,2025-06-27
CUST01009,B2B,Anthony,Hughes,jayne28@example.org,N1,Wolverhampton,West Midlands,2025-01-25
CUST01010,B2C,Dawn,Booth,kayleigh56@example.com,M9E,Hull,Yorkshire & Humber,2025-08-08
CUST01011,B2B,Jasmine,Simmons,sturner@example.org,M5C,Belfast,Northern Ireland,2025-11-12
CUST01012,B2C,Mathew,Baker,tjenkins@example.com,RM71,Belfast,Northern Ireland,2025-06-21
CUST01013,B2C,Caroline,Ahmed,marie71@example.net,N4,Wolverhampton,West Midlands,2025-10-10
CUST01014,B2C,Jason,Henry,danielsingh@example.net,N4,Derby,East Midlands,2026-03-28
CUST01015,B2C,Shaun,Turner,bmorgan@example.net,W53,London,London,2025-07-30
CUST01016,B2B,Joseph,Murphy,johnhowells@example.net,SP83,Edinburgh,Scotland,2025-12-26
CUST01017,B2C,Emily,Hamilton,lee68@example.com,N9,Coventry,West Midlands,2026-03-03
CUST01018,B2C,Nigel,Law,bmoore@example.org,S2E,York,Yorkshire & Humber,2025-07-10
CUST01019,B2B,Jean,Evans,hussainjudith@example.net,EC1,Peterborough,East of England,2024-09-29
CUST01020,B2C,Eileen,Fox,glloyd@example.net,EX0,Derby,East Midlands,2024-12-16
CUST01021,B2C,Kathleen,Tyler,deniseali@example.net,N1G,Belfast,Northern Ireland,2024-09-29
CUST01022,B2C,Mathew,Owens,glenn75@example.com,CA54,Plymouth,South West,2026-02-18
CUST01023,B2C,Kayleigh,McCarthy,qstevenson@example.org,EX5V,Cardiff,Wales,2026-01-07
CUST01024,B2C,Rachael,Hall,edwardsallan@example.org,E1,Belfast,Northern Ireland,2025-03-01
CUST01025,B2C,Damien,Pugh,thomasteresa@example.net,SE0,Belfast,Northern Ireland,2025-05-27
CUST01026,B2C,Maureen,Hammond,craigsmith@example.net,S02,Sheffield,Yorkshire & Humber,2025-06-26
CUST01027,B2C,Shirley,Hayes,stephen72@example.com,AL3,Newport,Wales,2024-10-31
CUST01028,B2C,Joanne,Evans,archertom@example.org,HX8,Peterborough,East of England,2025-12-09
CUST01029,B2C,Hazel,Howarth,huntjanice@example.net,E52,Oxford,South East,2026-01-03
CUST01030,B2C,George,Nash,thomsonleanne@example.net,KY0,Derry,Northern Ireland,2026-07-05
CUST01031,B2C,Gary,Clark,mwalker@example.net,B3D,Hull,Yorkshire & Humber,2024-09-09
CUST01032,B2C,Georgina,Smart,sally19@example.net,B7,Dundee,Scotland,2025-03-19
CUST01033,B2C,Jake,Johnson,uherbert@example.net,M15,Newport,Wales,2025-03-01
CUST01034,B2B,Geraldine,Walker,elliotlewis@example.net,BT71,Plymouth,South West,2025-10-08
CUST01035,B2C,Joanne,Burke,gerardsmith@example.com,KY6E,Birmingham,West Midlands,2025-03-05
CUST01036,B2C,Douglas,Robinson,qthomas@example.com,IG1N,Brighton,South East,2026-02-22
CUST01037,B2C,Adrian,Davey,wheelerbrenda@example.org,S1,Sunderland,North East,2024-08-28
CUST01038,B2C,Megan,Smith,jmorris@example.org,TF55,Liverpool,North West,2025-06-10
CUST01039,B2C,Janet,Wilson,margaret45@example.org,N7F,Plymouth,South West,2026-04-28
CUST01040,B2C,Mohammad,Smith,dawn86@example.com,LD62,Reading,South East,2026-05-16
CUST01041,B2B,Derek,Lloyd,jeremyjohnson@example.org,KY5,Reading,South East,2025-10-01
CUST01042,B2C,Aaron,Cooper,tracy81@example.com,BT9,Coventry,West Midlands,2025-04-15
CUST01043,B2C,Joel,Cole,barlowmohammed@example.net,WV0,Bristol,South West,2025-06-15
CUST01044,B2C,Ricky,Evans,carolinejohnson@example.org,YO61,Edinburgh,Scotland,2024-10-15
CUST01045,B2C,Jessica,Barnes,matthewshannah@example.com,UB4,Hull,Yorkshire & Humber,2025-03-16
CUST01046,B2C,Billy,Morris,leon51@example.com,NE1,Sheffield,Yorkshire & Humber,2024-11-24
CUST01047,B2C,Jemma,Wilson,mosscatherine@example.com,UB4H,Peterborough,East of England,2025-03-26
CUST01048,B2C,Marcus,Walsh,parkeramelia@example.org,L4U,Reading,South East,2026-05-04
CUST01049,B2C,Marion,Hewitt,adouglas@example.net,B7,Wrexham,Wales,2024-09-09
CUST01050,B2C,Ryan,Shah,hollowaydorothy@example.org,RM19,Sheffield,Yorkshire & Humber,2025-01-24
CUST01051,B2C,Patrick,Jackson,georgina67@example.net,M3S,London,London,2024-09-07
CUST01052,B2C,Chelsea,Bevan,ritabutler@example.net,W9,Dundee,Scotland,2024-09-21
CUST01053,B2C,Simon,Lewis,esmith@example.org,TS0A,Reading,South East,2026-03-19
CUST01054,B2C,Richard,Edwards,cameron23@example.org,W89,Ipswich,East of England,2025-09-18
CUST01055,B2C,June,Morgan,lucyrogers@example.net,TW99,Brighton,South East,2026-04-08
CUST01056,B2C,Louis,Sharpe,victormorris@example.com,PA3,Reading,South East,2025-08-18
CUST01057,B2C,Gail,Richardson,dylanjames@example.com,S8,Ipswich,East of England,2024-12-15
CUST01058,B2C,Toby,Smith,stevenspatrick@example.net,W2E,Reading,South East,2026-03-29
CUST01059,B2B,Conor,Elliott,anthonyjones@example.com,AB2,Preston,North West,2026-06-04
CUST01060,B2C,Connor,Knowles,hannahcarter@example.com,WS4,Swansea,Wales,2026-01-01
CUST01061,B2C,Jenna,Wall,fmorley@example.com,DE2,Ipswich,East of England,2026-06-23
CUST01062,B2C,Gail,Patel,wparker@example.com,G77,Reading,South East,2026-02-13
CUST01063,B2C,Julian,Davies,gibsonkaty@example.net,DN21,Peterborough,East of England,2024-09-15
CUST01064,B2B,Scott,Palmer,alikerry@example.net,W9H,Belfast,Northern Ireland,2025-04-05
CUST01065,B2C,Clive,Davidson,jenna76@example.net,B74,Plymouth,South West,2026-04-03
CUST01066,B2C,Georgina,Thomas,hussaindeborah@example.org,E27,Belfast,Northern Ireland,2025-06-20
CUST01067,B2C,Alan,Howells,louise18@example.net,L3H,Southampton,South East,2026-02-27
CUST01068,B2C,Terence,Manning,hannah55@example.org,W0A,Liverpool,North West,2025-07-17
CUST01069,B2C,Sam,Watts,gsmith@example.net,M2,Leeds,Yorkshire & Humber,2026-05-09
CUST01070,B2C,Charlotte,Mills,zoe75@example.org,B5J,Derry,Northern Ireland,2025-10-31
CUST01071,B2C,Jennifer,Ball,joycewhitehead@example.org,HG41,Belfast,Northern Ireland,2025-05-08
CUST01072,B2C,Jason,Porter,ashleigh48@example.net,DH2,Manchester,North West,2025-07-10
CUST01073,B2C,Ruth,Perry,gerardkaur@example.org,CF3M,Derry,Northern Ireland,2024-12-30
CUST01074,B2B,Katherine,Cameron,khudson@example.net,N21,Exeter,South West,2024-10-11
CUST01075,B2C,Patricia,Walsh,ocox@example.net,G08,Plymouth,South West,2026-02-02
CUST01076,B2B,Brett,Jarvis,rharris@example.net,L64,Oxford,South East,2025-10-14
CUST01077,B2C,Louise,Gibbs,zedwards@example.net,M9,Leicester,East Midlands,2026-04-14
CUST01078,B2C,Jean,Gallagher,mohammad27@example.net,TQ0A,Wrexham,Wales,2026-07-30
CUST01079,B2C,Marie,Fraser,qmartin@example.com,M4,Hull,Yorkshire & Humber,2025-09-01
CUST01080,B2C,Glenn,Davies,rowleybrett@example.net,M1A,Derry,Northern Ireland,2025-09-18
CUST01081,B2C,Maria,Thomas,josh93@example.org,G64,Liverpool,North West,2024-11-01
CUST01082,B2C,Diana,Parker,lmiller@example.net,B9,Swansea,Wales,2025-02-25
CUST01083,B2C,Susan,Bradley,kpayne@example.org,B79,Glasgow,Scotland,2025-02-09
CUST01084,B2C,Elizabeth,Butcher,thompsonmitchell@example.com,E4,Wolverhampton,West Midlands,2025-02-17
CUST01085,B2C,Albert,Begum,phillipsbernard@example.org,B7,London,London,2025-04-21
CUST01086,B2C,Cheryl,Scott,christophermurphy@example.com,W0B,Southampton,South East,2026-03-20
CUST01087,B2C,Nicholas,Edwards,beverleybrown@example.org,CT6,Bournemouth,South West,2025-10-08
CUST01088,B2C,Gillian,Hawkins,rickykerr@example.net,S66,Lincoln,East Midlands,2025-04-22
CUST01089,B2C,Scott,Rees,turnerpaige@example.net,ZE7M,London,London,2024-12-05
CUST01090,B2C,Laura,Collins,garethlaw@example.net,S9A,Wrexham,Wales,2025-05-22
CUST01091,B2C,Kate,Bibi,leigh45@example.org,CM85,Brighton,South East,2024-08-19
CUST01092,B2C,Susan,Marshall,louishoughton@example.net,N20,Leicester,East Midlands,2024-11-11
CUST01093,B2B,Alan,Moore,dbradley@example.net,B7,York,Yorkshire & Humber,2025-06-28
CUST01094,B2C,Kayleigh,Howard,lynn21@example.org,M47,Coventry,West Midlands,2025-11-21
CUST01095,B2C,Maurice,Robinson,henrysmith@example.org,BB65,Brighton,South East,2025-12-20
CUST01096,B2C,Graeme,O'Brien,blakejonathan@example.net,B3J,Swansea,Wales,2024-10-23
CUST01097,B2C,Janice,Davis,markwilliams@example.org,EH9E,Hull,Yorkshire & Humber,2025-01-29
CUST01098,B2B,Hollie,Wood,malcolmwatts@example.com,B7U,Coventry,West Midlands,2025-02-14
CUST01099,B2C,Joe,Williams,reidmolly@example.net,S02,Middlesbrough,North East,2025-02-14
CUST01100,B2C,Maria,O'Brien,nathan57@example.org,BR00,Sunderland,North East,2025-10-27
CUST01101,B2C,Amber,Griffiths,juliecross@example.net,IM5A,Dundee,Scotland,2024-11-03
CUST01102,B2B,Ashley,Bailey,nortontrevor@example.org,GL5,Brighton,South East,2026-01-11
CUST01103,B2B,Arthur,Smith,lorraineharrison@example.net,LA8,Manchester,North West,2026-07-20
CUST01104,B2C,Joanna,Ahmed,mohammed80@example.com,W7,Nottingham,East Midlands,2026-06-25
CUST01105,B2B,Jay,Nixon,phillip59@example.com,NN95,Plymouth,South West,2025-08-24
CUST01106,B2C,Joshua,Anderson,markgould@example.net,EN17,Birmingham,West Midlands,2026-06-06
CUST01107,B2C,Joanne,Curtis,iowen@example.net,L62,Newport,Wales,2025-10-07
CUST01108,B2C,Trevor,Wilson,egreen@example.org,N91,Nottingham,East Midlands,2025-01-12
CUST01109,B2C,Stanley,Bryan,maryobrien@example.com,M6W,Belfast,Northern Ireland,2025-02-01
CUST01110,B2C,Deborah,Mitchell,thorntonmolly@example.org,CH66,Blackpool,North West,2025-05-09
CUST01111,B2C,Jake,Marshall,wbond@example.com,CH2A,Liverpool,North West,2025-05-29
CUST01112,B2C,Lydia,Hill,kayleigh64@example.com,CM8A,Peterborough,East of England,2025-12-16
CUST01113,B2C,Dorothy,Bentley,bturner@example.com,M8,Aberdeen,Scotland,2025-02-18
CUST01114,B2C,Brandon,Weston,ianbegum@example.net,LD7,Derry,Northern Ireland,2024-09-25
CUST01115,B2B,Ryan,Allen,grahambrown@example.org,PR1W,Newport,Wales,2025-11-13
CUST01116,B2C,Joyce,Clarke,kblake@example.com,GU8P,Derry,Northern Ireland,2025-01-21
CUST01117,B2C,Louis,Connor,cameron94@example.com,M7,Dundee,Scotland,2025-10-05
CUST01118,B2C,Shaun,Jarvis,kthompson@example.net,ML21,Nottingham,East Midlands,2025-09-20
CUST01119,B2C,Helen,Brown,fryanna@example.org,TR8,Cambridge,East of England,2026-03-27
CUST01120,B2C,Andrew,Lee,melissacurtis@example.org,PE8,Ipswich,East of England,2024-10-15
CUST01121,B2C,Natasha,Banks,opotter@example.org,N2D,Liverpool,North West,2025-05-27
CUST01122,B2C,Anna,Brown,marshallleon@example.com,KW4,Sunderland,North East,2026-07-15
CUST01123,B2C,Beth,Newman,reedchloe@example.org,E6,Glasgow,Scotland,2024-11-20
CUST01124,B2C,Julia,Clark,uthomas@example.org,L90,Southampton,South East,2025-02-13
CUST01125,B2C,Sophie,Elliott,sian12@example.com,M28,York,Yorkshire & Humber,2025-09-12
CUST01126,B2C,Lorraine,Smith,lauren98@example.com,IM76,London,London,2024-12-31
CUST01127,B2C,Brenda,Williams,jadesmith@example.com,WA52,London,London,2025-12-04
CUST01128,B2C,Guy,Jones,kaurcolin@example.org,L5,Cambridge,East of England,2025-08-26
CUST01129,B2C,James,Pearson,uoconnor@example.net,L15,London,London,2025-12-23
CUST01130,B2B,Ian,Perry,denise52@example.org,L31,Derry,Northern Ireland,2025-03-18
CUST01131,B2C,Antony,Skinner,sheilabarnes@example.net,M1,Newcastle,North East,2026-04-28
CUST01132,B2C,Michelle,Sharp,knightjoe@example.org,L0W,Wrexham,Wales,2025-04-10
CUST01133,B2C,Jennifer,Stephens,timothyspencer@example.com,LS16,Edinburgh,Scotland,2025-08-24
CUST01134,B2C,Danny,Lee,kfoster@example.org,L8,Belfast,Northern Ireland,2025-03-28
CUST01135,B2C,Dawn,Wilson,pauline54@example.org,E44,Wolverhampton,West Midlands,2025-12-24
CUST01136,B2C,Nicola,Hartley,jessica92@example.org,WA2W,London,London,2026-05-20
CUST01137,B2B,Conor,Ellis,ricky55@example.net,RH0,London,London,2024-12-17
CUST01138,B2C,Emma,Holt,bakergeorge@example.com,LD6M,London,London,2026-02-13
CUST01139,B2C,Dean,Morgan,iainwilliamson@example.net,W0,Brighton,South East,2025-03-07
CUST01140,B2C,Jill,Whitehead,smithsandra@example.org,ST20,Leicester,East Midlands,2026-01-26
CUST01141,B2C,Ryan,Young,gregorybruce@example.com,CH8,London,London,2024-09-22
CUST01142,B2C,Jack,Martin,oclarke@example.net,BR4M,Norwich,East of England,2024-12-11
CUST01143,B2B,Bradley,Sharpe,anneedwards@example.org,RM5,Edinburgh,Scotland,2025-08-05
CUST01144,B2C,Sheila,Barnett,marian43@example.com,E32,Sheffield,Yorkshire & Humber,2025-04-11
CUST01145,B2C,Melanie,Phillips,andrew53@example.com,CW7,Lincoln,East Midlands,2024-08-20
CUST01146,B2C,Cameron,Richardson,howardrobinson@example.org,SA2A,Oxford,South East,2026-06-07
CUST01147,B2C,Sara,Andrews,philipjohnson@example.net,RM3,Norwich,East of England,2025-04-08
CUST01148,B2C,Jordan,Hilton,jrichards@example.com,BT3E,Birmingham,West Midlands,2025-05-22
CUST01149,B2B,Victor,Wilson,damienhenderson@example.com,M2,Derby,East Midlands,2024-12-23
CUST01150,B2C,Bethan,Reynolds,emilybrady@example.com,BA41,Sheffield,Yorkshire & Humber,2026-05-14
CUST01151,B2C,Pamela,Kerr,damienmiah@example.org,L20,Belfast,Northern Ireland,2025-01-16
CUST01152,B2C,Katy,Miller,jacksonlawrence@example.org,TD8N,Birmingham,West Midlands,2025-03-07
CUST01153,B2C,Margaret,Wright,vanessa30@example.org,N7C,Ipswich,East of England,2026-07-13
CUST01154,B2C,Tracey,John,andersonhilary@example.net,SM25,London,London,2025-05-11
CUST01155,B2C,Eileen,Mason,vjames@example.net,G09,Leicester,East Midlands,2025-01-04
CUST01156,B2C,William,Fox,leahhenry@example.org,W2T,Southampton,South East,2024-09-16
CUST01157,B2C,Janice,Bevan,jakeryan@example.net,LS3,Edinburgh,Scotland,2025-06-20
CUST01158,B2C,Duncan,Harvey,daviesstanley@example.org,HA99,Edinburgh,Scotland,2025-03-02
CUST01159,B2C,Ashleigh,Moss,leslie85@example.net,WA8,Coventry,West Midlands,2024-10-08
CUST01160,B2C,Jean,Taylor,hughjackson@example.net,ME6V,Bristol,South West,2025-01-31
CUST01161,B2C,Terence,Gordon,rjoyce@example.org,M48,Blackpool,North West,2026-05-17
CUST01162,B2C,Ben,Allan,bellbernard@example.org,S9J,Sunderland,North East,2025-05-20
CUST01163,B2C,Leigh,King,joyceberry@example.org,CR2,Brighton,South East,2026-05-30
CUST01164,B2C,Edward,Elliott,hpearce@example.com,G8,Derry,Northern Ireland,2025-04-08
CUST01165,B2C,Carl,Freeman,jiqbal@example.org,TN69,Hull,Yorkshire & Humber,2024-10-14
CUST01166,B2C,Wendy,Higgins,hughesowen@example.org,CM5B,Middlesbrough,North East,2024-12-22
CUST01167,B2C,Jacqueline,Hicks,kayleigh42@example.com,BL8,Glasgow,Scotland,2024-10-20
CUST01168,B2C,Chelsea,Perkins,kim00@example.org,N58,Nottingham,East Midlands,2025-11-26
CUST01169,B2C,Marc,King,olivia35@example.net,SA7,Glasgow,Scotland,2024-12-30
CUST01170,B2B,Joel,Wright,georgia74@example.org,DG4,Nottingham,East Midlands,2025-12-12
CUST01171,B2C,Martin,Nicholls,jacquelinematthews@example.com,S2,Derby,East Midlands,2024-09-22
CUST01172,B2C,Katie,Davis,kaurvalerie@example.org,TN56,York,Yorkshire & Humber,2024-12-06
CUST01173,B2C,Owen,Taylor,marion52@example.net,SN1,Southampton,South East,2026-01-09
CUST01174,B2C,Katherine,Arnold,fgibson@example.com,GY88,London,London,2026-06-11
CUST01175,B2B,Hazel,Sharp,hbarnes@example.org,NG9M,Hull,Yorkshire & Humber,2025-05-13
CUST01176,B2C,Philip,White,rebeccapowell@example.org,E89,Derry,Northern Ireland,2026-01-10
CUST01177,B2C,Wayne,Lewis,emmalee@example.com,HX33,Edinburgh,Scotland,2025-12-07
CUST01178,B2C,Wayne,Riley,lawrence84@example.net,CM0Y,Coventry,West Midlands,2025-05-31
CUST01179,B2C,Jordan,Howell,bethan72@example.com,WS1,Dundee,Scotland,2026-02-21
CUST01180,B2C,Alice,Wright,reidjudith@example.org,N8,Wolverhampton,West Midlands,2025-10-13
CUST01181,B2C,William,Dean,matthew71@example.org,B7,Newcastle,North East,2026-01-06
CUST01182,B2C,Michael,Andrews,jordanburrows@example.org,ST29,Leicester,East Midlands,2024-11-27
CUST01183,B2C,Valerie,Jenkins,arthur68@example.org,NP98,Manchester,North West,2025-04-02
CUST01184,B2C,Terry,Brown,annaparsons@example.com,M4D,Liverpool,North West,2025-12-08
CUST01185,B2C,Roy,Short,edwardmorton@example.com,CM6,Brighton,South East,2025-10-11
CUST01186,B2C,Karl,Wilson,pmills@example.net,B9J,Cardiff,Wales,2026-03-28
CUST01187,B2C,Brett,Robinson,elliemoore@example.net,FY24,York,Yorkshire & Humber,2026-07-31
CUST01188,B2C,Janet,Matthews,creeves@example.org,W31,Middlesbrough,North East,2025-08-08
CUST01189,B2C,Mary,Kaur,marionlee@example.net,DE5A,Leicester,East Midlands,2025-10-19
CUST01190,B2B,Susan,Stephens,olivertaylor@example.net,WA93,Peterborough,East of England,2026-07-16
CUST01191,B2C,Roger,Pearce,anthonyedwards@example.net,L4,Sheffield,Yorkshire & Humber,2025-08-03
CUST01192,B2C,Charlene,Richardson,yatesconor@example.org,W78,Preston,North West,2025-09-20
CUST01193,B2C,John,Bibi,swiftjean@example.net,SO1,London,London,2024-08-19
CUST01194,B2B,Leonard,Burke,spencerlisa@example.org,SR1,Newport,Wales,2026-07-22
CUST01195,B2C,Hollie,Kerr,stonetony@example.org,E4G,Cambridge,East of England,2025-03-01
CUST01196,B2C,Eileen,Rose,urhodes@example.net,L35,Bournemouth,South West,2026-07-17
CUST01197,B2C,William,Jones,wrightross@example.net,TQ16,Edinburgh,Scotland,2024-10-27
CUST01198,B2B,Jean,Howe,abaker@example.com,L1,London,London,2024-12-28
CUST01199,B2C,Adam,Chapman,jasmineyoung@example.net,E39,London,London,2026-06-16
CUST01200,B2B,Vincent,O'Neill,devans@example.org,FY6A,Sheffield,Yorkshire & Humber,2026-07-10
CUST01201,B2C,Julia,Kelly,ztaylor@example.net,NG2R,Norwich,East of England,2026-06-09
CUST01202,B2B,Jack,Summers,neil98@example.com,GL1,Newport,Wales,2025-11-11
CUST01203,B2B,Teresa,West,hollietaylor@example.org,B56,Cambridge,East of England,2026-04-25
CUST01204,B2C,Stewart,Stokes,christopher81@example.org,SR6,Belfast,Northern Ireland,2024-08-11
CUST01205,B2C,Stephanie,Hudson,williamsbrandon@example.net,E10,Southampton,South East,2026-07-29
CUST01206,B2C,Jason,Warren,wclarke@example.com,RM72,Oxford,South East,2024-09-22
CUST01207,B2C,Jodie,Shah,stevensonricky@example.com,G1,Liverpool,North West,2025-05-31
CUST01208,B2C,Antony,Evans,mpalmer@example.com,B3F,Sheffield,Yorkshire & Humber,2024-12-10
CUST01209,B2C,Sylvia,Graham,kirstyjohnson@example.net,L90,Brighton,South East,2026-02-11
CUST01210,B2C,Kate,Blake,antony64@example.org,NP4,Bournemouth,South West,2024-10-13
CUST01211,B2C,Rachael,Taylor,jemmapearson@example.org,NE0,Cambridge,East of England,2025-11-30
CUST01212,B2C,Leanne,Thomas,fdavies@example.com,L9,Derry,Northern Ireland,2026-03-25
CUST01213,B2C,Laura,Knight,smithrobin@example.org,S1,Wrexham,Wales,2025-03-25
CUST01214,B2B,Kathleen,Griffin,gouldcharlene@example.net,N0,Sheffield,Yorkshire & Humber,2026-07-03
CUST01215,B2C,Ronald,Baker,maureen75@example.net,W04,Norwich,East of England,2025-09-15
CUST01216,B2C,Sam,Price,elliot19@example.net,SW84,Norwich,East of England,2025-01-01
CUST01217,B2C,Kathleen,Long,megansingh@example.com,B32,Leeds,Yorkshire & Humber,2025-04-29
CUST01218,B2C,Phillip,King,hahmed@example.com,AB4N,Birmingham,West Midlands,2025-09-01
CUST01219,B2C,Amanda,Jones,sholmes@example.com,M4,Wrexham,Wales,2025-10-25
CUST01220,B2C,Leah,Cooper,umccarthy@example.net,EH37,Sunderland,North East,2026-01-28
CUST01221,B2C,Denise,Fox,bhall@example.com,W3G,Southampton,South East,2026-03-22
CUST01222,B2C,Julian,Mahmood,foxjoyce@example.net,N9,Leeds,Yorkshire & Humber,2025-11-22
CUST01223,B2B,Sally,Jones,owenkarl@example.com,OX94,Sunderland,North East,2026-06-29
CUST01224,B2C,George,Wood,hazeledwards@example.org,LL1,Dundee,Scotland,2025-04-05
CUST01225,B2C,Linda,Mann,xball@example.org,M03,Exeter,South West,2024-09-10
CUST01226,B2C,Jodie,Scott,woodwardaimee@example.com,M16,York,Yorkshire & Humber,2025-07-06
CUST01227,B2C,Thomas,Kirk,jackatkins@example.net,M26,Wolverhampton,West Midlands,2026-05-20
CUST01228,B2C,Shannon,Williams,cfarrell@example.net,KW1,Manchester,North West,2025-07-24
CUST01229,B2C,Angela,Griffiths,ross50@example.net,M61,Brighton,South East,2026-04-29
CUST01230,B2C,Jayne,Evans,marilyn41@example.org,S01,Coventry,West Midlands,2024-08-23
CUST01231,B2C,Victoria,Elliott,thorntongeorgia@example.org,CA63,Belfast,Northern Ireland,2025-02-18
CUST01232,B2C,Nigel,Smith,molly51@example.net,G61,London,London,2025-03-19
CUST01233,B2C,Bethan,Lane,pallen@example.com,DL4R,Reading,South East,2026-05-28
CUST01234,B2C,Thomas,Shaw,mitchell42@example.com,TA5R,Southampton,South East,2024-08-20
CUST01235,B2C,Jordan,Sanders,deborah24@example.org,TR73,Newcastle,North East,2025-05-29
CUST01236,B2C,Jill,Russell,baxterroy@example.net,SM0A,Middlesbrough,North East,2024-08-15
CUST01237,B2C,Michelle,Clark,kennedymohammed@example.com,SM42,Leeds,Yorkshire & Humber,2026-02-21
CUST01238,B2C,Alexander,Rose,lucy84@example.org,BN1V,Bristol,South West,2025-06-22
CUST01239,B2C,Annette,Lewis,wendyjoyce@example.com,FY4H,Nottingham,East Midlands,2024-10-07
CUST01240,B2B,Dylan,Hopkins,wrightjudith@example.com,NG8,Middlesbrough,North East,2025-01-21
CUST01241,B2C,Alexander,King,bensonmatthew@example.com,HU74,York,Yorkshire & Humber,2024-12-10
CUST01242,B2C,Jasmine,Begum,qsanders@example.org,KT9,Swansea,Wales,2025-11-10
CUST01243,B2C,Jill,Jones,khughes@example.com,N92,Edinburgh,Scotland,2026-08-05
CUST01244,B2C,Diane,Harris,lawrence18@example.com,ME4A,Oxford,South East,2024-09-05
CUST01245,B2B,Karen,Grant,elliott69@example.org,SN7,Hull,Yorkshire & Humber,2025-10-06
CUST01246,B2C,Callum,Holmes,debra38@example.org,PH9R,Plymouth,South West,2026-04-28
CUST01247,B2C,Ryan,Tomlinson,jfrancis@example.net,E5F,London,London,2025-02-22
CUST01248,B2C,Mitchell,Shah,sophie46@example.org,PL38,Edinburgh,Scotland,2026-06-20
CUST01249,B2C,James,Walton,jonathanallen@example.com,FK5,Cambridge,East of England,2025-02-14
CUST01250,B2C,Sally,Evans,evansirene@example.net,E85,Birmingham,West Midlands,2026-04-12
CUST01251,B2C,Dylan,Bell,gillshaun@example.org,E1C,Oxford,South East,2025-04-16
CUST01252,B2C,Katie,Dodd,wallgail@example.net,N0,Norwich,East of England,2026-04-22
CUST01253,B2B,Gavin,Parkin,boyledylan@example.com,L1,Wrexham,Wales,2025-04-09
CUST01254,B2C,David,Cooper,gregoryharris@example.net,E7,Peterborough,East of England,2024-12-01
CUST01255,B2C,Garry,Walker,treeves@example.net,EH9E,Wolverhampton,West Midlands,2025-06-10
CUST01256,B2C,Marc,Parkes,alexander64@example.com,NE9,Reading,South East,2025-05-26
CUST01257,B2C,Graham,Williams,christopher34@example.com,LL7,Wolverhampton,West Midlands,2025-05-29
CUST01258,B2C,Stuart,Rees,webstermarian@example.org,L81,Belfast,Northern Ireland,2026-03-06
CUST01259,B2C,Frank,Evans,shaun88@example.net,BH3B,Hull,Yorkshire & Humber,2025-11-17
CUST01260,B2B,Raymond,Robinson,caroljackson@example.com,LA02,Bournemouth,South West,2026-01-23
CUST01261,B2C,Lee,Patel,mhughes@example.net,LN26,Middlesbrough,North East,2025-12-23
CUST01262,B2B,Amelia,Smith,dennisparsons@example.net,E3C,Nottingham,East Midlands,2024-10-23
CUST01263,B2C,Edward,Howell,kellylorraine@example.org,W8B,Cardiff,Wales,2026-06-07
CUST01264,B2C,Charlotte,Hill,janice40@example.org,WC3A,Aberdeen,Scotland,2025-03-25
CUST01265,B2C,Hilary,Barnes,leigh17@example.org,B10,Peterborough,East of England,2025-07-29
CUST01266,B2C,Joanna,Bryan,mwatson@example.com,G8,Exeter,South West,2025-12-30
CUST01267,B2C,Linda,Moore,djones@example.org,B5E,Brighton,South East,2024-11-29
CUST01268,B2B,Brandon,Sharp,andreabibi@example.org,G7,Edinburgh,Scotland,2024-11-27
CUST01269,B2C,Francesca,Smith,marion14@example.org,BA7,Derry,Northern Ireland,2025-08-05
CUST01270,B2C,Rosemary,Hunt,lisaduffy@example.org,M6,Peterborough,East of England,2024-12-12
CUST01271,B2C,Daniel,Clements,derek98@example.org,EC6,London,London,2025-03-10
CUST01272,B2C,Janet,Adams,pdavison@example.org,G63,Blackpool,North West,2026-06-19
CUST01273,B2C,Patrick,Randall,damien25@example.net,SG2Y,Manchester,North West,2026-04-27
CUST01274,B2B,Harriet,Bird,jonesconor@example.com,CB60,Bournemouth,South West,2025-09-27
CUST01275,B2B,Katy,Rose,joannapatel@example.net,EN8V,Derry,Northern Ireland,2025-11-27
CUST01276,B2C,Victoria,Jones,xkay@example.com,TW84,Oxford,South East,2025-04-17
CUST01277,B2B,Nicole,Evans,ljenkins@example.org,CR79,Wrexham,Wales,2024-09-15
CUST01278,B2B,Brandon,Donnelly,bethanoliver@example.org,M1,Coventry,West Midlands,2024-12-31
CUST01279,B2C,Tracey,Smith,kieranfisher@example.org,CV9,Ipswich,East of England,2026-02-01
CUST01280,B2C,Ben,White,leahjohnson@example.org,PO5,Ipswich,East of England,2026-04-02
CUST01281,B2B,Tracey,O'Brien,julian56@example.net,SK2X,Derry,Northern Ireland,2026-01-31
CUST01282,B2C,Mathew,Ball,gail54@example.com,DT59,Ipswich,East of England,2024-11-22
CUST01283,B2C,Sian,Stokes,zhawkins@example.net,FK44,Exeter,South West,2026-07-02
CUST01284,B2B,Carol,Riley,simon30@example.net,TW6M,Hull,Yorkshire & Humber,2024-08-31
CUST01285,B2C,Scott,Gordon,jennaball@example.com,G2W,Preston,North West,2026-04-10
CUST01286,B2B,Jason,Stanley,charlieandrews@example.org,DT6,Sheffield,Yorkshire & Humber,2026-03-11
CUST01287,B2C,Beth,Norman,janice95@example.org,SY9B,Nottingham,East Midlands,2025-12-25
CUST01288,B2C,Conor,Cook,westonclare@example.com,TN46,Swansea,Wales,2026-01-29
CUST01289,B2C,Hayley,Lewis,stephenstone@example.net,W6,Sheffield,Yorkshire & Humber,2025-09-06
CUST01290,B2C,Molly,Elliott,zparker@example.com,TF83,Cardiff,Wales,2025-09-08
CUST01291,B2C,Lisa,Hall,watkinsanna@example.net,B8G,Leeds,Yorkshire & Humber,2026-04-13
CUST01292,B2C,Joan,Newton,justinhutchinson@example.com,SP3,Belfast,Northern Ireland,2025-06-13
CUST01293,B2B,Joshua,Foster,dylan65@example.net,W21,York,Yorkshire & Humber,2024-12-22
CUST01294,B2C,Stephen,Wells,moorecheryl@example.org,E5,Belfast,Northern Ireland,2024-12-26
CUST01295,B2C,Damian,Jones,craig40@example.com,BS8A,Plymouth,South West,2025-12-14
CUST01296,B2C,Stewart,Donnelly,norman57@example.net,NR71,Southampton,South East,2025-11-11
CUST01297,B2C,Jeffrey,Swift,declan46@example.net,SA2X,Wrexham,Wales,2025-05-24
CUST01298,B2C,Adrian,Howells,gavin67@example.com,SR10,Cardiff,Wales,2026-07-04
CUST01299,B2C,Craig,Bryant,ckelly@example.org,L5,Cambridge,East of England,2026-05-27
CUST01300,B2C,Gail,Parsons,smithfrank@example.com,N2,Oxford,South East,2025-05-26
CUST01301,B2B,Katie,Bolton,hawkinsjenna@example.com,S9,London,London,2025-12-09
CUST01302,B2C,Jordan,Allan,beth80@example.org,SS28,Peterborough,East of England,2026-02-06
CUST01303,B2B,James,Burgess,patelgillian@example.org,TN3X,Bournemouth,South West,2024-12-29
CUST01304,B2C,Natalie,Rose,amy20@example.org,OL14,Liverpool,North West,2024-12-31
CUST01305,B2C,Derek,Jones,david81@example.net,M0F,Sheffield,Yorkshire & Humber,2026-06-29
CUST01306,B2C,George,Stewart,bgoddard@example.com,UB1B,Glasgow,Scotland,2025-06-03
CUST01307,B2C,Janice,Williams,lauren24@example.net,M7E,Brighton,South East,2025-06-26
CUST01308,B2C,Billy,Gibbs,uclements@example.net,TR89,Middlesbrough,North East,2024-10-28
CUST01309,B2C,James,Bates,barkeraaron@example.org,SW3,Reading,South East,2025-10-22
CUST01310,B2C,Marcus,Forster,joel54@example.org,BD0,Glasgow,Scotland,2026-03-31
CUST01311,B2C,Shaun,Davey,naomi16@example.org,BH65,Southampton,South East,2025-08-04
CUST01312,B2C,June,Cooper,vincent94@example.net,SM40,Derby,East Midlands,2026-03-18
CUST01313,B2C,Jessica,Kemp,newmanryan@example.org,G11,Exeter,South West,2026-07-04
CUST01314,B2B,David,Ward,lynda50@example.org,N6,Coventry,West Midlands,2025-12-26
CUST01315,B2B,Stephen,Robinson,prestonkatie@example.net,M4,Edinburgh,Scotland,2025-05-16
CUST01316,B2C,Tom,Robinson,freemannathan@example.com,L1K,Cardiff,Wales,2025-11-05
CUST01317,B2C,Anne,Jones,dhiggins@example.net,BH60,Liverpool,North West,2026-01-02
CUST01318,B2C,Julia,Jackson,gallaghertina@example.org,B51,Wolverhampton,West Midlands,2026-06-05
CUST01319,B2C,Carol,Newman,kathryndavison@example.org,TS3,Sunderland,North East,2025-06-04
CUST01320,B2C,Grace,Slater,smithmartin@example.org,N3G,Leicester,East Midlands,2026-08-02
CUST01321,B2C,Vanessa,Lewis,liam92@example.org,S46,Cambridge,East of England,2025-06-13
CUST01322,B2C,Billy,Elliott,hazelbailey@example.net,LS6,Wrexham,Wales,2026-06-24
CUST01323,B2C,Kimberley,Harris,xbrown@example.net,L61,Oxford,South East,2025-12-01
CUST01324,B2C,Barry,Yates,greenwoodantony@example.net,DG76,York,Yorkshire & Humber,2025-04-17
CUST01325,B2C,Shannon,Harris,jonesvictor@example.org,W2S,London,London,2026-06-11
CUST01326,B2C,Toby,Hall,rowleybryan@example.net,L0,Newport,Wales,2025-01-11
CUST01327,B2C,Nigel,Clark,kaurdonna@example.org,WD7,Coventry,West Midlands,2025-11-09
CUST01328,B2B,Donna,Oliver,woodwardjune@example.com,B0A,Cardiff,Wales,2025-04-16
CUST01329,B2C,Nicola,Barnes,zbrown@example.org,IG36,Newport,Wales,2024-09-07
CUST01330,B2C,Glen,Jenkins,sgoddard@example.net,WA6,Swansea,Wales,2024-08-24
CUST01331,B2C,Philip,Gordon,jodiepearson@example.org,M7,Bristol,South West,2024-11-05
CUST01332,B2C,Jemma,Chambers,rellis@example.com,B07,Newcastle,North East,2025-09-01
CUST01333,B2C,Paige,Phillips,onoble@example.com,SS5X,Preston,North West,2025-05-15
CUST01334,B2B,Joanne,Simpson,leachjudith@example.org,WC6R,Hull,Yorkshire & Humber,2025-05-15
CUST01335,B2C,Frances,Lewis,irenecampbell@example.org,ST68,Nottingham,East Midlands,2026-02-28
CUST01336,B2C,Diana,Begum,nathansanders@example.com,E9,Derry,Northern Ireland,2024-08-12
CUST01337,B2C,Duncan,Miller,owenblackburn@example.com,KW77,Brighton,South East,2025-12-18
CUST01338,B2C,Leonard,Rowe,yjones@example.org,LD6,London,London,2026-04-20
CUST01339,B2B,Dominic,Osborne,leonriley@example.com,WD82,Aberdeen,Scotland,2025-03-03
CUST01340,B2C,Natasha,Begum,daveyryan@example.org,E76,Sunderland,North East,2024-10-12
CUST01341,B2C,Glen,Cunningham,denisstevens@example.net,B3,York,Yorkshire & Humber,2025-03-26
CUST01342,B2C,Geraldine,Chapman,katiesmith@example.org,N1,Southampton,South East,2026-06-09
CUST01343,B2C,Alice,Bennett,nicholas04@example.com,TD85,Bristol,South West,2024-09-05
CUST01344,B2C,Lauren,Collier,mbegum@example.com,L1A,Preston,North West,2025-12-28
CUST01345,B2C,Lydia,Kelly,brownrita@example.com,E52,Cambridge,East of England,2026-01-17
CUST01346,B2C,Lawrence,Smith,taylorbradley@example.com,IP06,Norwich,East of England,2025-05-03
CUST01347,B2B,Frederick,Baker,ballen@example.net,HA3B,Nottingham,East Midlands,2026-02-21
CUST01348,B2B,Kathleen,Kennedy,bradley31@example.net,L08,Southampton,South East,2025-01-31
CUST01349,B2C,Georgia,Matthews,frederick12@example.com,NG9,Manchester,North West,2025-03-10
CUST01350,B2B,Sophie,Price,russellbaker@example.org,E7B,Leeds,Yorkshire & Humber,2026-07-01
CUST01351,B2C,Denise,Wilson,dpower@example.org,N31,Bristol,South West,2025-10-09
CUST01352,B2C,Joyce,Faulkner,hannahjones@example.net,G1,Glasgow,Scotland,2025-09-17
CUST01353,B2C,Ashley,Burton,jeremywatson@example.net,CO84,London,London,2026-07-04
CUST01354,B2C,Louis,Barry,dianahowell@example.com,TQ98,Belfast,Northern Ireland,2026-05-02
CUST01355,B2C,Sam,Thompson,bsmith@example.com,KW2X,Glasgow,Scotland,2024-08-19
CUST01356,B2C,Edward,Smith,xlloyd@example.com,WN1E,Exeter,South West,2025-08-21
CUST01357,B2C,Cameron,Lawrence,bwalker@example.org,SP54,Belfast,Northern Ireland,2024-09-03
CUST01358,B2C,Olivia,Tomlinson,smithjeremy@example.net,G0F,Sunderland,North East,2026-02-10
CUST01359,B2B,Bethan,Buckley,jenna92@example.net,N65,Bristol,South West,2024-12-13
CUST01360,B2C,Vincent,Heath,pauline48@example.net,S9,Cambridge,East of England,2025-06-12
CUST01361,B2C,Abigail,Hussain,pjones@example.net,L56,London,London,2026-06-30
CUST01362,B2C,Frederick,Hughes,clarkekyle@example.org,LE7R,Southampton,South East,2026-06-14
CUST01363,B2B,Lauren,Scott,thompsonhollie@example.org,S3H,Sheffield,Yorkshire & Humber,2025-06-23
CUST01364,B2C,Mohammad,Burgess,jonathanholt@example.org,E3G,Sunderland,North East,2026-05-04
CUST01365,B2C,Bernard,Davis,harrismohamed@example.org,M44,Leicester,East Midlands,2025-03-17
CUST01366,B2C,Malcolm,Taylor,gforster@example.com,UB8,Cardiff,Wales,2025-10-23
CUST01367,B2C,Garry,Day,traceydawson@example.com,LD47,Bournemouth,South West,2025-10-30
CUST01368,B2C,Abdul,Simpson,turnertrevor@example.com,B8E,Cardiff,Wales,2024-10-07
CUST01369,B2C,Josh,Cooper,sophieahmed@example.net,HX91,Wolverhampton,West Midlands,2025-10-02
CUST01370,B2C,Marie,Austin,ericfoster@example.org,BL97,Reading,South East,2026-06-19
CUST01371,B2C,Graham,Jackson,francesjordan@example.org,IP6,Belfast,Northern Ireland,2025-10-14
CUST01372,B2B,Paula,Palmer,kentlawrence@example.com,SY38,Birmingham,West Midlands,2024-12-01
CUST01373,B2C,Sheila,McKenzie,kellyjacob@example.net,E84,Peterborough,East of England,2025-09-17
CUST01374,B2B,Kerry,Barber,grobinson@example.com,W6,Derry,Northern Ireland,2025-05-03
CUST01375,B2B,Natalie,Clark,jfraser@example.org,BT03,Liverpool,North West,2024-10-15
CUST01376,B2C,Chelsea,Barnes,robert78@example.com,E32,Peterborough,East of England,2025-05-10
CUST01377,B2B,Jamie,Barton,colejune@example.org,M7B,Leeds,Yorkshire & Humber,2025-12-29
CUST01378,B2C,Brett,Armstrong,wjones@example.com,M0W,London,London,2025-08-27
CUST01379,B2C,Ben,Hancock,jilldavies@example.com,TD2,London,London,2026-07-13
CUST01380,B2C,Glenn,Smart,bakerterry@example.net,SW1,Aberdeen,Scotland,2025-12-09
CUST01381,B2C,Anne,Lee,morganjosh@example.org,N2T,Birmingham,West Midlands,2026-05-23
CUST01382,B2B,Sam,Sanderson,vturner@example.org,SS0P,Bristol,South West,2024-11-27
CUST01383,B2C,Carol,Martin,zdavidson@example.net,KW7,Glasgow,Scotland,2025-02-17
CUST01384,B2C,Derek,Lee,colinfrench@example.org,LL06,Liverpool,North West,2025-09-26
CUST01385,B2C,Roger,Williams,jsingh@example.com,CA3,Bournemouth,South West,2026-04-30
CUST01386,B2C,Ashley,Williamson,glynch@example.net,KA2V,Aberdeen,Scotland,2025-06-09
CUST01387,B2C,Francis,Cook,connor72@example.com,L2E,Reading,South East,2024-08-13
CUST01388,B2C,Duncan,Lloyd,bradleycurtis@example.com,W5,Cambridge,East of England,2025-10-18
CUST01389,B2C,Sandra,Brown,shale@example.org,N4K,Wrexham,Wales,2025-12-18
CUST01390,B2C,Gail,Turner,cameron79@example.com,WF7,Derby,East Midlands,2024-08-13
CUST01391,B2C,Hayley,Williams,christianwarner@example.org,G8D,Oxford,South East,2024-10-31
CUST01392,B2C,Julian,Williams,morgangillian@example.net,SN50,Brighton,South East,2025-07-06
CUST01393,B2C,Hilary,Clark,hilarysingh@example.net,L4H,Derry,Northern Ireland,2025-07-30
CUST01394,B2C,Ross,Khan,gerardjohnston@example.com,L12,Hull,Yorkshire & Humber,2025-11-25
CUST01395,B2B,Linda,Fox,justingrant@example.com,NE8Y,Lincoln,East Midlands,2024-09-29
CUST01396,B2C,Jake,Knight,lewis84@example.net,FK5,Sunderland,North East,2025-01-18
CUST01397,B2C,Lee,Norton,littlelynda@example.org,G68,Reading,South East,2026-07-22
CUST01398,B2C,Benjamin,Williams,fionabates@example.net,TD7W,Ipswich,East of England,2025-10-12
CUST01399,B2C,Dale,Campbell,martyn05@example.org,L1,Derry,Northern Ireland,2026-06-03
CUST01400,B2C,Rebecca,Richardson,smithduncan@example.net,PH84,Peterborough,East of England,2026-02-08
CUST01401,B2C,Jake,Morgan,vkelly@example.net,MK79,London,London,2026-01-28
CUST01402,B2C,Donald,Day,hayley65@example.org,ZE3,Leicester,East Midlands,2025-02-24
CUST01403,B2C,Aaron,O'Connor,geraldmorris@example.org,M2W,Coventry,West Midlands,2024-11-07
CUST01404,B2B,Robert,Wood,stephenskevin@example.net,IP86,Newport,Wales,2024-12-05
CUST01405,B2C,Jonathan,Wallace,patelcarole@example.org,WC0,Swansea,Wales,2024-09-13
CUST01406,B2C,Kyle,Barber,joannewilliams@example.net,GU5B,Reading,South East,2026-04-20
CUST01407,B2C,Grace,Chambers,henryjoanne@example.org,TA1E,Cardiff,Wales,2024-11-19
CUST01408,B2C,Eileen,Thompson,wrowe@example.net,N90,Hull,Yorkshire & Humber,2026-06-26
CUST01409,B2C,Leanne,Cooper,jennavaughan@example.org,M53,Sunderland,North East,2024-12-27
CUST01410,B2C,Kimberley,Jones,elliot88@example.com,S0A,Belfast,Northern Ireland,2024-12-04
CUST01411,B2C,Keith,Fisher,lorraine04@example.org,E9,Middlesbrough,North East,2025-07-08
CUST01412,B2C,Joyce,Ward,rlewis@example.net,S6,Derry,Northern Ireland,2025-04-29
CUST01413,B2C,Susan,Walters,uwarren@example.com,KW1,Cambridge,East of England,2025-09-14
CUST01414,B2C,Nicholas,Peters,gheath@example.net,B7D,Glasgow,Scotland,2024-10-02
CUST01415,B2C,Rosemary,Slater,atodd@example.org,W20,Liverpool,North West,2026-03-13
CUST01416,B2C,Hilary,Myers,dflynn@example.net,RM8V,Bournemouth,South West,2026-01-30
CUST01417,B2B,Gerald,John,fieldsimon@example.net,L05,Middlesbrough,North East,2024-11-19
CUST01418,B2B,Abbie,North,stewartduncan@example.org,LS3,Lincoln,East Midlands,2025-09-03
CUST01419,B2C,Kyle,Thompson,pevans@example.net,FY4V,Coventry,West Midlands,2024-11-09
CUST01420,B2C,Philip,Whitehead,daniellemann@example.org,LE8,London,London,2025-08-19
CUST01421,B2B,Katherine,Jones,hallcharlene@example.net,N90,Newport,Wales,2025-08-10
CUST01422,B2C,Callum,Brown,linda84@example.com,L4E,Belfast,Northern Ireland,2024-10-28
CUST01423,B2C,Clifford,Williams,bhall@example.org,CW1X,Brighton,South East,2025-06-24
CUST01424,B2C,Margaret,Jones,hamiltonsusan@example.net,CO12,Dundee,Scotland,2026-02-10
CUST01425,B2C,Jennifer,Robinson,webblorraine@example.org,UB1P,Wrexham,Wales,2026-05-09
CUST01426,B2C,Abbie,Johnson,vtaylor@example.org,PA76,Bristol,South West,2026-03-03
CUST01427,B2C,Alan,O'Sullivan,begumjeffrey@example.org,KA2M,Glasgow,Scotland,2026-07-21
CUST01428,B2C,Gemma,Duffy,lydiapearson@example.com,L6W,Bristol,South West,2025-11-25
CUST01429,B2C,Carl,Wilson,callum78@example.org,ST45,Coventry,West Midlands,2025-11-16
CUST01430,B2C,Megan,Hope,mohammadwilliams@example.com,S59,Cardiff,Wales,2025-03-14
CUST01431,B2C,Darren,Smith,rebecca87@example.net,WF5,Lincoln,East Midlands,2025-12-11
CUST01432,B2C,Richard,Clark,cwilliams@example.org,S6B,Brighton,South East,2025-08-20
CUST01433,B2C,Dorothy,Davidson,seanwright@example.com,OL9,Oxford,South East,2024-09-27
CUST01434,B2C,Simon,Patel,leigh59@example.com,B5W,Coventry,West Midlands,2025-11-28
CUST01435,B2C,Hollie,Clark,bethwatts@example.org,IM1E,Birmingham,West Midlands,2024-10-22
CUST01436,B2C,Jasmine,Nixon,beth89@example.net,DH53,Belfast,Northern Ireland,2026-06-13
CUST01437,B2C,Darren,Reynolds,ewoodward@example.net,WD9,Liverpool,North West,2025-08-20
CUST01438,B2B,Abbie,Brown,garyfry@example.net,W54,Preston,North West,2026-05-14
CUST01439,B2B,Kyle,Watts,xrichardson@example.com,BL2X,Derby,East Midlands,2025-10-25
CUST01440,B2B,Ben,Young,yroberts@example.com,HA8Y,London,London,2024-11-14
CUST01441,B2C,Lesley,Smart,carolcollins@example.org,W4J,Aberdeen,Scotland,2025-06-12
CUST01442,B2C,Mary,Kelly,joshua35@example.com,BD9M,Sheffield,Yorkshire & Humber,2024-09-10
CUST01443,B2C,Mohamed,Baxter,kenneth70@example.net,FY3H,London,London,2026-04-01
CUST01444,B2C,Rosemary,Morris,odonnellsally@example.com,TN2,York,Yorkshire & Humber,2024-10-22
CUST01445,B2C,Debra,Hart,wbradley@example.org,M19,Reading,South East,2025-11-29
CUST01446,B2C,Frederick,Murray,smithben@example.com,S1F,Middlesbrough,North East,2026-07-08
CUST01447,B2C,Sara,Moore,duncanwilliamson@example.org,CR47,Plymouth,South West,2025-10-11
CUST01448,B2C,Rachael,Harris,phillipsshane@example.org,B9W,Cambridge,East of England,2025-10-15
CUST01449,B2B,Kathleen,Jones,margaret15@example.org,B7,Bristol,South West,2025-03-02
CUST01450,B2C,Robin,Thompson,njones@example.com,MK59,Manchester,North West,2026-08-05
CUST01451,B2C,Janice,Sullivan,gallen@example.net,DH8A,Wrexham,Wales,2026-04-30
CUST01452,B2C,Darren,Phillips,ibailey@example.net,MK06,Cambridge,East of England,2026-04-26
CUST01453,B2C,Julie,Pratt,johnsonglen@example.org,CH7,Wrexham,Wales,2024-12-14
CUST01454,B2C,Leah,Abbott,debra50@example.net,N19,Dundee,Scotland,2024-10-14
CUST01455,B2C,Rita,Bowen,gregory20@example.com,TS6,Newport,Wales,2025-10-19
CUST01456,B2C,Thomas,Ward,mellorelaine@example.net,M7,Leicester,East Midlands,2026-08-01
CUST01457,B2C,Ryan,Lees,mossstuart@example.com,S00,Preston,North West,2025-03-08
CUST01458,B2C,Catherine,Jackson,gmarshall@example.com,NN65,London,London,2025-01-02
CUST01459,B2B,Alan,Spencer,ahussain@example.net,SA7,Belfast,Northern Ireland,2026-08-03
CUST01460,B2C,Phillip,Higgins,terence00@example.org,IP4R,Coventry,West Midlands,2026-05-18
CUST01461,B2C,Shaun,Nicholson,janice79@example.org,M3H,Aberdeen,Scotland,2025-07-23
CUST01462,B2C,Katie,Spencer,dawn13@example.org,B4G,Derry,Northern Ireland,2024-10-12
CUST01463,B2C,Luke,O'Donnell,baileyian@example.com,PH9,Birmingham,West Midlands,2026-01-08
CUST01464,B2C,Kyle,Jones,wtaylor@example.org,E86,Swansea,Wales,2026-02-05
CUST01465,B2C,Gary,King,nataliesingh@example.com,G7B,Derby,East Midlands,2025-07-12
CUST01466,B2C,Michelle,Hill,reescarl@example.net,E8F,Derry,Northern Ireland,2025-04-22
CUST01467,B2B,Jade,Davies,fpatel@example.com,G49,Birmingham,West Midlands,2024-08-18
CUST01468,B2C,Frederick,Ford,martinrichardson@example.org,S7,London,London,2024-08-20
CUST01469,B2C,Deborah,Daly,harrietking@example.org,E8,Hull,Yorkshire & Humber,2025-09-01
CUST01470,B2C,Callum,Jones,owengoddard@example.net,E4F,Reading,South East,2024-10-06
CUST01471,B2C,Kathryn,Adams,thompsonwendy@example.org,CV8B,Middlesbrough,North East,2025-07-13
CUST01472,B2C,Christopher,Wood,bondmarilyn@example.com,W2,London,London,2026-06-28
CUST01473,B2C,Linda,Brooks,jasmine09@example.com,B6U,Nottingham,East Midlands,2026-01-21
CUST01474,B2C,Wayne,McDonald,scotthannah@example.org,DL5,Belfast,Northern Ireland,2024-09-23
CUST01475,B2C,Annette,Roberts,jonesdeborah@example.net,M84,Cardiff,Wales,2025-04-16
CUST01476,B2C,Scott,Hughes,shawlynda@example.com,M9S,Exeter,South West,2025-07-12
CUST01477,B2C,Kevin,Harris,hollie98@example.com,W4,Oxford,South East,2025-03-10
CUST01478,B2C,Glenn,Chadwick,pughcarole@example.net,CF76,Aberdeen,Scotland,2025-05-03
CUST01479,B2C,Emma,Graham,andrew10@example.com,DG9,Reading,South East,2025-07-17
CUST01480,B2C,Jason,Hamilton,fergusonamy@example.org,EN2E,Belfast,Northern Ireland,2025-10-16
CUST01481,B2B,Jessica,Hall,georgina77@example.net,M1,Oxford,South East,2025-08-25
CUST01482,B2C,Kieran,Wright,nicola80@example.org,W18,London,London,2025-03-10
CUST01483,B2C,Tony,Dixon,pjohnson@example.com,HA8A,Bournemouth,South West,2025-07-24
CUST01484,B2C,Hugh,Heath,jade32@example.com,B83,Nottingham,East Midlands,2026-05-08
CUST01485,B2C,Samuel,Morgan,reesterence@example.com,E9B,Aberdeen,Scotland,2025-12-14
CUST01486,B2C,Toby,Spencer,nkirk@example.com,L7C,Brighton,South East,2026-07-01
CUST01487,B2C,Claire,Stevens,jane69@example.org,W1G,Norwich,East of England,2024-12-20
CUST01488,B2B,Sean,Buckley,matthew60@example.com,W18,Brighton,South East,2025-11-21
CUST01489,B2C,Garry,Dobson,nolanjacob@example.com,CB0,Brighton,South East,2025-06-19
CUST01490,B2B,Tracy,Townsend,sbrown@example.com,NN5,London,London,2025-01-29
CUST01491,B2C,Barry,Hardy,tina85@example.org,PE19,Derry,Northern Ireland,2024-10-07
CUST01492,B2C,Jodie,Francis,stevensanderson@example.org,L7T,Reading,South East,2026-03-02
CUST01493,B2C,Vincent,Powell,ywilson@example.org,SP1A,Coventry,West Midlands,2024-12-28
CUST01494,B2C,Ben,Powell,johnsonjennifer@example.org,SS6N,York,Yorkshire & Humber,2025-10-25
CUST01495,B2C,Shaun,Davies,joannanorris@example.net,M5,Dundee,Scotland,2026-02-09
CUST01496,B2C,Louise,Harvey,taylorjoel@example.org,S5,Birmingham,West Midlands,2025-09-27
CUST01497,B2C,Darren,Payne,paul70@example.net,CH7,Reading,South East,2025-06-15
CUST01498,B2C,Adam,Shaw,patelvincent@example.net,G98,Newcastle,North East,2025-05-01
CUST01499,B2C,Iain,Cross,carole78@example.net,OX56,Wolverhampton,West Midlands,2026-05-12
CUST01500,B2C,Adam,Marsden,cjohn@example.org,M0E,Liverpool,North West,2025-01-28
CUST01501,B2C,Charles,Martin,griffinlouise@example.net,GU9V,Dundee,Scotland,2024-11-30
CUST01502,B2C,David,Marsh,dbegum@example.com,S8,London,London,2026-05-18
CUST01503,B2C,Gavin,Davies,rita94@example.com,SE9R,Wolverhampton,West Midlands,2026-05-20
CUST01504,B2C,Aimee,Howarth,jane21@example.org,E2,Dundee,Scotland,2026-03-19
CUST01505,B2C,David,Gill,williamscharles@example.com,M9G,Dundee,Scotland,2026-03-07
CUST01506,B2C,Nicola,Bartlett,rhys92@example.org,S2H,Manchester,North West,2025-01-18
CUST01507,B2C,Callum,Young,katherinehussain@example.com,B88,Oxford,South East,2025-01-13
CUST01508,B2C,Gordon,Rose,ltownsend@example.net,W0D,Wrexham,Wales,2024-09-22
CUST01509,B2C,Jason,Hanson,shaunbrown@example.org,WA76,Nottingham,East Midlands,2026-03-04
CUST01510,B2C,Irene,Parker,janice92@example.org,M0,Aberdeen,Scotland,2025-06-12
CUST01511,B2C,Dominic,Tyler,dchapman@example.net,TF35,Hull,Yorkshire & Humber,2024-10-22
CUST01512,B2C,Carl,Shaw,crawfordfrancis@example.com,SA5X,Newcastle,North East,2025-03-05
CUST01513,B2C,Naomi,Scott,leighwatson@example.net,CW93,Derry,Northern Ireland,2024-09-20
CUST01514,B2C,Elaine,Robinson,kieranholland@example.net,M48,Exeter,South West,2026-06-23
CUST01515,B2C,Malcolm,Bartlett,yhughes@example.net,E5G,Dundee,Scotland,2026-02-06
CUST01516,B2B,Benjamin,Bird,hayleylewis@example.com,L3,Sunderland,North East,2025-06-14
CUST01517,B2B,Elliott,Williams,millersarah@example.com,E2E,Birmingham,West Midlands,2026-01-01
CUST01518,B2C,Josephine,Richards,martin68@example.org,G73,Bournemouth,South West,2025-10-27
CUST01519,B2C,Robert,Taylor,brian23@example.org,EC05,Cambridge,East of England,2025-12-26
CUST01520,B2C,Denise,Foster,whiteashleigh@example.com,S56,Exeter,South West,2025-06-03
CUST01521,B2C,Naomi,Scott,goodwinkate@example.com,SL9,Belfast,Northern Ireland,2024-11-10
CUST01522,B2C,Mohammed,O'Connor,trevor92@example.com,S89,Norwich,East of England,2025-02-05
CUST01523,B2B,Jessica,Booth,paulsinclair@example.net,BB3R,Edinburgh,Scotland,2026-01-10
CUST01524,B2C,Anna,Wall,paul75@example.org,M5H,London,London,2025-12-20
CUST01525,B2B,Jacob,Roberts,ndodd@example.net,DG71,Edinburgh,Scotland,2025-02-24
CUST01526,B2C,Ian,Barnes,michaelallen@example.net,W6,Newcastle,North East,2025-11-22
CUST01527,B2C,Phillip,Payne,mohamed79@example.com,LA21,Birmingham,West Midlands,2026-06-19
CUST01528,B2C,Katie,Morris,eleanorball@example.net,W8,Cambridge,East of England,2025-06-17
CUST01529,B2B,Neil,Davies,dixonbarry@example.com,SP94,Derry,Northern Ireland,2024-11-03
CUST01530,B2B,Charlie,Briggs,uclark@example.net,S09,Swansea,Wales,2025-04-05
CUST01531,B2C,Rhys,Hartley,alicewoodward@example.org,M96,Exeter,South West,2026-03-18
CUST01532,B2C,Jonathan,Stephenson,james54@example.com,L9,Hull,Yorkshire & Humber,2024-08-28
CUST01533,B2C,Henry,Wood,fionachambers@example.com,E49,Leeds,Yorkshire & Humber,2024-10-22
CUST01534,B2C,Jacob,Hall,arnoldphilip@example.net,L5W,Liverpool,North West,2025-07-30
CUST01535,B2B,Alexandra,Thompson,helenjones@example.com,L03,Brighton,South East,2025-04-08
CUST01536,B2C,Patricia,Little,thomas92@example.net,WN7V,Sunderland,North East,2025-07-25
CUST01537,B2B,Kimberley,Gibson,abdulhayes@example.net,TR8,Edinburgh,Scotland,2026-03-28
CUST01538,B2B,Bradley,Evans,iross@example.org,SR3,Coventry,West Midlands,2024-12-03
CUST01539,B2B,Hollie,Baxter,ncollins@example.com,S2,Southampton,South East,2026-07-11
CUST01540,B2B,Valerie,James,rickybrown@example.net,E6H,York,Yorkshire & Humber,2024-12-17
CUST01541,B2C,Chelsea,Wallace,justin03@example.com,M31,York,Yorkshire & Humber,2025-08-05
CUST01542,B2C,Sean,Bird,hmartin@example.com,KA99,Belfast,Northern Ireland,2026-03-15
CUST01543,B2C,Lewis,Walsh,walkersophie@example.com,E69,Coventry,West Midlands,2026-03-06
CUST01544,B2C,Stacey,Smith,catherine18@example.com,L9,Newcastle,North East,2025-05-25
CUST01545,B2C,Mohamed,Bolton,moorepaul@example.net,JE1,Brighton,South East,2026-07-11
CUST01546,B2B,Tracy,Richards,joel31@example.org,G5,London,London,2025-04-21
CUST01547,B2C,Dorothy,Evans,leetoby@example.com,M80,Brighton,South East,2024-12-16
CUST01548,B2C,Georgia,Anderson,fordjohn@example.net,B5U,Derry,Northern Ireland,2025-09-22
CUST01549,B2C,Alexandra,Curtis,paul63@example.net,E2,Reading,South East,2024-08-31
CUST01550,B2C,Russell,Jackson,liam84@example.net,NR05,Southampton,South East,2024-09-10
CUST01551,B2B,Edward,Ali,julia29@example.net,S2J,Cambridge,East of England,2026-05-27
CUST01552,B2C,Stephanie,Poole,mary13@example.com,S52,Preston,North West,2025-04-25
CUST01553,B2C,Suzanne,Phillips,angela25@example.com,B7,Lincoln,East Midlands,2025-02-03
CUST01554,B2C,Andrew,Rowe,xtaylor@example.net,LN8N,Leeds,Yorkshire & Humber,2026-03-23
CUST01555,B2C,Jacob,Young,susanrose@example.net,G30,Lincoln,East Midlands,2026-03-05
CUST01556,B2C,Rhys,Jones,lynne42@example.com,SL54,Ipswich,East of England,2026-02-19
CUST01557,B2C,Darren,Pollard,rosie72@example.net,BB13,Nottingham,East Midlands,2025-02-20
CUST01558,B2C,Charles,Jones,ugibbons@example.net,W1,Coventry,West Midlands,2025-03-10
CUST01559,B2C,Patricia,Johnson,newmantony@example.org,G6,London,London,2025-01-24
CUST01560,B2C,Derek,Wilkinson,mohammed65@example.org,SS7N,Belfast,Northern Ireland,2025-04-28
CUST01561,B2C,Julie,Smith,nathanread@example.net,TS7,Aberdeen,Scotland,2025-02-01
CUST01562,B2C,Jake,Rogers,rosieking@example.net,S8B,Leeds,Yorkshire & Humber,2026-02-09
CUST01563,B2C,Marie,Shaw,geoffreybennett@example.com,TA27,Lincoln,East Midlands,2024-12-10
CUST01564,B2C,Paula,Bibi,smarshall@example.org,TD8W,London,London,2026-07-02
CUST01565,B2B,Amy,Willis,mohamedmarsden@example.org,N10,Lincoln,East Midlands,2025-03-17
CUST01566,B2C,Reece,Wright,duncanburrows@example.com,W2,Nottingham,East Midlands,2024-12-11
CUST01567,B2C,Ben,Jackson,neilpayne@example.net,E19,Sheffield,Yorkshire & Humber,2025-06-26
CUST01568,B2C,Dawn,Hall,nataliejames@example.org,E3S,Cambridge,East of England,2026-04-22
CUST01569,B2C,Toby,Ward,wayne59@example.net,E54,Aberdeen,Scotland,2024-11-07
CUST01570,B2C,Irene,Watson,osbornerachel@example.org,M3T,Bournemouth,South West,2025-03-19
CUST01571,B2C,Debra,Carter,dharrison@example.net,L05,Hull,Yorkshire & Humber,2026-07-12
CUST01572,B2C,Julia,Steele,xsmith@example.net,WV6E,Ipswich,East of England,2025-06-09
CUST01573,B2C,Leslie,Davies,derek00@example.net,NW02,London,London,2026-05-17
CUST01574,B2C,Kieran,Clarke,sadams@example.com,M4,Sheffield,Yorkshire & Humber,2026-07-29
CUST01575,B2B,Amber,Davis,parsonselizabeth@example.net,WD2,Brighton,South East,2024-08-22
CUST01576,B2C,Judith,Griffiths,owilliams@example.org,UB1W,Peterborough,East of England,2026-03-09
CUST01577,B2C,Derek,Patterson,gstanley@example.com,SG81,Aberdeen,Scotland,2025-04-25
CUST01578,B2C,Roger,Andrews,pbolton@example.com,L9,Peterborough,East of England,2025-07-12
CUST01579,B2C,Margaret,Hunt,cookmargaret@example.net,M3D,York,Yorkshire & Humber,2026-02-03
CUST01580,B2C,Stanley,George,dylan76@example.net,LN98,Manchester,North West,2024-11-16
CUST01581,B2C,Anthony,Bell,ben69@example.com,N40,Glasgow,Scotland,2026-07-25
CUST01582,B2C,Alan,Walton,callumhayes@example.org,PO98,Preston,North West,2026-04-12
CUST01583,B2B,Clare,Griffiths,timothyholt@example.org,S26,Cambridge,East of England,2025-02-10
CUST01584,B2C,Gillian,Thomas,gthornton@example.net,W1,Exeter,South West,2024-09-23
CUST01585,B2C,Katie,Ford,kellykenneth@example.org,M3E,Bournemouth,South West,2024-10-28
CUST01586,B2C,Catherine,Bird,gregoryedwards@example.net,M9A,Derry,Northern Ireland,2026-08-07
CUST01587,B2C,Duncan,Thompson,wsmith@example.org,L8,Brighton,South East,2026-06-09
CUST01588,B2B,Elaine,Williams,waltongeorgina@example.net,SM3,Oxford,South East,2025-04-01
CUST01589,B2B,Lawrence,Bull,irenehenderson@example.net,NG0A,Glasgow,Scotland,2026-08-05
CUST01590,B2B,Liam,Smith,pbennett@example.com,E1U,Reading,South East,2025-03-16
CUST01591,B2B,Joshua,Hughes,oshepherd@example.org,RM8,London,London,2025-01-08
CUST01592,B2C,Stewart,Dean,bryan33@example.net,N8,Newcastle,North East,2025-11-08
CUST01593,B2C,Paul,Ahmed,adrianlee@example.com,SO1P,Sunderland,North East,2026-04-24
CUST01594,B2C,Connor,Parker,mohammadpearson@example.org,L98,Derry,Northern Ireland,2025-05-19
CUST01595,B2C,Anthony,Lord,cjohnston@example.net,SE2E,Dundee,Scotland,2025-02-14
CUST01596,B2C,Howard,Archer,knightjeffrey@example.com,G4S,Preston,North West,2025-04-01
CUST01597,B2C,Francis,Thompson,elainegriffiths@example.org,HX9,Derry,Northern Ireland,2025-04-09
CUST01598,B2C,Elliot,Barrett,charlenecross@example.net,N5D,Cardiff,Wales,2025-08-20
CUST01599,B2B,Ross,Brady,lambertkerry@example.net,G76,Belfast,Northern Ireland,2026-04-20
CUST01600,B2C,Catherine,Bell,whall@example.org,G6,London,London,2025-12-18
CUST01601,B2C,Karen,Ward,turnerhelen@example.org,NG4H,Preston,North West,2025-01-27
CUST01602,B2C,Josh,Murray,murphygordon@example.net,SM8V,Wrexham,Wales,2025-09-24
CUST01603,B2C,Lorraine,Elliott,danielle46@example.com,TS73,London,London,2024-11-27
CUST01604,B2C,Megan,Turner,yvonnesingh@example.org,E4T,Leeds,Yorkshire & Humber,2025-04-02
CUST01605,B2B,Frank,Conway,alexanderbates@example.com,BB9R,Wolverhampton,West Midlands,2026-03-31
CUST01606,B2C,Jack,Watkins,marion39@example.net,LL4,Newcastle,North East,2024-09-28
CUST01607,B2C,Rita,Williams,ahill@example.net,PA3H,Newport,Wales,2026-08-01
CUST01608,B2C,Ann,Ahmed,slaterjemma@example.net,E7,Derry,Northern Ireland,2025-05-30
CUST01609,B2C,Alan,Cox,collinsbethany@example.net,E90,Birmingham,West Midlands,2025-04-09
CUST01610,B2C,Dennis,Jordan,oliverrobson@example.org,BD52,Leicester,East Midlands,2026-05-30
CUST01611,B2C,Christian,Lawrence,williamspatrick@example.com,TR5,Sheffield,Yorkshire & Humber,2026-05-03
CUST01612,B2C,Benjamin,Mitchell,lambertbeth@example.net,B50,Reading,South East,2025-08-22
CUST01613,B2C,Oliver,Jones,thomasjean@example.com,DT14,Belfast,Northern Ireland,2026-02-01
CUST01614,B2C,Antony,Nicholson,gardnerzoe@example.com,LE83,Preston,North West,2026-03-07
CUST01615,B2C,Frederick,Singh,sylviamellor@example.net,N1G,Wrexham,Wales,2024-10-11
CUST01616,B2C,Jeffrey,Harris,kyleshaw@example.org,L0S,Manchester,North West,2025-12-16
CUST01617,B2C,Pauline,Smith,katie19@example.com,GL50,Norwich,East of England,2024-11-07
CUST01618,B2C,Brett,Godfrey,iainshaw@example.com,TA64,Derry,Northern Ireland,2024-11-18
CUST01619,B2C,Tony,Lewis,alice03@example.org,SS7B,Sheffield,Yorkshire & Humber,2025-05-28
CUST01620,B2C,Aaron,Bell,millerglen@example.net,L88,Lincoln,East Midlands,2024-09-21
CUST01621,B2B,Dennis,Bird,dalewade@example.net,SW45,Preston,North West,2025-03-19
CUST01622,B2C,Neil,King,johnsonkathryn@example.org,WA7R,Aberdeen,Scotland,2024-09-09
CUST01623,B2C,Tom,Clarke,barretteleanor@example.com,DE1W,Sheffield,Yorkshire & Humber,2025-04-27
CUST01624,B2C,Nathan,Collins,raymond67@example.com,HA2H,York,Yorkshire & Humber,2025-02-06
CUST01625,B2C,Sandra,Nicholson,tobygough@example.org,G6B,Bournemouth,South West,2025-05-15
CUST01626,B2C,Kieran,Watson,mohammadfield@example.com,LL2N,Blackpool,North West,2025-10-22
CUST01627,B2C,Hayley,Hancock,paulwood@example.com,SK02,Leeds,Yorkshire & Humber,2025-04-09
CUST01628,B2C,June,Watkins,mitchellwendy@example.net,L23,Manchester,North West,2025-11-07
CUST01629,B2C,Jay,Brown,janetdavis@example.net,E4,Derry,Northern Ireland,2024-12-26
CUST01630,B2C,Terence,Graham,tracylong@example.org,G5,Glasgow,Scotland,2026-03-10
CUST01631,B2C,Glenn,Gould,vwilliams@example.com,SS41,Middlesbrough,North East,2025-12-23
CUST01632,B2C,Charlie,Francis,sam47@example.net,WN8B,London,London,2025-10-19
CUST01633,B2C,Anthony,Curtis,maxbaker@example.net,YO13,Coventry,West Midlands,2025-08-13
CUST01634,B2C,Jack,Smith,iain78@example.net,TF70,Glasgow,Scotland,2026-03-06
CUST01635,B2C,Catherine,Stevenson,hollandshirley@example.net,NW07,Edinburgh,Scotland,2024-09-01
CUST01636,B2B,Bernard,Parker,jeannash@example.net,LU2E,Wrexham,Wales,2026-02-26
CUST01637,B2C,Tracy,Russell,thomsonjustin@example.org,M5H,Cambridge,East of England,2025-01-14
CUST01638,B2C,Norman,Brown,abbie19@example.org,L6,Swansea,Wales,2025-04-04
CUST01639,B2C,Frances,Taylor,chelsea19@example.org,M2S,Bristol,South West,2026-01-15
CUST01640,B2C,Michael,Pearce,xsimpson@example.org,DL59,Lincoln,East Midlands,2024-08-21
CUST01641,B2C,Jodie,Allen,june81@example.org,G48,Newcastle,North East,2025-04-01
CUST01642,B2C,Dennis,Walters,markbrooks@example.com,L7,Newport,Wales,2025-06-24
CUST01643,B2C,Alice,Bond,ddixon@example.com,EX9A,Sheffield,Yorkshire & Humber,2024-10-13
CUST01644,B2C,Derek,Dunn,obrienabbie@example.org,B82,Blackpool,North West,2025-09-03
CUST01645,B2C,Owen,Taylor,shughes@example.org,L22,Middlesbrough,North East,2025-09-07
CUST01646,B2C,Jack,Wright,tracyhilton@example.org,W8U,Liverpool,North West,2026-06-13
CUST01647,B2C,Katherine,Smith,suzanne93@example.org,B77,Bournemouth,South West,2025-09-15
CUST01648,B2C,Jayne,Rowe,andersonhugh@example.com,EN0,Blackpool,North West,2026-06-04
CUST01649,B2C,Brett,Adams,beverleyfisher@example.org,CT45,London,London,2026-05-25
CUST01650,B2C,Albert,Barrett,dgoddard@example.com,BL0,Birmingham,West Midlands,2025-08-28
CUST01651,B2C,Maria,Hobbs,sandraknight@example.net,S3,Glasgow,Scotland,2025-01-09
CUST01652,B2C,Russell,Douglas,zchapman@example.com,N7D,Birmingham,West Midlands,2026-05-23
CUST01653,B2C,Molly,Pearce,harrietnash@example.org,M96,York,Yorkshire & Humber,2024-10-14
CUST01654,B2C,Kayleigh,Griffiths,keithclarke@example.org,B4,Derry,Northern Ireland,2025-09-30
CUST01655,B2C,Danielle,Duffy,blakejay@example.net,S0,Sunderland,North East,2025-02-02
CUST01656,B2B,Abdul,Charlton,elizabethsingh@example.net,L83,Middlesbrough,North East,2025-03-23
CUST01657,B2C,Emma,Daly,gareth15@example.net,N6,Derry,Northern Ireland,2026-07-29
CUST01658,B2B,Dawn,Barry,brett85@example.org,AB5R,Leeds,Yorkshire & Humber,2024-11-07
CUST01659,B2B,Amber,Stevenson,benjamin17@example.net,G98,Plymouth,South West,2025-09-15
CUST01660,B2B,Jamie,Simpson,lesley62@example.com,W7S,Sheffield,Yorkshire & Humber,2026-04-21
CUST01661,B2C,Charlene,George,daviesjoseph@example.com,EC2,Swansea,Wales,2026-06-22
CUST01662,B2C,Julie,Parkes,joeljones@example.com,B44,Aberdeen,Scotland,2025-09-05
CUST01663,B2C,Cameron,Wilkinson,dylanwhitehead@example.com,CM6V,Cambridge,East of England,2024-12-17
CUST01664,B2B,Dawn,Hewitt,kirstysmith@example.com,L8,Brighton,South East,2025-11-22
CUST01665,B2C,Alice,Ward,carl89@example.net,IG6N,Coventry,West Midlands,2026-01-20
CUST01666,B2C,Marion,Smith,luke93@example.com,NW8X,Nottingham,East Midlands,2024-09-02
CUST01667,B2C,Conor,Young,ryancarr@example.net,PR7,Norwich,East of England,2025-02-13
CUST01668,B2C,Clifford,Green,joanne39@example.com,NE02,Southampton,South East,2025-04-30
CUST01669,B2C,Yvonne,Watson,btaylor@example.com,B8,Ipswich,East of England,2025-11-26
CUST01670,B2C,Cheryl,Ward,reeceevans@example.com,SN39,Hull,Yorkshire & Humber,2025-10-06
CUST01671,B2C,Valerie,Williams,francescaandrews@example.org,ST35,Liverpool,North West,2025-01-17
CUST01672,B2C,Joshua,Bates,vincent98@example.net,PE0Y,Cambridge,East of England,2025-01-31
CUST01673,B2C,Amelia,Osborne,katherine62@example.com,S7A,London,London,2025-11-30
CUST01674,B2C,Roger,Wallis,leonardosborne@example.com,S7D,London,London,2024-10-06
CUST01675,B2C,Jacob,King,heather74@example.net,S65,Bournemouth,South West,2025-05-23
CUST01676,B2B,Edward,Morris,lawrenceduncan@example.net,KT6,Leicester,East Midlands,2025-11-01
CUST01677,B2C,Naomi,Rose,webbgeoffrey@example.net,HS9,Belfast,Northern Ireland,2025-10-12
CUST01678,B2C,Jack,Hughes,stanleyfiona@example.com,M4,Reading,South East,2024-11-05
CUST01679,B2C,Alan,Frost,nbrown@example.com,WN43,Derby,East Midlands,2026-01-24
CUST01680,B2C,Kathryn,Green,wbrown@example.org,N4A,Plymouth,South West,2025-02-11
CUST01681,B2C,Max,Cook,jayne11@example.org,M9,Peterborough,East of England,2024-11-12
CUST01682,B2C,Eric,Fletcher,hughcollins@example.com,L3,Derby,East Midlands,2025-12-12
CUST01683,B2C,Mary,Williams,rosieburgess@example.net,M94,Middlesbrough,North East,2024-08-19
CUST01684,B2C,Graham,Bell,kingruth@example.com,B03,Bristol,South West,2025-02-08
CUST01685,B2C,Harriet,Poole,kimberley45@example.net,DT20,Bristol,South West,2026-06-21
CUST01686,B2C,Michael,O'Brien,thomsondenis@example.net,WR8,Reading,South East,2025-09-11
CUST01687,B2C,Sam,Thomson,mannmichael@example.com,PO17,Hull,Yorkshire & Humber,2025-06-28
CUST01688,B2C,Dale,Ellis,evansjean@example.org,IP4,Newport,Wales,2026-07-02
CUST01689,B2C,Wayne,Sullivan,jamesali@example.org,CF31,Hull,Yorkshire & Humber,2025-08-26
CUST01690,B2B,Joel,Evans,njones@example.net,WN69,Belfast,Northern Ireland,2024-08-23
CUST01691,B2C,Michael,Rose,joycemills@example.net,W6,Birmingham,West Midlands,2025-05-02
CUST01692,B2C,Luke,Anderson,grayrachael@example.org,M6,Coventry,West Midlands,2024-09-09
CUST01693,B2C,Ryan,Johnson,joanne74@example.net,L7,Derry,Northern Ireland,2024-08-08
CUST01694,B2C,Jasmine,Williamson,thoward@example.com,TD8,Glasgow,Scotland,2025-02-02
CUST01695,B2C,Hilary,Mason,lesliemorris@example.com,S1,Belfast,Northern Ireland,2025-08-19
CUST01696,B2C,Jacqueline,Turner,bknight@example.net,N21,Belfast,Northern Ireland,2024-12-26
CUST01697,B2B,Kevin,Pritchard,gwilliams@example.net,B5F,Derry,Northern Ireland,2024-09-04
CUST01698,B2C,Dean,Gray,henry41@example.net,S75,Peterborough,East of England,2026-02-22
CUST01699,B2C,Leonard,Webster,phall@example.org,S6,Birmingham,West Midlands,2025-06-30
CUST01700,B2B,Conor,Ward,ryan43@example.net,GY5,Newcastle,North East,2026-07-03
CUST01701,B2C,Allan,Patel,georginanewman@example.org,W2E,Reading,South East,2025-06-13
CUST01702,B2C,Brenda,Hussain,fionaweston@example.net,L34,Birmingham,West Midlands,2026-03-28
CUST01703,B2C,Nathan,Dale,eric48@example.com,N1W,Lincoln,East Midlands,2025-06-14
CUST01704,B2C,Jean,Elliott,glennpoole@example.org,N30,Newcastle,North East,2025-05-15
CUST01705,B2C,Donna,Hargreaves,wclark@example.org,CO49,Cambridge,East of England,2026-07-25
CUST01706,B2C,Douglas,Ross,iwright@example.com,S9,Brighton,South East,2025-09-05
CUST01707,B2B,Norman,Jenkins,qward@example.com,WA81,Aberdeen,Scotland,2026-06-13
CUST01708,B2C,Melanie,Andrews,pughjemma@example.org,SA96,Norwich,East of England,2024-11-26
CUST01709,B2C,Jake,Osborne,juneosullivan@example.org,G94,York,Yorkshire & Humber,2026-02-17
CUST01710,B2C,Tom,Taylor,sharonclarke@example.com,PH95,Cambridge,East of England,2024-12-04
CUST01711,B2C,Peter,Harris,owen16@example.org,L5,Birmingham,West Midlands,2025-02-16
CUST01712,B2C,Edward,Brooks,charlenewilson@example.com,YO95,Nottingham,East Midlands,2025-12-25
CUST01713,B2C,Clive,Burton,linda27@example.com,SG6,London,London,2025-12-15
CUST01714,B2C,Stephen,Harvey,geoffrey49@example.com,G1,Peterborough,East of England,2025-01-21
CUST01715,B2C,Bethan,Day,xmoore@example.com,SE3V,Middlesbrough,North East,2025-12-13
CUST01716,B2C,Natalie,Rose,annsykes@example.net,SS4,London,London,2024-10-19
CUST01717,B2C,Hayley,Kelly,tombell@example.org,B8D,Belfast,Northern Ireland,2024-08-20
CUST01718,B2C,Peter,Francis,mroberts@example.net,N51,Aberdeen,Scotland,2024-09-29
CUST01719,B2C,Michael,Wilkinson,steven64@example.net,N61,London,London,2025-05-22
CUST01720,B2C,Carly,Schofield,gillianhurst@example.com,B4,Newport,Wales,2024-12-02
CUST01721,B2C,Paige,Thomas,luke43@example.org,G2,Southampton,South East,2025-06-13
CUST01722,B2C,Joel,Ellis,dayjulie@example.net,DL73,Bristol,South West,2025-12-19
CUST01723,B2C,Julie,Page,michael03@example.com,B8D,Oxford,South East,2026-06-12
CUST01724,B2C,Kenneth,Johnson,thomashoward@example.com,WR31,Hull,Yorkshire & Humber,2026-02-10
CUST01725,B2B,Christian,Brown,jonesvictor@example.com,BN2,Ipswich,East of England,2024-09-29
CUST01726,B2C,Bernard,Williams,etaylor@example.org,L1,Hull,Yorkshire & Humber,2025-09-04
CUST01727,B2C,Lauren,Blake,smitchell@example.org,DT8,Aberdeen,Scotland,2024-08-23
CUST01728,B2C,Jay,Singh,robin73@example.org,N7H,Newcastle,North East,2025-11-01
CUST01729,B2C,Bradley,Evans,xdean@example.org,BS5Y,Plymouth,South West,2026-07-01
CUST01730,B2C,Alison,Brown,dshaw@example.com,CV55,Brighton,South East,2026-04-21
CUST01731,B2C,Shaun,Brown,gordon08@example.net,W9,London,London,2026-05-01
CUST01732,B2C,Maurice,Brown,turnerroger@example.net,SR4,Ipswich,East of England,2025-08-27
CUST01733,B2C,Victor,Matthews,shaun56@example.org,G4B,Wolverhampton,West Midlands,2025-03-17
CUST01734,B2C,Anne,Bailey,joancarpenter@example.com,N00,Preston,North West,2025-08-15
CUST01735,B2C,Christopher,Patel,fthomas@example.org,EX68,Norwich,East of England,2024-08-12
CUST01736,B2C,Kayleigh,Storey,chelseagibbs@example.org,CB5,Lincoln,East Midlands,2026-01-04
CUST01737,B2C,Alice,Short,ssmith@example.net,M1,Bristol,South West,2024-11-13
CUST01738,B2B,Leanne,Morrison,danny38@example.net,SS2,Leeds,Yorkshire & Humber,2025-11-14
CUST01739,B2B,Lucy,Hughes,jackburgess@example.com,CF4W,Edinburgh,Scotland,2026-05-03
CUST01740,B2C,Carolyn,Shah,nashjade@example.com,SY1R,Leicester,East Midlands,2024-12-27
CUST01741,B2C,Tracey,Robinson,gtaylor@example.net,W0F,Leeds,Yorkshire & Humber,2024-09-08
CUST01742,B2C,Katie,Lewis,ihill@example.com,E87,Bristol,South West,2026-04-20
CUST01743,B2C,Ryan,Jones,philliphaynes@example.org,S3,Brighton,South East,2026-04-14
CUST01744,B2C,Elizabeth,Davies,clifford95@example.net,SA5,Ipswich,East of England,2024-11-20
CUST01745,B2C,Melanie,Jones,conwayclifford@example.net,DD3,Cambridge,East of England,2026-06-08
CUST01746,B2C,Caroline,Bartlett,doylestewart@example.com,B9,Newcastle,North East,2025-07-06
CUST01747,B2C,Jacqueline,McCarthy,npearson@example.org,L2U,Derry,Northern Ireland,2025-12-17
CUST01748,B2C,Leonard,Jones,hayleybailey@example.com,E94,Nottingham,East Midlands,2025-10-03
CUST01749,B2C,Kathleen,Smith,ythomas@example.org,LS46,Coventry,West Midlands,2026-03-15
CUST01750,B2C,Naomi,Thomas,jamie00@example.com,B7,Preston,North West,2025-10-19
CUST01751,B2C,Garry,Francis,hortonsian@example.org,HU7,London,London,2026-03-05
CUST01752,B2C,Lynn,Wilkinson,jjenkins@example.net,W6G,Southampton,South East,2026-08-02
CUST01753,B2C,Robert,Barnett,rosemarysmith@example.net,N39,Brighton,South East,2024-11-03
CUST01754,B2B,Marcus,Lucas,mandy70@example.org,E2J,Brighton,South East,2024-09-01
CUST01755,B2C,Howard,Warren,donnellystuart@example.net,L2T,Bristol,South West,2025-04-24
CUST01756,B2C,Charlie,Davis,shannon13@example.org,S90,Oxford,South East,2025-01-25
CUST01757,B2C,Jamie,Holloway,carolynmoore@example.com,W5,Plymouth,South West,2026-06-03
CUST01758,B2C,Rachael,Yates,dsteele@example.com,WV3,Preston,North West,2026-01-07
CUST01759,B2C,Nicholas,Little,barbara36@example.net,NR0,Belfast,Northern Ireland,2024-11-09
CUST01760,B2C,Thomas,Grant,cjones@example.com,DH5N,Peterborough,East of England,2024-12-27
CUST01761,B2C,Jodie,Hayward,yparker@example.net,BD40,London,London,2026-02-28
CUST01762,B2C,Timothy,Dale,grace89@example.org,SR25,Sheffield,Yorkshire & Humber,2026-08-06
CUST01763,B2B,Chloe,Thomas,kharper@example.net,E6,Newport,Wales,2026-07-14
CUST01764,B2C,Ronald,Ellis,katiejackson@example.net,PH43,Dundee,Scotland,2026-07-15
CUST01765,B2C,Kelly,Ellis,jacksonkathryn@example.net,KY2,London,London,2026-05-10
CUST01766,B2C,Jodie,Godfrey,bernard35@example.com,SW1E,Derry,Northern Ireland,2026-03-04
CUST01767,B2C,Martyn,Smith,charleswilliams@example.com,M0H,Preston,North West,2024-10-20
CUST01768,B2C,Albert,Carr,sheila66@example.net,L5A,Newport,Wales,2025-05-29
CUST01769,B2C,Gareth,Anderson,whittakerdiana@example.net,DY1,Wolverhampton,West Midlands,2026-05-14
CUST01770,B2B,Mark,Butler,scott70@example.net,S5,Liverpool,North West,2025-03-05
CUST01771,B2C,Sandra,Smith,mohammedreynolds@example.net,NG0M,Plymouth,South West,2025-08-09
CUST01772,B2C,Elizabeth,Holt,naylorbrian@example.org,N06,Belfast,Northern Ireland,2025-02-17
CUST01773,B2B,Nigel,Cole,yatesrichard@example.com,PA8W,Sunderland,North East,2026-01-29
CUST01774,B2C,Iain,Harding,potteranthony@example.org,E7,Leicester,East Midlands,2025-12-26
CUST01775,B2C,Ross,Brown,duncan64@example.net,ME2,Coventry,West Midlands,2025-05-10
CUST01776,B2C,Brian,Kaur,iwest@example.org,OL8,Dundee,Scotland,2025-10-18
CUST01777,B2C,Joanne,Marshall,cwilliams@example.org,DN5,Cambridge,East of England,2026-07-22
CUST01778,B2C,Jennifer,Quinn,sianbirch@example.net,M1G,Blackpool,North West,2025-05-17
CUST01779,B2C,Adrian,Bradley,johnsonlynda@example.org,AL10,Oxford,South East,2026-04-01
CUST01780,B2C,Dean,Butcher,traceyhughes@example.net,DY88,Birmingham,West Midlands,2026-05-01
CUST01781,B2C,Lisa,Bradshaw,hayleyhowarth@example.com,W4,Birmingham,West Midlands,2025-06-23
CUST01782,B2C,Kenneth,Wilson,jonathanashton@example.com,EN4W,London,London,2025-01-02
CUST01783,B2C,Wayne,Preston,youngsheila@example.org,W4,Lincoln,East Midlands,2024-09-30
CUST01784,B2C,Carl,Watson,reece30@example.net,S5,Leeds,Yorkshire & Humber,2025-03-09
CUST01785,B2C,Ryan,Wood,birchmarilyn@example.com,N6C,Derby,East Midlands,2025-09-15
CUST01786,B2C,Gavin,Baker,nicholas18@example.net,B0,Cardiff,Wales,2025-08-26
CUST01787,B2B,Leanne,Shaw,sharpecallum@example.net,BT84,Coventry,West Midlands,2026-04-26
CUST01788,B2C,Andrew,Brown,william20@example.net,W64,Newcastle,North East,2026-06-24
CUST01789,B2C,Robin,Walker,samanthafrost@example.com,WD1W,London,London,2025-12-15
CUST01790,B2C,Joshua,Elliott,rbrown@example.com,SM00,Sheffield,Yorkshire & Humber,2025-10-09
CUST01791,B2C,Heather,Brooks,hcarr@example.com,CA0,Dundee,Scotland,2025-10-24
CUST01792,B2C,John,George,charlesdouglas@example.org,WR79,Wolverhampton,West Midlands,2025-07-18
CUST01793,B2B,Ryan,Field,amanda13@example.net,YO77,Newcastle,North East,2026-02-20
CUST01794,B2C,Tracey,Dawson,patelderek@example.net,B6,London,London,2024-10-23
CUST01795,B2C,Sylvia,Walker,kellyjanet@example.org,CO2H,Reading,South East,2026-01-04
CUST01796,B2C,Geraldine,Watkins,dalesmith@example.net,SK1,Middlesbrough,North East,2024-11-06
CUST01797,B2C,Patrick,Anderson,katebarnett@example.org,SG4A,Birmingham,West Midlands,2026-03-11
CUST01798,B2C,Maria,Lowe,dwhite@example.com,ML2,Plymouth,South West,2025-04-02
CUST01799,B2C,Christopher,Dean,stevenshelen@example.com,W91,Cardiff,Wales,2025-12-20
CUST01800,B2C,Abbie,Simpson,jill47@example.com,E65,Cardiff,Wales,2026-01-03
CUST01801,B2C,Kelly,Doyle,marion37@example.net,W5,Oxford,South East,2026-04-03
CUST01802,B2C,Georgia,Patel,vmoss@example.net,W5H,Birmingham,West Midlands,2024-09-25
CUST01803,B2C,Wayne,Cook,cameron26@example.com,KY04,Peterborough,East of England,2025-02-14
CUST01804,B2C,Katherine,Ward,burnsrita@example.com,BR9,Leicester,East Midlands,2025-04-02
CUST01805,B2C,Bryan,Johnson,jennifer57@example.org,N43,Birmingham,West Midlands,2025-06-05
CUST01806,B2B,Stewart,Johnson,eleanor59@example.net,L7C,Wrexham,Wales,2026-08-01
CUST01807,B2C,Dylan,Bell,josephtaylor@example.net,EN0,Newcastle,North East,2026-03-13
CUST01808,B2C,Melissa,Williams,charlotteallen@example.com,W4,Newport,Wales,2025-10-08
CUST01809,B2C,Gillian,Peacock,williamshelen@example.net,WD2,Sheffield,Yorkshire & Humber,2025-03-20
CUST01810,B2C,Holly,Robinson,shanereid@example.net,W5,Wrexham,Wales,2025-08-11
CUST01811,B2C,Patricia,Sanders,robertsdanielle@example.net,PR3,Exeter,South West,2025-09-28
CUST01812,B2C,Dean,Richardson,qfraser@example.net,S55,Newcastle,North East,2026-03-20
CUST01813,B2C,Colin,Allen,abdul76@example.net,SE5,Exeter,South West,2024-12-26
CUST01814,B2C,Janice,Cross,jasmine02@example.net,NW3W,Plymouth,South West,2026-05-05
CUST01815,B2C,Olivia,Edwards,fprice@example.org,N7C,Glasgow,Scotland,2026-05-19
CUST01816,B2C,Sally,Clarke,bradleywhite@example.net,E31,Birmingham,West Midlands,2025-02-19
CUST01817,B2C,Denis,Stewart,chelseaarmstrong@example.net,L52,Reading,South East,2025-03-21
CUST01818,B2C,Helen,McDonald,lewis94@example.org,E1F,Aberdeen,Scotland,2025-06-11
CUST01819,B2C,Natasha,Foster,fiona51@example.com,W4,Belfast,Northern Ireland,2024-10-26
CUST01820,B2C,Bruce,Palmer,uwilkinson@example.org,W4,Peterborough,East of England,2025-06-22
CUST01821,B2C,Kenneth,Carter,sbyrne@example.net,N3,Peterborough,East of England,2024-11-21
CUST01822,B2B,Gareth,Wood,walkerstephen@example.net,E1U,Sunderland,North East,2025-07-30
CUST01823,B2C,Joel,Iqbal,dixonshaun@example.net,WV2,Cardiff,Wales,2026-04-14
CUST01824,B2B,Bernard,Bolton,joshcox@example.org,CW57,Coventry,West Midlands,2026-07-01
CUST01825,B2C,Iain,Anderson,ccooper@example.net,M40,Oxford,South East,2024-12-17
CUST01826,B2C,Sheila,Evans,nlewis@example.com,PL30,London,London,2024-10-08
CUST01827,B2C,Charlotte,Brookes,joneskayleigh@example.net,W71,Derby,East Midlands,2025-01-06
CUST01828,B2C,Melissa,Taylor,katy27@example.org,E6,Cambridge,East of England,2025-01-07
CUST01829,B2C,Geoffrey,Baker,pamela25@example.org,KY8N,Nottingham,East Midlands,2025-10-11
CUST01830,B2C,Emma,May,nathanharris@example.com,G6,Peterborough,East of England,2026-04-02
CUST01831,B2C,Abigail,Stewart,francis04@example.com,E7T,Blackpool,North West,2025-08-06
CUST01832,B2C,Joshua,Riley,stuartsmith@example.com,E2,Bristol,South West,2024-12-19
CUST01833,B2C,Alexandra,Singh,pchambers@example.org,LN23,York,Yorkshire & Humber,2025-03-21
CUST01834,B2C,Lynne,Briggs,elliottburns@example.org,L38,Exeter,South West,2024-12-14
CUST01835,B2B,Sylvia,Webster,jack68@example.com,HR7,Norwich,East of England,2025-04-01
CUST01836,B2C,Sharon,Evans,eleanorbyrne@example.net,S46,Ipswich,East of England,2025-11-09
CUST01837,B2C,Alan,Bell,grahammax@example.org,TD25,Exeter,South West,2024-08-17
CUST01838,B2C,Jodie,Fox,steven63@example.com,SN4,Coventry,West Midlands,2025-06-21
CUST01839,B2C,Leonard,Davidson,martynsmith@example.com,SS5M,Sheffield,Yorkshire & Humber,2025-11-23
CUST01840,B2B,Victor,Dunn,johnsontoby@example.net,BL0,Exeter,South West,2024-10-27
CUST01841,B2B,Carly,Moore,jamesclark@example.org,B5E,Sunderland,North East,2026-05-05
CUST01842,B2B,Katy,Mistry,francismoss@example.com,B46,Belfast,Northern Ireland,2026-05-09
CUST01843,B2C,Charles,Hope,russellfox@example.org,DD67,Exeter,South West,2025-03-20
CUST01844,B2C,Hollie,Clark,harriet36@example.org,BT50,Coventry,West Midlands,2026-02-26
CUST01845,B2C,Iain,Clements,donnabegum@example.net,L90,Oxford,South East,2025-05-13
CUST01846,B2C,Paula,Morley,mclayton@example.org,DE0,Coventry,West Midlands,2025-05-23
CUST01847,B2C,Glenn,Smith,aimee97@example.com,M90,Blackpool,North West,2024-12-23
CUST01848,B2C,Owen,Khan,abigail46@example.com,E9W,Peterborough,East of England,2024-09-04
CUST01849,B2C,Rebecca,Hall,keithcox@example.net,B6,Cardiff,Wales,2025-06-16
CUST01850,B2C,Peter,Gray,denisknight@example.net,N05,Bristol,South West,2026-03-11
CUST01851,B2B,Paul,George,ymartin@example.org,G7,Newport,Wales,2024-11-02
CUST01852,B2C,Rosemary,Morgan,elliott72@example.net,L8,Newcastle,North East,2025-10-29
CUST01853,B2C,Vincent,Murphy,holtamy@example.org,B4,Hull,Yorkshire & Humber,2026-03-08
CUST01854,B2C,Kyle,Coles,palmercharlotte@example.com,M80,Dundee,Scotland,2024-11-11
CUST01855,B2C,Katherine,Richardson,geoffrey20@example.com,G63,Birmingham,West Midlands,2024-08-19
CUST01856,B2C,Hayley,Williams,denis35@example.com,CA8,Sheffield,Yorkshire & Humber,2024-10-11
CUST01857,B2C,Dennis,Simpson,bruce59@example.com,HD44,Derry,Northern Ireland,2025-01-04
CUST01858,B2C,Declan,Banks,chloesmith@example.net,W8,Cardiff,Wales,2025-04-18
CUST01859,B2B,Matthew,Williams,bbruce@example.org,L68,Blackpool,North West,2024-11-02
CUST01860,B2C,Lewis,Johnston,gracebaker@example.org,IG2R,York,Yorkshire & Humber,2026-04-10
CUST01861,B2C,Damien,Parker,frederickashton@example.com,SS03,Coventry,West Midlands,2025-09-01
CUST01862,B2C,Maurice,Griffiths,reeceedwards@example.com,LS48,Plymouth,South West,2024-10-23
CUST01863,B2B,Hilary,Daly,julia79@example.net,DE00,Aberdeen,Scotland,2025-03-11
CUST01864,B2C,Mark,Harper,marion56@example.net,NP45,Oxford,South East,2025-10-18
CUST01865,B2B,Stacey,Slater,xspencer@example.org,LA31,Leeds,Yorkshire & Humber,2024-08-13
CUST01866,B2B,Jamie,Walker,eleanor38@example.org,DD5,Bournemouth,South West,2024-09-29
CUST01867,B2C,Roy,Green,joanmiller@example.org,TF3V,Nottingham,East Midlands,2025-07-06
CUST01868,B2C,Roy,Murphy,sharonhughes@example.com,W73,Hull,Yorkshire & Humber,2026-08-02
CUST01869,B2B,Teresa,Stanley,robertsstewart@example.org,BT0B,Sunderland,North East,2026-08-01
CUST01870,B2B,Maureen,Clark,nwright@example.com,SL2B,Nottingham,East Midlands,2025-04-04
CUST01871,B2B,Oliver,Kay,clifford44@example.net,SP67,Southampton,South East,2024-10-18
CUST01872,B2C,Joyce,Walker,hallanne@example.com,HG4,Manchester,North West,2025-11-01
CUST01873,B2C,Lawrence,Phillips,bryanjack@example.com,M90,Reading,South East,2025-11-17
CUST01874,B2C,Molly,Bell,martinmichelle@example.com,E29,Swansea,Wales,2025-05-20
CUST01875,B2C,Nicholas,Riley,hkhan@example.net,W04,Blackpool,North West,2025-05-27
CUST01876,B2C,Rachel,White,dianewilliams@example.org,ML7,Newcastle,North East,2025-06-05
CUST01877,B2C,Elliot,Lawson,leerogers@example.net,B8,Lincoln,East Midlands,2024-10-27
CUST01878,B2C,Julie,Woods,lydiapatel@example.org,W46,Manchester,North West,2025-01-06
CUST01879,B2C,Tony,Cooper,daviesmohammed@example.com,KT7,Derby,East Midlands,2025-02-17
CUST01880,B2C,Victoria,Williams,leachgraeme@example.com,W2J,Coventry,West Midlands,2025-09-20
CUST01881,B2C,Stephen,Bailey,carolyn69@example.net,L14,Leicester,East Midlands,2025-05-14
CUST01882,B2C,Richard,Long,ycarter@example.net,W4,Derby,East Midlands,2025-02-20
CUST01883,B2C,Kyle,Barnes,grahamjoan@example.net,LL63,Derry,Northern Ireland,2026-02-01
CUST01884,B2C,Brett,Holmes,bethangreen@example.org,S95,Blackpool,North West,2026-05-24
CUST01885,B2B,Ross,Mistry,kerrashleigh@example.com,DY8,Belfast,Northern Ireland,2025-05-17
CUST01886,B2C,Keith,Jones,dominicstevens@example.net,B1,Leeds,Yorkshire & Humber,2026-04-11
CUST01887,B2C,Ellie,Cooper,boothlouise@example.net,TN7N,Wrexham,Wales,2025-08-18
CUST01888,B2C,Malcolm,Barber,waltersabdul@example.org,IM7X,Derby,East Midlands,2025-08-21
CUST01889,B2C,Nigel,Holland,jeremy09@example.com,E4H,Birmingham,West Midlands,2024-12-09
CUST01890,B2C,Lesley,Hill,hallann@example.net,B58,Derry,Northern Ireland,2025-02-15
CUST01891,B2C,Anna,Bryant,hartdominic@example.com,W3F,Dundee,Scotland,2025-02-12
CUST01892,B2C,Beverley,Pritchard,zmurray@example.org,BH1E,Leicester,East Midlands,2026-04-06
CUST01893,B2C,Hannah,Pearce,jamie38@example.org,GY1R,Liverpool,North West,2026-04-05
CUST01894,B2C,Sharon,Hart,allan81@example.com,WS8Y,Sheffield,Yorkshire & Humber,2025-06-20
CUST01895,B2C,Shannon,Anderson,graham92@example.org,NP5E,London,London,2025-04-05
CUST01896,B2C,Sandra,Holmes,max10@example.org,LA9,Lincoln,East Midlands,2025-12-23
CUST01897,B2B,Oliver,Brennan,graeme02@example.com,ME2P,Middlesbrough,North East,2026-06-29
CUST01898,B2C,Victoria,Morgan,joe36@example.com,L3B,Bournemouth,South West,2024-08-13
CUST01899,B2C,Richard,Thompson,connorsaunders@example.net,IM7,Hull,Yorkshire & Humber,2025-01-29
CUST01900,B2C,Lorraine,Short,connoroneill@example.com,M6,London,London,2026-04-29
CUST01901,B2C,Elliot,Davies,phillipstracey@example.net,SA31,Middlesbrough,North East,2024-11-04
CUST01902,B2C,Aimee,Smith,francesdawson@example.com,W9K,Cardiff,Wales,2025-04-21
CUST01903,B2C,Adam,Wilson,uclark@example.org,B89,Cambridge,East of England,2025-02-19
CUST01904,B2C,Josh,Matthews,helenwebster@example.com,L8S,Oxford,South East,2026-02-08
CUST01905,B2C,Nicole,Walker,jdavis@example.com,N2,Lincoln,East Midlands,2024-11-19
CUST01906,B2C,Janet,Moss,shawruth@example.com,SR6E,Norwich,East of England,2026-06-29
CUST01907,B2C,Kirsty,Clark,waltersglen@example.org,M8W,London,London,2026-05-05
CUST01908,B2C,Shannon,Warren,grantjodie@example.net,EH2N,Plymouth,South West,2025-01-21
CUST01909,B2C,Mohammad,Roberts,powellpaul@example.org,S61,Cambridge,East of England,2025-07-28
CUST01910,B2B,Michael,Gregory,nrichards@example.com,W4,Newport,Wales,2025-11-14
CUST01911,B2C,Gail,Mills,perryhayley@example.net,UB30,Oxford,South East,2024-08-26
CUST01912,B2C,Stephanie,Morris,joshuacarey@example.net,B73,Manchester,North West,2025-03-26
CUST01913,B2B,Donald,Davies,julie75@example.com,E0K,Hull,Yorkshire & Humber,2026-05-10
CUST01914,B2C,Anne,Hall,elizabeth25@example.com,KY02,Reading,South East,2025-01-11
CUST01915,B2C,Diana,Bennett,debra87@example.com,B6,Southampton,South East,2026-01-07
CUST01916,B2C,Nicholas,Hargreaves,kathrynwilson@example.net,HU2M,Cardiff,Wales,2024-10-25
CUST01917,B2B,Damien,Chandler,rogerscarly@example.com,W6S,Sunderland,North East,2024-11-07
CUST01918,B2C,Amy,Reynolds,blakebarry@example.org,L7,Brighton,South East,2024-12-31
CUST01919,B2C,Glen,Moss,henrywood@example.net,YO3,Liverpool,North West,2025-06-19
CUST01920,B2B,Jessica,Williams,hbradshaw@example.com,G4A,Sunderland,North East,2025-05-29
CUST01921,B2C,Mohamed,Nash,fhughes@example.com,CV4A,London,London,2025-11-19
CUST01922,B2C,Anthony,Smart,elliott86@example.net,ZE3B,Norwich,East of England,2025-07-17
CUST01923,B2C,Jordan,Welch,mlloyd@example.com,E65,Wolverhampton,West Midlands,2025-01-12
CUST01924,B2C,Toby,White,jilljackson@example.net,E2,Derby,East Midlands,2026-01-06
CUST01925,B2B,Lesley,Weston,jpearce@example.org,BN47,York,Yorkshire & Humber,2025-01-29
CUST01926,B2C,Dennis,Browne,crussell@example.net,L1D,Derby,East Midlands,2026-01-23
CUST01927,B2C,Dawn,Adams,jacksonbilly@example.org,E5,Ipswich,East of England,2025-09-02
CUST01928,B2C,Joyce,Holland,murphyashley@example.org,TQ0W,Swansea,Wales,2026-04-16
CUST01929,B2B,Damien,Edwards,rachelmorrison@example.org,B3S,London,London,2024-08-28
CUST01930,B2C,Joanne,Roberts,ybell@example.net,FK8,Bournemouth,South West,2025-08-29
CUST01931,B2B,Kayleigh,Thompson,judith63@example.org,NE8,London,London,2025-08-28
CUST01932,B2C,Maureen,Pope,qthomas@example.net,WD3V,Plymouth,South West,2025-02-06
CUST01933,B2C,Ricky,Ward,dixonterry@example.net,DH54,Southampton,South East,2025-12-05
CUST01934,B2C,Lynne,Cooper,amber30@example.net,E96,Dundee,Scotland,2025-03-30
CUST01935,B2C,Sheila,Williams,pamelawoods@example.org,YO1P,Sheffield,Yorkshire & Humber,2025-12-26
CUST01936,B2C,Shaun,Davey,elizabeth07@example.com,SR8V,Cardiff,Wales,2024-10-12
CUST01937,B2C,Jemma,Hayward,mark20@example.com,B2,Derry,Northern Ireland,2024-11-06
CUST01938,B2C,Vincent,Dyer,bethany76@example.com,E7,Manchester,North West,2025-03-22
CUST01939,B2C,Sally,Clarke,ashleigh81@example.net,N8,Southampton,South East,2025-03-10
CUST01940,B2C,Jamie,Watts,clarejackson@example.net,CH2V,Reading,South East,2026-02-14
CUST01941,B2C,Mohammed,Collins,luke07@example.com,CA6,Norwich,East of England,2024-08-28
CUST01942,B2C,Phillip,Chambers,cbevan@example.net,G28,London,London,2026-03-17
CUST01943,B2C,Judith,Jones,dobsonian@example.com,TQ35,London,London,2025-09-26
CUST01944,B2B,Ryan,McCarthy,henry33@example.net,W8C,Reading,South East,2024-11-03
CUST01945,B2C,Dawn,Bates,carolyn01@example.org,WA76,Dundee,Scotland,2024-10-03
CUST01946,B2C,Joseph,Williams,anthony28@example.net,WC4,Derby,East Midlands,2024-12-21
CUST01947,B2C,Sharon,Birch,emily08@example.net,S3C,Middlesbrough,North East,2025-12-04
CUST01948,B2C,Duncan,Williams,howeryan@example.com,S7,Brighton,South East,2025-03-01
CUST01949,B2C,Danielle,Morgan,shannon23@example.com,M4,London,London,2024-10-06
CUST01950,B2B,Jodie,Taylor,sduncan@example.org,DA3,London,London,2025-05-06
CUST01951,B2C,Mohamed,Williams,arnoldtoby@example.org,BB3B,Leeds,Yorkshire & Humber,2026-07-19
CUST01952,B2B,Jennifer,Iqbal,xdavis@example.net,DT2P,Leeds,Yorkshire & Humber,2026-04-28
CUST01953,B2C,Liam,Bailey,inorth@example.com,L1,London,London,2025-01-18
CUST01954,B2C,George,Peacock,vincentwright@example.org,SR3,Nottingham,East Midlands,2025-05-14
CUST01955,B2C,Louis,Hall,suzanne63@example.net,TD43,Ipswich,East of England,2025-12-13
CUST01956,B2C,Stuart,Hutchinson,webbamanda@example.com,SS60,Southampton,South East,2026-07-26
CUST01957,B2C,Brenda,Dickinson,frances43@example.net,W41,Oxford,South East,2026-06-14
CUST01958,B2C,Howard,Morgan,hazel16@example.com,BR74,Middlesbrough,North East,2025-12-20
CUST01959,B2C,Frank,Reynolds,edwardsguy@example.net,M3,Blackpool,North West,2025-10-11
CUST01960,B2C,Eileen,Baxter,elliottpayne@example.com,G77,Birmingham,West Midlands,2025-01-26
CUST01961,B2C,George,Coles,alexandragreen@example.com,WN8Y,Aberdeen,Scotland,2025-07-20
CUST01962,B2C,Trevor,Davies,cboyle@example.com,IV27,Middlesbrough,North East,2025-02-14
CUST01963,B2C,Roger,Carr,rogerlee@example.com,TQ1Y,Middlesbrough,North East,2025-06-19
CUST01964,B2C,Melanie,Walsh,savageandrea@example.net,IP5R,Peterborough,East of England,2025-01-15
CUST01965,B2C,Allan,Davis,lcarter@example.org,S0D,Plymouth,South West,2026-07-05
CUST01966,B2C,Anna,Walsh,alisamuel@example.org,G98,Sheffield,Yorkshire & Humber,2025-03-25
CUST01967,B2C,Billy,West,kellymaurice@example.com,TD3,Belfast,Northern Ireland,2026-04-25
CUST01968,B2C,Chloe,Robinson,gemma06@example.net,W0S,Cambridge,East of England,2025-03-08
CUST01969,B2C,Gerald,Miles,pauline86@example.net,OX8Y,Bristol,South West,2025-10-12
CUST01970,B2B,Melissa,Allen,kathrynsmith@example.org,CV1,Glasgow,Scotland,2026-05-23
CUST01971,B2C,Allan,Dyer,yhussain@example.net,B84,Ipswich,East of England,2025-01-14
CUST01972,B2C,Pauline,Mitchell,arthurjames@example.org,ME4,Derry,Northern Ireland,2025-11-03
CUST01973,B2C,Douglas,Long,ohanson@example.net,E6C,Glasgow,Scotland,2026-05-01
CUST01974,B2C,Terry,Allen,lpearson@example.net,LU6N,Reading,South East,2024-10-26
CUST01975,B2C,Debra,Naylor,wharper@example.org,JE0X,Nottingham,East Midlands,2025-05-29
CUST01976,B2C,Max,Harris,tturner@example.com,MK3,Blackpool,North West,2025-12-02
CUST01977,B2B,Jake,Hill,louisgreen@example.net,L94,Liverpool,North West,2025-02-06
CUST01978,B2C,Andrew,Bird,glenwilliamson@example.org,BH9H,Plymouth,South West,2026-07-16
CUST01979,B2C,Gavin,Hamilton,glen06@example.org,S7,Belfast,Northern Ireland,2025-10-11
CUST01980,B2B,Matthew,Payne,rickylane@example.org,E8,Glasgow,Scotland,2025-10-16
CUST01981,B2C,Adrian,Patel,sylviawatson@example.com,CO1Y,Wolverhampton,West Midlands,2025-12-02
CUST01982,B2C,Timothy,Graham,keith36@example.org,L58,Southampton,South East,2026-06-21
CUST01983,B2C,Roy,Waters,lloydlinda@example.net,W06,Bournemouth,South West,2026-03-17
CUST01984,B2C,Douglas,Cooper,duffytrevor@example.org,W2C,Ipswich,East of England,2025-06-06
CUST01985,B2C,Marie,Martin,grobinson@example.com,SY64,Aberdeen,Scotland,2024-08-12
CUST01986,B2C,Brett,King,phillip96@example.com,M3B,Wolverhampton,West Midlands,2024-12-03
CUST01987,B2C,Alex,Baker,tbutler@example.com,B7,Coventry,West Midlands,2024-09-12
CUST01988,B2C,Shane,Wilson,iryan@example.net,GY3N,Blackpool,North West,2026-07-19
CUST01989,B2C,Sean,Ingram,simon31@example.com,BL2,Ipswich,East of England,2025-06-06
CUST01990,B2C,Kimberley,Ward,marcusflynn@example.org,E73,Brighton,South East,2024-12-23
CUST01991,B2C,Lynn,Barnes,watsongraham@example.org,M1C,Liverpool,North West,2024-08-22
CUST01992,B2B,Jacqueline,Ward,amay@example.com,NE5,Oxford,South East,2025-02-24
CUST01993,B2C,Sharon,Pearson,carterbrenda@example.com,BD7P,London,London,2024-08-09
CUST01994,B2C,Robert,Chadwick,beverleyleach@example.com,B6U,Newcastle,North East,2024-10-05
CUST01995,B2C,Marian,Wood,carolinemetcalfe@example.org,G0,Dundee,Scotland,2026-01-13
CUST01996,B2C,Jacqueline,Thomas,birdalexander@example.com,MK8,Sunderland,North East,2026-02-13
CUST01997,B2C,James,Ferguson,ujackson@example.net,IG84,Sunderland,North East,2025-05-15
CUST01998,B2C,Scott,Blake,manningchloe@example.net,S8,Leicester,East Midlands,2025-08-17
CUST01999,B2C,Janice,Cartwright,ostewart@example.net,E8B,Peterborough,East of England,2026-06-24
CUST02000,B2C,Marian,Parker,bartlettdeborah@example.com,B1U,Blackpool,North West,2024-10-19
CUST02001,B2C,Geoffrey,Chapman,ellie10@example.net,BS39,London,London,2025-07-12
CUST02002,B2C,Matthew,Moore,jeffreysingh@example.com,CV03,London,London,2025-11-07
CUST02003,B2C,Jennifer,Bartlett,nathan84@example.net,G6J,Norwich,East of England,2025-10-08
CUST02004,B2C,Lauren,Holden,hazel32@example.com,N4,Cardiff,Wales,2025-06-02
CUST02005,B2C,Joel,Pratt,kimberley06@example.com,N28,Preston,North West,2025-12-29
CUST02006,B2C,Georgina,Gregory,rclark@example.com,B30,Liverpool,North West,2025-09-13
CUST02007,B2C,Dale,Miles,benjamin14@example.org,L4B,Wolverhampton,West Midlands,2026-01-04
CUST02008,B2C,Kieran,Brown,clarksamuel@example.com,SO9X,Leeds,Yorkshire & Humber,2025-06-27
CUST02009,B2B,Justin,Martin,masonhannah@example.com,PE65,Leeds,Yorkshire & Humber,2025-05-15
CUST02010,B2C,Kim,Walsh,joshuakay@example.com,M15,Glasgow,Scotland,2026-07-07
CUST02011,B2C,Amber,Davis,lbaxter@example.net,B6,Newcastle,North East,2024-11-06
CUST02012,B2B,Rachel,Lee,kate17@example.org,AB1X,Leicester,East Midlands,2025-11-26
CUST02013,B2C,Shane,Williams,kathrynsmith@example.com,E1,Derry,Northern Ireland,2024-10-06
CUST02014,B2B,Gary,Lynch,stewartnatasha@example.net,G7,Lincoln,East Midlands,2024-11-23
CUST02015,B2C,Denis,Pope,cchamberlain@example.org,M1F,Belfast,Northern Ireland,2024-09-20
CUST02016,B2C,Carly,Smith,naomiwest@example.org,M67,Derry,Northern Ireland,2026-04-25
CUST02017,B2C,Adrian,Dean,hbray@example.net,E13,Liverpool,North West,2025-01-12
CUST02018,B2C,Jason,Walker,mitchellmark@example.org,E74,Wolverhampton,West Midlands,2026-05-13
CUST02019,B2B,Gerard,Jones,bethan97@example.com,NW2R,Manchester,North West,2025-02-04
CUST02020,B2C,Gillian,Ryan,xfletcher@example.com,G0,Blackpool,North West,2024-10-06
CUST02021,B2B,Zoe,Williams,taylorjill@example.org,B00,Dundee,Scotland,2026-07-22
CUST02022,B2B,Wendy,Taylor,jayne60@example.org,B07,Ipswich,East of England,2025-02-12
CUST02023,B2C,Phillip,Jones,junefitzgerald@example.com,B3K,Reading,South East,2024-08-09
CUST02024,B2C,Wendy,Arnold,pgreen@example.net,YO1,Norwich,East of England,2025-01-29
CUST02025,B2C,Jordan,Holmes,sbutcher@example.org,G3,Manchester,North West,2025-04-28
CUST02026,B2C,Francesca,Morgan,lindalowe@example.org,G3,London,London,2024-10-31
CUST02027,B2C,Emily,Patterson,marion37@example.com,EX91,Cambridge,East of England,2026-03-03
CUST02028,B2C,Hannah,Allen,cooperdouglas@example.com,M9,Liverpool,North West,2026-04-05
CUST02029,B2C,Bethan,Brown,stephaniewhitehead@example.org,SA5X,Bournemouth,South West,2026-04-27
CUST02030,B2C,Alex,Sims,rduffy@example.net,L1,Peterborough,East of England,2026-02-11
CUST02031,B2C,Jade,Holmes,louisehowell@example.net,IM1,Hull,Yorkshire & Humber,2026-02-26
CUST02032,B2B,Joshua,Price,lisabrookes@example.net,BN14,Peterborough,East of England,2025-03-30
CUST02033,B2C,Victor,Elliott,guyburns@example.com,SO5W,Southampton,South East,2026-04-13
CUST02034,B2C,Douglas,Robinson,williamsjustin@example.net,TW88,Glasgow,Scotland,2026-05-02
CUST02035,B2C,Iain,Mills,vhodgson@example.net,AB4W,Nottingham,East Midlands,2025-08-14
CUST02036,B2C,Howard,Davies,dennis12@example.com,OX8,Exeter,South West,2026-06-29
CUST02037,B2C,Timothy,Clarke,eileen86@example.com,BN14,Blackpool,North West,2026-06-26
CUST02038,B2C,Donna,Simpson,mprice@example.com,GU2,Ipswich,East of England,2025-02-02
CUST02039,B2C,Hazel,Mann,qlawson@example.com,HR6X,Glasgow,Scotland,2025-07-26
CUST02040,B2C,Joanne,Fraser,iharris@example.net,G51,Cardiff,Wales,2024-09-15
CUST02041,B2B,Sheila,Fleming,lanekieran@example.org,FY4,Manchester,North West,2025-04-16
CUST02042,B2C,Nicole,Harper,dennisreynolds@example.com,KY2,Edinburgh,Scotland,2026-06-06
CUST02043,B2C,Rebecca,Ferguson,mandy85@example.net,N47,Norwich,East of England,2026-07-04
CUST02044,B2C,Gareth,Bennett,greenbrenda@example.org,L64,Southampton,South East,2026-03-02
CUST02045,B2C,Christine,Jones,berryronald@example.com,S9,Manchester,North West,2024-09-10
CUST02046,B2C,Owen,Hunt,claregibson@example.com,BA9,Newcastle,North East,2026-07-03
CUST02047,B2C,Declan,Parker,anne95@example.net,ME0Y,Birmingham,West Midlands,2025-10-09
CUST02048,B2C,Linda,Bailey,gavinkaur@example.net,G9F,Manchester,North West,2025-05-28
CUST02049,B2C,Sarah,Donnelly,jayscott@example.net,E85,Brighton,South East,2025-04-10
CUST02050,B2C,Martin,Garner,annbrown@example.com,E4G,Middlesbrough,North East,2025-11-11
CUST02051,B2C,Clare,Mahmood,malcolm85@example.net,IG8,Plymouth,South West,2025-07-25
CUST02052,B2C,Stuart,Parsons,crobinson@example.org,TA6,Norwich,East of England,2026-06-11
CUST02053,B2C,Timothy,Campbell,elliot30@example.net,AB21,Newcastle,North East,2025-04-14
CUST02054,B2C,Michael,Hewitt,marsdenbeverley@example.net,B20,Brighton,South East,2025-10-24
CUST02055,B2C,Garry,Noble,vnicholson@example.org,PL4,Preston,North West,2025-09-23
CUST02056,B2B,Kathryn,Howard,leigh67@example.org,W0T,Derry,Northern Ireland,2025-02-16
CUST02057,B2C,Joan,Lowe,elliscaroline@example.net,DE26,Nottingham,East Midlands,2024-09-30
CUST02058,B2C,Samantha,Alexander,hilljoanne@example.net,DN6H,Norwich,East of England,2026-01-08
CUST02059,B2C,Katie,Wood,lesliedavis@example.net,L03,Newport,Wales,2025-04-17
CUST02060,B2B,Joel,Burton,alancollins@example.net,E41,Cardiff,Wales,2024-12-03
CUST02061,B2C,Hazel,Barrett,tcollins@example.org,DT8,London,London,2026-06-29
CUST02062,B2C,Judith,Bates,naomi65@example.net,E8,Leicester,East Midlands,2025-07-28
CUST02063,B2C,Marc,Parker,gileslawrence@example.org,E7,Edinburgh,Scotland,2024-12-05
CUST02064,B2C,Adam,Rogers,ydean@example.com,S7,Nottingham,East Midlands,2025-09-14
CUST02065,B2C,Vincent,Collier,conorpeters@example.net,PA5N,Derby,East Midlands,2025-04-18
CUST02066,B2B,Guy,Harris,nigelowen@example.com,DN8M,Edinburgh,Scotland,2026-01-08
CUST02067,B2C,Donna,Mistry,mariejohn@example.com,ZE3,Swansea,Wales,2024-10-04
CUST02068,B2C,Scott,Cox,gillianwilliams@example.com,HG14,Wrexham,Wales,2025-12-15
CUST02069,B2C,Ronald,Gilbert,williamedwards@example.net,W0S,Oxford,South East,2025-07-06
CUST02070,B2C,Rosie,Atkinson,nicolawalters@example.com,HD5P,London,London,2025-10-24
CUST02071,B2C,Guy,Jones,jakewall@example.org,DD9,Birmingham,West Midlands,2026-07-12
CUST02072,B2C,Cheryl,Arnold,dominic73@example.net,KW7H,Leeds,Yorkshire & Humber,2025-11-18
CUST02073,B2C,Lindsey,Murray,alan78@example.com,UB4R,Aberdeen,Scotland,2025-06-18
CUST02074,B2C,Rachael,Cook,xrichards@example.com,BN4,Exeter,South West,2026-01-05
CUST02075,B2C,Julian,Jackson,xdixon@example.com,TS1H,Leicester,East Midlands,2025-12-06
CUST02076,B2B,Hannah,White,mortonjosh@example.org,WC6,Newcastle,North East,2025-02-09
CUST02077,B2B,Scott,Thomas,dmartin@example.org,L1,Coventry,West Midlands,2024-11-05
CUST02078,B2C,Timothy,Marshall,joshuafoster@example.org,EX6Y,Nottingham,East Midlands,2024-12-05
CUST02079,B2C,Leslie,Harding,marcusbell@example.com,TD46,Cardiff,Wales,2026-05-11
CUST02080,B2C,Billy,Andrews,ruthhoward@example.org,G52,York,Yorkshire & Humber,2024-10-28
CUST02081,B2C,Margaret,Bishop,derek69@example.com,B7S,Wrexham,Wales,2026-04-10
CUST02082,B2C,Shannon,Davies,elaineadams@example.com,TD64,Swansea,Wales,2024-10-08
CUST02083,B2B,Irene,Byrne,hollanddanielle@example.net,L7C,Wrexham,Wales,2024-10-14
CUST02084,B2C,Melissa,Taylor,garrybailey@example.net,CB6R,Sheffield,Yorkshire & Humber,2025-12-18
CUST02085,B2C,Eleanor,Evans,odyer@example.org,LL51,Reading,South East,2024-12-05
CUST02086,B2C,Paula,Begum,woodmaurice@example.org,N4,York,Yorkshire & Humber,2026-05-12
CUST02087,B2C,Wayne,Williams,xcooper@example.net,BD7V,Leicester,East Midlands,2025-01-11
CUST02088,B2C,Dean,Bishop,keithleach@example.net,N2K,Ipswich,East of England,2025-11-19
CUST02089,B2C,Paula,Gilbert,farrellalbert@example.org,E2,Nottingham,East Midlands,2024-10-16
CUST02090,B2C,Lawrence,Gould,jacquelinephillips@example.net,G2,Newport,Wales,2025-01-16
CUST02091,B2C,Louis,Hunt,phillipsharp@example.org,E7A,Leicester,East Midlands,2025-12-13
CUST02092,B2C,Sandra,Morgan,ejones@example.com,SO3,Wrexham,Wales,2024-10-14
CUST02093,B2C,Sylvia,Robinson,pughbrett@example.org,WN1R,Plymouth,South West,2024-08-14
CUST02094,B2C,Dennis,Taylor,holly04@example.net,CO24,Ipswich,East of England,2025-07-04
CUST02095,B2C,Sylvia,Hunt,dennis47@example.com,W3,Newcastle,North East,2025-07-01
CUST02096,B2B,Alexander,Cook,pfoster@example.net,G7,Edinburgh,Scotland,2026-05-31
CUST02097,B2C,Louise,Collier,marshshane@example.net,BS2P,Leicester,East Midlands,2026-01-19
CUST02098,B2C,Jane,Fuller,julie15@example.net,BH5N,York,Yorkshire & Humber,2025-03-15
CUST02099,B2C,Carl,Bell,pearceneil@example.net,NG8E,Oxford,South East,2024-09-16
CUST02100,B2C,Paul,Slater,oallen@example.com,M20,Coventry,West Midlands,2026-01-02
CUST02101,B2C,Dylan,Sanderson,julian68@example.org,L98,Oxford,South East,2026-01-19
CUST02102,B2C,Tom,Richards,alicaroline@example.com,S40,Ipswich,East of England,2025-05-19
CUST02103,B2C,Geraldine,Knight,leon92@example.net,W1T,Edinburgh,Scotland,2025-08-20
CUST02104,B2C,Andrea,Patel,uwright@example.com,M4E,Southampton,South East,2025-11-15
CUST02105,B2C,Michelle,James,lewissteven@example.net,TD2H,Sunderland,North East,2025-11-13
CUST02106,B2C,Gillian,Wilson,lesliesteele@example.com,TW8,Preston,North West,2025-05-04
CUST02107,B2C,Richard,Humphries,sarastewart@example.net,SR4,Birmingham,West Midlands,2025-10-08
CUST02108,B2C,Geoffrey,Booth,christian24@example.com,BR6Y,Birmingham,West Midlands,2026-03-19
CUST02109,B2C,Connor,Hardy,jamie41@example.org,N5W,Plymouth,South West,2024-11-22
CUST02110,B2C,Christian,Davies,debraatkinson@example.com,SR5M,Oxford,South East,2026-01-22
CUST02111,B2C,Denise,Clayton,damien68@example.com,S41,Birmingham,West Midlands,2025-10-03
CUST02112,B2C,Pamela,Richards,brianrussell@example.com,CO7Y,Blackpool,North West,2025-03-19
CUST02113,B2C,Caroline,Simpson,colin63@example.com,E3K,Newport,Wales,2024-12-14
CUST02114,B2B,Joyce,Bailey,naomi99@example.com,S3,London,London,2024-09-23
CUST02115,B2C,Janet,Lyons,odonnellrosemary@example.org,TN3,Edinburgh,Scotland,2025-10-29
CUST02116,B2C,Amy,Thompson,oanderson@example.org,N1,Bristol,South West,2024-08-20
CUST02117,B2B,Kathleen,Smith,maryprice@example.org,DG7,Newcastle,North East,2026-01-14
CUST02118,B2C,Brian,Davidson,stuart79@example.org,N8W,Bristol,South West,2025-02-08
CUST02119,B2C,Katherine,Phillips,mariontaylor@example.org,HD0N,Swansea,Wales,2026-07-16
CUST02120,B2B,Max,Campbell,bennettjonathan@example.net,E2A,Belfast,Northern Ireland,2026-06-26
CUST02121,B2C,Alison,Gibbons,sarah85@example.com,EN39,Nottingham,East Midlands,2026-02-05
CUST02122,B2C,Lindsey,Watts,harpertracy@example.org,M1,Glasgow,Scotland,2026-03-10
CUST02123,B2B,Rebecca,Brown,kerrymurphy@example.net,L1,Derby,East Midlands,2026-05-17
CUST02124,B2C,Terry,Williams,christianakhtar@example.org,CO3V,Edinburgh,Scotland,2025-06-16
CUST02125,B2C,Benjamin,Preston,ugill@example.net,WD0M,Glasgow,Scotland,2024-12-27
CUST02126,B2C,Melissa,Cartwright,billysmith@example.net,KA2,Liverpool,North West,2025-01-16
CUST02127,B2C,Frank,Riley,malcolm84@example.com,CB50,Blackpool,North West,2025-06-06
CUST02128,B2B,Lydia,Davies,dbrown@example.com,W3J,Leeds,Yorkshire & Humber,2025-02-05
CUST02129,B2C,Diane,Smith,sylvia78@example.com,G0U,London,London,2026-03-11
CUST02130,B2C,Luke,Yates,sheila66@example.com,G95,Cambridge,East of England,2025-01-16
CUST02131,B2C,Yvonne,Bell,smithamber@example.com,E6,Derby,East Midlands,2026-05-19
CUST02132,B2C,Janice,Campbell,joshuawhitehead@example.org,M5,Derby,East Midlands,2024-11-23
CUST02133,B2C,Gareth,Wallis,reesjayne@example.org,W8,Reading,South East,2026-03-30
CUST02134,B2C,Bryan,Stokes,josephine44@example.com,L53,Liverpool,North West,2026-01-14
CUST02135,B2C,Chloe,Ross,hugh35@example.com,B89,Leeds,Yorkshire & Humber,2026-03-29
CUST02136,B2C,Gail,Browne,clarkabdul@example.net,BR8,Peterborough,East of England,2025-03-18
CUST02137,B2C,Lee,North,francisfrancis@example.net,G4J,Ipswich,East of England,2025-03-02
CUST02138,B2C,Angela,Warren,vanessarogers@example.org,M1,Newport,Wales,2025-10-06
CUST02139,B2C,Andrew,Arnold,susanthompson@example.net,W68,Leicester,East Midlands,2025-10-04
CUST02140,B2B,Natasha,Cartwright,allanphillips@example.org,NG3,Ipswich,East of England,2024-12-27
CUST02141,B2C,Suzanne,Jones,ricky62@example.net,ME0R,London,London,2025-04-06
CUST02142,B2C,Malcolm,Woodward,hazel76@example.com,W8D,Liverpool,North West,2024-09-25
CUST02143,B2B,Rhys,Short,vincent79@example.net,MK91,Newcastle,North East,2025-02-11
CUST02144,B2B,Jennifer,Alexander,gillianwalker@example.org,M9S,London,London,2025-01-20
CUST02145,B2B,Geraldine,Spencer,louisevans@example.net,GY31,Derby,East Midlands,2025-05-10
CUST02146,B2C,Eric,Watson,khobbs@example.org,AB0,Edinburgh,Scotland,2025-04-07
CUST02147,B2C,Simon,Marshall,daviestina@example.net,E0A,Belfast,Northern Ireland,2025-05-27
CUST02148,B2C,Sandra,Fraser,williamsdanny@example.com,CR56,Glasgow,Scotland,2025-06-15
CUST02149,B2B,Sarah,Roberts,rhys18@example.net,PL15,Sunderland,North East,2025-05-12
CUST02150,B2C,Jasmine,Hughes,kate67@example.com,B3,Cambridge,East of England,2026-04-05
CUST02151,B2C,Mitchell,Nelson,rnewton@example.org,N5K,Edinburgh,Scotland,2026-07-05
CUST02152,B2C,Leigh,Green,dayjanice@example.org,W6,Peterborough,East of England,2025-09-15
CUST02153,B2C,Karl,Fraser,icook@example.net,IP33,Coventry,West Midlands,2025-08-22
CUST02154,B2B,Dylan,Lynch,vbell@example.com,W6,Bournemouth,South West,2025-08-29
CUST02155,B2C,Georgia,Sharpe,marcstevens@example.net,TS1,Exeter,South West,2025-05-22
CUST02156,B2C,Lucy,Turnbull,natasha07@example.com,G6J,Brighton,South East,2025-05-31
CUST02157,B2C,Gemma,Collins,harry50@example.org,BA2M,Sheffield,Yorkshire & Humber,2025-01-28
CUST02158,B2C,Marian,Ellis,webbamanda@example.net,G4E,Newport,Wales,2025-02-17
CUST02159,B2C,John,Cameron,jonesvincent@example.net,L1D,Derry,Northern Ireland,2026-01-01
CUST02160,B2B,Daniel,Andrews,bradley09@example.com,RM0R,Lincoln,East Midlands,2026-05-08
CUST02161,B2C,Christine,Lucas,fowlerrussell@example.net,W43,Middlesbrough,North East,2025-06-06
CUST02162,B2C,Gerald,Holmes,xcampbell@example.org,WN5A,Oxford,South East,2026-07-06
CUST02163,B2C,Kayleigh,Barnett,karenedwards@example.net,BB6,London,London,2025-01-24
CUST02164,B2B,Tracy,Miah,crossdonald@example.net,G4J,Exeter,South West,2025-10-14
CUST02165,B2C,Kim,Smith,christopherlloyd@example.org,BS3,Newcastle,North East,2025-08-09
CUST02166,B2C,Maureen,Johnson,fward@example.org,BB2,Sunderland,North East,2024-09-26
CUST02167,B2C,Rebecca,Phillips,lynne56@example.org,EN0M,Wrexham,Wales,2025-03-24
CUST02168,B2B,Julia,Watson,matthewkerr@example.net,CA75,Edinburgh,Scotland,2026-07-04
CUST02169,B2C,Steven,Marshall,samanthagreen@example.com,E46,Belfast,Northern Ireland,2024-08-28
CUST02170,B2C,Rita,Richards,dstevens@example.com,DL79,Newport,Wales,2025-09-29
CUST02171,B2C,Lee,Butler,blee@example.net,M33,Glasgow,Scotland,2025-07-10
CUST02172,B2C,Gavin,Sims,rebecca90@example.com,AL4M,Middlesbrough,North East,2024-11-12
CUST02173,B2C,Katy,Phillips,enixon@example.org,S0,Derry,Northern Ireland,2026-05-21
CUST02174,B2C,Elizabeth,Bevan,jamie37@example.net,M36,Newport,Wales,2025-01-25
CUST02175,B2C,Norman,Evans,rickypotts@example.com,M2,York,Yorkshire & Humber,2025-03-02
CUST02176,B2C,Adam,Jones,margaret19@example.com,CT46,Manchester,North West,2026-03-05
CUST02177,B2C,Carolyn,Wells,rkerr@example.com,G0,Dundee,Scotland,2026-07-29
CUST02178,B2C,Reece,Morgan,griffithschelsea@example.com,E99,Lincoln,East Midlands,2024-08-29
CUST02179,B2C,Rebecca,Johnson,robin78@example.org,DG46,Coventry,West Midlands,2024-09-13
CUST02180,B2C,Cameron,Goddard,relliott@example.org,FK6,Blackpool,North West,2026-03-23
CUST02181,B2C,Lynda,Wood,douglasjake@example.net,LL2,Nottingham,East Midlands,2026-03-10
CUST02182,B2C,Brett,Marshall,carol63@example.com,W28,Plymouth,South West,2024-12-10
CUST02183,B2C,Jennifer,Webb,amberreeves@example.com,WC6M,Peterborough,East of England,2024-09-01
CUST02184,B2C,Marilyn,John,kirsty15@example.com,G2,Norwich,East of England,2025-04-04
CUST02185,B2C,Lesley,Wilson,woodsnicola@example.com,W50,Oxford,South East,2026-03-30
CUST02186,B2C,Lisa,Wells,holdendeclan@example.com,S0U,London,London,2024-08-14
CUST02187,B2C,Geraldine,Stone,ybailey@example.org,CT65,Cardiff,Wales,2026-05-30
CUST02188,B2C,Alice,Moore,trevorjackson@example.org,G9A,Oxford,South East,2026-02-27
CUST02189,B2B,Gary,Cross,pwilson@example.org,N68,Aberdeen,Scotland,2024-11-20
CUST02190,B2C,Gerard,Williamson,reeselaine@example.net,BT9,Nottingham,East Midlands,2024-11-07
CUST02191,B2C,Gavin,Bowen,elliot96@example.com,BB9,Sheffield,Yorkshire & Humber,2024-08-28
CUST02192,B2B,Katy,Coleman,qrichards@example.org,B4C,Blackpool,North West,2024-09-24
CUST02193,B2C,Ryan,Dixon,jacob06@example.com,AL46,Leeds,Yorkshire & Humber,2025-08-07
CUST02194,B2B,Caroline,Harper,pcooper@example.org,G3,Cardiff,Wales,2026-01-02
CUST02195,B2C,Philip,Barnes,bakerdorothy@example.com,W76,Manchester,North West,2025-02-25
CUST02196,B2C,Michelle,Collins,duncanshepherd@example.org,EX9M,Wrexham,Wales,2025-05-08
CUST02197,B2C,Kyle,Dennis,amelia53@example.net,W54,Derby,East Midlands,2025-12-18
CUST02198,B2B,Jacob,Brooks,qhughes@example.org,L1,Lincoln,East Midlands,2025-07-04
CUST02199,B2C,Jonathan,Wilson,walkerandrea@example.net,S0,Derry,Northern Ireland,2026-03-27
CUST02200,B2C,Pauline,King,stevensonrosie@example.net,N11,Oxford,South East,2025-12-02
CUST02201,B2C,Brian,Daly,joel14@example.com,W3,Nottingham,East Midlands,2026-01-20
CUST02202,B2C,Mohamed,Butler,chelsea82@example.com,IV6,Derby,East Midlands,2025-06-07
CUST02203,B2C,Robert,Hall,scott57@example.net,WA99,London,London,2026-04-25
CUST02204,B2C,Valerie,Patel,lhale@example.org,M7,Derry,Northern Ireland,2025-06-13
CUST02205,B2B,Gail,Pugh,megan83@example.com,FY8Y,Belfast,Northern Ireland,2025-04-07
CUST02206,B2C,Sophie,Jordan,allanpatel@example.com,N8K,Peterborough,East of England,2026-06-18
CUST02207,B2C,Ruth,Barnes,barnettdanny@example.net,LN1,Liverpool,North West,2025-11-26
CUST02208,B2C,Roy,Sanderson,bruce93@example.org,E03,Sheffield,Yorkshire & Humber,2025-07-17
CUST02209,B2B,Amber,Graham,vwoodward@example.com,G33,Birmingham,West Midlands,2026-07-22
CUST02210,B2C,Jennifer,Talbot,bbrown@example.net,E0,Blackpool,North West,2025-11-21
CUST02211,B2C,Malcolm,Harvey,diana34@example.org,SR63,Cambridge,East of England,2024-12-25
CUST02212,B2C,Antony,Hewitt,dsmith@example.com,YO4N,Blackpool,North West,2025-10-22
CUST02213,B2C,Emma,Perry,baileychristine@example.org,LN59,London,London,2025-12-01
CUST02214,B2C,Alan,Clark,imiller@example.net,B6,Nottingham,East Midlands,2025-03-02
CUST02215,B2C,Callum,Jackson,pjones@example.com,L60,London,London,2024-08-22
CUST02216,B2C,Francis,Harris,tylerhenry@example.com,G0A,Middlesbrough,North East,2026-01-29
CUST02217,B2C,Philip,Booth,emily14@example.com,L2H,Oxford,South East,2025-10-17
CUST02218,B2C,Grace,Shah,stewartharris@example.com,M5,Sheffield,Yorkshire & Humber,2025-11-16
CUST02219,B2C,Natalie,Allen,judithsmith@example.com,S0H,London,London,2025-07-29
CUST02220,B2B,Jacqueline,Nicholls,janet01@example.net,TD0,Preston,North West,2026-03-04
CUST02221,B2B,Anthony,Mitchell,rwall@example.com,TN4,Brighton,South East,2026-05-13
CUST02222,B2C,Damian,Nixon,xsmart@example.org,B6K,London,London,2025-01-01
CUST02223,B2C,Gillian,Woods,scottmelissa@example.net,SG7E,Reading,South East,2025-03-07
CUST02224,B2C,Melanie,Leach,charleswright@example.net,SR1Y,London,London,2025-07-30
CUST02225,B2C,Jenna,Sanderson,cheryl55@example.com,CW75,Derry,Northern Ireland,2025-10-25
CUST02226,B2C,Susan,Howard,rogersgavin@example.net,S3W,Norwich,East of England,2025-09-07
CUST02227,B2C,Stacey,Atkins,alison11@example.org,EN86,Coventry,West Midlands,2024-09-28
CUST02228,B2C,Helen,Mason,julia63@example.org,W9W,Exeter,South West,2024-08-13
CUST02229,B2C,Victor,Brown,browncameron@example.net,S5,Leeds,Yorkshire & Humber,2026-01-19
CUST02230,B2C,Mandy,Williams,katie46@example.net,B7E,Cambridge,East of England,2026-01-30
CUST02231,B2C,Alexander,Morton,frenchbruce@example.com,SL4,Liverpool,North West,2025-03-18
CUST02232,B2C,Danielle,Vaughan,julierogers@example.net,S5,London,London,2024-08-21
CUST02233,B2B,Dylan,Pugh,robinsonkenneth@example.org,G23,Coventry,West Midlands,2024-09-29
CUST02234,B2C,Malcolm,Field,barbara73@example.com,EN6W,Glasgow,Scotland,2025-12-21
CUST02235,B2C,Victoria,Lynch,xhall@example.com,S3H,Middlesbrough,North East,2026-07-24
CUST02236,B2C,Ann,Cooke,cherylhussain@example.net,L90,Cambridge,East of England,2025-02-22
CUST02237,B2C,Leonard,Chamberlain,thomsonsharon@example.org,N3,Sunderland,North East,2024-08-08
CUST02238,B2B,Geraldine,Parker,kdavis@example.org,HS5B,Blackpool,North West,2026-04-09
CUST02239,B2C,Anna,Roberts,lindseywade@example.net,M9,Wolverhampton,West Midlands,2024-11-20
CUST02240,B2C,Antony,Byrne,knowleshugh@example.net,BR79,Belfast,Northern Ireland,2026-01-07
CUST02241,B2C,Sarah,Robinson,caroline89@example.net,WN7,Liverpool,North West,2024-08-10
CUST02242,B2C,Leigh,Robinson,bethanysmith@example.org,L3,Middlesbrough,North East,2025-10-22
CUST02243,B2C,Chloe,Evans,knightsarah@example.com,W32,Newcastle,North East,2025-02-17
CUST02244,B2C,Suzanne,Holland,georgina53@example.net,N53,Dundee,Scotland,2025-04-09
CUST02245,B2C,James,Lane,burnslouise@example.org,W0J,London,London,2025-05-14
CUST02246,B2C,Yvonne,Elliott,lindsey12@example.com,OX9X,London,London,2025-10-03
CUST02247,B2C,Declan,Walton,grace20@example.net,L2S,London,London,2024-12-25
CUST02248,B2C,Robert,Glover,thompsonmohamed@example.org,B8D,London,London,2025-03-19
CUST02249,B2C,Hugh,Parker,charlesthompson@example.org,NE55,Belfast,Northern Ireland,2025-12-20
CUST02250,B2C,Victoria,Taylor,newtonirene@example.com,L54,Cardiff,Wales,2026-08-02
CUST02251,B2C,Jonathan,Noble,matthewsamy@example.com,AB63,Leicester,East Midlands,2024-08-20
CUST02252,B2C,Katy,Jones,annbarker@example.com,JE11,London,London,2026-02-09
CUST02253,B2C,Dylan,Sheppard,greenharry@example.org,NG40,Leeds,Yorkshire & Humber,2025-08-11
CUST02254,B2C,Paul,Tomlinson,snaylor@example.com,W63,Plymouth,South West,2025-06-05
CUST02255,B2C,Mathew,Jackson,millsmargaret@example.net,S5,Brighton,South East,2025-02-22
CUST02256,B2C,Anthony,Walton,katy72@example.org,S2K,Plymouth,South West,2026-04-21
CUST02257,B2C,Danny,Preston,cchapman@example.com,TR7B,Swansea,Wales,2024-11-04
CUST02258,B2C,Graham,Holt,vshah@example.net,S20,Derry,Northern Ireland,2026-02-24
CUST02259,B2C,Gavin,Jones,shahrachael@example.net,W2C,Newcastle,North East,2026-01-28
CUST02260,B2C,Josephine,Evans,whill@example.org,HU95,Wrexham,Wales,2026-05-31
CUST02261,B2C,Marcus,Woodward,samanthataylor@example.org,NP38,London,London,2024-11-01
CUST02262,B2C,Kieran,Watson,owenfrances@example.com,W3,Reading,South East,2025-05-29
CUST02263,B2C,Robin,Wood,spencerhayley@example.net,W1A,Newport,Wales,2025-05-26
CUST02264,B2C,Alice,Carroll,charlie46@example.com,MK1,Newport,Wales,2025-03-14
CUST02265,B2C,Jean,Thompson,vbaldwin@example.org,B74,Bristol,South West,2025-06-20
CUST02266,B2C,Alison,Potter,srichards@example.org,NW73,Newcastle,North East,2025-12-11
CUST02267,B2C,Jay,Bell,brayelliott@example.org,GL3,Blackpool,North West,2025-11-06
CUST02268,B2C,Carol,Mason,khanjosh@example.org,IP0,Middlesbrough,North East,2025-11-08
CUST02269,B2C,Alan,Fisher,jacobsingh@example.org,SS0,Belfast,Northern Ireland,2026-08-05
CUST02270,B2B,Raymond,Pearson,suttonadam@example.org,S7,Glasgow,Scotland,2024-09-08
CUST02271,B2C,Patricia,Walters,leachjoe@example.com,HP77,Dundee,Scotland,2026-01-05
CUST02272,B2C,Georgina,Edwards,fpoole@example.com,B13,Middlesbrough,North East,2025-04-03
CUST02273,B2C,Linda,Allen,hollysmart@example.com,DN31,Derry,Northern Ireland,2026-05-19
CUST02274,B2C,Michelle,Harris,martyn03@example.com,KT21,Edinburgh,Scotland,2024-08-09
CUST02275,B2C,Wayne,Wilson,xwebb@example.com,G3H,Dundee,Scotland,2025-08-26
CUST02276,B2C,Jonathan,Johnson,kstokes@example.net,G7,Glasgow,Scotland,2025-04-19
CUST02277,B2C,Elaine,O'Brien,carly64@example.org,GL5,Edinburgh,Scotland,2026-06-06
CUST02278,B2C,Sarah,Lamb,joneslydia@example.com,BT4X,Liverpool,North West,2026-06-01
CUST02279,B2C,Mandy,Read,matthewnolan@example.com,B9A,London,London,2025-03-21
CUST02280,B2C,Joshua,Davidson,willissarah@example.org,TQ0X,Glasgow,Scotland,2025-07-02
CUST02281,B2C,Rachel,Watson,mitchellhughes@example.org,KA86,London,London,2025-03-11
CUST02282,B2B,Jade,Mason,gregory95@example.org,TQ6,Southampton,South East,2024-09-22
CUST02283,B2C,David,Francis,jane96@example.net,W3,Nottingham,East Midlands,2026-04-12
CUST02284,B2C,Lewis,Cox,benjaminellis@example.net,DL7,Wrexham,Wales,2025-11-27
CUST02285,B2B,Amber,Duncan,fishercraig@example.net,N50,Preston,North West,2025-02-04
CUST02286,B2C,Owen,Lane,georgiadavies@example.net,LE0M,Bournemouth,South West,2025-04-03
CUST02287,B2C,Alexander,Burton,elliottpearce@example.com,CO3,Ipswich,East of England,2025-07-10
CUST02288,B2B,Sara,Johnson,jakestevens@example.com,L2H,London,London,2025-12-31
CUST02289,B2C,Bryan,Higgins,lorraineyoung@example.org,GL1,Manchester,North West,2024-11-23
CUST02290,B2C,Lawrence,Hughes,ehart@example.com,B00,Southampton,South East,2024-09-02
CUST02291,B2B,Ian,Brooks,jacqueline56@example.org,PE2M,Cardiff,Wales,2026-08-02
CUST02292,B2B,Clive,Davies,lcoles@example.org,B0,London,London,2025-01-08
CUST02293,B2C,Tina,White,moorecarly@example.net,E6,York,Yorkshire & Humber,2024-09-03
CUST02294,B2C,Nicola,Edwards,qbuckley@example.net,IV37,London,London,2025-08-15
CUST02295,B2C,Elliot,Jones,laurennicholls@example.net,TW2,Lincoln,East Midlands,2026-06-01
CUST02296,B2C,Katy,Daly,jcampbell@example.org,ST5,Lincoln,East Midlands,2026-02-13
CUST02297,B2C,Ian,Harrison,paigegreen@example.org,G9T,Leicester,East Midlands,2024-11-10
CUST02298,B2C,Donald,Ward,dominic70@example.org,N3,Exeter,South West,2025-01-25
CUST02299,B2C,Anthony,Schofield,lisa06@example.org,S5,Plymouth,South West,2026-06-29
CUST02300,B2B,Jane,Wells,pamelagreen@example.net,EH8,Leicester,East Midlands,2025-03-11
CUST02301,B2C,Iain,Newman,tobyphillips@example.com,M8,Ipswich,East of England,2024-12-14
CUST02302,B2B,Sally,Morris,johnhamilton@example.com,E7T,Sunderland,North East,2024-11-27
CUST02303,B2C,Georgia,Welch,janestephenson@example.org,L76,Dundee,Scotland,2025-11-01
CUST02304,B2C,Aimee,Smith,vaughantrevor@example.org,WF1W,Cambridge,East of England,2025-09-01
CUST02305,B2C,Janice,Nolan,ross96@example.net,M82,Sunderland,North East,2026-02-16
CUST02306,B2C,Janet,Brooks,wendygoddard@example.net,G5,Bournemouth,South West,2024-08-22
CUST02307,B2C,Barry,Lord,lisawillis@example.org,NP38,Hull,Yorkshire & Humber,2025-11-15
CUST02308,B2C,Dorothy,Stokes,lisagriffiths@example.org,DY6X,Nottingham,East Midlands,2026-07-15
CUST02309,B2C,Lesley,Brown,leelynn@example.org,KT74,Manchester,North West,2025-01-22
CUST02310,B2C,Jemma,Dobson,pickeringterence@example.net,SP97,Glasgow,Scotland,2025-05-23
CUST02311,B2B,Patrick,Wells,lesliebutcher@example.net,N33,Coventry,West Midlands,2024-10-05
CUST02312,B2C,Barbara,Clarke,tracey52@example.net,UB8M,Derby,East Midlands,2025-07-11
CUST02313,B2C,June,Freeman,anthonygreen@example.net,N4,Cardiff,Wales,2026-04-24
CUST02314,B2C,Charlie,Kaur,northjoanne@example.net,HR13,Sunderland,North East,2026-07-16
CUST02315,B2C,Deborah,Garner,phillipssophie@example.net,B2E,Ipswich,East of England,2026-01-16
CUST02316,B2C,Jennifer,Dodd,murphyfrances@example.net,LU3,London,London,2024-12-31
CUST02317,B2C,Molly,Fisher,tcooke@example.org,TQ2P,Southampton,South East,2025-12-01
CUST02318,B2C,Vincent,Thomas,sinclairmartyn@example.net,N6S,Hull,Yorkshire & Humber,2025-04-28
CUST02319,B2C,Amelia,Dickinson,ysimpson@example.com,PL57,Peterborough,East of England,2024-10-14
CUST02320,B2C,Mohammad,Lamb,coleirene@example.net,S62,Southampton,South East,2026-04-21
CUST02321,B2C,Luke,Kirk,david91@example.com,SS60,Cardiff,Wales,2025-08-27
CUST02322,B2C,Jenna,Jackson,martinsanders@example.net,IV22,Blackpool,North West,2025-10-04
CUST02323,B2C,Liam,Freeman,connor06@example.com,M7B,Aberdeen,Scotland,2025-06-06
CUST02324,B2C,Russell,Scott,wrighthoward@example.org,E7G,Newcastle,North East,2025-08-28
CUST02325,B2C,Matthew,Miller,gardinerbarry@example.org,N66,Derby,East Midlands,2025-08-23
CUST02326,B2B,Bethany,Anderson,elizabethanderson@example.com,WR0,Derry,Northern Ireland,2024-12-09
CUST02327,B2C,Diana,Clark,halljulia@example.com,SY77,Wrexham,Wales,2026-01-18
CUST02328,B2C,Roger,Barnes,jcooper@example.org,KY20,Coventry,West Midlands,2024-12-10
CUST02329,B2C,Shannon,Newman,clarewilkinson@example.com,L2J,Hull,Yorkshire & Humber,2025-06-20
CUST02330,B2B,Bruce,Potts,jillclarke@example.net,LE3P,Bristol,South West,2026-01-22
CUST02331,B2C,Tina,Goodwin,smiller@example.net,N38,Derry,Northern Ireland,2025-01-04
CUST02332,B2C,Helen,White,michelle82@example.com,G0G,Swansea,Wales,2026-04-08
CUST02333,B2C,Adam,Morris,kirstygibson@example.net,SN39,Belfast,Northern Ireland,2025-09-29
CUST02334,B2C,Dale,Dodd,nicoleedwards@example.net,S5,Preston,North West,2024-12-15
CUST02335,B2C,Raymond,Reid,baileythomas@example.com,CW5,Newport,Wales,2025-06-11
CUST02336,B2C,Donna,Watts,wparkes@example.net,HX9R,Derby,East Midlands,2024-12-31
CUST02337,B2C,Caroline,Jones,cookroger@example.net,SW8,Cambridge,East of England,2025-11-27
CUST02338,B2C,Sally,Kennedy,lindsey64@example.org,G14,Blackpool,North West,2024-10-31
CUST02339,B2C,Ronald,Richards,jeffrey92@example.net,B19,Ipswich,East of England,2024-11-15
CUST02340,B2C,Megan,Dale,yhopkins@example.net,M7,Derry,Northern Ireland,2026-05-14
CUST02341,B2C,Katy,Wells,jgrant@example.net,CM0,Nottingham,East Midlands,2025-10-31
CUST02342,B2C,Rhys,Bennett,chambersalison@example.com,S2,Sheffield,Yorkshire & Humber,2024-11-08
CUST02343,B2C,Shaun,Fletcher,odavies@example.com,N48,Ipswich,East of England,2025-11-24
CUST02344,B2C,Joan,Butler,alexandrahall@example.org,KW87,Reading,South East,2025-01-06
CUST02345,B2C,Catherine,Lloyd,hilarybird@example.net,HS7,Leeds,Yorkshire & Humber,2026-07-29
CUST02346,B2B,Brandon,Davey,perkinscharlotte@example.net,HR6B,Cardiff,Wales,2025-07-22
CUST02347,B2C,Kim,Dickinson,hwhittaker@example.com,HU5P,Southampton,South East,2025-06-05
CUST02348,B2C,Jack,Patel,ydavies@example.net,OX1,Glasgow,Scotland,2025-12-20
CUST02349,B2C,Trevor,Gibson,carolinepatel@example.org,N58,Blackpool,North West,2024-12-25
CUST02350,B2C,Allan,Richards,ysmith@example.com,S5B,Sunderland,North East,2025-12-07
CUST02351,B2C,Margaret,Kelly,glen34@example.org,SR15,London,London,2025-05-07
CUST02352,B2B,Jacob,Stanley,lucybell@example.net,G1E,Hull,Yorkshire & Humber,2026-04-01
CUST02353,B2C,Dominic,Smith,humphriesolivia@example.org,CM05,Leicester,East Midlands,2026-02-01
CUST02354,B2C,Hilary,Moore,johnsonscott@example.net,MK0,Wolverhampton,West Midlands,2024-12-22
CUST02355,B2B,Louis,Wilson,callumstone@example.net,LD63,Edinburgh,Scotland,2026-02-19
CUST02356,B2C,Suzanne,Dawson,dlamb@example.net,G2T,Southampton,South East,2025-05-02
CUST02357,B2C,Lynne,Roberts,lewissmith@example.org,SA9R,Blackpool,North West,2025-06-06
CUST02358,B2C,Pamela,Simpson,sally96@example.net,BT9V,Belfast,Northern Ireland,2024-12-20
CUST02359,B2B,Kathryn,Brown,bellgraham@example.org,NE78,Birmingham,West Midlands,2025-11-13
CUST02360,B2B,Timothy,Law,vhodgson@example.net,DH1Y,Blackpool,North West,2025-05-29
CUST02361,B2C,Lewis,Hanson,craig38@example.com,TF6X,Birmingham,West Midlands,2024-12-23
CUST02362,B2C,Katherine,Brown,lindseynicholson@example.org,E3S,Reading,South East,2024-10-03
CUST02363,B2C,Charlotte,Watson,janiceshah@example.com,CV95,Preston,North West,2025-12-07
CUST02364,B2B,Rebecca,Jackson,wbennett@example.com,E9A,London,London,2024-12-15
CUST02365,B2C,Jason,Welch,paige02@example.org,B4F,Preston,North West,2026-03-17
CUST02366,B2C,Angela,Clarke,glenroberts@example.net,G00,Derby,East Midlands,2026-06-27
CUST02367,B2C,Graeme,Smith,leighmarsh@example.com,PL44,Norwich,East of England,2025-08-05
CUST02368,B2C,Ashleigh,Andrews,gjones@example.com,B60,Preston,North West,2025-01-17
CUST02369,B2C,Stephen,Waters,kball@example.net,RH0,Lincoln,East Midlands,2025-01-29
CUST02370,B2C,Jasmine,Dodd,nsavage@example.org,TD7,London,London,2026-04-10
CUST02371,B2C,Gary,Fletcher,bruce43@example.com,PE6A,Derry,Northern Ireland,2025-08-27
CUST02372,B2B,Alexander,Higgins,shaneyates@example.com,DA1,York,Yorkshire & Humber,2025-03-30
CUST02373,B2B,Melissa,Evans,dbooth@example.net,AL8,Belfast,Northern Ireland,2024-11-28
CUST02374,B2C,Samuel,Russell,brianhall@example.org,M85,London,London,2025-09-14
CUST02375,B2C,Hugh,Savage,edavies@example.net,L05,Exeter,South West,2026-07-21
CUST02376,B2C,Abbie,Higgins,robertsgrace@example.net,GY7,Derby,East Midlands,2025-10-08
CUST02377,B2C,Andrew,Robinson,pamelamorrison@example.net,IM10,Derby,East Midlands,2025-08-09
CUST02378,B2C,Graham,Frost,francesca62@example.com,M1,Peterborough,East of England,2025-08-07
CUST02379,B2C,Matthew,Patel,williamskyle@example.net,S6T,Bristol,South West,2026-03-22
CUST02380,B2C,Rachel,Jones,bgreen@example.org,NR18,Ipswich,East of England,2024-09-23
CUST02381,B2C,Joyce,Hicks,mhudson@example.com,M3,Bournemouth,South West,2025-10-17
CUST02382,B2C,Craig,Fox,paulineprice@example.net,N94,Leeds,Yorkshire & Humber,2026-02-15
CUST02383,B2C,Tony,Day,jacqueline56@example.org,IP68,Hull,Yorkshire & Humber,2026-06-05
CUST02384,B2C,Lynda,Thomas,diana43@example.org,PA8,Liverpool,North West,2024-12-29
CUST02385,B2C,Sheila,Allen,robertwright@example.com,W6W,Plymouth,South West,2026-01-11
CUST02386,B2C,Amelia,Lee,tuckerjames@example.com,PE6,Wolverhampton,West Midlands,2025-07-02
CUST02387,B2C,Jean,Goodwin,stanleyjones@example.com,DA76,Birmingham,West Midlands,2026-04-21
CUST02388,B2C,Benjamin,Long,kateyates@example.net,B0B,Liverpool,North West,2026-04-13
CUST02389,B2B,Josh,Richardson,terencebrown@example.com,G6,Lincoln,East Midlands,2026-05-13
CUST02390,B2C,Graeme,Phillips,hopeeric@example.net,DY8M,Belfast,Northern Ireland,2026-06-01
CUST02391,B2C,Rachel,Spencer,twilliams@example.com,G3H,Cardiff,Wales,2025-01-22
CUST02392,B2C,Jonathan,Edwards,xlaw@example.org,ML5,Bristol,South West,2024-12-15
CUST02393,B2C,Leslie,Reynolds,oweston@example.net,NW5E,Wrexham,Wales,2026-05-27
CUST02394,B2C,Deborah,Carter,htaylor@example.com,L62,Ipswich,East of England,2024-11-13
CUST02395,B2B,Bryan,Carroll,birdleanne@example.net,E93,Middlesbrough,North East,2025-02-10
CUST02396,B2C,Bradley,Jones,whitejanice@example.org,B3E,Newport,Wales,2025-12-08
CUST02397,B2B,Thomas,Johnston,nyoung@example.com,SS6B,Cambridge,East of England,2025-09-28
CUST02398,B2C,Alexandra,Thomas,hopejayne@example.com,LE79,Belfast,Northern Ireland,2024-08-17
CUST02399,B2C,Anna,Green,sylviaburgess@example.net,S8E,London,London,2025-01-03
CUST02400,B2C,Darren,Rees,gary24@example.net,L8,Bristol,South West,2026-03-04
CUST02401,B2C,Amy,Hall,ricky52@example.net,W8,Wolverhampton,West Midlands,2025-07-21
CUST02402,B2C,Rhys,Booth,bennettaaron@example.com,L20,Derry,Northern Ireland,2025-10-08
CUST02403,B2C,Leon,Barber,kelly26@example.com,B3U,London,London,2025-09-29
CUST02404,B2C,Bethan,Poole,hiltonbryan@example.org,BD00,Leeds,Yorkshire & Humber,2025-07-14
CUST02405,B2B,Pauline,Turner,lhoughton@example.com,CA8,Cambridge,East of England,2026-03-18
CUST02406,B2C,Margaret,Lynch,lucylloyd@example.org,GY9,Derry,Northern Ireland,2025-09-08
CUST02407,B2C,Marcus,Scott,ocartwright@example.com,WV8,Wrexham,Wales,2024-08-29
CUST02408,B2C,Paul,Barrett,sinclairfrederick@example.org,LD4,Ipswich,East of England,2026-07-25
CUST02409,B2C,Chloe,Lawson,ntaylor@example.com,W9K,Dundee,Scotland,2024-12-25
CUST02410,B2C,Stephen,Davies,maryclark@example.net,G2T,Cambridge,East of England,2026-01-12
CUST02411,B2C,Tom,Murray,grahamgeoffrey@example.com,B25,Nottingham,East Midlands,2025-12-03
CUST02412,B2B,Sandra,Marsh,jameswendy@example.org,W4,Liverpool,North West,2026-01-23
CUST02413,B2C,Kelly,Jones,pmartin@example.org,N0C,Leicester,East Midlands,2025-03-18
CUST02414,B2C,Declan,Green,smithnorman@example.com,W36,Wolverhampton,West Midlands,2025-10-13
CUST02415,B2C,Julie,Smith,cooklinda@example.org,M6F,Newport,Wales,2024-10-04
CUST02416,B2C,Rachael,Clayton,popekathleen@example.org,NN52,Birmingham,West Midlands,2025-08-16
CUST02417,B2C,Diana,Davies,shannonsmith@example.net,W0J,Birmingham,West Midlands,2025-10-28
CUST02418,B2C,Helen,Morris,glen25@example.net,S7,London,London,2025-11-25
CUST02419,B2C,Gerald,Walker,dgregory@example.com,IG3,Southampton,South East,2025-02-17
CUST02420,B2C,Kate,Bull,patricialaw@example.com,BA3,Cambridge,East of England,2025-03-07
CUST02421,B2C,Marie,Smith,hallkate@example.net,S5U,Derry,Northern Ireland,2025-10-31
CUST02422,B2C,Ian,Ward,ypearce@example.org,L4U,Blackpool,North West,2026-05-22
CUST02423,B2C,Amy,Hobbs,eroberts@example.org,DY3,Plymouth,South West,2026-06-13
CUST02424,B2C,Tracey,Wood,lewislittle@example.com,W1,Peterborough,East of England,2025-12-27
CUST02425,B2C,Helen,Burton,shirley65@example.org,S0,Belfast,Northern Ireland,2026-04-07
CUST02426,B2C,Dale,Finch,hmurphy@example.com,FY6,Belfast,Northern Ireland,2025-09-19
CUST02427,B2C,Angela,Clark,olivia49@example.org,YO5A,Reading,South East,2025-05-13
CUST02428,B2B,Jean,Phillips,marion39@example.org,B8,Sheffield,Yorkshire & Humber,2024-09-27
CUST02429,B2C,Leah,Edwards,ypowell@example.com,L32,Leicester,East Midlands,2025-06-16
CUST02430,B2C,Bernard,Evans,walkermax@example.com,M0,Hull,Yorkshire & Humber,2025-02-11
CUST02431,B2C,Ricky,Mason,callumhudson@example.net,SO5W,Cambridge,East of England,2026-01-26
CUST02432,B2C,Matthew,Warner,tony32@example.org,LE4,Plymouth,South West,2025-02-21
CUST02433,B2C,Bethany,O'Connor,bwood@example.org,W7,Reading,South East,2025-12-24
CUST02434,B2C,Marian,Wheeler,pellis@example.org,W4,Cardiff,Wales,2026-06-28
CUST02435,B2C,Judith,Cook,stephaniethomas@example.net,L2,Oxford,South East,2024-10-29
CUST02436,B2C,Katie,Watkins,judithhobbs@example.net,M2G,Lincoln,East Midlands,2026-02-20
CUST02437,B2C,Lynne,Brown,iainmartin@example.com,G9,Preston,North West,2026-04-26
CUST02438,B2C,Katherine,Collier,qdickinson@example.com,KY75,Middlesbrough,North East,2025-01-15
CUST02439,B2C,Annette,White,marshallan@example.com,DL78,Peterborough,East of England,2025-04-06
CUST02440,B2C,Gary,Norris,waynehall@example.net,M2H,Newport,Wales,2026-06-15
CUST02441,B2C,Chelsea,Banks,harrietadams@example.com,DE75,Birmingham,West Midlands,2026-08-07
CUST02442,B2B,Jacob,Davies,martinlynda@example.net,M5,London,London,2024-11-05
CUST02443,B2C,Janice,Hunt,ybrown@example.com,N0,Preston,North West,2025-12-29
CUST02444,B2C,Francesca,Mills,bondpatrick@example.net,DL74,Aberdeen,Scotland,2025-02-03
CUST02445,B2B,Emma,Page,jpayne@example.org,B3H,Dundee,Scotland,2025-07-30
CUST02446,B2C,Craig,Clarke,scott55@example.net,B5,London,London,2026-02-05
CUST02447,B2C,Amelia,Patterson,ashleydavies@example.org,W69,Cardiff,Wales,2025-06-10
CUST02448,B2C,George,Hopkins,zmay@example.com,NE2N,Leicester,East Midlands,2026-06-11
CUST02449,B2C,Sara,Thompson,georgiabaker@example.org,HG1B,Bristol,South West,2025-07-03
CUST02450,B2C,Melanie,Morgan,ebirch@example.com,PR5X,Wolverhampton,West Midlands,2026-01-31
CUST02451,B2B,Alexandra,Harris,ann41@example.org,N4,Manchester,North West,2025-02-18
CUST02452,B2C,Dennis,Heath,bmoore@example.com,N56,Ipswich,East of England,2024-11-04
CUST02453,B2C,Ian,Williams,glenn54@example.com,BA0,London,London,2024-10-17
CUST02454,B2C,Alexander,Johnson,coxrussell@example.net,S9,Sheffield,Yorkshire & Humber,2025-11-12
CUST02455,B2C,Elliott,Jones,williamsderek@example.net,B4,Hull,Yorkshire & Humber,2025-09-09
CUST02456,B2C,Nathan,Hyde,connor56@example.com,M5,Middlesbrough,North East,2026-03-25
CUST02457,B2C,Molly,Wilson,jordanbooth@example.net,DA9,Reading,South East,2026-02-26
CUST02458,B2C,Brandon,Cross,hbentley@example.net,G1,Lincoln,East Midlands,2024-08-13
CUST02459,B2B,Dennis,Elliott,keithdickinson@example.com,W3,London,London,2024-08-13
CUST02460,B2C,Gemma,Stone,jemmaevans@example.com,W5,Oxford,South East,2024-09-05
CUST02461,B2C,Victor,Newman,paige58@example.net,N6,Sunderland,North East,2025-07-27
CUST02462,B2C,Geoffrey,Metcalfe,zoe12@example.com,M7B,Liverpool,North West,2026-04-07
CUST02463,B2C,Guy,Weston,gilliankennedy@example.org,GU87,London,London,2024-10-10
CUST02464,B2C,Paige,Duffy,heatherjames@example.org,B0D,London,London,2024-09-20
CUST02465,B2C,Pamela,Hussain,tracey50@example.com,CV6P,Preston,North West,2024-12-03
CUST02466,B2C,Kimberley,Hewitt,zfreeman@example.net,EC4R,Middlesbrough,North East,2025-07-23
CUST02467,B2C,Alexandra,Ward,ngallagher@example.com,G2,Middlesbrough,North East,2026-04-22
CUST02468,B2C,Marian,Williams,nathan93@example.com,N87,Derry,Northern Ireland,2024-08-16
CUST02469,B2B,Charles,Thomas,dalesingh@example.com,M4,Middlesbrough,North East,2026-08-07
CUST02470,B2C,Jake,Foster,gfreeman@example.net,W08,Exeter,South West,2026-01-23
CUST02471,B2C,Clifford,Ward,zoliver@example.org,SY89,Birmingham,West Midlands,2025-10-23
CUST02472,B2C,Amanda,Read,brandon36@example.com,M1,Bristol,South West,2025-04-28
CUST02473,B2C,Eleanor,Brown,peterwalker@example.net,G4J,Southampton,South East,2026-01-18
CUST02474,B2C,Stanley,Davies,deanmay@example.com,N3S,Coventry,West Midlands,2025-04-11
CUST02475,B2C,Emma,Lambert,garethpearson@example.org,AL7,Dundee,Scotland,2025-10-08
CUST02476,B2C,Kyle,Fisher,ycurtis@example.net,N1U,Glasgow,Scotland,2025-01-26
CUST02477,B2C,Elizabeth,Harrison,charleshall@example.com,SL6E,Middlesbrough,North East,2025-12-08
CUST02478,B2C,Anne,Smith,knightjayne@example.org,OL1R,Blackpool,North West,2026-03-21
CUST02479,B2C,Barbara,Houghton,carrnicola@example.org,BS9V,Wrexham,Wales,2026-01-23
CUST02480,B2C,Josephine,Lewis,simonhall@example.org,M4,Glasgow,Scotland,2025-05-28
CUST02481,B2C,Barry,Wilkinson,sinclairlauren@example.org,N2,Lincoln,East Midlands,2025-01-16
CUST02482,B2C,Georgia,Doyle,kellyanthony@example.com,LE6,Swansea,Wales,2024-10-29
CUST02483,B2C,Mohammad,Todd,liam82@example.org,E50,Preston,North West,2025-04-29
CUST02484,B2C,Richard,Carter,cmcdonald@example.org,E2,Bournemouth,South West,2025-06-25
CUST02485,B2C,Louis,Simpson,josh73@example.org,BT0,Belfast,Northern Ireland,2024-11-19
CUST02486,B2C,Jayne,Baker,stewart27@example.org,TS2E,Hull,Yorkshire & Humber,2024-08-19
CUST02487,B2C,Lawrence,Stewart,debraharris@example.net,ST4,Newcastle,North East,2025-03-08
CUST02488,B2B,Pamela,Noble,kross@example.com,L81,Belfast,Northern Ireland,2025-08-06
CUST02489,B2B,Mark,Barlow,tombarry@example.com,E98,London,London,2026-05-23
CUST02490,B2B,Glen,Bennett,vgibson@example.net,TN0,Lincoln,East Midlands,2026-05-29
CUST02491,B2C,Mitchell,Hope,wkaur@example.com,S1K,London,London,2024-10-31
CUST02492,B2C,Sam,Griffiths,clarkandrea@example.net,S0H,Belfast,Northern Ireland,2025-09-06
CUST02493,B2C,Jay,Wade,sheilarichardson@example.org,DN68,Norwich,East of England,2026-01-07
CUST02494,B2B,Lee,Hayward,paul93@example.net,M4H,Newcastle,North East,2026-07-28
CUST02495,B2C,Lynda,Holmes,mohamedrobinson@example.com,TF4,Cardiff,Wales,2026-01-31
CUST02496,B2C,Jay,Morgan,zrobinson@example.net,L40,Sunderland,North East,2026-02-18
CUST02497,B2C,Lynne,Wilkinson,ruthlane@example.net,B9F,Middlesbrough,North East,2026-01-12
CUST02498,B2B,Tracey,Hardy,amberabbott@example.org,M46,Ipswich,East of England,2025-09-07
CUST02499,B2B,Bethan,Norris,janethompson@example.net,G49,Hull,Yorkshire & Humber,2025-05-25
CUST02500,B2B,Ryan,Nicholls,kimhall@example.org,W85,London,London,2025-10-09
CUST02501,B2C,Lewis,Kaur,qball@example.net,OX2N,Plymouth,South West,2026-07-19
CUST02502,B2C,Clive,Parry,fsmith@example.net,L86,Sheffield,Yorkshire & Humber,2024-11-12
CUST02503,B2C,Stanley,Ryan,vanessa74@example.com,ZE39,Sunderland,North East,2026-03-06
CUST02504,B2C,Frederick,Gregory,yporter@example.com,TW0N,Derry,Northern Ireland,2024-12-05
CUST02505,B2C,Kieran,King,ithomas@example.net,WF94,Coventry,West Midlands,2025-02-11
CUST02506,B2C,Jodie,Porter,valerie50@example.net,TW1,Glasgow,Scotland,2025-03-25
CUST02507,B2C,Maureen,Jackson,nicholassingh@example.net,E1,Nottingham,East Midlands,2025-04-12
CUST02508,B2B,Dorothy,Preston,philipwalters@example.com,L9,Lincoln,East Midlands,2026-01-23
CUST02509,B2C,Brenda,Brown,daviesheather@example.net,DG35,Oxford,South East,2024-10-23
CUST02510,B2B,Michelle,Burns,owen15@example.com,DD8,Nottingham,East Midlands,2026-03-14
CUST02511,B2B,Janet,Begum,natalie79@example.org,SN8M,Bournemouth,South West,2024-10-01
CUST02512,B2C,Lucy,King,nigelhicks@example.com,BB36,Lincoln,East Midlands,2025-05-06
CUST02513,B2C,Dennis,Rose,elaine61@example.com,B35,Sunderland,North East,2024-12-05
CUST02514,B2C,Toby,Douglas,anthonyfield@example.com,SM1,Cardiff,Wales,2025-10-04
CUST02515,B2C,Denis,Carr,begumraymond@example.com,TW18,Oxford,South East,2025-03-03
CUST02516,B2B,Lucy,Smith,derek57@example.org,W5,York,Yorkshire & Humber,2025-10-29
CUST02517,B2C,Andrea,Burns,parryantony@example.org,CH95,Dundee,Scotland,2025-08-30
CUST02518,B2C,Debra,Bird,valeriepalmer@example.com,G15,Blackpool,North West,2025-10-04
CUST02519,B2C,Beth,Hall,cartermarilyn@example.net,JE12,Norwich,East of England,2024-10-08
CUST02520,B2C,Francis,Nicholls,marie41@example.net,BT6B,Newport,Wales,2025-04-06
CUST02521,B2C,Patricia,McKenzie,gracerussell@example.net,E06,Cardiff,Wales,2026-04-05
CUST02522,B2B,Elliot,Hart,davidfrost@example.org,KT5A,Bournemouth,South West,2024-08-16
CUST02523,B2C,Stephen,Donnelly,philipkerr@example.net,SL0,London,London,2026-04-29
CUST02524,B2C,Owen,Porter,gallagherkim@example.com,DA8,Lincoln,East Midlands,2025-10-08
CUST02525,B2C,Bruce,Atkinson,harrisantony@example.com,EH9,Leeds,Yorkshire & Humber,2025-09-24
CUST02526,B2C,Kelly,Dale,katiejames@example.com,DE5,Coventry,West Midlands,2025-05-22
CUST02527,B2C,Hazel,Williams,alice78@example.com,S2,Cardiff,Wales,2025-01-24
CUST02528,B2C,Karl,Holmes,amarsh@example.com,DG0,London,London,2024-12-04
CUST02529,B2C,Glenn,Warren,smithjayne@example.com,OX2X,Peterborough,East of England,2025-04-03
CUST02530,B2C,Alice,Lewis,sarahcook@example.org,L94,Coventry,West Midlands,2024-12-29
CUST02531,B2C,Paula,Allen,leonard22@example.org,B6,Brighton,South East,2025-07-22
CUST02532,B2B,Arthur,Waters,taylorarthur@example.com,M0,Derby,East Midlands,2024-10-29
CUST02533,B2B,Steven,Hill,rosie72@example.com,S4,Nottingham,East Midlands,2024-08-14
CUST02534,B2C,Bethan,Cooper,clarkjoan@example.com,DN8R,Middlesbrough,North East,2025-04-10
CUST02535,B2B,Ricky,Marshall,osullivanchristian@example.org,L0D,Hull,Yorkshire & Humber,2025-12-24
CUST02536,B2C,Kieran,Davis,ustevenson@example.com,W8,Nottingham,East Midlands,2025-06-19
CUST02537,B2C,Chelsea,Davies,uconway@example.com,B0E,York,Yorkshire & Humber,2026-05-09
CUST02538,B2C,Georgia,White,lloydnaomi@example.org,W59,Newcastle,North East,2025-04-05
CUST02539,B2C,Kirsty,Jones,lauren59@example.com,N0,Birmingham,West Midlands,2025-01-12
CUST02540,B2C,Nicholas,Knowles,jenna96@example.net,M1K,Dundee,Scotland,2025-03-28
CUST02541,B2C,Charlene,Marshall,joe37@example.org,G2J,Bournemouth,South West,2025-01-23
CUST02542,B2C,Luke,Roberts,tpearce@example.org,LE7,Sunderland,North East,2025-05-16
CUST02543,B2C,Douglas,Evans,lstephens@example.com,BN6,Norwich,East of England,2024-11-21
CUST02544,B2C,Abigail,Grant,qcameron@example.org,S23,London,London,2025-12-01
CUST02545,B2B,Justin,Ahmed,mitchellstacey@example.net,WF33,Cardiff,Wales,2025-09-21
CUST02546,B2B,Malcolm,Thorpe,donnajones@example.com,G0A,Blackpool,North West,2025-01-27
CUST02547,B2C,Nicholas,Edwards,lewis88@example.net,G3C,Exeter,South West,2025-04-28
CUST02548,B2C,Diane,Frost,meganmiddleton@example.org,SR7,Belfast,Northern Ireland,2026-01-12
CUST02549,B2C,Albert,Reynolds,daviesdarren@example.net,L45,Leicester,East Midlands,2025-04-04
CUST02550,B2C,Carolyn,Kaur,sharpelliott@example.com,L0J,Derry,Northern Ireland,2026-07-22
CUST02551,B2C,Anthony,Burgess,bcarter@example.com,M54,Wrexham,Wales,2026-05-23
CUST02552,B2B,Julian,Berry,mohammed49@example.org,S8H,Hull,Yorkshire & Humber,2025-03-07
CUST02553,B2C,Kayleigh,Evans,joyce33@example.com,BR6,Aberdeen,Scotland,2025-04-27
CUST02554,B2C,Wendy,Henderson,mitchellleon@example.org,NP7W,Leeds,Yorkshire & Humber,2024-08-09
CUST02555,B2C,Jacob,Morton,parkergraeme@example.org,W9U,Sunderland,North East,2024-08-08
CUST02556,B2C,Amanda,Wilson,elaine77@example.net,L1E,Reading,South East,2025-05-18
CUST02557,B2C,Cameron,Andrews,jeffreyjohnson@example.net,EX6,Middlesbrough,North East,2026-01-31
CUST02558,B2C,Grace,May,bethberry@example.org,NN6X,Plymouth,South West,2025-05-10
CUST02559,B2C,Elliott,Warner,kayleighwheeler@example.net,TN8N,Middlesbrough,North East,2025-10-23
CUST02560,B2C,George,Peacock,bishopeleanor@example.com,BT4,Dundee,Scotland,2025-09-02
CUST02561,B2C,Mitchell,Thompson,vbanks@example.com,CO0,Wolverhampton,West Midlands,2026-06-21
CUST02562,B2C,Megan,Price,leeeric@example.net,CT2B,Newport,Wales,2025-08-08
CUST02563,B2C,Sandra,Whittaker,brandon13@example.org,CV72,Middlesbrough,North East,2026-04-10
CUST02564,B2C,Martyn,Nicholls,jonesmelanie@example.com,G9U,Newcastle,North East,2026-05-10
CUST02565,B2C,Tracy,Harvey,bradleychelsea@example.org,S49,London,London,2025-10-02
CUST02566,B2B,Carly,Kent,christian94@example.org,M4K,Blackpool,North West,2026-07-05
CUST02567,B2B,Teresa,King,maria79@example.com,BS93,Sunderland,North East,2025-12-24
CUST02568,B2C,Victoria,Bell,treed@example.com,GL56,London,London,2024-09-04
CUST02569,B2C,Kayleigh,Evans,ericscott@example.org,CF9,Derry,Northern Ireland,2025-11-18
CUST02570,B2C,Kelly,Williams,jonesdamian@example.com,E9,Oxford,South East,2025-10-21
CUST02571,B2C,Jack,Hunt,barberchristopher@example.net,L4U,Derby,East Midlands,2024-10-24
CUST02572,B2C,Elliott,Campbell,hamiltonjasmine@example.net,L98,Coventry,West Midlands,2024-09-16
CUST02573,B2C,Gavin,Warren,amanda30@example.org,ZE2,Ipswich,East of England,2024-11-28
CUST02574,B2B,Christine,Johnson,mohammed82@example.net,S0,Preston,North West,2025-11-27
CUST02575,B2C,Robert,Walton,leslie28@example.org,M24,Swansea,Wales,2025-04-29
CUST02576,B2C,Harry,James,dallen@example.com,CF3E,Hull,Yorkshire & Humber,2025-04-08
CUST02577,B2C,Ruth,Howarth,russell17@example.net,LU8N,Newcastle,North East,2025-05-27
CUST02578,B2C,Mohamed,Jones,xsimpson@example.com,N16,Nottingham,East Midlands,2026-01-11
CUST02579,B2C,Joyce,Randall,christine45@example.com,N97,Wrexham,Wales,2025-12-31
CUST02580,B2C,Joan,Fox,mathewhughes@example.com,TN94,Lincoln,East Midlands,2026-08-03
CUST02581,B2C,Marie,Cox,finchyvonne@example.com,W8,London,London,2024-09-15
CUST02582,B2B,Jade,Lane,matthewsvanessa@example.com,E94,Wrexham,Wales,2026-06-11
CUST02583,B2C,Pauline,Bray,sylvia10@example.com,N64,Plymouth,South West,2024-12-25
CUST02584,B2C,Harry,Cooke,swiftbethany@example.net,TR6,Newport,Wales,2026-03-21
CUST02585,B2C,Samantha,Hart,nataliepalmer@example.org,N2E,Liverpool,North West,2026-04-13
CUST02586,B2C,Lauren,Harris,mbevan@example.com,N5D,Belfast,Northern Ireland,2026-03-18
CUST02587,B2C,Eric,Cole,rebeccaroberts@example.org,TF3,Coventry,West Midlands,2026-07-26
CUST02588,B2C,Nigel,Bowen,daniellegibson@example.org,G0,Cambridge,East of England,2025-02-23
CUST02589,B2C,Rita,Reeves,smithmartyn@example.org,NE47,Derry,Northern Ireland,2025-01-12
CUST02590,B2C,Carl,Chambers,leslie03@example.org,M13,London,London,2024-12-13
CUST02591,B2C,Carly,Pearson,nathanmoore@example.org,DD8,Peterborough,East of England,2026-02-13
CUST02592,B2C,Albert,Young,nhussain@example.com,W96,Lincoln,East Midlands,2026-05-06
CUST02593,B2C,Debra,Walters,hayley77@example.org,EC36,London,London,2025-05-29
CUST02594,B2C,Alexandra,Taylor,lynchhayley@example.net,L1,London,London,2025-08-28
CUST02595,B2C,Diane,Carter,whiggins@example.net,S0S,Swansea,Wales,2025-03-18
CUST02596,B2C,Lynn,Patel,harrisanthony@example.org,W8E,Southampton,South East,2025-11-26
CUST02597,B2C,Albert,Harper,frederick47@example.net,RM3,Sunderland,North East,2025-10-06
CUST02598,B2C,Jeffrey,Williams,peacockcheryl@example.com,GU29,Hull,Yorkshire & Humber,2025-02-07
CUST02599,B2C,Josh,Jones,mtaylor@example.com,L92,Exeter,South West,2025-03-07
CUST02600,B2C,Samuel,Gregory,daviesnigel@example.org,HD2,Lincoln,East Midlands,2024-10-18
CUST02601,B2C,Albert,Reynolds,igraham@example.net,N2,Birmingham,West Midlands,2025-02-10
CUST02602,B2C,Liam,Welch,eingram@example.net,S75,Derby,East Midlands,2024-09-18
CUST02603,B2C,Ronald,Smith,glittle@example.org,LA8,Leicester,East Midlands,2024-11-03
CUST02604,B2C,Pauline,Mitchell,smitholivia@example.com,B77,Aberdeen,Scotland,2024-12-29
CUST02605,B2C,Carly,Murphy,garrydean@example.net,M8E,Lincoln,East Midlands,2025-11-29
CUST02606,B2C,Rachel,Gilbert,freemanhugh@example.com,LS4,Nottingham,East Midlands,2025-03-08
CUST02607,B2C,Brian,Begum,irene51@example.net,B1,Hull,Yorkshire & Humber,2024-09-12
CUST02608,B2B,Lynn,Webb,qhowarth@example.org,M8E,Ipswich,East of England,2025-06-02
CUST02609,B2B,Jane,Anderson,boylemary@example.com,WR3H,Swansea,Wales,2025-03-02
CUST02610,B2C,Jean,Doherty,barrycarroll@example.com,CR51,Wrexham,Wales,2024-12-31
CUST02611,B2C,Carly,Hill,slee@example.com,SR2,Leicester,East Midlands,2026-06-07
CUST02612,B2C,Jean,Sheppard,lesley50@example.org,L9D,Liverpool,North West,2026-06-28
CUST02613,B2C,Rhys,Williams,cpower@example.org,TF01,Belfast,Northern Ireland,2024-11-02
CUST02614,B2C,Jenna,Dobson,dbentley@example.net,G6T,Belfast,Northern Ireland,2024-11-18
CUST02615,B2B,Benjamin,Thomson,bernard55@example.net,FY7R,Plymouth,South West,2026-01-09
CUST02616,B2C,Kevin,Smith,tracyevans@example.org,AB48,Dundee,Scotland,2025-10-11
CUST02617,B2C,Jill,Miller,walshjacqueline@example.net,AL80,Brighton,South East,2025-07-27
CUST02618,B2C,Adam,Frost,jgreen@example.com,DG2,Cardiff,Wales,2025-02-18
CUST02619,B2B,Joel,Willis,lukerussell@example.com,GL1,Newcastle,North East,2024-08-30
CUST02620,B2B,Jemma,Harper,mohammadkennedy@example.com,WA6W,Sunderland,North East,2026-07-13
CUST02621,B2B,Maria,Finch,mariarichardson@example.net,S06,Brighton,South East,2025-06-24
CUST02622,B2C,Norman,Jones,pchan@example.com,E8,Bristol,South West,2024-09-14
CUST02623,B2C,Philip,Price,ronald78@example.com,ML0N,Glasgow,Scotland,2025-10-12
CUST02624,B2C,Simon,Reeves,andreaferguson@example.org,B0E,Peterborough,East of England,2025-10-18
CUST02625,B2C,Lindsey,Wright,paynejay@example.net,TW9H,Preston,North West,2024-11-03
CUST02626,B2C,Elizabeth,Howells,pprice@example.org,SY25,Aberdeen,Scotland,2026-03-03
CUST02627,B2C,Garry,King,esmith@example.com,FK71,Derry,Northern Ireland,2026-03-22
CUST02628,B2C,Roy,Smith,marian73@example.org,LS6,Brighton,South East,2025-02-19
CUST02629,B2B,Angela,Dyer,roger03@example.net,WD9,Cambridge,East of England,2026-08-05
CUST02630,B2C,Graham,Lyons,tracy06@example.com,W2J,Coventry,West Midlands,2024-12-12
CUST02631,B2C,Reece,Wheeler,lloydclifford@example.net,N9,Preston,North West,2025-03-09
CUST02632,B2C,Geraldine,Smith,daleallen@example.com,PA4,London,London,2025-07-03
CUST02633,B2C,Natalie,Brown,marcushunt@example.org,NP2,Reading,South East,2024-10-12
CUST02634,B2C,Jayne,Robinson,jeancarpenter@example.net,BD65,Southampton,South East,2025-10-17
CUST02635,B2C,Clive,Harding,ashley91@example.org,CW91,Derry,Northern Ireland,2024-08-12
CUST02636,B2C,Stephanie,Singh,kimberley77@example.com,G9E,Reading,South East,2024-12-25
CUST02637,B2C,Dylan,Turner,albertdavis@example.net,M9H,Derry,Northern Ireland,2026-07-12
CUST02638,B2C,Janice,Perry,mandyhoward@example.org,MK2B,Derry,Northern Ireland,2025-09-23
CUST02639,B2C,Holly,Coleman,evansdouglas@example.org,UB0,Leicester,East Midlands,2026-03-01
CUST02640,B2B,Frederick,Humphreys,atkinskerry@example.net,N36,Leicester,East Midlands,2026-02-12
CUST02641,B2B,Callum,Atkins,davismichael@example.net,E8,Coventry,West Midlands,2025-07-06
CUST02642,B2B,Diane,Smith,tfraser@example.com,B0B,Nottingham,East Midlands,2026-06-13
CUST02643,B2C,Gordon,Bond,elliott95@example.net,M73,Newport,Wales,2025-11-14
CUST02644,B2B,Hugh,Nicholls,stewartdarren@example.com,B78,Bournemouth,South West,2025-02-23
CUST02645,B2C,Marie,Ryan,daviesmatthew@example.org,KY5,Exeter,South West,2025-10-31
CUST02646,B2C,Adrian,Murphy,uallen@example.net,W4G,Swansea,Wales,2025-08-24
CUST02647,B2C,Bryan,Warner,dalewilliams@example.net,L5,Sunderland,North East,2025-03-25
CUST02648,B2C,Ross,Davies,tbrown@example.com,CB7,York,Yorkshire & Humber,2025-12-05
CUST02649,B2C,Arthur,French,owen27@example.net,HX51,Lincoln,East Midlands,2025-05-17
CUST02650,B2C,Karl,Hall,awilson@example.com,B1H,Swansea,Wales,2025-08-10
CUST02651,B2C,Kelly,Ali,obaker@example.org,CB4,Liverpool,North West,2026-03-23
CUST02652,B2C,Trevor,Hancock,natasha01@example.net,B65,Brighton,South East,2025-07-25
CUST02653,B2C,Amanda,Coles,judith63@example.net,B56,Brighton,South East,2025-10-29
CUST02654,B2C,Natasha,Phillips,bethgeorge@example.org,S4,Bristol,South West,2026-01-24
CUST02655,B2C,Valerie,Cook,youngchelsea@example.com,GL8,Southampton,South East,2026-01-09
CUST02656,B2C,Stewart,Ball,rdavies@example.com,N0F,Belfast,Northern Ireland,2024-11-26
CUST02657,B2C,Jamie,Reid,rogerslee@example.com,BB7N,Sheffield,Yorkshire & Humber,2026-03-06
CUST02658,B2C,Chelsea,Miller,thompsonvalerie@example.com,HG12,Bournemouth,South West,2025-05-06
CUST02659,B2C,Harriet,Rose,ngreen@example.com,S0G,London,London,2024-11-17
CUST02660,B2C,Timothy,Knight,louis32@example.net,L1,Blackpool,North West,2025-12-28
CUST02661,B2C,Sylvia,Morgan,bruce20@example.org,PO2R,Cambridge,East of England,2024-12-12
CUST02662,B2C,Bethan,Saunders,cdavis@example.com,S9K,Southampton,South East,2026-03-04
CUST02663,B2C,Mathew,Oliver,oliver38@example.org,B17,Sheffield,Yorkshire & Humber,2025-02-03
CUST02664,B2B,Dean,Harrison,qnorth@example.com,WN8M,Leeds,Yorkshire & Humber,2025-04-14
CUST02665,B2C,Ian,Kirk,jeremy91@example.net,SP09,Leeds,Yorkshire & Humber,2026-05-17
CUST02666,B2B,Lynne,Dickinson,qwatson@example.com,N4H,Glasgow,Scotland,2025-05-07
CUST02667,B2B,Philip,Hancock,bethbenson@example.net,CB5,Newport,Wales,2025-10-27
CUST02668,B2C,Alan,Armstrong,jnorth@example.com,E26,Nottingham,East Midlands,2024-12-01
CUST02669,B2C,Raymond,Edwards,edwardsgeorgina@example.com,BD3,London,London,2025-04-14
CUST02670,B2C,William,Roberts,donaldfox@example.com,S84,Leeds,Yorkshire & Humber,2026-05-30
CUST02671,B2C,Kevin,Henderson,irene82@example.org,ST02,Derry,Northern Ireland,2025-11-05
CUST02672,B2B,Raymond,Smith,ariley@example.net,L9,Nottingham,East Midlands,2026-02-18
CUST02673,B2B,Alice,Bailey,leannedavies@example.com,PR4W,Sunderland,North East,2026-04-09
CUST02674,B2C,Melanie,Mitchell,kbegum@example.org,BB1P,Sunderland,North East,2025-07-07
CUST02675,B2C,Trevor,Green,stevenweston@example.net,SA2,Middlesbrough,North East,2025-07-05
CUST02676,B2C,Benjamin,Jones,fergusoncaroline@example.net,HU0,York,Yorkshire & Humber,2026-02-12
CUST02677,B2C,Carole,Byrne,ystone@example.net,TA8W,Belfast,Northern Ireland,2025-12-20
CUST02678,B2C,Mathew,Moore,reedlisa@example.net,IV42,Middlesbrough,North East,2025-07-15
CUST02679,B2C,Ross,Saunders,sallyhill@example.org,HS3W,Norwich,East of England,2026-07-30
CUST02680,B2B,Mark,Rose,lauraahmed@example.com,M1,Edinburgh,Scotland,2024-11-04
CUST02681,B2C,Kathleen,Ross,hayley45@example.net,LD2W,York,Yorkshire & Humber,2024-12-08
CUST02682,B2B,James,Watson,egeorge@example.net,HR89,Exeter,South West,2025-08-18
CUST02683,B2C,Denise,Henderson,maureen25@example.com,E3E,Ipswich,East of England,2025-11-07
CUST02684,B2C,Marion,Jackson,gerald15@example.com,PL3E,Glasgow,Scotland,2025-05-03
CUST02685,B2C,Gary,O'Brien,iwarren@example.net,KT66,London,London,2025-01-31
CUST02686,B2C,Kerry,Pickering,amber23@example.org,W9,Hull,Yorkshire & Humber,2024-09-21
CUST02687,B2B,Vanessa,Jones,tombrowne@example.org,M3,Leicester,East Midlands,2025-05-08
CUST02688,B2C,Terry,Whitehouse,albertrowe@example.net,DG1,Southampton,South East,2024-11-12
CUST02689,B2C,Brenda,Cole,bakerthomas@example.org,IG9H,Lincoln,East Midlands,2025-09-22
CUST02690,B2C,Brenda,Roberts,leighbrooks@example.org,GU44,Peterborough,East of England,2026-05-25
CUST02691,B2C,Marilyn,Moore,walkerjoel@example.net,B1,Derry,Northern Ireland,2024-08-16
CUST02692,B2C,Benjamin,Wood,angela69@example.net,GY11,Sheffield,Yorkshire & Humber,2025-03-23
CUST02693,B2C,Bruce,Miller,ejohn@example.net,L79,Belfast,Northern Ireland,2024-08-29
CUST02694,B2C,Ronald,Khan,jsmith@example.net,HA0,London,London,2025-06-21
CUST02695,B2B,Melanie,Stewart,kathleen73@example.org,M2,Sunderland,North East,2025-10-08
CUST02696,B2C,Oliver,Green,donald10@example.com,CW2R,Blackpool,North West,2025-02-12
CUST02697,B2C,Patrick,Whitehead,mohammad17@example.net,L1,Belfast,Northern Ireland,2026-01-20
CUST02698,B2C,Leigh,Thompson,francesca27@example.org,WA12,Wolverhampton,West Midlands,2025-04-16
CUST02699,B2C,Brian,Morrison,chamberstracy@example.com,KY8,Birmingham,West Midlands,2025-06-02
CUST02700,B2C,Stephen,Lamb,duncansmith@example.net,WN7,Leicester,East Midlands,2025-10-22
CUST02701,B2C,Lucy,Payne,danielle37@example.com,BS2N,Derry,Northern Ireland,2026-02-01
CUST02702,B2C,Elizabeth,King,cwalton@example.org,E98,Belfast,Northern Ireland,2026-01-10
CUST02703,B2B,Russell,King,arobinson@example.com,N4,London,London,2026-05-22
CUST02704,B2C,Joseph,Mills,nixonmolly@example.net,EX6,Swansea,Wales,2025-06-12
CUST02705,B2B,Marilyn,Smith,wmurphy@example.org,AL9Y,Brighton,South East,2024-11-25
CUST02706,B2C,Brian,Richards,bowensteven@example.net,B77,Hull,Yorkshire & Humber,2025-06-26
CUST02707,B2C,David,Harvey,louisesmith@example.net,KA0M,Reading,South East,2024-11-23
CUST02708,B2C,Leah,North,birdstephanie@example.com,W6H,Birmingham,West Midlands,2025-12-25
CUST02709,B2C,Alison,Miller,hollie32@example.org,W8,Derby,East Midlands,2025-08-29
CUST02710,B2C,Margaret,Stone,shane29@example.net,WR1W,Hull,Yorkshire & Humber,2025-06-12
CUST02711,B2C,Leon,Gould,eellis@example.com,TN08,Oxford,South East,2026-06-30
CUST02712,B2B,Shane,Kelly,leighmiles@example.org,S0E,Cardiff,Wales,2025-05-01
CUST02713,B2C,Luke,Bolton,hussaincraig@example.net,NR7,Manchester,North West,2024-10-19
CUST02714,B2C,Lynn,George,matthewskeith@example.com,ZE3,Swansea,Wales,2026-03-21
CUST02715,B2C,Rebecca,Francis,hmurphy@example.net,BA5W,Wrexham,Wales,2025-07-01
CUST02716,B2C,Jemma,Miller,billybennett@example.net,W6T,London,London,2025-06-27
CUST02717,B2C,Terry,Sheppard,shane41@example.org,B36,Birmingham,West Midlands,2026-06-30
CUST02718,B2C,Charles,Campbell,leewilliams@example.net,EH84,Hull,Yorkshire & Humber,2024-09-11
CUST02719,B2C,Leigh,Collins,bibiarthur@example.com,OX5A,Exeter,South West,2026-03-10
CUST02720,B2C,Sam,Parsons,lydia06@example.com,N31,Bristol,South West,2026-08-02
CUST02721,B2C,Helen,Hayes,ywilliamson@example.net,G6,Derby,East Midlands,2024-09-09
CUST02722,B2C,Paul,Wood,marian51@example.org,W11,Exeter,South West,2026-05-06
CUST02723,B2C,Helen,Morgan,jacobdavey@example.net,M0U,Dundee,Scotland,2026-06-15
CUST02724,B2C,Carole,Khan,ujones@example.net,W1F,Middlesbrough,North East,2025-05-08
CUST02725,B2C,Angela,Collins,raymond65@example.net,E8E,Swansea,Wales,2026-01-13
CUST02726,B2C,Amelia,Webb,rossdouglas@example.org,KY4,Manchester,North West,2026-01-26
CUST02727,B2C,Charlene,Wilson,alexander24@example.net,N4A,Bristol,South West,2025-12-03
CUST02728,B2C,Kevin,Barnes,jacobbartlett@example.com,S2,Cardiff,Wales,2025-10-21
CUST02729,B2B,Robin,Brown,grace37@example.com,M0,Sheffield,Yorkshire & Humber,2025-12-06
CUST02730,B2C,Catherine,Richards,laura88@example.com,CF15,Brighton,South East,2026-02-14
CUST02731,B2C,Martyn,Jones,duncannicola@example.com,G3F,Swansea,Wales,2025-01-13
CUST02732,B2C,Edward,Singh,heather24@example.net,N65,Middlesbrough,North East,2025-12-23
CUST02733,B2C,James,West,pricediane@example.com,N86,York,Yorkshire & Humber,2025-07-22
CUST02734,B2C,Carole,Humphreys,eleanorparker@example.org,E4,Edinburgh,Scotland,2024-09-18
CUST02735,B2C,Abdul,Gibbons,sara66@example.net,N43,Derby,East Midlands,2024-09-22
CUST02736,B2C,Carl,Miles,yreynolds@example.net,L9,Swansea,Wales,2025-07-03
CUST02737,B2C,Abigail,Jones,carolyn31@example.net,TD7V,Ipswich,East of England,2026-03-30
CUST02738,B2C,Maureen,Hardy,angela06@example.net,SL8Y,Cardiff,Wales,2026-05-09
CUST02739,B2C,Bruce,Long,howarddamien@example.com,W08,Cambridge,East of England,2024-11-02
CUST02740,B2B,Michael,Wells,dominicmarshall@example.net,S7S,Manchester,North West,2024-12-14
CUST02741,B2C,Eileen,Briggs,turnerjulian@example.com,EH0E,Reading,South East,2024-09-16
CUST02742,B2C,Aimee,Walker,jemma09@example.com,RG67,Liverpool,North West,2025-04-20
CUST02743,B2C,Francis,Ross,jonesduncan@example.org,DD20,Reading,South East,2026-07-21
CUST02744,B2C,Jill,Bailey,naomimitchell@example.com,S1,Blackpool,North West,2025-12-03
CUST02745,B2C,Roy,Evans,yberry@example.org,TW5P,Oxford,South East,2026-03-23
CUST02746,B2C,Mohammed,Hughes,wrightjane@example.com,AL25,Lincoln,East Midlands,2025-11-11
CUST02747,B2C,Lynn,Hughes,peterjenkins@example.org,NW0W,London,London,2024-09-20
CUST02748,B2C,Karl,Ferguson,dylanmartin@example.com,SE3N,Norwich,East of England,2024-11-14
CUST02749,B2B,Shane,Ryan,danielle96@example.org,G9,Swansea,Wales,2024-11-23
CUST02750,B2C,Mitchell,Cox,ghill@example.com,IG37,Liverpool,North West,2025-05-09
CUST02751,B2C,Max,Smith,kpritchard@example.com,B16,Aberdeen,Scotland,2025-06-30
CUST02752,B2C,Dawn,Little,freed@example.net,N2F,Blackpool,North West,2026-01-25
CUST02753,B2C,Ashley,Norman,esmith@example.org,TF79,Manchester,North West,2025-04-02
CUST02754,B2C,Ronald,Wilkinson,hodgsonkieran@example.net,M3C,Wrexham,Wales,2026-05-31
CUST02755,B2C,Callum,Chapman,katiesimpson@example.net,LN8B,Belfast,Northern Ireland,2024-10-14
CUST02756,B2C,Terence,Bartlett,alexanderwhittaker@example.net,W8,Norwich,East of England,2025-02-05
CUST02757,B2C,Barbara,Hutchinson,djones@example.net,S8D,Sunderland,North East,2025-06-24
CUST02758,B2C,Bernard,Brown,joycegibbons@example.com,DE79,Dundee,Scotland,2025-06-04
CUST02759,B2B,Kerry,Collins,coopermelissa@example.com,S52,Manchester,North West,2025-02-20
CUST02760,B2C,Frank,Smith,lynn24@example.com,W3H,Middlesbrough,North East,2026-06-09
CUST02761,B2C,Nicholas,Page,natashasmith@example.net,N72,Middlesbrough,North East,2025-11-11
CUST02762,B2C,Stuart,Kennedy,lewisbethan@example.com,SG5,Belfast,Northern Ireland,2024-08-08
CUST02763,B2C,Olivia,Mills,smithgordon@example.org,WC2,Dundee,Scotland,2025-10-16
CUST02764,B2C,Rachael,Walker,nicola97@example.org,OX0V,Belfast,Northern Ireland,2026-07-19
CUST02765,B2C,Sally,Taylor,ryanfisher@example.com,W97,Edinburgh,Scotland,2026-04-21
CUST02766,B2C,Graham,Nicholson,erobinson@example.net,E2G,Derry,Northern Ireland,2025-01-10
CUST02767,B2C,Raymond,King,bethharvey@example.com,G0B,Brighton,South East,2026-03-22
CUST02768,B2C,Steven,Richards,jamesmitchell@example.com,G74,Liverpool,North West,2024-10-27
CUST02769,B2C,Raymond,Reed,evansrussell@example.net,S1,Derry,Northern Ireland,2025-03-02
CUST02770,B2C,Bradley,Palmer,leeslucy@example.net,WN7P,Manchester,North West,2024-08-12
CUST02771,B2C,George,Williams,dholmes@example.com,E5,Aberdeen,Scotland,2025-09-27
CUST02772,B2C,Jonathan,Howe,imorris@example.com,AB53,Norwich,East of England,2024-12-31
CUST02773,B2C,Samantha,Morris,eileenevans@example.org,AL0A,Plymouth,South West,2025-10-20
CUST02774,B2C,Garry,Oliver,ian50@example.net,G2G,Belfast,Northern Ireland,2025-02-17
CUST02775,B2C,Stephanie,Franklin,kpope@example.org,G3T,Reading,South East,2025-01-19
CUST02776,B2C,Eileen,Lewis,quinnbethany@example.net,S2,Peterborough,East of England,2025-06-17
CUST02777,B2C,Stuart,Browne,ochadwick@example.org,DD72,London,London,2025-07-01
CUST02778,B2C,Shaun,Reynolds,adrian46@example.org,WV6,Ipswich,East of England,2025-06-02
CUST02779,B2C,Reece,Riley,kayleighdean@example.org,SS6X,Leicester,East Midlands,2025-08-19
CUST02780,B2C,Adam,Barnett,elaine99@example.com,KT5R,Leicester,East Midlands,2024-12-24
CUST02781,B2B,Martyn,Murray,brandongeorge@example.net,B16,Oxford,South East,2025-04-13
CUST02782,B2B,Owen,Wall,clewis@example.com,E9,Oxford,South East,2025-06-21
CUST02783,B2C,Lydia,Smith,singhphilip@example.org,OL1,Plymouth,South West,2025-11-07
CUST02784,B2C,Vincent,Singh,kelly42@example.org,IP9V,Sunderland,North East,2025-04-30
CUST02785,B2C,Mandy,Russell,gchapman@example.org,W70,London,London,2026-07-19
CUST02786,B2C,Louise,Jones,jonesronald@example.com,L6,Derry,Northern Ireland,2025-03-31
CUST02787,B2C,Lynn,Humphries,zwhitehead@example.com,WN0Y,Reading,South East,2024-10-18
CUST02788,B2B,Jacob,Osborne,liam61@example.com,KT2,Nottingham,East Midlands,2024-11-13
CUST02789,B2C,Charlie,Morrison,leah99@example.net,EH1,Cardiff,Wales,2026-07-25
CUST02790,B2C,Graeme,Barrett,marcvaughan@example.org,E7,London,London,2024-11-13
CUST02791,B2B,Vincent,Green,charlie49@example.org,G20,Edinburgh,Scotland,2024-12-25
CUST02792,B2C,Jenna,Clarke,collinshilary@example.org,HG0,Bristol,South West,2026-01-01
CUST02793,B2C,Molly,Todd,gclark@example.net,L9G,Ipswich,East of England,2025-01-08
CUST02794,B2C,Rosie,Hudson,paulinehowarth@example.net,N0,Sunderland,North East,2026-06-12
CUST02795,B2C,Mark,Lee,mgraham@example.net,E1C,Southampton,South East,2024-12-26
CUST02796,B2C,Norman,Matthews,kennethbennett@example.com,TS5,London,London,2025-03-10
CUST02797,B2C,Adam,Porter,irenesykes@example.com,YO79,Manchester,North West,2025-07-24
CUST02798,B2C,Rachael,Smith,nowen@example.net,BR5,Dundee,Scotland,2026-02-05
CUST02799,B2C,Lesley,Ward,jasminewalsh@example.com,L2,York,Yorkshire & Humber,2025-04-11
CUST02800,B2C,Alexandra,Patel,bethan28@example.com,SA0,Derry,Northern Ireland,2026-02-17
CUST02801,B2C,Melissa,Patel,robin95@example.org,S47,Wrexham,Wales,2026-02-28
CUST02802,B2C,Keith,Davies,ericmorgan@example.com,SP0,Coventry,West Midlands,2025-02-02
CUST02803,B2C,Duncan,Rowley,jacob02@example.com,L37,London,London,2025-03-31
CUST02804,B2B,Alexander,Whittaker,abigail81@example.com,CA9,Liverpool,North West,2025-10-16
CUST02805,B2C,Carol,Wilkinson,hollie46@example.org,E44,Aberdeen,Scotland,2025-08-17
CUST02806,B2B,Francis,Bradshaw,hobbsmathew@example.net,DE5B,Derry,Northern Ireland,2025-01-28
CUST02807,B2C,Megan,Ali,gavin47@example.org,W2W,Derry,Northern Ireland,2026-05-30
CUST02808,B2C,Iain,Austin,johndavis@example.com,E1,Liverpool,North West,2025-03-01
CUST02809,B2C,Dominic,Martin,frankking@example.net,L9S,Derry,Northern Ireland,2025-08-18
CUST02810,B2C,Carolyn,Johnson,adam84@example.com,EN4A,Hull,Yorkshire & Humber,2024-10-02
CUST02811,B2B,Howard,Mills,charlene33@example.net,E2,Norwich,East of England,2025-04-20
CUST02812,B2C,Anthony,Jones,huntmartyn@example.net,PE34,Middlesbrough,North East,2026-04-02
CUST02813,B2C,June,Price,douglas54@example.net,HU0,Nottingham,East Midlands,2025-06-21
CUST02814,B2C,Sally,Brown,francismalcolm@example.net,E81,Dundee,Scotland,2025-07-16
CUST02815,B2B,Ellie,Lane,holmestony@example.org,DE93,Norwich,East of England,2025-06-28
CUST02816,B2C,Daniel,Robson,joannagraham@example.com,S2W,London,London,2026-06-07
CUST02817,B2C,Beverley,Wilson,parkeralex@example.net,HA3,Bournemouth,South West,2024-09-03
CUST02818,B2C,Bethany,Lawrence,pking@example.net,W32,Belfast,Northern Ireland,2025-04-05
CUST02819,B2C,Dale,Jackson,martyn93@example.org,B49,Dundee,Scotland,2026-01-22
CUST02820,B2C,Clare,Owen,higginsbarry@example.com,L1G,London,London,2025-03-28
CUST02821,B2C,Frances,Patterson,leepotts@example.net,SR9,Exeter,South West,2024-10-13
CUST02822,B2C,Rosemary,Evans,suttonguy@example.net,WA24,Wolverhampton,West Midlands,2025-12-09
CUST02823,B2C,Kyle,Morris,gavinsmith@example.com,CW69,Blackpool,North West,2026-01-04
CUST02824,B2C,Paul,Rahman,danny68@example.net,S1,Ipswich,East of England,2025-03-23
CUST02825,B2C,Alexander,Jackson,ellisconnor@example.net,B4,Nottingham,East Midlands,2024-10-03
CUST02826,B2C,Jamie,Noble,qthompson@example.com,B3,Oxford,South East,2025-09-25
CUST02827,B2C,Roger,Reynolds,robinsonlaura@example.org,M8W,Hull,Yorkshire & Humber,2026-07-11
CUST02828,B2C,Glen,Johnson,qsmith@example.net,LD7A,Belfast,Northern Ireland,2025-12-28
CUST02829,B2C,Rosie,Marshall,toddcarolyn@example.com,W6W,Derry,Northern Ireland,2026-04-03
CUST02830,B2C,Lydia,Ford,kieran85@example.com,BT5V,Leicester,East Midlands,2024-12-20
CUST02831,B2C,Shannon,Grant,bthomas@example.com,B7,Blackpool,North West,2025-07-01
CUST02832,B2C,Helen,Jennings,hbird@example.com,GU7H,Belfast,Northern Ireland,2024-08-22
CUST02833,B2C,Paul,Richardson,douglasbarnes@example.net,B2H,Oxford,South East,2025-12-27
CUST02834,B2C,Rosie,Nelson,ronaldwilliams@example.org,CF1M,Newport,Wales,2026-04-09
CUST02835,B2C,Ruth,Daly,acampbell@example.org,L8,York,Yorkshire & Humber,2025-12-06
CUST02836,B2C,John,Evans,rossguy@example.net,N11,Belfast,Northern Ireland,2025-05-10
CUST02837,B2C,Nathan,Hicks,bstone@example.com,EC92,Aberdeen,Scotland,2025-06-25
CUST02838,B2C,Dawn,Gibbs,joel69@example.com,B10,Coventry,West Midlands,2026-03-03
CUST02839,B2B,Alexandra,Khan,dianehill@example.net,N6S,Cardiff,Wales,2026-01-02
CUST02840,B2C,Zoe,Russell,hawkinsrosie@example.org,W61,Manchester,North West,2025-01-28
CUST02841,B2B,Liam,Butcher,richardsdouglas@example.org,G3,Manchester,North West,2025-07-18
CUST02842,B2C,Laura,Webb,francis25@example.org,B12,York,Yorkshire & Humber,2025-12-25
CUST02843,B2C,Louise,Greenwood,max65@example.com,L54,London,London,2024-10-09
CUST02844,B2B,Andrew,Webb,smithmartyn@example.org,ME05,Cardiff,Wales,2024-12-27
CUST02845,B2C,Amy,McCarthy,nicole65@example.net,CM7,Derry,Northern Ireland,2025-02-15
CUST02846,B2C,Jade,Freeman,christine67@example.net,KA94,Exeter,South West,2026-02-09
CUST02847,B2C,Grace,Cunningham,atkinspauline@example.net,L3,Middlesbrough,North East,2026-06-24
CUST02848,B2C,Geraldine,Lynch,antonypowell@example.org,S6,Middlesbrough,North East,2026-07-15
CUST02849,B2C,Marc,Miller,michelle14@example.org,W68,Derry,Northern Ireland,2025-06-14
CUST02850,B2C,Hollie,Dixon,wadebryan@example.net,E0,Cardiff,Wales,2024-09-24
CUST02851,B2C,Sam,Thompson,jacquelinejones@example.org,EX3M,Glasgow,Scotland,2026-04-30
CUST02852,B2C,Suzanne,Harris,kathrynmiller@example.net,W0E,Plymouth,South West,2026-01-22
CUST02853,B2C,Sean,Smith,brownshane@example.net,M43,Wrexham,Wales,2024-11-08
CUST02854,B2C,Kathryn,Manning,holly02@example.org,RG51,Bournemouth,South West,2025-03-17
CUST02855,B2C,Ian,White,bwatson@example.net,NG2,Wolverhampton,West Midlands,2025-02-02
CUST02856,B2C,Naomi,White,ratkinson@example.com,N2,Belfast,Northern Ireland,2026-02-19
CUST02857,B2C,Rosie,Thomas,fwilliams@example.net,N9U,Newcastle,North East,2025-08-10
CUST02858,B2C,Simon,Turner,gordonstephen@example.org,L53,Blackpool,North West,2025-06-21
CUST02859,B2C,Heather,Akhtar,harryturner@example.net,NG2P,York,Yorkshire & Humber,2024-09-24
CUST02860,B2C,Shirley,Edwards,kirsty30@example.org,AL0,London,London,2026-06-02
CUST02861,B2C,Leon,Fisher,ismith@example.com,MK03,Leeds,Yorkshire & Humber,2026-07-16
CUST02862,B2C,Kate,Begum,glewis@example.net,B50,Wrexham,Wales,2024-09-09
CUST02863,B2C,Gerard,Storey,mitchelltaylor@example.net,W3,Dundee,Scotland,2024-10-27
CUST02864,B2C,Hannah,Brown,slowe@example.com,E6,Derry,Northern Ireland,2024-10-14
CUST02865,B2C,Charles,Cooper,jonesjune@example.org,M1,Lincoln,East Midlands,2026-07-16
CUST02866,B2B,Rita,Sheppard,wilsonjacob@example.com,BA1,Swansea,Wales,2024-09-17
CUST02867,B2C,Adam,Thomas,wdavies@example.net,ME50,Swansea,Wales,2024-08-19
CUST02868,B2C,Bradley,Holloway,ann45@example.org,WF45,Hull,Yorkshire & Humber,2026-03-13
CUST02869,B2C,Carol,Murphy,fosterkerry@example.org,B9J,London,London,2026-05-14
CUST02870,B2C,Bethan,Newman,wendy05@example.net,L7,London,London,2025-08-20
CUST02871,B2C,Stuart,Perry,liamsullivan@example.net,BS1,Belfast,Northern Ireland,2025-06-20
CUST02872,B2B,Abdul,Parry,huntjane@example.net,M87,Manchester,North West,2025-09-08
CUST02873,B2C,Kenneth,Coles,qward@example.org,B6E,Oxford,South East,2024-09-07
CUST02874,B2C,Bethany,Howard,molly56@example.net,CB4,Belfast,Northern Ireland,2025-02-03
CUST02875,B2C,Hilary,Brown,wayne29@example.net,WR89,Swansea,Wales,2025-06-20
CUST02876,B2C,Stacey,Atkins,ijones@example.net,DE55,Reading,South East,2026-07-18
CUST02877,B2C,Jessica,Marshall,mohamed03@example.com,B75,Wrexham,Wales,2025-11-15
CUST02878,B2C,Pamela,Kaur,ghoughton@example.com,LD5,Plymouth,South West,2026-04-20
CUST02879,B2C,Dorothy,Murray,pamelabrown@example.net,E81,Newcastle,North East,2025-04-09
CUST02880,B2C,Trevor,Johnson,seanlawrence@example.org,BT88,Edinburgh,Scotland,2025-04-22
CUST02881,B2C,Chloe,Watkins,taylorlynne@example.com,SK3X,Reading,South East,2024-08-15
CUST02882,B2C,Mohamed,Carroll,jdavies@example.com,CM1,London,London,2026-06-07
CUST02883,B2C,Jeremy,Brady,bholden@example.com,ME90,Belfast,Northern Ireland,2025-11-15
CUST02884,B2C,William,Duncan,sam08@example.com,M1A,Liverpool,North West,2026-07-09
CUST02885,B2C,Derek,Farrell,tpatel@example.net,E4K,Birmingham,West Midlands,2025-02-18
CUST02886,B2C,Ian,Jones,leemorrison@example.net,BT56,Middlesbrough,North East,2026-07-27
CUST02887,B2C,Derek,Haynes,pclark@example.org,TN2Y,Cardiff,Wales,2026-07-20
CUST02888,B2C,Paula,Taylor,shughes@example.net,M5,Reading,South East,2026-01-02
CUST02889,B2B,Timothy,Taylor,clare78@example.com,WS1M,Sheffield,Yorkshire & Humber,2025-04-21
CUST02890,B2C,Alison,Howard,vanessamitchell@example.org,LL67,Cambridge,East of England,2024-10-05
CUST02891,B2C,Henry,Foster,edward82@example.com,E5J,Bournemouth,South West,2025-06-28
CUST02892,B2C,Norman,Graham,morrisonalexander@example.com,TA5,Sheffield,Yorkshire & Humber,2025-09-12
CUST02893,B2B,Iain,Brown,dylanroberts@example.net,ME1,Blackpool,North West,2025-01-23
CUST02894,B2C,Annette,Greenwood,bartlettbryan@example.net,BD32,Blackpool,North West,2026-06-10
CUST02895,B2B,Valerie,Parkes,raymondyoung@example.net,S06,Peterborough,East of England,2024-11-06
CUST02896,B2B,Jonathan,Cunningham,tsimmons@example.com,TS87,Wolverhampton,West Midlands,2024-10-21
CUST02897,B2C,Abbie,O'Sullivan,davisjay@example.net,BA8E,London,London,2025-08-14
CUST02898,B2B,Allan,Marsh,callum46@example.net,M30,Middlesbrough,North East,2026-03-31
CUST02899,B2C,Alison,Johnson,denis50@example.org,IG43,Leeds,Yorkshire & Humber,2026-05-28
CUST02900,B2C,Jean,Cox,btaylor@example.net,CV0,York,Yorkshire & Humber,2025-01-17
CUST02901,B2C,Rosemary,Hodgson,guywatson@example.org,L21,Southampton,South East,2024-10-25
CUST02902,B2C,Leslie,Cross,meganmurphy@example.com,M07,Leicester,East Midlands,2025-05-12
CUST02903,B2C,Hollie,Bennett,clivepalmer@example.com,BN41,Coventry,West Midlands,2026-03-23
CUST02904,B2C,Dennis,Hunt,rhowell@example.org,PE2,Belfast,Northern Ireland,2026-07-08
CUST02905,B2C,Alexander,Shepherd,daviesallan@example.com,M5B,Manchester,North West,2025-03-25
CUST02906,B2C,David,Newton,clarkejoseph@example.net,SY15,Belfast,Northern Ireland,2024-08-28
CUST02907,B2C,Ricky,Ellis,olee@example.org,DN9P,Peterborough,East of England,2025-06-21
CUST02908,B2C,Jill,Pearce,jacksonpauline@example.net,RG36,Reading,South East,2024-10-10
CUST02909,B2C,Colin,Freeman,ngraham@example.net,M98,Southampton,South East,2026-04-12
CUST02910,B2B,Sian,Page,hollyhowe@example.org,LN2,Birmingham,West Midlands,2024-11-11
CUST02911,B2C,Bernard,Waters,dixonsimon@example.org,FK9,Southampton,South East,2025-12-11
CUST02912,B2B,Kenneth,Murphy,damien56@example.org,IM9V,Exeter,South West,2024-09-23
CUST02913,B2C,Thomas,Gray,zjames@example.org,S94,Birmingham,West Midlands,2025-02-09
CUST02914,B2C,Lee,Hurst,gthomas@example.net,AL8A,York,Yorkshire & Humber,2026-05-10
CUST02915,B2B,Tina,Alexander,singhchristopher@example.net,NP3A,Sunderland,North East,2025-08-01
CUST02916,B2C,Lesley,Harvey,annettewells@example.net,N5F,Edinburgh,Scotland,2025-08-22
CUST02917,B2C,Fiona,Wilson,juliansaunders@example.com,W7,Leicester,East Midlands,2025-07-07
CUST02918,B2C,Kerry,Whittaker,uwebb@example.org,RG6,Plymouth,South West,2025-10-27
CUST02919,B2C,Beth,Woodward,nicole95@example.com,L9F,Blackpool,North West,2024-12-20
CUST02920,B2C,Karl,Rogers,wallaceallan@example.net,G1,Norwich,East of England,2026-03-14
CUST02921,B2C,Gregory,West,skennedy@example.com,W3J,Leeds,Yorkshire & Humber,2026-04-14
CUST02922,B2C,Laura,Jenkins,iainsingh@example.org,OL4X,Aberdeen,Scotland,2024-10-12
CUST02923,B2C,Joseph,Smith,tross@example.com,SS27,Derry,Northern Ireland,2026-05-08
CUST02924,B2C,Mathew,Hughes,sam42@example.org,HG55,Leicester,East Midlands,2024-08-09
CUST02925,B2C,Vincent,Bond,hknowles@example.org,M06,Southampton,South East,2025-04-29
CUST02926,B2C,Marc,Hunt,chloejones@example.net,E88,Birmingham,West Midlands,2025-04-24
CUST02927,B2C,Sylvia,Anderson,gloverowen@example.com,CT1H,Sunderland,North East,2025-10-18
CUST02928,B2C,Rosemary,Edwards,trose@example.net,B0,Dundee,Scotland,2025-02-11
CUST02929,B2C,Karl,King,wendy53@example.net,CW01,London,London,2024-10-12
CUST02930,B2C,Rita,Rees,andrew77@example.org,WF2,Bristol,South West,2025-07-19
CUST02931,B2C,Jane,Archer,smithannette@example.org,B3U,Reading,South East,2025-06-25
CUST02932,B2C,Carl,Clark,shannon32@example.com,NW34,Edinburgh,Scotland,2025-03-06
CUST02933,B2C,Victor,Morris,sdavies@example.org,LE1W,Preston,North West,2024-12-31
CUST02934,B2C,Gillian,Brown,alexandrabell@example.com,B43,Derby,East Midlands,2025-03-16
CUST02935,B2C,Claire,Richards,timothy72@example.org,W17,Belfast,Northern Ireland,2025-05-01
CUST02936,B2C,Rita,Morris,nigel25@example.net,W94,Exeter,South West,2024-08-23
CUST02937,B2C,Marcus,Bailey,nixonjohn@example.org,TF6,Bournemouth,South West,2025-08-19
CUST02938,B2C,Joel,Ahmed,nsmart@example.org,SW5E,Preston,North West,2026-05-05
CUST02939,B2C,Ross,Smith,etaylor@example.net,S1,Aberdeen,Scotland,2025-06-02
CUST02940,B2C,Jayne,Hill,kbrown@example.com,NE9X,Aberdeen,Scotland,2025-11-29
CUST02941,B2B,Andrew,Stone,xwatts@example.org,L5K,Brighton,South East,2025-05-14
CUST02942,B2C,Malcolm,Kirk,malcolmjohnson@example.org,CA02,Birmingham,West Midlands,2026-07-14
CUST02943,B2C,Alex,Atkins,chelseabooth@example.com,M1D,Middlesbrough,North East,2025-01-19
CUST02944,B2C,Tracy,Webster,jayne24@example.org,SY8,Glasgow,Scotland,2024-09-29
CUST02945,B2B,Brenda,Austin,teresamartin@example.org,IP3H,Newcastle,North East,2025-04-05
CUST02946,B2C,Ashley,Kennedy,derekglover@example.com,TS9,Bristol,South West,2025-10-23
CUST02947,B2C,Joe,Wilson,dale34@example.org,B1S,Liverpool,North West,2024-11-03
CUST02948,B2C,Patricia,Ingram,williamselliot@example.net,SW01,Derby,East Midlands,2025-08-02
CUST02949,B2C,Barbara,Jones,pgill@example.net,GL7,Reading,South East,2026-04-30
CUST02950,B2C,Matthew,Evans,sheila25@example.org,DT57,Middlesbrough,North East,2024-12-10
CUST02951,B2B,Naomi,Lee,zmills@example.com,PR4B,Bristol,South West,2025-06-24
CUST02952,B2C,Aimee,Wilson,wwoods@example.org,SY0Y,Preston,North West,2025-12-11
CUST02953,B2C,Wendy,Collins,nigel66@example.com,BS8W,Derry,Northern Ireland,2024-09-03
CUST02954,B2B,Sheila,Patel,kerrygodfrey@example.com,N1,Coventry,West Midlands,2025-11-21
CUST02955,B2B,Christopher,Davis,erobinson@example.net,DT1,Newport,Wales,2024-10-09
CUST02956,B2C,Reece,Richards,jenkinsbilly@example.org,WR36,Norwich,East of England,2025-07-04
CUST02957,B2C,Diane,Goddard,wmorris@example.com,M7J,Southampton,South East,2025-07-03
CUST02958,B2B,Emma,Phillips,williamsmohamed@example.org,PH31,Leeds,Yorkshire & Humber,2026-04-07
CUST02959,B2C,Katie,Hall,wendy83@example.org,W0,Wrexham,Wales,2025-01-21
CUST02960,B2C,Hilary,Stewart,taylorpaige@example.net,BL1,Middlesbrough,North East,2026-07-01
CUST02961,B2C,Vanessa,French,kerrlewis@example.net,SY7R,Leicester,East Midlands,2025-07-21
CUST02962,B2C,Lisa,Nolan,waynedouglas@example.org,HG27,Coventry,West Midlands,2025-07-12
CUST02963,B2C,Shaun,Chapman,mandypower@example.com,B06,Wolverhampton,West Midlands,2025-09-05
CUST02964,B2C,Anthony,Turner,ellislynne@example.com,CR6E,Cambridge,East of England,2026-01-25
CUST02965,B2C,Denis,Jennings,lsavage@example.com,BN76,Edinburgh,Scotland,2025-07-06
CUST02966,B2C,Mandy,James,terry91@example.com,B76,Hull,Yorkshire & Humber,2026-04-08
CUST02967,B2C,Joanne,Ali,terencejones@example.org,S74,Coventry,West Midlands,2026-06-14
CUST02968,B2C,Gary,Hawkins,leannerogers@example.net,LS7H,Wrexham,Wales,2025-03-20
CUST02969,B2C,Mary,Johnson,oneillsarah@example.com,RG6Y,Aberdeen,Scotland,2026-05-17
CUST02970,B2C,Connor,Scott,morgansam@example.org,CR89,Wolverhampton,West Midlands,2026-02-07
CUST02971,B2C,Samantha,Pollard,abbie12@example.net,NW3,Norwich,East of England,2025-05-20
CUST02972,B2C,Vanessa,Douglas,marion62@example.com,L1,Newcastle,North East,2025-10-25
CUST02973,B2B,William,Bevan,stephengray@example.com,ST3P,Wolverhampton,West Midlands,2026-08-03
CUST02974,B2C,Rhys,Arnold,mariathomas@example.org,B3,Liverpool,North West,2025-03-28
CUST02975,B2C,Rebecca,Davidson,melanie84@example.org,NE6M,Blackpool,North West,2025-05-01
CUST02976,B2B,Raymond,Higgins,kirstyholland@example.org,IG39,Derry,Northern Ireland,2024-08-18
CUST02977,B2C,Leon,Evans,hayleypatel@example.com,LL85,Belfast,Northern Ireland,2025-08-04
CUST02978,B2C,Aimee,Ball,bgrant@example.com,L6,Birmingham,West Midlands,2024-09-14
CUST02979,B2B,Sheila,Davies,eyoung@example.com,G0U,Exeter,South West,2025-11-16
CUST02980,B2C,Nicholas,Dixon,jordanroberts@example.org,ME3P,Derry,Northern Ireland,2024-12-20
CUST02981,B2C,Josephine,Price,bethany46@example.org,M42,Aberdeen,Scotland,2026-02-25
CUST02982,B2B,Catherine,Scott,denniscatherine@example.net,M9,Belfast,Northern Ireland,2025-09-21
CUST02983,B2C,Paige,Jones,smithmichael@example.org,DY73,Plymouth,South West,2024-09-01
CUST02984,B2B,Gary,Johnson,denise71@example.net,PA27,London,London,2025-11-16
CUST02985,B2C,Justin,Waters,junewong@example.com,ZE1W,Aberdeen,Scotland,2025-05-07
CUST02986,B2C,Amelia,Mitchell,waynemurray@example.net,CM1,Hull,Yorkshire & Humber,2025-01-30
CUST02987,B2C,Adrian,Chadwick,uharrison@example.net,L5,Leicester,East Midlands,2026-06-27
CUST02988,B2C,Eleanor,Griffiths,mohammadflynn@example.org,E0,Derry,Northern Ireland,2025-07-24
CUST02989,B2C,Katy,Wright,craigjames@example.net,HX0R,Blackpool,North West,2026-01-12
CUST02990,B2C,Stewart,North,fordbradley@example.net,NN0,Derry,Northern Ireland,2024-09-06
CUST02991,B2B,Philip,Davies,melissa22@example.com,HA1,Bournemouth,South West,2024-12-17
CUST02992,B2C,Kyle,Booth,toby55@example.net,G2,Norwich,East of England,2025-10-31
CUST02993,B2C,Bernard,Walker,barbara37@example.com,SL1,Belfast,Northern Ireland,2025-01-14
CUST02994,B2C,Alexandra,Evans,danielleharrison@example.com,N3W,Newcastle,North East,2024-11-23
CUST02995,B2C,Gillian,Frost,lindaellis@example.org,PH8,Nottingham,East Midlands,2026-02-26
CUST02996,B2C,Jeffrey,Jones,maxsharpe@example.net,B60,Leicester,East Midlands,2024-10-03
CUST02997,B2B,Tracey,James,tdunn@example.com,SY64,Wolverhampton,West Midlands,2025-05-25
CUST02998,B2C,Georgina,Smith,leslieblake@example.net,G2E,Derry,Northern Ireland,2025-02-12
CUST02999,B2C,Elizabeth,Dunn,oliverkennedy@example.com,FY9B,Leicester,East Midlands,2026-02-22
CUST03000,B2C,Max,Cole,kenthelen@example.net,KW1H,Liverpool,North West,2024-08-22
CUST03001,B2C,Linda,Nicholls,vwatson@example.net,L1W,Norwich,East of England,2025-04-22
CUST03002,B2B,Craig,Scott,mohammad55@example.com,SN3E,Cardiff,Wales,2026-07-22
CUST03003,B2C,Abigail,Moore,hthomson@example.net,DY5P,Lincoln,East Midlands,2026-04-06
CUST03004,B2C,Alan,Wall,charlene51@example.net,LD7,Aberdeen,Scotland,2026-05-22
CUST03005,B2C,Nicola,Bruce,marc22@example.net,TW93,Oxford,South East,2025-10-30
CUST03006,B2C,Lawrence,Davies,georgiaking@example.net,W6K,London,London,2025-04-26
CUST03007,B2C,Charlotte,Mann,smithkeith@example.com,CM0X,Plymouth,South West,2025-04-03
CUST03008,B2C,Paul,Parkin,wendy68@example.com,ML2E,London,London,2026-01-18
CUST03009,B2B,Shaun,Simpson,khilton@example.com,G3F,Edinburgh,Scotland,2025-11-05
CUST03010,B2C,Dominic,McKenzie,helenmclean@example.com,S16,London,London,2024-08-11
CUST03011,B2C,Ellie,White,ronaldsutton@example.org,PA1H,Hull,Yorkshire & Humber,2025-12-28
CUST03012,B2C,Shirley,Edwards,smithkarl@example.org,E7,Derry,Northern Ireland,2025-01-27
CUST03013,B2B,Stephen,Ryan,amy61@example.net,LS7Y,Exeter,South West,2024-08-12
CUST03014,B2C,Natasha,Marshall,nthomas@example.com,HU7E,Birmingham,West Midlands,2025-12-10
CUST03015,B2C,Declan,Nash,aanderson@example.org,S6,Peterborough,East of England,2025-05-25
CUST03016,B2C,Ellie,Cross,njohnson@example.com,KW3A,Wolverhampton,West Midlands,2025-12-11
CUST03017,B2C,Caroline,Slater,mandywilson@example.com,L6,London,London,2025-09-19
CUST03018,B2C,Ashley,Gill,obaker@example.org,RG2B,Wrexham,Wales,2025-04-17
CUST03019,B2C,Jemma,Reed,gsimmons@example.org,HG01,Manchester,North West,2025-05-30
CUST03020,B2C,Gillian,Wood,ianspencer@example.com,W8,Wrexham,Wales,2025-12-28
CUST03021,B2C,Victoria,Hall,richardrobinson@example.net,PH2,Birmingham,West Midlands,2024-12-01
CUST03022,B2C,Danielle,Hall,dhall@example.org,E0,Cambridge,East of England,2025-03-01
CUST03023,B2C,Garry,Noble,rebecca96@example.org,N3,Liverpool,North West,2025-05-30
CUST03024,B2C,Carol,Morton,geraldatkinson@example.org,SP7,Newport,Wales,2026-04-29
CUST03025,B2C,Glen,Wilson,duffyjade@example.net,G4U,London,London,2024-11-07
CUST03026,B2C,Michelle,Carter,warddominic@example.com,L0G,Glasgow,Scotland,2024-12-03
CUST03027,B2C,Timothy,Martin,jessicastone@example.org,KA83,Derry,Northern Ireland,2025-10-23
CUST03028,B2C,Bethan,Edwards,louise32@example.net,HS01,Liverpool,North West,2025-11-07
CUST03029,B2C,Vincent,Allen,guy96@example.net,G2F,Leeds,Yorkshire & Humber,2025-08-27
CUST03030,B2C,Jonathan,Smith,pbrown@example.com,NG16,Reading,South East,2025-11-24
CUST03031,B2C,Guy,Clarke,llawrence@example.com,S72,Coventry,West Midlands,2025-09-08
CUST03032,B2C,Dorothy,O'Neill,vscott@example.com,GY37,Glasgow,Scotland,2024-10-12
CUST03033,B2B,Stanley,Smith,billyjones@example.org,IM66,Derby,East Midlands,2025-01-20
CUST03034,B2C,Dylan,Slater,pbradley@example.net,PO1,Newport,Wales,2024-12-11
CUST03035,B2C,Dean,Barrett,jacqueline65@example.com,S4U,Liverpool,North West,2025-06-08
CUST03036,B2C,Alice,Johnson,ameliawhittaker@example.org,PL01,Hull,Yorkshire & Humber,2026-05-14
CUST03037,B2C,Fiona,O'Brien,moranjoseph@example.com,IP77,Plymouth,South West,2026-04-15
CUST03038,B2C,Brett,Parker,stephensonkyle@example.net,HU00,Middlesbrough,North East,2025-12-30
CUST03039,B2C,Denise,Williams,debra52@example.net,YO1H,Swansea,Wales,2025-01-21
CUST03040,B2C,Linda,Crawford,nharris@example.net,S1D,Bournemouth,South West,2025-11-30
CUST03041,B2C,Victor,Sharpe,charlie21@example.net,L5S,Cardiff,Wales,2026-03-10
CUST03042,B2C,Adam,Sykes,daviesrebecca@example.com,SM33,Sheffield,Yorkshire & Humber,2026-06-19
CUST03043,B2B,Mohamed,Ball,marianscott@example.com,N1,Birmingham,West Midlands,2025-07-13
CUST03044,B2C,Connor,Lewis,christopher58@example.org,G3S,Sunderland,North East,2025-10-14
CUST03045,B2C,Mary,George,charles71@example.org,M1F,Bournemouth,South West,2024-09-05
CUST03046,B2B,Donna,Hill,younglisa@example.com,AB06,Cambridge,East of England,2026-03-31
CUST03047,B2C,Jordan,Taylor,chambersroger@example.net,PO0,London,London,2026-07-29
CUST03048,B2C,Mandy,Owen,clloyd@example.net,N32,Brighton,South East,2025-10-31
CUST03049,B2C,Jessica,Whitehead,shirley95@example.org,HU91,Blackpool,North West,2025-06-16
CUST03050,B2C,Carole,Roberts,kimberleysmith@example.org,DT0,Sunderland,North East,2025-02-17
CUST03051,B2C,Mark,Cunningham,qgreen@example.net,N4,Derry,Northern Ireland,2025-05-20
CUST03052,B2C,Sara,Stephens,garydavison@example.com,MK9,Coventry,West Midlands,2025-11-30
CUST03053,B2C,Anna,Hanson,hannah76@example.com,TW5,Blackpool,North West,2026-05-24
CUST03054,B2C,Kevin,Clarke,clive15@example.org,DL4,Glasgow,Scotland,2026-05-23
CUST03055,B2C,Gillian,Herbert,barnettamelia@example.net,L79,Peterborough,East of England,2024-10-11
CUST03056,B2B,Oliver,Taylor,bcross@example.org,HP1,Edinburgh,Scotland,2025-12-08
CUST03057,B2B,Graham,Jones,suzannewilliams@example.org,E2T,Middlesbrough,North East,2026-06-18
CUST03058,B2C,Jane,Bibi,garyjones@example.net,CH82,Nottingham,East Midlands,2026-04-10
CUST03059,B2C,Daniel,Davies,ronaldwatson@example.com,SY85,Glasgow,Scotland,2026-04-19
CUST03060,B2B,Oliver,Thornton,leslie08@example.org,L90,Dundee,Scotland,2025-10-20
CUST03061,B2C,Simon,Wilkinson,vmurphy@example.net,BS8,Newcastle,North East,2025-07-20
CUST03062,B2C,Francesca,Marsh,palmerchloe@example.com,W2,Norwich,East of England,2025-11-23
CUST03063,B2C,Ellie,Williams,andrewsjulian@example.org,E52,Nottingham,East Midlands,2025-09-25
CUST03064,B2B,Leslie,Ward,denise88@example.org,B6,Derry,Northern Ireland,2025-02-16
CUST03065,B2C,Maureen,Miah,kwilliams@example.com,KT60,London,London,2024-11-14
CUST03066,B2C,Sarah,Hanson,nicholasmurphy@example.com,PH3,Bournemouth,South West,2025-01-11
CUST03067,B2B,Karl,Stevens,kaurbethany@example.org,N8,Blackpool,North West,2025-09-15
CUST03068,B2C,Phillip,Clark,zdavidson@example.org,WR0,London,London,2025-10-08
CUST03069,B2C,Duncan,Taylor,sstephenson@example.com,S0,Leicester,East Midlands,2026-05-01
CUST03070,B2C,Deborah,Butcher,kerrywalker@example.net,S74,Newcastle,North East,2026-07-07
CUST03071,B2C,Emma,Lamb,tbrown@example.com,BR68,Bournemouth,South West,2024-11-12
CUST03072,B2C,Thomas,Read,edwardbailey@example.com,FY62,Belfast,Northern Ireland,2025-08-06
CUST03073,B2C,Gail,Jackson,andrew96@example.net,M8,York,Yorkshire & Humber,2024-10-22
CUST03074,B2B,Lynne,Mann,stuartstewart@example.org,L59,Newcastle,North East,2026-04-27
CUST03075,B2B,Louise,Davies,charlottewright@example.org,N6B,Bournemouth,South West,2024-08-27
CUST03076,B2C,Barbara,Lee,rtaylor@example.org,DN5,Wolverhampton,West Midlands,2024-12-05
CUST03077,B2C,Brenda,Sykes,evansgeorgia@example.com,SW1Y,Cambridge,East of England,2026-05-01
CUST03078,B2C,Sean,Francis,sharpbilly@example.org,ME87,Newcastle,North East,2024-08-08
CUST03079,B2C,Joe,Mann,lindsey82@example.org,SK8,Aberdeen,Scotland,2024-12-20
CUST03080,B2C,Lisa,Ryan,bryanosborne@example.org,ZE4,Liverpool,North West,2024-09-04
CUST03081,B2C,Lesley,Briggs,joyce28@example.org,S8,Reading,South East,2025-02-10
CUST03082,B2C,Clive,Simpson,usmith@example.org,E8,Aberdeen,Scotland,2024-10-26
CUST03083,B2C,Brian,Patel,egibson@example.net,S3T,Newcastle,North East,2025-01-27
CUST03084,B2B,Jeffrey,Thomas,peter33@example.com,W4G,Newcastle,North East,2024-10-31
CUST03085,B2C,Edward,Kay,sally15@example.com,ME5,Newport,Wales,2025-07-15
CUST03086,B2C,Samuel,Davies,pricerichard@example.org,TW0,York,Yorkshire & Humber,2025-11-15
CUST03087,B2C,Stacey,Robinson,shannoncarter@example.com,PO8X,Leicester,East Midlands,2025-02-26
CUST03088,B2C,Connor,Williams,zalexander@example.com,SR69,Preston,North West,2024-08-22
CUST03089,B2C,Charlene,Woods,gailhall@example.com,G97,Derry,Northern Ireland,2025-07-26
CUST03090,B2C,Michelle,Palmer,glenn90@example.net,G35,London,London,2025-04-15
CUST03091,B2C,Sally,Leach,sanderspatricia@example.com,M5T,Liverpool,North West,2025-06-14
CUST03092,B2C,Robin,Finch,melissa04@example.net,EC35,Sunderland,North East,2024-09-16
CUST03093,B2C,Bryan,Jenkins,justindawson@example.net,CH89,Coventry,West Midlands,2025-12-22
CUST03094,B2C,Douglas,Dawson,clairewood@example.net,W03,Wrexham,Wales,2025-10-08
CUST03095,B2C,Cheryl,Cooke,dwest@example.net,L40,Blackpool,North West,2025-12-08
CUST03096,B2C,Martin,Murphy,natashacox@example.net,CW4,York,Yorkshire & Humber,2025-07-21
CUST03097,B2C,Graham,French,jeremy01@example.org,SM73,Glasgow,Scotland,2025-06-10
CUST03098,B2B,Iain,Edwards,ljohnson@example.net,BH7H,Belfast,Northern Ireland,2026-02-01
CUST03099,B2C,Clare,Wright,webbalan@example.com,KT0P,Swansea,Wales,2025-03-11
CUST03100,B2C,Damian,Gardner,andersonshirley@example.com,E38,Cambridge,East of England,2025-04-28
CUST03101,B2C,Patrick,Potts,lcooper@example.com,NE8A,London,London,2025-06-28
CUST03102,B2C,Dennis,Andrews,moneill@example.net,S3,Derby,East Midlands,2024-08-20
CUST03103,B2C,Sean,Pritchard,zchapman@example.net,SG6,Coventry,West Midlands,2026-05-19
CUST03104,B2B,Barry,Norman,hallharry@example.org,GY0H,Exeter,South West,2024-10-16
CUST03105,B2C,Sheila,Webb,mitchellgail@example.com,RM0,Wolverhampton,West Midlands,2026-06-14
CUST03106,B2C,Jake,Wood,peter16@example.net,RG29,Belfast,Northern Ireland,2024-10-08
CUST03107,B2C,Angela,Newman,armstronglouis@example.org,ME2,Dundee,Scotland,2025-02-19
CUST03108,B2C,Diane,Bevan,peterwalsh@example.net,TW7V,York,Yorkshire & Humber,2026-08-07
CUST03109,B2C,Irene,Begum,ihill@example.net,G3,London,London,2026-03-27
CUST03110,B2C,Alan,Green,gareth98@example.com,HU3,Brighton,South East,2025-12-23
CUST03111,B2C,Owen,Stewart,chowe@example.com,KT4,Liverpool,North West,2025-01-13
CUST03112,B2B,Antony,Wood,tconnor@example.org,S28,Manchester,North West,2025-04-25
CUST03113,B2C,Bethany,Lloyd,wrightcarolyn@example.net,HP39,Cambridge,East of England,2025-09-09
CUST03114,B2C,Adrian,Armstrong,smithleon@example.net,B8,Preston,North West,2026-07-05
CUST03115,B2B,Carol,Patel,pdunn@example.net,G4S,Nottingham,East Midlands,2024-11-17
CUST03116,B2C,Ann,Newton,elliotbird@example.org,M3H,Leicester,East Midlands,2026-07-11
CUST03117,B2C,Allan,Riley,emma30@example.net,E1G,London,London,2025-10-05
CUST03118,B2C,Mary,O'Connor,nashhugh@example.com,S1,Liverpool,North West,2025-12-11
CUST03119,B2C,Helen,Gregory,zhamilton@example.com,W86,Bristol,South West,2026-01-01
CUST03120,B2C,Sandra,Ryan,longolivia@example.net,B9B,Leeds,Yorkshire & Humber,2025-08-06
CUST03121,B2C,Clare,Bolton,khanaaron@example.net,WR8V,York,Yorkshire & Humber,2024-10-30
CUST03122,B2C,Eric,Vaughan,ryanlewis@example.org,S10,Peterborough,East of England,2025-12-26
CUST03123,B2C,Sylvia,Hargreaves,marsdenpaul@example.com,WA90,Belfast,Northern Ireland,2025-03-02
CUST03124,B2C,Brenda,Fraser,peter20@example.com,W5A,Wrexham,Wales,2026-07-27
CUST03125,B2C,Helen,Pearson,clive32@example.org,CH0,Blackpool,North West,2025-06-08
CUST03126,B2C,Brett,Lambert,johnsonsamantha@example.com,LA64,Hull,Yorkshire & Humber,2025-06-09
CUST03127,B2B,Joanna,Smith,thorpeolivia@example.org,G8B,York,Yorkshire & Humber,2025-01-06
CUST03128,B2C,Ben,Hurst,neilmatthews@example.com,M5E,Reading,South East,2024-10-25
CUST03129,B2C,Dale,Evans,mandyjames@example.com,JE19,Brighton,South East,2025-06-29
CUST03130,B2C,Jayne,Hope,valerie99@example.org,NW5X,Wolverhampton,West Midlands,2025-10-15
CUST03131,B2C,Allan,Humphries,lawrence23@example.com,M56,Leeds,Yorkshire & Humber,2026-04-11
CUST03132,B2C,Scott,Lewis,thomassimon@example.net,ME6R,Southampton,South East,2025-11-30
CUST03133,B2C,Matthew,Smith,epatel@example.org,S0,Leicester,East Midlands,2026-05-11
CUST03134,B2C,Rebecca,Ross,russelledwards@example.org,HR37,Newport,Wales,2026-03-23
CUST03135,B2C,Gail,Bradshaw,rogerjones@example.net,CO17,London,London,2025-09-04
CUST03136,B2C,Angela,Elliott,gmorgan@example.com,G68,Brighton,South East,2025-12-21
CUST03137,B2C,Nicole,Mason,bakerantony@example.com,ML83,Newport,Wales,2024-10-29
CUST03138,B2B,Charlotte,Ali,asmith@example.net,L4E,Reading,South East,2025-07-19
CUST03139,B2B,Deborah,Webb,mdavies@example.net,KT52,Swansea,Wales,2026-08-07
CUST03140,B2C,Yvonne,Payne,wilsongraeme@example.org,UB5Y,Derry,Northern Ireland,2025-09-24
CUST03141,B2C,Ian,Day,traceypearson@example.org,DN3H,Sheffield,Yorkshire & Humber,2024-11-30
CUST03142,B2C,Jasmine,Johnson,katy81@example.com,E8K,Plymouth,South West,2025-11-22
CUST03143,B2C,Kelly,Wilson,olamb@example.net,G5,London,London,2024-08-26
CUST03144,B2C,Stephen,James,joseph97@example.org,NW81,Newport,Wales,2025-08-03
CUST03145,B2C,Shirley,Smith,fgrant@example.org,RG2B,Edinburgh,Scotland,2025-04-28
CUST03146,B2B,Jeffrey,Anderson,pbrowne@example.net,N73,Glasgow,Scotland,2026-04-27
CUST03147,B2C,Bradley,Smart,kevin32@example.org,N9,Birmingham,West Midlands,2025-11-01
CUST03148,B2C,Kathleen,Williamson,westgeorge@example.net,DN8X,Belfast,Northern Ireland,2025-12-02
CUST03149,B2C,Vanessa,Smith,paulawillis@example.org,TS55,Derry,Northern Ireland,2025-04-03
CUST03150,B2C,Natasha,Shah,richardsjanet@example.com,L2,Sunderland,North East,2024-12-02
CUST03151,B2C,Maureen,Mason,francesca34@example.net,L04,Brighton,South East,2026-04-25
CUST03152,B2C,Jay,Evans,holly55@example.net,L6C,Norwich,East of England,2026-03-05
CUST03153,B2C,Marian,Hughes,abennett@example.org,L27,Wolverhampton,West Midlands,2025-10-10
CUST03154,B2C,Paige,Young,ndawson@example.org,M6C,Lincoln,East Midlands,2025-04-10
CUST03155,B2C,Christian,Rogers,naomi42@example.org,EN8H,Newport,Wales,2026-04-05
CUST03156,B2C,David,Begum,sharon62@example.org,M6C,Derry,Northern Ireland,2025-08-15
CUST03157,B2C,Tracey,Duffy,charleneparker@example.org,OX1,Cardiff,Wales,2026-01-01
CUST03158,B2B,Kimberley,Hughes,melaniewright@example.org,LU90,York,Yorkshire & Humber,2025-11-01
CUST03159,B2C,Bethan,Myers,edwardshollie@example.org,FK3W,Derry,Northern Ireland,2025-03-29
CUST03160,B2C,Michelle,Cox,eleanorshort@example.org,IM60,Bristol,South West,2025-10-29
CUST03161,B2C,Suzanne,Robinson,russellsally@example.com,SO4W,Plymouth,South West,2026-01-10
CUST03162,B2C,Albert,Williams,qporter@example.net,DA21,Belfast,Northern Ireland,2026-07-12
CUST03163,B2C,Francesca,Phillips,thomasrhys@example.com,DA84,Reading,South East,2025-09-24
CUST03164,B2C,Ryan,Hodgson,alexandralewis@example.net,SP91,Derby,East Midlands,2026-06-16
CUST03165,B2C,Allan,Walters,nathanjones@example.org,CR4,Cambridge,East of England,2024-12-20
CUST03166,B2C,Jemma,Walker,oedwards@example.org,E7,Wolverhampton,West Midlands,2025-05-21
CUST03167,B2C,Connor,Hall,shawdennis@example.net,MK1,Derry,Northern Ireland,2024-11-09
CUST03168,B2C,Hannah,Lewis,esmith@example.net,EC73,Exeter,South West,2024-11-11
CUST03169,B2C,Elaine,McCarthy,michaelgreen@example.net,E0,Derby,East Midlands,2025-12-18
CUST03170,B2B,Josephine,King,xwoods@example.com,M86,Derry,Northern Ireland,2024-08-27
CUST03171,B2C,Victoria,Crawford,barry35@example.org,L0,Leicester,East Midlands,2025-06-18
CUST03172,B2C,Guy,Kent,goughterry@example.org,E02,London,London,2025-09-24
CUST03173,B2C,Frederick,Patel,kayleigh47@example.org,G6K,Leeds,Yorkshire & Humber,2026-02-23
CUST03174,B2C,Daniel,Parkinson,jodiejohnson@example.org,S5,Brighton,South East,2025-11-27
CUST03175,B2B,Gary,Young,ojohnson@example.net,N4J,Nottingham,East Midlands,2025-02-02
CUST03176,B2C,Jemma,Mills,vanessa83@example.net,G3H,Sheffield,Yorkshire & Humber,2026-04-14
CUST03177,B2C,Philip,Sinclair,imoore@example.net,HR8,Derry,Northern Ireland,2024-11-23
CUST03178,B2C,Gail,Nicholson,obibi@example.net,G0C,Sunderland,North East,2026-01-07
CUST03179,B2C,Matthew,Joyce,joneschristian@example.org,DT7,Bournemouth,South West,2024-12-17
CUST03180,B2C,Olivia,Taylor,jonesashleigh@example.com,S89,Sheffield,Yorkshire & Humber,2025-06-03
CUST03181,B2C,Yvonne,Rees,hopefiona@example.com,G2T,Newport,Wales,2025-12-11
CUST03182,B2C,Janice,Roberts,albertsingh@example.net,LL7,Manchester,North West,2025-04-16
CUST03183,B2B,Conor,Newman,kimprice@example.net,M0K,Wolverhampton,West Midlands,2026-01-02
CUST03184,B2C,Glen,Williams,garyroberts@example.org,GL1,Leicester,East Midlands,2025-07-17
CUST03185,B2C,Francesca,Jones,imurray@example.net,BS8A,Derby,East Midlands,2025-01-31
CUST03186,B2C,Kenneth,Smith,idodd@example.net,N88,Brighton,South East,2025-04-21
CUST03187,B2C,Rosie,Atkins,ahopkins@example.org,E3D,Oxford,South East,2024-10-16
CUST03188,B2C,Neil,Jones,charliebarnett@example.org,TA61,Reading,South East,2025-08-29
CUST03189,B2C,Douglas,Bell,wendykhan@example.net,L33,Ipswich,East of England,2024-09-14
CUST03190,B2C,Tracey,Fuller,ruth75@example.com,S79,Plymouth,South West,2024-12-09
CUST03191,B2C,Graham,Chamberlain,tomingram@example.net,JE4Y,Derry,Northern Ireland,2025-11-04
CUST03192,B2C,Rachael,Brown,rogersjanet@example.org,L9,Coventry,West Midlands,2025-03-12
CUST03193,B2C,Howard,Sharp,graceharris@example.net,B3S,Southampton,South East,2026-01-11
CUST03194,B2B,Richard,Holmes,chapmanconor@example.com,E2,Sunderland,North East,2025-03-20
CUST03195,B2C,Frederick,Potter,tracey12@example.com,E19,Sheffield,Yorkshire & Humber,2025-01-23
CUST03196,B2C,Susan,Clark,kpoole@example.org,HG4,Wrexham,Wales,2025-10-08
CUST03197,B2C,Ann,Ferguson,jacob71@example.org,G7B,Liverpool,North West,2024-12-27
CUST03198,B2C,Guy,Johnston,palmerelliot@example.com,NG4R,Newport,Wales,2025-05-12
CUST03199,B2C,Dawn,Butler,nmarsh@example.com,N13,Leicester,East Midlands,2025-01-30
CUST03200,B2C,Justin,May,mmacdonald@example.com,M99,Nottingham,East Midlands,2024-12-06
CUST03201,B2C,Sean,Reeves,helenreeves@example.org,N1,London,London,2026-02-01
CUST03202,B2C,Neil,Baker,jay82@example.net,CB85,Norwich,East of England,2025-03-25
CUST03203,B2B,Suzanne,Cox,stonelisa@example.org,ZE4E,London,London,2025-04-23
CUST03204,B2C,Gareth,Williams,zwall@example.net,N9,Derry,Northern Ireland,2026-01-27
CUST03205,B2C,Eileen,Bishop,elaine06@example.net,SA1,Aberdeen,Scotland,2024-10-12
CUST03206,B2C,Lesley,Johnson,daleward@example.org,G0F,Preston,North West,2024-12-23
CUST03207,B2C,Aimee,West,qnewman@example.com,NR21,Cambridge,East of England,2026-05-25
CUST03208,B2B,Karen,Burke,mbyrne@example.org,EC94,Cambridge,East of England,2024-08-08
CUST03209,B2C,Robert,Wright,ydaly@example.com,AL43,Cardiff,Wales,2025-11-27
CUST03210,B2C,Roger,Phillips,gillianwood@example.org,S61,Brighton,South East,2025-11-22
CUST03211,B2C,Geoffrey,Reed,dickinsonkaren@example.net,M0,Ipswich,East of England,2025-06-22
CUST03212,B2C,Kim,Rees,deborahgough@example.org,TF52,Cambridge,East of England,2025-07-18
CUST03213,B2C,Stephanie,Clarke,evanskaty@example.net,HA7N,Newcastle,North East,2024-10-02
CUST03214,B2C,Glenn,Allen,deanbradshaw@example.org,LL4,Derby,East Midlands,2026-06-16
CUST03215,B2C,John,Webb,goodwinsian@example.com,KA27,London,London,2024-10-08
CUST03216,B2C,Mitchell,Bentley,jodiemoore@example.org,W3T,Sunderland,North East,2026-05-17
CUST03217,B2C,Sarah,Smith,ross82@example.org,BD9,Manchester,North West,2026-07-23
CUST03218,B2C,Hugh,Harvey,brian19@example.net,N4,Sheffield,Yorkshire & Humber,2025-02-25
CUST03219,B2C,Diane,Smith,greenlindsey@example.com,IV1H,London,London,2026-05-13
CUST03220,B2C,Aimee,Burgess,cheryl42@example.net,M4,Middlesbrough,North East,2024-11-11
CUST03221,B2C,Sarah,Moore,katy47@example.com,ST6,Cambridge,East of England,2025-08-13
CUST03222,B2C,Hollie,Collins,kevin58@example.com,E3,London,London,2025-06-28
CUST03223,B2C,Brian,Richardson,zsavage@example.org,E3,London,London,2026-07-01
CUST03224,B2B,Kayleigh,Griffiths,wwhite@example.net,CF21,Bristol,South West,2025-03-05
CUST03225,B2C,Josephine,Chambers,rosemarylewis@example.org,N6E,Ipswich,East of England,2025-11-14
CUST03226,B2C,Karen,Wilson,harveygarry@example.org,CW92,Brighton,South East,2025-09-02
CUST03227,B2C,Rita,Hunter,martyn27@example.net,WV1,Sunderland,North East,2026-08-02
CUST03228,B2C,Terence,Campbell,dixondylan@example.net,AB1,Lincoln,East Midlands,2024-09-22
CUST03229,B2C,Adam,Marsden,eric12@example.com,DA0A,Plymouth,South West,2025-10-05
CUST03230,B2C,Geoffrey,Gardiner,daviespaula@example.org,L6H,Belfast,Northern Ireland,2024-11-07
CUST03231,B2C,Katie,Rogers,patelbarbara@example.net,B7U,Wolverhampton,West Midlands,2024-10-12
CUST03232,B2C,Nicola,Davies,turnbullgerald@example.com,SP6P,London,London,2025-10-15
CUST03233,B2C,Francis,Harvey,wayne23@example.com,GY4,Wrexham,Wales,2026-05-15
CUST03234,B2C,Tom,Roberts,frasereric@example.net,E3,Norwich,East of England,2025-10-14
CUST03235,B2C,Kirsty,Joyce,ohardy@example.com,HA8,Manchester,North West,2025-10-13
CUST03236,B2C,Josh,Green,brettwood@example.org,HU5,London,London,2025-10-17
CUST03237,B2C,Marilyn,Smith,nparry@example.org,S2G,Coventry,West Midlands,2026-04-21
CUST03238,B2C,Brenda,Davies,norman83@example.com,TA7N,Norwich,East of England,2025-02-27
CUST03239,B2B,Christopher,Cook,baileysamantha@example.net,G98,Wolverhampton,West Midlands,2026-07-22
CUST03240,B2C,Maurice,Booth,gpoole@example.net,B46,Newcastle,North East,2024-10-07
CUST03241,B2C,Sean,Lambert,marionclark@example.com,G6,Brighton,South East,2026-04-20
CUST03242,B2C,Alan,John,ghilton@example.com,SL0,Middlesbrough,North East,2025-12-19
CUST03243,B2B,Elliot,Black,charleshill@example.org,PE1A,Edinburgh,Scotland,2024-12-18
CUST03244,B2C,Daniel,Craig,jay55@example.com,BT1,Plymouth,South West,2025-08-21
CUST03245,B2B,Charlie,Ahmed,nicola27@example.net,CT4,Leeds,Yorkshire & Humber,2025-08-18
CUST03246,B2C,Jordan,Patel,norrisgeorge@example.org,WV0A,Sheffield,Yorkshire & Humber,2025-09-05
CUST03247,B2C,Stuart,Holmes,mkelly@example.org,M3U,Derry,Northern Ireland,2024-08-12
CUST03248,B2B,Charlene,Powell,ellie15@example.org,DL2,Newcastle,North East,2025-11-07
CUST03249,B2C,Philip,Smith,bernardthompson@example.com,L9,Aberdeen,Scotland,2025-11-22
CUST03250,B2C,Jane,Smith,wilsontracy@example.org,E6,Derry,Northern Ireland,2025-11-21
CUST03251,B2C,Shaun,Edwards,burrowsmarion@example.net,SP4Y,Norwich,East of England,2026-06-02
CUST03252,B2C,Georgina,White,laurajones@example.net,SA3E,Belfast,Northern Ireland,2026-02-10
CUST03253,B2B,Charles,Gibson,robin48@example.org,L7B,Swansea,Wales,2025-01-11
CUST03254,B2B,Karen,Wilkinson,denisepoole@example.com,W0E,Exeter,South West,2024-12-10
CUST03255,B2C,Paul,Gray,fionabaker@example.org,S4S,Preston,North West,2026-07-20
CUST03256,B2C,Holly,Clark,maureen43@example.org,G65,Wrexham,Wales,2025-12-29
CUST03257,B2C,Benjamin,Wright,mohammad40@example.org,WS9,Derby,East Midlands,2025-06-26
CUST03258,B2C,Thomas,Forster,francisjulia@example.com,GL6,Brighton,South East,2026-03-16
CUST03259,B2C,Lewis,Spencer,mckenziesusan@example.net,EC9,Cardiff,Wales,2025-05-19
CUST03260,B2B,Caroline,Hunter,joe56@example.com,W5F,London,London,2024-09-05
CUST03261,B2C,Adrian,Hussain,natasha68@example.net,M2,London,London,2025-08-21
CUST03262,B2C,Brett,Brown,rcross@example.org,MK42,London,London,2024-08-25
CUST03263,B2C,Jodie,Burns,jaynewalker@example.org,SR3,Cardiff,Wales,2026-01-27
CUST03264,B2B,Alex,Simpson,pcoles@example.org,E81,Cambridge,East of England,2026-03-24
CUST03265,B2C,Toby,Wyatt,bholmes@example.org,MK4V,Glasgow,Scotland,2025-09-28
CUST03266,B2C,Kathryn,Gregory,newtonmarian@example.net,EC9P,Wolverhampton,West Midlands,2026-07-09
CUST03267,B2C,Beverley,Hall,rosie20@example.com,E1,Belfast,Northern Ireland,2025-02-21
CUST03268,B2C,Darren,Herbert,edwardsbradley@example.org,LL9,Derry,Northern Ireland,2025-03-01
CUST03269,B2B,Lynn,Doyle,ycooper@example.com,CA1,London,London,2024-11-09
CUST03270,B2C,Henry,Williams,phillipjones@example.com,E6,Edinburgh,Scotland,2025-04-16
CUST03271,B2C,Oliver,Jones,garnergarry@example.net,E22,Oxford,South East,2024-11-18
CUST03272,B2C,Eileen,Browne,uharding@example.org,HU4Y,Coventry,West Midlands,2024-11-10
CUST03273,B2C,Stephen,Roberts,holmeshenry@example.net,B66,London,London,2024-12-13
CUST03274,B2B,Julian,Begum,dominicpayne@example.net,NG1,Glasgow,Scotland,2025-06-02
CUST03275,B2C,Brett,Norton,morrisonholly@example.net,CV8M,London,London,2025-06-20
CUST03276,B2C,Harriet,Hunter,csaunders@example.org,GY9,Brighton,South East,2025-09-13
CUST03277,B2C,Gordon,Lee,billy61@example.com,L54,Newport,Wales,2025-11-04
CUST03278,B2B,Trevor,Jackson,juliecarey@example.net,ST8V,York,Yorkshire & Humber,2024-12-07
CUST03279,B2C,Connor,Russell,damien24@example.net,WR5,Swansea,Wales,2025-11-10
CUST03280,B2C,Tina,Cartwright,gerard75@example.com,E1S,Sunderland,North East,2024-11-07
CUST03281,B2C,Katherine,Khan,smithalan@example.net,W9G,London,London,2025-03-23
CUST03282,B2B,Kevin,Scott,dawn43@example.org,SR48,Leicester,East Midlands,2026-01-12
CUST03283,B2C,Keith,Nolan,sgreen@example.org,S62,York,Yorkshire & Humber,2026-03-21
CUST03284,B2C,Terry,Roberts,catherine75@example.org,MK69,Wrexham,Wales,2026-06-22
CUST03285,B2C,Janet,Moore,williamcarr@example.org,HU32,Derby,East Midlands,2026-03-12
CUST03286,B2B,Gareth,Taylor,holliebrown@example.org,RG42,Belfast,Northern Ireland,2025-12-27
CUST03287,B2C,Janet,Read,omiller@example.net,M06,Birmingham,West Midlands,2025-07-22
CUST03288,B2B,Kate,Holmes,shughes@example.org,RG93,Peterborough,East of England,2025-07-08
CUST03289,B2C,Callum,Harris,stanleywright@example.org,E93,Aberdeen,Scotland,2025-06-12
CUST03290,B2C,Luke,Leonard,howardclifford@example.com,CR7H,Newport,Wales,2026-03-12
CUST03291,B2C,Vincent,Gardner,kate80@example.com,W18,Liverpool,North West,2025-09-18
CUST03292,B2C,Susan,Wright,obrienmarcus@example.org,G61,York,Yorkshire & Humber,2026-02-09
CUST03293,B2C,Charles,Shepherd,clare91@example.com,KW8H,Belfast,Northern Ireland,2025-12-11
CUST03294,B2C,Adam,Martin,damian34@example.org,SE5,Newport,Wales,2025-01-30
CUST03295,B2C,Ashley,Allen,gfoster@example.com,NG3,Derry,Northern Ireland,2025-05-16
CUST03296,B2C,Laura,Horton,zpotter@example.com,WV1,Manchester,North West,2026-07-14
CUST03297,B2C,Glen,Chapman,tdunn@example.net,SA30,York,Yorkshire & Humber,2026-01-13
CUST03298,B2C,Joel,Watkins,adriannicholson@example.net,G36,Wolverhampton,West Midlands,2026-06-27
CUST03299,B2C,Jennifer,Jones,kayleigh16@example.org,AB6,Reading,South East,2026-08-04
CUST03300,B2C,Valerie,Gilbert,geoffrey33@example.org,KY5,Belfast,Northern Ireland,2026-03-15
CUST03301,B2C,Melissa,Bond,kevinwright@example.net,M24,Swansea,Wales,2026-01-17
CUST03302,B2C,Craig,Lloyd,dfletcher@example.org,EC33,Southampton,South East,2025-02-02
CUST03303,B2C,Denise,Robertson,samuelmurphy@example.com,CW4,London,London,2025-04-25
CUST03304,B2C,Anne,Rose,pevans@example.org,EH61,Aberdeen,Scotland,2024-09-30
CUST03305,B2C,Brandon,Miles,scotttracy@example.com,W5F,Wolverhampton,West Midlands,2026-01-12
CUST03306,B2C,Kate,Khan,bethparkin@example.com,E4E,Coventry,West Midlands,2025-04-06
CUST03307,B2B,Damian,Williams,mbanks@example.net,HG09,Manchester,North West,2026-03-07
CUST03308,B2C,Kyle,Lambert,thoughton@example.com,W2,Dundee,Scotland,2025-11-18
CUST03309,B2C,Abigail,Noble,dcollins@example.com,RH1,Blackpool,North West,2025-06-05
CUST03310,B2C,Beth,Lambert,ellislindsey@example.com,SY8,Sheffield,Yorkshire & Humber,2025-03-08
CUST03311,B2B,Olivia,Dixon,gordon50@example.org,G3U,Aberdeen,Scotland,2025-06-04
CUST03312,B2C,Pauline,Davies,ktaylor@example.com,RG4,London,London,2025-02-27
CUST03313,B2C,Jessica,Parkin,dylanbaker@example.org,L3W,Edinburgh,Scotland,2025-09-02
CUST03314,B2C,Cameron,Johnson,rtaylor@example.net,SE8,Reading,South East,2025-10-22
CUST03315,B2C,Rosemary,Thomson,matthewgardner@example.net,B3H,London,London,2025-08-19
CUST03316,B2C,Kayleigh,White,richardsoliver@example.org,W11,Plymouth,South West,2024-11-26
CUST03317,B2B,Donna,Webb,illoyd@example.org,W8W,Bristol,South West,2024-08-20
CUST03318,B2C,Allan,Green,diane05@example.net,SA6R,Coventry,West Midlands,2025-06-29
CUST03319,B2C,Alexandra,Carr,karl27@example.com,HG50,Blackpool,North West,2024-09-27
CUST03320,B2C,Maurice,Wilson,ithompson@example.org,HP41,Preston,North West,2026-02-21
CUST03321,B2B,Joe,Storey,carole18@example.com,HA90,London,London,2025-12-16
CUST03322,B2C,Andrea,Miller,elliottjacob@example.com,JE4,Middlesbrough,North East,2026-08-04
CUST03323,B2C,Tom,Stanley,lucywilkinson@example.com,G5,Lincoln,East Midlands,2024-09-29
CUST03324,B2C,Ashleigh,Smith,liam78@example.net,W9J,Middlesbrough,North East,2026-03-07
CUST03325,B2C,Joel,Carter,julie55@example.org,L00,Cambridge,East of England,2025-04-23
CUST03326,B2B,Holly,Martin,barry85@example.net,W4,Coventry,West Midlands,2026-04-22
CUST03327,B2C,Gary,Lee,gholland@example.net,E18,Newcastle,North East,2025-08-08
CUST03328,B2C,Ross,Slater,taylorsarah@example.com,HR1R,Sunderland,North East,2025-03-07
CUST03329,B2C,Valerie,Holt,gerald72@example.com,E5,Plymouth,South West,2026-08-01
CUST03330,B2C,Ian,Ball,rowleyangela@example.net,G03,Hull,Yorkshire & Humber,2026-05-19
CUST03331,B2C,Julian,Parkinson,sarah76@example.org,E0D,London,London,2025-11-01
CUST03332,B2C,Susan,Hill,mannkatherine@example.org,B8E,Coventry,West Midlands,2024-11-01
CUST03333,B2C,William,Cox,holly68@example.org,B0,Wolverhampton,West Midlands,2025-07-07
CUST03334,B2C,Kimberley,Page,whopkins@example.org,AL10,Glasgow,Scotland,2024-12-17
CUST03335,B2C,Kathleen,Martin,smithlaura@example.net,DL9X,Derby,East Midlands,2026-06-27
CUST03336,B2C,Louis,Hudson,anthonyward@example.org,CV43,Birmingham,West Midlands,2025-11-25
CUST03337,B2C,Jason,Ahmed,echadwick@example.net,N34,Liverpool,North West,2026-01-06
CUST03338,B2C,Nicholas,Allan,fhardy@example.com,G53,Nottingham,East Midlands,2025-05-11
CUST03339,B2B,Vanessa,Barrett,zali@example.com,LL87,Aberdeen,Scotland,2024-11-14
CUST03340,B2C,Reece,Lee,gerald66@example.net,SN1,Dundee,Scotland,2025-11-13
CUST03341,B2C,Adrian,Hardy,pateldebra@example.net,TQ5,Bristol,South West,2026-05-24
CUST03342,B2C,Mary,Allen,ljoyce@example.com,G1K,Newport,Wales,2026-03-20
CUST03343,B2C,Francis,Joyce,aperry@example.net,NR6,Swansea,Wales,2025-12-13
CUST03344,B2C,Carol,Smith,fionathomas@example.org,SA9,Derry,Northern Ireland,2026-06-03
CUST03345,B2C,Jay,Stevenson,xpayne@example.org,S61,Norwich,East of England,2025-09-06
CUST03346,B2C,Bethan,Murphy,walljayne@example.org,BL48,Exeter,South West,2026-03-04
CUST03347,B2C,Jill,Potter,joelwebb@example.net,NE58,Coventry,West Midlands,2025-03-12
CUST03348,B2C,Jemma,French,lesliepowell@example.org,N90,Reading,South East,2025-07-30
CUST03349,B2C,Patrick,Lewis,marc56@example.org,L1,Norwich,East of England,2025-11-01
CUST03350,B2C,Albert,Robson,mark89@example.org,TA96,Southampton,South East,2025-12-08
CUST03351,B2C,Ashley,Shepherd,lydia81@example.net,LE7W,Exeter,South West,2026-01-24
CUST03352,B2C,Jonathan,Walker,donnarichardson@example.org,LE6,Derry,Northern Ireland,2024-12-01
CUST03353,B2C,Maurice,Parkinson,froberts@example.org,B2W,Middlesbrough,North East,2024-09-25
CUST03354,B2C,Kim,Morris,ronald64@example.com,B36,Swansea,Wales,2026-06-02
CUST03355,B2B,Tina,Smart,williamsabdul@example.net,CB58,Nottingham,East Midlands,2025-07-08
CUST03356,B2C,Ashleigh,Walker,charleneperry@example.net,WS4,Norwich,East of England,2026-01-04
CUST03357,B2C,Teresa,Lamb,matthew44@example.net,M9F,Manchester,North West,2026-01-19
CUST03358,B2C,Jean,Carter,obirch@example.org,ST9E,Leeds,Yorkshire & Humber,2026-04-20
CUST03359,B2B,Anna,Bailey,hthompson@example.org,CF1,Birmingham,West Midlands,2024-09-01
CUST03360,B2C,Craig,Whitehead,lynnakhtar@example.org,L5T,Sunderland,North East,2025-09-11
CUST03361,B2C,Wendy,Bates,christianbarry@example.com,E24,Newcastle,North East,2025-03-20
CUST03362,B2C,Mohammad,Harding,fcrawford@example.org,M55,Birmingham,West Midlands,2025-09-04
CUST03363,B2C,Karen,Begum,morrishugh@example.com,PA4X,Southampton,South East,2024-12-11
CUST03364,B2C,Scott,Hunter,daniellewalton@example.com,L9,Derry,Northern Ireland,2026-06-26
CUST03365,B2C,Raymond,Graham,morganleanne@example.org,HP1P,Glasgow,Scotland,2026-03-16
CUST03366,B2C,Linda,Peters,douglassmith@example.org,S21,Coventry,West Midlands,2026-04-27
CUST03367,B2C,Louis,Smith,elaine27@example.org,CW0X,Belfast,Northern Ireland,2025-09-23
CUST03368,B2C,Mitchell,Jones,collinsowen@example.org,LE30,Nottingham,East Midlands,2026-03-25
CUST03369,B2C,Gillian,Pearson,woodmitchell@example.net,M7,Belfast,Northern Ireland,2025-10-02
CUST03370,B2C,Tina,Connolly,natalienicholson@example.com,RM77,London,London,2025-09-02
CUST03371,B2C,Stacey,Ahmed,mhodgson@example.net,L1S,Brighton,South East,2025-05-13
CUST03372,B2C,Tracey,French,obull@example.com,L33,London,London,2024-11-23
CUST03373,B2C,Alexander,Spencer,allanpage@example.com,PL6,Derby,East Midlands,2025-07-17
CUST03374,B2C,Carly,Harvey,wpreston@example.com,LU0,Glasgow,Scotland,2025-06-12
CUST03375,B2C,Jessica,Newman,barry18@example.net,M91,Newcastle,North East,2025-04-18
CUST03376,B2C,Teresa,Pearson,jonesmaurice@example.net,KY9,Wolverhampton,West Midlands,2026-07-31
CUST03377,B2C,Sam,Todd,reedpaige@example.net,IV0,Oxford,South East,2025-12-08
CUST03378,B2B,Joan,Webb,reece37@example.net,BR1H,Exeter,South West,2025-03-15
CUST03379,B2C,Craig,George,fisherdean@example.com,NW77,Glasgow,Scotland,2025-03-31
CUST03380,B2C,George,Roberts,ameliawalsh@example.com,G76,Ipswich,East of England,2025-10-19
CUST03381,B2C,Lucy,Bailey,kbirch@example.com,L52,Exeter,South West,2026-01-11
CUST03382,B2C,Sally,Bond,anne38@example.org,NP08,Bournemouth,South West,2024-11-22
CUST03383,B2B,Fiona,Taylor,wayne19@example.com,E32,Leicester,East Midlands,2026-07-09
CUST03384,B2C,Elliott,Kirk,bishopjenna@example.com,G5S,Liverpool,North West,2024-08-28
CUST03385,B2C,Jeffrey,Freeman,holly57@example.net,W36,Glasgow,Scotland,2025-08-09
CUST03386,B2B,Derek,Roberts,wendyhurst@example.com,E7F,Exeter,South West,2025-06-20
CUST03387,B2C,Sylvia,Turner,xhill@example.org,E9,Edinburgh,Scotland,2025-03-02
CUST03388,B2C,Clifford,Richards,georgesmith@example.com,DD3W,Belfast,Northern Ireland,2026-01-14
CUST03389,B2C,Phillip,Hughes,fletchercharles@example.net,TF50,Belfast,Northern Ireland,2024-11-13
CUST03390,B2C,Leonard,Fitzgerald,georgeadams@example.org,G0,Derry,Northern Ireland,2026-07-09
CUST03391,B2C,Jack,Tomlinson,elewis@example.com,M1,Edinburgh,Scotland,2026-02-18
CUST03392,B2C,Brenda,Stephenson,awilliams@example.com,N29,Cardiff,Wales,2025-02-01
CUST03393,B2B,Chloe,Holden,pamela48@example.org,NG2P,Coventry,West Midlands,2025-09-26
CUST03394,B2C,Kim,Hartley,ystewart@example.org,L3K,Glasgow,Scotland,2026-01-31
CUST03395,B2C,Leonard,Ahmed,baldwincharlie@example.org,RH2,Coventry,West Midlands,2026-07-30
CUST03396,B2C,Nicholas,Gardner,wilsonglenn@example.org,S35,Exeter,South West,2025-09-13
CUST03397,B2C,Joanne,Wilson,mjones@example.net,B8,Brighton,South East,2026-05-20
CUST03398,B2C,Jordan,Barnes,jack25@example.org,L4W,Sunderland,North East,2025-09-16
CUST03399,B2C,Danny,Shaw,kyle80@example.net,HU4,London,London,2025-04-08
CUST03400,B2C,Harry,Robinson,carolinesimpson@example.net,CW3P,Coventry,West Midlands,2025-02-05
CUST03401,B2B,Vanessa,Green,smithroger@example.net,E44,Liverpool,North West,2024-08-12
CUST03402,B2C,Jonathan,Butler,lydiafraser@example.org,W33,Manchester,North West,2025-01-14
CUST03403,B2C,Robert,Herbert,duncan80@example.com,G1C,Wrexham,Wales,2026-02-15
CUST03404,B2C,Marion,Davies,rebecca55@example.org,B6,Manchester,North West,2024-10-05
CUST03405,B2C,Jay,Ali,thomasrosemary@example.org,YO0Y,Nottingham,East Midlands,2025-01-02
CUST03406,B2C,Alex,Young,tuckerkimberley@example.org,RG91,Middlesbrough,North East,2025-10-25
CUST03407,B2C,Louis,Lewis,trevor12@example.com,N4,Derby,East Midlands,2025-04-08
CUST03408,B2C,Yvonne,Sims,hmurphy@example.com,PH0R,Bournemouth,South West,2025-09-12
CUST03409,B2C,Anna,Taylor,ewalton@example.com,FY4,Cardiff,Wales,2025-03-17
CUST03410,B2C,Susan,Murphy,ahmedjoel@example.com,S4,Derry,Northern Ireland,2024-10-26
CUST03411,B2C,Bernard,Hargreaves,owest@example.org,CF7B,Sunderland,North East,2025-02-02
CUST03412,B2C,Stuart,Clarke,diana94@example.net,L71,Derby,East Midlands,2025-05-16
CUST03413,B2C,Brian,Brown,claytonbradley@example.com,TW0,Norwich,East of England,2025-07-24
CUST03414,B2C,Annette,Smith,imay@example.net,B51,Leeds,Yorkshire & Humber,2026-02-03
CUST03415,B2C,Jack,McKenzie,graemehughes@example.org,L6,Wrexham,Wales,2025-03-13
CUST03416,B2C,Richard,Pritchard,garry98@example.com,EN5,Derby,East Midlands,2025-08-09
CUST03417,B2C,Robin,Norris,olivia88@example.org,IG17,Middlesbrough,North East,2025-11-23
CUST03418,B2C,Francesca,Franklin,alexsharp@example.net,M6,Middlesbrough,North East,2025-08-05
CUST03419,B2C,Suzanne,Walker,carl06@example.com,G6G,Southampton,South East,2024-11-14
CUST03420,B2C,Mohammad,Smith,loliver@example.org,WN5,Reading,South East,2025-01-10
CUST03421,B2B,Melanie,Mills,heather79@example.net,DE1,York,Yorkshire & Humber,2025-05-08
CUST03422,B2C,Neil,Martin,carl81@example.org,E6,London,London,2026-03-16
CUST03423,B2C,Janet,Robinson,chambersamy@example.org,IV03,London,London,2026-06-17
CUST03424,B2C,Bradley,Williams,pmitchell@example.net,E28,Liverpool,North West,2026-04-16
CUST03425,B2C,Mohammed,Fletcher,qparkinson@example.net,M4B,Belfast,Northern Ireland,2025-01-10
CUST03426,B2C,Owen,Wood,jwhite@example.net,E20,Derry,Northern Ireland,2024-11-17
CUST03427,B2C,Gregory,Khan,acarroll@example.com,OX80,Exeter,South West,2025-09-12
CUST03428,B2C,Simon,Morris,jayne42@example.com,NP03,Exeter,South West,2024-11-07
CUST03429,B2C,Patrick,Vaughan,tbutcher@example.org,WN7,Coventry,West Midlands,2024-12-01
CUST03430,B2C,Clare,Walton,llewis@example.com,JE7A,Glasgow,Scotland,2025-06-15
CUST03431,B2C,Terence,Arnold,blackburndamian@example.org,B69,Preston,North West,2025-09-29
CUST03432,B2C,Deborah,Evans,francesphillips@example.org,W1,Derry,Northern Ireland,2025-07-07
CUST03433,B2C,Alex,Francis,lesliewelch@example.org,CH0E,Dundee,Scotland,2025-05-02
CUST03434,B2B,Bethany,Edwards,billylambert@example.org,IG3Y,Southampton,South East,2025-02-12
CUST03435,B2C,Nicole,Young,lynnhardy@example.com,S3,Hull,Yorkshire & Humber,2026-04-29
CUST03436,B2B,Diane,Brown,pooleluke@example.org,E6S,Sheffield,Yorkshire & Humber,2025-12-05
CUST03437,B2B,Gary,Richardson,aimeeboyle@example.net,SY73,Nottingham,East Midlands,2025-08-06
CUST03438,B2C,Duncan,Morgan,paul87@example.net,M1J,Derby,East Midlands,2025-03-16
CUST03439,B2C,Jay,Lewis,dawnmcdonald@example.net,TD5,Edinburgh,Scotland,2025-08-29
CUST03440,B2C,Frederick,Pritchard,bakeradam@example.com,G1T,Blackpool,North West,2026-03-31
CUST03441,B2B,Alexandra,Burns,phall@example.net,BA25,Leicester,East Midlands,2026-01-01
CUST03442,B2B,Toby,Dean,dleonard@example.com,S38,Sunderland,North East,2026-01-05
CUST03443,B2C,Marc,Russell,mohammad59@example.net,NE52,Wolverhampton,West Midlands,2026-06-17
CUST03444,B2C,Michael,Green,katie56@example.net,SK34,York,Yorkshire & Humber,2026-08-02
CUST03445,B2C,Katie,Barry,reevestracy@example.com,AL59,Birmingham,West Midlands,2025-12-09
CUST03446,B2C,Luke,Walters,lindarussell@example.com,CM70,Oxford,South East,2026-01-09
CUST03447,B2C,Oliver,Evans,michael43@example.org,N2J,Lincoln,East Midlands,2026-04-06
CUST03448,B2C,Marcus,Thompson,trhodes@example.org,M67,Middlesbrough,North East,2025-06-01
CUST03449,B2C,Jennifer,Hutchinson,pbrown@example.net,W5,Sheffield,Yorkshire & Humber,2025-10-27
CUST03450,B2B,Frank,Campbell,thomsonmolly@example.com,PH3W,Dundee,Scotland,2025-02-18
CUST03451,B2C,Jean,Jones,kelly62@example.net,L25,Nottingham,East Midlands,2024-11-24
CUST03452,B2C,Charlie,Connolly,stevensonmax@example.net,DA4H,Birmingham,West Midlands,2025-04-30
CUST03453,B2B,Zoe,Jarvis,atkinsonkaty@example.com,SA3X,Sheffield,Yorkshire & Humber,2025-07-22
CUST03454,B2C,Peter,Rowley,kathleenjames@example.com,E4K,Peterborough,East of England,2026-04-26
CUST03455,B2C,Anne,Osborne,lynne45@example.org,CF0,Cambridge,East of England,2024-09-27
CUST03456,B2C,Janet,Pope,sharon63@example.net,W08,Peterborough,East of England,2025-09-05
CUST03457,B2C,Gary,Wall,ryan51@example.net,AB80,Ipswich,East of England,2025-01-31
CUST03458,B2C,Clive,Ashton,lpalmer@example.net,SO5N,Nottingham,East Midlands,2026-03-05
CUST03459,B2C,Thomas,Hall,pholland@example.net,WF7,Norwich,East of England,2026-01-12
CUST03460,B2C,Bruce,Pearson,michaeladams@example.com,G8,Brighton,South East,2024-11-09
CUST03461,B2C,Rhys,Bentley,marie17@example.com,S2K,London,London,2026-06-13
CUST03462,B2C,Jamie,Fox,ihutchinson@example.net,HG5H,Aberdeen,Scotland,2024-10-18
CUST03463,B2C,Donald,Simmons,fordandrea@example.org,HS7,London,London,2025-09-30
CUST03464,B2B,Jennifer,Harris,brookesabdul@example.com,G34,Cardiff,Wales,2026-06-15
CUST03465,B2C,Carl,Allen,thompsonkevin@example.org,W27,Newport,Wales,2025-04-22
CUST03466,B2C,Diana,Potter,carolyn32@example.net,W20,Coventry,West Midlands,2026-05-03
CUST03467,B2C,Joel,Simpson,franklinkenneth@example.com,E76,Ipswich,East of England,2024-09-22
CUST03468,B2B,Charlene,Davis,xhoward@example.org,CH7V,York,Yorkshire & Humber,2025-07-24
CUST03469,B2C,Terence,Lee,hannahsingh@example.net,SL6Y,Leeds,Yorkshire & Humber,2025-12-20
CUST03470,B2C,Hugh,Rogers,elliot50@example.com,M1K,Preston,North West,2025-09-17
CUST03471,B2C,Julian,Hudson,billyhowe@example.net,RG0,Middlesbrough,North East,2026-02-07
CUST03472,B2C,Cameron,Robertson,tomlinsonbethany@example.com,CR7,London,London,2026-02-14
CUST03473,B2B,Philip,Watson,teresaburns@example.org,RM78,Reading,South East,2026-06-08
CUST03474,B2C,Ben,Murphy,blackburnhenry@example.org,W4T,Reading,South East,2025-11-13
CUST03475,B2C,Sandra,Warner,craigbennett@example.org,SG89,Cardiff,Wales,2024-12-05
CUST03476,B2B,June,Edwards,marcus36@example.net,YO11,Manchester,North West,2024-09-09
CUST03477,B2C,Helen,Sutton,katielane@example.net,N4,Derry,Northern Ireland,2026-05-04
CUST03478,B2C,Stewart,Gardiner,nbishop@example.org,S16,Exeter,South West,2025-11-07
CUST03479,B2C,Justin,Shepherd,rhart@example.org,SN2,Birmingham,West Midlands,2026-05-21
CUST03480,B2C,Leonard,Slater,jcook@example.net,B0,Bournemouth,South West,2025-02-25
CUST03481,B2C,Trevor,Griffin,marianberry@example.org,BH9,Derry,Northern Ireland,2025-12-10
CUST03482,B2C,Declan,Richardson,lweston@example.net,M0J,Swansea,Wales,2025-05-22
CUST03483,B2B,Joseph,Roberts,angela84@example.net,HX1P,Ipswich,East of England,2026-05-27
CUST03484,B2C,Ryan,Carpenter,marion87@example.org,NR7,Birmingham,West Midlands,2026-03-19
CUST03485,B2C,Teresa,Mills,amiles@example.org,TF5W,Bristol,South West,2026-01-25
CUST03486,B2C,Denise,Henderson,joshstephens@example.org,WR4W,Newport,Wales,2024-11-21
CUST03487,B2C,Lynda,Evans,hayley78@example.org,DA5R,Norwich,East of England,2025-12-17
CUST03488,B2C,Shannon,Moss,mwhitehouse@example.net,B7,York,Yorkshire & Humber,2025-08-01
CUST03489,B2C,Carly,Murray,paula65@example.com,G0D,Lincoln,East Midlands,2025-01-14
CUST03490,B2C,Patrick,Payne,uhancock@example.org,L3,Nottingham,East Midlands,2025-12-01
CUST03491,B2C,Adam,Howe,lesleybentley@example.com,EH64,Lincoln,East Midlands,2025-08-26
CUST03492,B2C,Samuel,Palmer,kirsty70@example.com,S8,York,Yorkshire & Humber,2026-07-28
CUST03493,B2C,Rita,Turner,catherine86@example.net,AB2,Cambridge,East of England,2025-12-10
CUST03494,B2C,Daniel,Pratt,ashleigh06@example.org,DY96,Wolverhampton,West Midlands,2026-01-08
CUST03495,B2C,Vincent,Thomson,ygallagher@example.net,DD6,Liverpool,North West,2025-09-07
CUST03496,B2C,Janet,Ali,porterpatricia@example.com,B5H,Nottingham,East Midlands,2025-02-16
CUST03497,B2C,Nathan,Allen,aimeegibson@example.com,N8,Southampton,South East,2024-08-25
CUST03498,B2C,Tracy,Jones,joannagrant@example.net,HP3,Plymouth,South West,2025-01-04
CUST03499,B2C,Gerard,Robinson,proberts@example.net,SE83,Wolverhampton,West Midlands,2024-11-07
CUST03500,B2B,Josh,Wilson,kayleigh27@example.org,L5,Leeds,Yorkshire & Humber,2025-09-13
CUST03501,B2C,Melissa,Jones,deborah52@example.org,ST71,Belfast,Northern Ireland,2025-02-10
CUST03502,B2C,Valerie,Taylor,frichards@example.net,HP8M,London,London,2025-12-24
CUST03503,B2C,Deborah,Hunter,mohammed79@example.com,B8,Middlesbrough,North East,2025-12-15
CUST03504,B2C,Nicola,Ross,gwilliams@example.com,L5K,Preston,North West,2025-11-26
CUST03505,B2C,Zoe,Price,hjohn@example.net,KY4,Wolverhampton,West Midlands,2026-04-09
CUST03506,B2C,Samuel,Smith,sullivanmolly@example.com,KW2X,Peterborough,East of England,2024-09-08
CUST03507,B2C,Damien,Roberts,ajohn@example.org,N9,York,Yorkshire & Humber,2026-06-16
CUST03508,B2B,Lorraine,Ellis,rjones@example.com,B93,Brighton,South East,2025-01-27
CUST03509,B2C,Carolyn,Schofield,charlotte55@example.org,B45,Aberdeen,Scotland,2026-05-28
CUST03510,B2C,Owen,Jenkins,wbailey@example.org,W2D,Belfast,Northern Ireland,2026-01-29
CUST03511,B2C,James,Burrows,alexander31@example.org,EN4,Southampton,South East,2026-01-24
CUST03512,B2C,Frances,Peacock,staceywright@example.net,GL47,London,London,2025-10-08
CUST03513,B2C,Steven,Cox,brownlynne@example.org,DH0A,Peterborough,East of England,2026-04-08
CUST03514,B2C,Dorothy,Mellor,yfield@example.net,DL50,Plymouth,South West,2025-12-17
CUST03515,B2C,Jasmine,Bell,paynejanice@example.net,G64,Plymouth,South West,2026-04-25
CUST03516,B2C,Donna,Mason,zhughes@example.com,DN31,Swansea,Wales,2024-08-26
CUST03517,B2C,Nigel,Wong,kerryroberts@example.com,S80,Wolverhampton,West Midlands,2024-12-31
CUST03518,B2C,Graeme,Birch,adrianali@example.net,SY8H,London,London,2026-07-26
CUST03519,B2C,Dean,Butler,victoriamorgan@example.net,G72,London,London,2026-04-20
CUST03520,B2C,Gillian,Jones,julian20@example.net,AL5,London,London,2025-10-16
CUST03521,B2C,Jordan,Watts,qlloyd@example.com,TW7A,Cardiff,Wales,2025-06-27
CUST03522,B2C,Lucy,Khan,yvonnesinclair@example.net,L2U,Norwich,East of England,2026-04-24
CUST03523,B2C,Henry,Davey,rhys91@example.net,W9,Derby,East Midlands,2024-10-22
CUST03524,B2C,Robin,Stephenson,vanessa56@example.org,GY7,Middlesbrough,North East,2025-11-24
CUST03525,B2C,Beverley,Allen,aaronnash@example.org,SY30,Derry,Northern Ireland,2025-08-13
CUST03526,B2C,Alexander,Wright,timothybrown@example.net,M5U,Newcastle,North East,2026-01-12
CUST03527,B2B,Dylan,Fletcher,damian67@example.net,DA0,Southampton,South East,2024-10-10
CUST03528,B2C,Keith,Carpenter,pamelacooke@example.com,CT8,Dundee,Scotland,2024-11-15
CUST03529,B2C,Jean,Chapman,bhardy@example.com,N5W,Derby,East Midlands,2026-01-31
CUST03530,B2C,Ruth,Dickinson,shawmarie@example.net,WA76,Wrexham,Wales,2025-04-15
CUST03531,B2C,Wayne,Ali,mitchellnelson@example.org,W6A,Middlesbrough,North East,2025-03-20
CUST03532,B2C,Josh,Francis,jessica28@example.com,BL3,Brighton,South East,2024-11-28
CUST03533,B2C,Sean,Arnold,jasonthompson@example.org,BS4X,Belfast,Northern Ireland,2025-04-17
CUST03534,B2C,Helen,Cunningham,nigelbryan@example.com,MK5R,Nottingham,East Midlands,2025-11-23
CUST03535,B2C,Rachel,Edwards,williamphillips@example.com,L44,Derby,East Midlands,2025-06-23
CUST03536,B2C,Patricia,Bowen,marsdencarly@example.org,E64,Blackpool,North West,2026-01-20
CUST03537,B2C,Brian,Naylor,hayley37@example.org,G3,Preston,North West,2025-01-06
CUST03538,B2C,Robert,Jones,xholland@example.net,N1H,London,London,2025-07-02
CUST03539,B2C,Barry,Hamilton,stevensmaurice@example.com,LA5Y,Sunderland,North East,2026-02-14
CUST03540,B2C,Mandy,Mason,andrearussell@example.com,HP0X,London,London,2025-03-06
CUST03541,B2C,Kim,Oliver,june25@example.org,W1,Plymouth,South West,2024-11-27
CUST03542,B2C,Patricia,Thomas,esmith@example.com,EN9,Middlesbrough,North East,2025-04-28
CUST03543,B2C,Victor,Scott,hannah29@example.org,M4D,London,London,2025-01-18
CUST03544,B2C,Philip,Hunt,edwardsgary@example.com,B01,Newcastle,North East,2025-10-16
CUST03545,B2C,Aimee,George,lduffy@example.org,WF8N,London,London,2025-03-06
CUST03546,B2B,Bethany,Smith,teresabrown@example.com,M6,Edinburgh,Scotland,2024-11-02
CUST03547,B2C,Terence,Matthews,gclarke@example.org,DL9,London,London,2026-07-23
CUST03548,B2C,Ricky,McDonald,khansian@example.org,GY6N,London,London,2025-04-01
CUST03549,B2C,Pamela,Thomas,idavis@example.net,TA4N,Norwich,East of England,2025-09-23
CUST03550,B2C,Joanne,Smith,lydiakay@example.com,DD4,Oxford,South East,2026-05-10
CUST03551,B2C,Leanne,Hunter,geraldine33@example.org,B97,Derry,Northern Ireland,2025-12-08
CUST03552,B2C,Robin,Khan,jeanwest@example.com,W97,Bristol,South West,2024-10-17
CUST03553,B2B,Glen,Duncan,jonesann@example.net,W6D,Hull,Yorkshire & Humber,2025-04-01
CUST03554,B2B,Antony,Hobbs,uwilkinson@example.org,W92,Plymouth,South West,2024-12-08
CUST03555,B2C,Gareth,Richards,mariewallis@example.net,S1E,Sunderland,North East,2025-12-16
CUST03556,B2C,Leah,Cook,oliviaclayton@example.com,AL15,Bristol,South West,2025-10-06
CUST03557,B2C,Peter,Dyer,brandon83@example.com,BS8W,Plymouth,South West,2025-08-03
CUST03558,B2C,Joseph,Newton,newmandenise@example.net,M3,Exeter,South West,2025-01-31
CUST03559,B2C,Marc,Harris,brett98@example.org,B76,Dundee,Scotland,2025-06-27
CUST03560,B2C,Billy,Martin,raymondpage@example.net,AB0,Cambridge,East of England,2026-04-21
CUST03561,B2B,Lawrence,Nicholson,abbieward@example.net,CT17,Southampton,South East,2024-08-27
CUST03562,B2C,Lee,May,trobson@example.org,G9,Wrexham,Wales,2024-08-27
CUST03563,B2C,Debra,Wilson,chelsea04@example.com,N78,Coventry,West Midlands,2024-09-04
CUST03564,B2C,Bethan,Coles,drichardson@example.org,W2,Derry,Northern Ireland,2025-01-29
CUST03565,B2C,Antony,Smith,kieran41@example.net,MK7,Oxford,South East,2026-02-16
CUST03566,B2C,Graham,Johnson,stephanieknight@example.com,M39,Plymouth,South West,2025-06-26
CUST03567,B2C,Marcus,Scott,victormorgan@example.com,N8K,Cardiff,Wales,2025-09-08
CUST03568,B2C,Charlene,Burton,fjohnston@example.com,KY2R,Leeds,Yorkshire & Humber,2024-08-18
CUST03569,B2C,Abigail,Storey,grahampamela@example.net,L99,Blackpool,North West,2026-05-01
CUST03570,B2C,Gordon,Griffiths,jonesshannon@example.com,M7,Dundee,Scotland,2025-04-05
CUST03571,B2C,Graham,Bennett,marian18@example.org,B93,Coventry,West Midlands,2025-05-18
CUST03572,B2C,Lorraine,Morrison,oliverwright@example.net,B49,Middlesbrough,North East,2026-01-20
CUST03573,B2C,Wayne,Smith,garystevens@example.org,NE18,Norwich,East of England,2026-02-04
CUST03574,B2C,Jason,Ward,fcarr@example.org,TN7,Southampton,South East,2025-03-23
CUST03575,B2C,Harry,Bryan,morganchloe@example.net,WS4N,Swansea,Wales,2025-04-17
CUST03576,B2C,Mohammad,Young,leanne29@example.org,M1,Wolverhampton,West Midlands,2026-03-09
CUST03577,B2C,Joe,Wyatt,robertsellie@example.org,HA4Y,Southampton,South East,2026-07-30
CUST03578,B2B,Sarah,Jones,lindabartlett@example.com,OX1,Coventry,West Midlands,2026-06-20
CUST03579,B2C,Clive,Thomas,kwheeler@example.net,E20,Swansea,Wales,2025-11-22
CUST03580,B2C,Maurice,Porter,elizabethduffy@example.org,NR8,Liverpool,North West,2025-04-08
CUST03581,B2C,Luke,Cole,patrickfuller@example.net,CH4N,Middlesbrough,North East,2026-05-16
CUST03582,B2C,Carly,Sutton,wrightfrancis@example.net,SR36,Wrexham,Wales,2025-02-20
CUST03583,B2C,Julie,Patel,dalygregory@example.com,G28,Ipswich,East of England,2025-06-12
CUST03584,B2C,Lewis,Brown,abigailiqbal@example.com,N07,London,London,2026-05-01
CUST03585,B2B,Declan,Taylor,marie39@example.net,PR4,London,London,2026-04-13
CUST03586,B2C,Jamie,Fuller,simondyer@example.net,SA0E,Brighton,South East,2026-02-18
CUST03587,B2C,Julie,Walker,melanie64@example.com,E60,Sheffield,Yorkshire & Humber,2026-03-12
CUST03588,B2C,Vanessa,Ferguson,townsendalan@example.com,HX22,Belfast,Northern Ireland,2025-07-12
CUST03589,B2C,Michael,Young,john78@example.net,SW84,Derry,Northern Ireland,2026-07-10
CUST03590,B2C,Russell,Davis,qjones@example.com,LE4,Bournemouth,South West,2025-05-12
CUST03591,B2C,Harry,Roberts,cevans@example.com,S78,Bristol,South West,2025-01-25
CUST03592,B2C,Marcus,Foster,evansclaire@example.com,S2F,Newcastle,North East,2025-06-01
CUST03593,B2C,Linda,Williams,hiltonjake@example.com,W6,Coventry,West Midlands,2026-01-23
CUST03594,B2C,Sylvia,Jones,dhardy@example.org,E5A,Birmingham,West Midlands,2025-08-21
CUST03595,B2C,Mandy,Wright,paulahumphries@example.org,M76,Newcastle,North East,2024-10-04
CUST03596,B2C,June,Green,ronald32@example.com,PE8M,Ipswich,East of England,2025-05-15
CUST03597,B2C,Marcus,Brooks,kennethbond@example.net,CO61,Plymouth,South West,2026-06-10
CUST03598,B2C,Dennis,Jones,justinrichardson@example.net,ML3,Newcastle,North East,2026-03-01
CUST03599,B2C,Anthony,Gordon,pmarsh@example.com,L62,Exeter,South West,2024-09-07
CUST03600,B2C,Jennifer,Armstrong,coatesstanley@example.org,N60,Birmingham,West Midlands,2024-09-01
CUST03601,B2C,Scott,West,qhamilton@example.net,W23,Leicester,East Midlands,2025-10-19
CUST03602,B2B,Jay,Davis,ijones@example.net,CB3,Norwich,East of England,2024-11-16
CUST03603,B2C,Billy,Ross,qlucas@example.org,HU0Y,Wolverhampton,West Midlands,2025-09-25
CUST03604,B2C,Gemma,Russell,shirleylewis@example.com,CR10,Southampton,South East,2026-05-18
CUST03605,B2C,Denis,Simpson,douglasmellor@example.com,S2,Cambridge,East of England,2025-09-28
CUST03606,B2C,Suzanne,Young,upearce@example.org,G90,Derry,Northern Ireland,2024-10-17
CUST03607,B2C,Ian,Wilkinson,trevor79@example.net,N43,Sunderland,North East,2026-04-05
CUST03608,B2C,Leigh,Daniels,sclarke@example.net,DE8,Leeds,Yorkshire & Humber,2025-12-29
CUST03609,B2C,Damien,Williams,shall@example.org,CW45,Newcastle,North East,2024-09-20
CUST03610,B2C,Callum,Carpenter,katherinemclean@example.com,DN44,Derry,Northern Ireland,2026-03-28
CUST03611,B2C,Natasha,Hall,holtzoe@example.net,SA2W,Leicester,East Midlands,2024-08-09
CUST03612,B2C,Jade,Pearce,douglas91@example.net,GU0X,Birmingham,West Midlands,2026-05-11
CUST03613,B2C,Steven,Kemp,robinsonbenjamin@example.com,WC2B,Newport,Wales,2024-11-08
CUST03614,B2C,Brenda,Hughes,lbarrett@example.net,ML5R,Bristol,South West,2025-12-01
CUST03615,B2C,David,Lawrence,connorwatts@example.net,OL46,Derry,Northern Ireland,2025-04-24
CUST03616,B2C,Chloe,Coleman,damianbruce@example.net,LU34,Bournemouth,South West,2025-01-30
CUST03617,B2C,Deborah,Owen,bradley18@example.org,L00,Exeter,South West,2025-05-26
CUST03618,B2C,Maureen,King,raymondlloyd@example.com,W1F,Liverpool,North West,2026-03-19
CUST03619,B2C,Kathleen,Lees,natasharoberts@example.net,G5F,Bournemouth,South West,2026-04-21
CUST03620,B2B,Valerie,Preston,charlie73@example.com,L2,Bristol,South West,2025-01-09
CUST03621,B2B,Julia,Booth,humphreysleigh@example.org,IP71,Peterborough,East of England,2025-12-31
CUST03622,B2C,Lisa,Bray,lambertphilip@example.com,HD24,Brighton,South East,2025-09-17
CUST03623,B2C,Maureen,Barker,twheeler@example.net,LS39,Glasgow,Scotland,2026-08-03
CUST03624,B2B,Mohammed,Barnes,joe65@example.org,NP19,Dundee,Scotland,2026-03-18
CUST03625,B2C,Keith,Robson,justin90@example.com,TW5,Sunderland,North East,2025-12-24
CUST03626,B2B,Leah,Ali,emily42@example.com,M3,Sunderland,North East,2025-06-01
CUST03627,B2B,Cameron,Williamson,wheelerfrancesca@example.net,B3E,Peterborough,East of England,2025-12-06
CUST03628,B2C,Bradley,Ferguson,david86@example.net,B9A,Blackpool,North West,2026-01-28
CUST03629,B2C,Jade,Thompson,xmatthews@example.net,TD8M,Manchester,North West,2026-04-03
CUST03630,B2C,Sharon,Lawrence,lesley71@example.net,LL00,Derby,East Midlands,2025-11-02
CUST03631,B2C,Marian,Brown,ashleigh96@example.com,S0,Belfast,Northern Ireland,2025-04-11
CUST03632,B2C,Natalie,O'Brien,rheath@example.com,M4U,Edinburgh,Scotland,2024-12-25
CUST03633,B2C,Leon,Smith,williamsmathew@example.org,N3U,Bournemouth,South West,2025-01-18
CUST03634,B2C,Mitchell,Reed,gilesmichael@example.org,TD3,Oxford,South East,2026-07-31
CUST03635,B2C,Shirley,Jones,ross98@example.net,L1D,Middlesbrough,North East,2024-11-04
CUST03636,B2C,Malcolm,Jones,karen53@example.com,BR7P,Derry,Northern Ireland,2025-04-05
CUST03637,B2C,Sylvia,Edwards,nataliegreen@example.org,S62,Liverpool,North West,2026-06-04
CUST03638,B2C,Hugh,Brown,mpower@example.net,BB7,Wolverhampton,West Midlands,2026-02-03
CUST03639,B2C,Clifford,Lambert,mohammedcarr@example.net,B61,Norwich,East of England,2025-11-18
CUST03640,B2C,Kate,Lowe,sanderschristopher@example.org,EN01,Hull,Yorkshire & Humber,2025-04-23
CUST03641,B2B,Carly,Hewitt,jbarker@example.org,ZE6,Manchester,North West,2026-06-25
CUST03642,B2C,Janet,Noble,cookcharlene@example.net,M6J,Newcastle,North East,2025-08-16
CUST03643,B2B,Clifford,Williams,brandon03@example.net,LL1A,Ipswich,East of England,2024-12-06
CUST03644,B2C,Stuart,Green,billy16@example.net,B31,Coventry,West Midlands,2024-09-22
CUST03645,B2B,Trevor,Knight,samuel48@example.org,PH73,Norwich,East of England,2026-02-01
CUST03646,B2C,Jamie,Evans,kennethmellor@example.org,CR79,Plymouth,South West,2025-09-20
CUST03647,B2C,Gerald,Williams,judith45@example.com,FY6R,Brighton,South East,2026-03-09
CUST03648,B2C,Richard,Carter,lee43@example.net,PL6P,Belfast,Northern Ireland,2026-06-22
CUST03649,B2C,Patrick,Hussain,jayoconnor@example.com,B2,Peterborough,East of England,2026-03-29
CUST03650,B2C,Raymond,Gibbons,barrysally@example.net,B6C,Preston,North West,2025-11-22
CUST03651,B2C,Linda,Collins,stewartnorman@example.net,G44,Belfast,Northern Ireland,2025-06-11
CUST03652,B2C,Stewart,Reed,emmajones@example.net,HR1,Cambridge,East of England,2026-06-13
CUST03653,B2C,Harriet,Williams,andrewsalex@example.com,G5,Swansea,Wales,2026-04-06
CUST03654,B2C,Lynda,Patel,stewartburns@example.org,G5W,Cambridge,East of England,2025-09-03
CUST03655,B2C,Ben,Bird,scarey@example.org,G7F,Glasgow,Scotland,2026-01-12
CUST03656,B2C,Graeme,King,wallislynn@example.org,G8A,Sheffield,Yorkshire & Humber,2026-07-22
CUST03657,B2C,Jacqueline,Page,lawrencebrenda@example.net,KW9W,Edinburgh,Scotland,2024-11-18
CUST03658,B2B,Emily,Stevenson,allan07@example.org,G1B,Sunderland,North East,2025-02-23
CUST03659,B2C,Geraldine,Evans,philip29@example.net,L88,Derry,Northern Ireland,2025-02-17
CUST03660,B2C,Claire,Ball,lindsey28@example.net,M4,Ipswich,East of England,2025-03-18
CUST03661,B2C,Carl,Stone,uthomas@example.org,E69,Cambridge,East of England,2024-08-12
CUST03662,B2C,Mary,Owen,hholden@example.org,PA8R,Derry,Northern Ireland,2025-08-14
CUST03663,B2C,Zoe,Edwards,benjamin05@example.org,E87,Birmingham,West Midlands,2025-07-16
CUST03664,B2C,Bruce,Armstrong,martyn18@example.net,CV4,Sunderland,North East,2024-09-22
CUST03665,B2C,Mohammed,Spencer,perkinswilliam@example.org,CF59,Leeds,Yorkshire & Humber,2024-11-10
CUST03666,B2C,Christine,Taylor,smorris@example.org,HG4,Liverpool,North West,2026-06-10
CUST03667,B2B,Joshua,Martin,phillipthomas@example.com,NP4W,Plymouth,South West,2025-08-13
CUST03668,B2C,Josh,Thompson,denisethomas@example.com,SO1V,London,London,2025-11-29
CUST03669,B2C,Dominic,Jones,palmerdenise@example.net,LN2,Plymouth,South West,2024-09-06
CUST03670,B2C,Jessica,James,tomriley@example.org,DT7M,London,London,2024-09-09
CUST03671,B2C,Carole,Sanders,bethjones@example.org,W3,Middlesbrough,North East,2025-07-25
CUST03672,B2C,Joyce,Abbott,walshstephen@example.com,L4H,Belfast,Northern Ireland,2025-08-31
CUST03673,B2C,Eric,Jones,malcolm59@example.com,PL6,Exeter,South West,2025-03-17
CUST03674,B2C,William,Williams,xmorris@example.org,N2K,Lincoln,East Midlands,2025-02-20
CUST03675,B2C,Tom,Khan,rowejordan@example.org,W06,Sunderland,North East,2026-02-17
CUST03676,B2C,Brian,Price,shannonbates@example.net,E62,Belfast,Northern Ireland,2024-09-22
CUST03677,B2C,Ruth,Barrett,grahammiles@example.com,E7,Liverpool,North West,2026-02-15
CUST03678,B2B,Frank,Bennett,kchadwick@example.com,DH20,Plymouth,South West,2025-09-02
CUST03679,B2C,Francis,Holmes,joanhale@example.com,KY0E,Exeter,South West,2024-09-14
CUST03680,B2C,Caroline,Baxter,bhussain@example.net,W20,London,London,2025-05-07
CUST03681,B2B,Grace,Kemp,dberry@example.net,W73,Glasgow,Scotland,2026-04-01
CUST03682,B2C,Daniel,Leonard,terence48@example.org,TS3,Plymouth,South West,2024-12-04
CUST03683,B2C,Harriet,Carr,joeldoherty@example.net,L64,Sunderland,North East,2026-06-24
CUST03684,B2C,Paul,Cooper,paulhewitt@example.net,PO78,Manchester,North West,2025-01-20
CUST03685,B2C,Kirsty,Butcher,wthomas@example.com,W7,Exeter,South West,2025-09-14
CUST03686,B2B,Alison,Fletcher,harrysanders@example.com,L45,Bristol,South West,2026-05-28
CUST03687,B2C,Georgina,Turner,morrischristopher@example.org,RH3,Norwich,East of England,2026-06-12
CUST03688,B2B,Aimee,Allan,ltownsend@example.com,SP0,London,London,2025-06-13
CUST03689,B2C,William,Wells,zbrown@example.org,IV9Y,Aberdeen,Scotland,2026-02-22
CUST03690,B2C,Robert,Thomas,burtonpamela@example.com,B74,Hull,Yorkshire & Humber,2025-02-09
CUST03691,B2C,Karl,Baxter,dphillips@example.net,WD4,Aberdeen,Scotland,2026-04-12
CUST03692,B2C,Cheryl,Finch,herberthugh@example.net,HD5E,Middlesbrough,North East,2025-04-24
CUST03693,B2C,Gemma,Palmer,pharvey@example.org,HD1H,Bristol,South West,2025-02-09
CUST03694,B2C,Sylvia,Jones,scottparsons@example.net,M7,Blackpool,North West,2026-05-12
CUST03695,B2C,Deborah,Shah,elizabethsingh@example.org,B7,Newport,Wales,2025-06-28
CUST03696,B2C,Charlie,Schofield,harristimothy@example.org,L5T,Hull,Yorkshire & Humber,2026-07-07
CUST03697,B2C,Iain,Adams,shirley33@example.net,M1,Oxford,South East,2026-01-20
CUST03698,B2C,Joyce,Lowe,aaronmartin@example.net,G41,Derry,Northern Ireland,2024-10-22
CUST03699,B2C,Graham,Reeves,swade@example.com,B6,London,London,2024-09-05
CUST03700,B2B,Philip,White,xkent@example.com,S9S,Newcastle,North East,2025-09-04
CUST03701,B2C,Louise,Wright,qgregory@example.org,N0T,York,Yorkshire & Humber,2024-11-29
CUST03702,B2C,Daniel,Oliver,nclarke@example.org,M0E,Ipswich,East of England,2026-08-04
CUST03703,B2C,Simon,Wilson,dawn11@example.net,M48,Aberdeen,Scotland,2025-06-06
CUST03704,B2C,Luke,Robson,jspencer@example.net,W10,Norwich,East of England,2026-08-02
CUST03705,B2C,Alison,Anderson,alexandercoles@example.net,DD8,Belfast,Northern Ireland,2026-05-21
CUST03706,B2C,Roy,Cook,ubrown@example.net,M0S,Hull,Yorkshire & Humber,2026-07-02
CUST03707,B2C,Roy,Hayward,aknight@example.org,SN90,Liverpool,North West,2024-12-28
CUST03708,B2B,Lawrence,O'Neill,cdavies@example.com,L1F,Liverpool,North West,2025-09-18
CUST03709,B2B,Paula,Hall,carol53@example.org,SL6A,Exeter,South West,2026-01-07
CUST03710,B2C,Alan,Day,peterdale@example.com,DN5H,Derby,East Midlands,2026-07-19
CUST03711,B2B,Amy,Mann,iwilliams@example.com,M5,Wolverhampton,West Midlands,2026-03-23
CUST03712,B2C,Stuart,Gough,joycesally@example.net,S5,Aberdeen,Scotland,2025-01-08
CUST03713,B2C,Nicholas,Robinson,trevor18@example.com,HD1,Newport,Wales,2025-02-15
CUST03714,B2C,Stewart,Fox,naomijohnson@example.com,S1A,Sheffield,Yorkshire & Humber,2026-02-28
CUST03715,B2B,Victor,Thompson,marc54@example.org,W78,Aberdeen,Scotland,2025-04-28
CUST03716,B2C,Irene,Phillips,wilsonpaula@example.com,CF38,Nottingham,East Midlands,2025-01-20
CUST03717,B2C,Gregory,Mason,graham87@example.com,TS53,Blackpool,North West,2025-06-08
CUST03718,B2C,Margaret,Price,christine43@example.org,SS7V,London,London,2024-12-10
CUST03719,B2C,Joanna,Morris,gracewalker@example.net,IG2N,Swansea,Wales,2025-05-10
CUST03720,B2C,Scott,Martin,wilsonaaron@example.org,IM3N,London,London,2024-09-29
CUST03721,B2B,Mohammad,Williams,qjones@example.org,CH46,London,London,2026-02-04
CUST03722,B2C,Natasha,Buckley,yvonne30@example.net,B02,Southampton,South East,2025-10-06
CUST03723,B2C,Kayleigh,Gardner,mathewdavies@example.net,CB1,Middlesbrough,North East,2025-08-05
CUST03724,B2C,Ian,Evans,hkaur@example.net,L22,Aberdeen,Scotland,2025-01-30
CUST03725,B2C,Anna,Smith,gloverthomas@example.net,L7T,Belfast,Northern Ireland,2026-02-26
CUST03726,B2B,June,Hughes,diane91@example.org,UB7P,Preston,North West,2026-01-07
CUST03727,B2C,Wayne,Rogers,kenneth91@example.com,LL79,Peterborough,East of England,2024-10-18
CUST03728,B2C,Annette,Scott,patrick32@example.net,YO9,Sheffield,Yorkshire & Humber,2026-08-06
CUST03729,B2C,Joan,Ward,vhughes@example.org,G7,Wolverhampton,West Midlands,2025-10-08
CUST03730,B2C,Bryan,Harris,hickssean@example.net,N47,Wrexham,Wales,2026-06-03
CUST03731,B2C,Samantha,Watson,oliver17@example.net,L3,Bournemouth,South West,2025-07-11
CUST03732,B2C,Melanie,Donnelly,mahmoodbruce@example.net,W6B,Hull,Yorkshire & Humber,2024-11-03
CUST03733,B2C,Rhys,Gough,bhall@example.com,S5,Aberdeen,Scotland,2024-09-10
CUST03734,B2C,Judith,Nixon,jamesdamian@example.com,SR95,Newcastle,North East,2024-11-29
CUST03735,B2C,Ricky,Moran,colin81@example.org,CV4,Southampton,South East,2025-05-19
CUST03736,B2C,Stephen,Wright,gemmamills@example.net,L8D,Bournemouth,South West,2026-07-26
CUST03737,B2C,Matthew,Clarke,lesleywhite@example.com,M4W,Leicester,East Midlands,2025-10-21
CUST03738,B2C,Tina,Law,susan87@example.com,G0G,Dundee,Scotland,2026-07-01
CUST03739,B2B,Dean,Griffin,caroline07@example.net,LL4,Liverpool,North West,2026-04-27
CUST03740,B2C,Barry,Clarke,wattslucy@example.org,M49,Cardiff,Wales,2025-07-29
CUST03741,B2C,Lawrence,Miah,smithbarry@example.com,ME0Y,Derby,East Midlands,2026-05-21
CUST03742,B2C,Jonathan,Collins,clairebirch@example.com,E7,Dundee,Scotland,2025-03-28
CUST03743,B2C,Natasha,King,rossjoe@example.org,G3C,Glasgow,Scotland,2025-08-19
CUST03744,B2B,Gary,Edwards,jemmadavis@example.net,W7,London,London,2026-03-16
CUST03745,B2C,Irene,Cooper,sdale@example.org,S50,Brighton,South East,2026-05-10
CUST03746,B2C,Joyce,Woodward,nicola70@example.com,NE37,Peterborough,East of England,2026-01-12
CUST03747,B2C,Marc,Sutton,goodwinsara@example.org,M03,Newport,Wales,2025-02-05
CUST03748,B2C,Jenna,Begum,alisongreen@example.com,N0W,Newport,Wales,2025-02-03
CUST03749,B2C,Naomi,Taylor,maureen35@example.org,EN8N,Bournemouth,South West,2025-10-04
CUST03750,B2B,Nicole,Fleming,gerardlees@example.com,SP6,Coventry,West Midlands,2025-05-24
CUST03751,B2C,Alexander,Richardson,hberry@example.com,W5T,Cambridge,East of England,2026-06-29
CUST03752,B2C,Brian,Gill,deborahthomas@example.net,E0C,Derry,Northern Ireland,2025-09-07
CUST03753,B2B,Amanda,Flynn,ipatel@example.org,BL5,Sunderland,North East,2025-05-07
CUST03754,B2B,Stephen,Gill,bethany37@example.com,OL7H,Liverpool,North West,2025-11-16
CUST03755,B2B,Henry,Patel,darrenjames@example.org,PH0,Sunderland,North East,2025-04-26
CUST03756,B2B,Kathleen,Hall,jeffrey29@example.com,SK07,Norwich,East of England,2025-05-25
CUST03757,B2C,Michael,Buckley,carly21@example.net,B02,Newport,Wales,2026-01-23
CUST03758,B2C,Anna,Allen,raymond75@example.net,SW7,Belfast,Northern Ireland,2026-07-01
CUST03759,B2C,Stuart,Baker,gillianmorton@example.net,HG87,Derby,East Midlands,2026-06-15
CUST03760,B2C,Andrew,Cooper,williamsrhys@example.com,SO32,Exeter,South West,2026-01-18
CUST03761,B2B,Tracey,Lambert,jenningshugh@example.org,PA4P,Ipswich,East of England,2026-01-02
CUST03762,B2C,Patricia,Williamson,roy67@example.org,TD5,Coventry,West Midlands,2024-09-05
CUST03763,B2B,Alice,Bryant,jamesjoyce@example.net,KT2B,Sunderland,North East,2026-06-08
CUST03764,B2C,Danielle,Cross,fowlerdamien@example.com,B78,Southampton,South East,2025-04-21
CUST03765,B2C,Max,Willis,andrewpritchard@example.net,BT35,Manchester,North West,2026-03-05
CUST03766,B2C,Kirsty,Jones,evanspamela@example.com,PE03,Aberdeen,Scotland,2024-10-23
CUST03767,B2C,Amelia,West,gmiller@example.com,G1J,Leeds,Yorkshire & Humber,2024-09-10
CUST03768,B2C,Ashley,Martin,hazel47@example.net,WV49,Edinburgh,Scotland,2026-03-24
CUST03769,B2C,Helen,Parker,rhughes@example.com,TW77,Nottingham,East Midlands,2025-11-01
CUST03770,B2C,Jacqueline,Adams,valeriepatel@example.net,BB53,Leeds,Yorkshire & Humber,2025-07-22
CUST03771,B2C,Teresa,Hodgson,swilson@example.com,M9K,Coventry,West Midlands,2025-11-01
CUST03772,B2C,Alexander,Lawrence,annettewells@example.com,G49,Derry,Northern Ireland,2025-11-13
CUST03773,B2C,Frances,Gray,catherine18@example.org,DD05,Blackpool,North West,2025-12-12
CUST03774,B2C,Sandra,Cox,harrisonadam@example.org,S4B,Sheffield,Yorkshire & Humber,2026-04-24
CUST03775,B2C,Holly,Mitchell,victor17@example.net,EH8,Preston,North West,2024-11-21
CUST03776,B2C,Donald,Miller,littleroy@example.org,HG9,Derby,East Midlands,2025-06-13
CUST03777,B2B,Aimee,Moore,pearsonrosie@example.net,SE5V,Preston,North West,2025-06-15
CUST03778,B2B,Hazel,Browne,garrysmith@example.com,W0K,Derry,Northern Ireland,2024-08-20
CUST03779,B2C,Lydia,Barnett,conorakhtar@example.net,CV0,Reading,South East,2025-09-17
CUST03780,B2C,Jay,Davidson,youngnigel@example.org,N0D,Sheffield,Yorkshire & Humber,2025-05-04
CUST03781,B2C,Jayne,Kemp,cnaylor@example.net,L03,Newcastle,North East,2025-08-20
CUST03782,B2C,Linda,Smith,shawcolin@example.net,PL74,Plymouth,South West,2025-08-13
CUST03783,B2C,Lynne,Patel,aharrison@example.org,WS8,Bournemouth,South West,2025-11-10
CUST03784,B2C,Norman,Dennis,williamskarl@example.org,DD1,London,London,2025-05-05
CUST03785,B2C,Angela,Holden,alanwebb@example.net,M8E,Wolverhampton,West Midlands,2025-06-13
CUST03786,B2C,Elizabeth,Dawson,greenpatrick@example.com,NR61,Derry,Northern Ireland,2026-07-24
CUST03787,B2C,Benjamin,Kelly,jamessmith@example.com,G7E,York,Yorkshire & Humber,2025-07-12
CUST03788,B2C,Cameron,Atkinson,natalieelliott@example.org,BA1B,Newcastle,North East,2025-07-25
CUST03789,B2C,Donald,Ali,grahamkayleigh@example.org,B1J,Blackpool,North West,2025-12-21
CUST03790,B2C,Chloe,Davis,obrienowen@example.com,B3S,Wolverhampton,West Midlands,2025-12-08
CUST03791,B2C,Joseph,Martin,chanderek@example.net,CH5N,Bristol,South West,2025-11-27
CUST03792,B2C,Jodie,Smith,russellbowen@example.org,BN4M,York,Yorkshire & Humber,2024-11-02
CUST03793,B2C,Georgina,Johnson,tonygregory@example.org,W5K,Belfast,Northern Ireland,2024-10-12
CUST03794,B2C,Mary,Vaughan,marc97@example.org,NP8,Southampton,South East,2025-12-18
CUST03795,B2C,Diane,Wright,fostergareth@example.net,E76,Leicester,East Midlands,2026-06-25
CUST03796,B2C,Philip,Field,wilsonjasmine@example.com,M8U,London,London,2025-10-19
CUST03797,B2C,Adrian,Ross,ojones@example.com,BS23,Norwich,East of England,2025-12-26
CUST03798,B2C,Emily,Page,qbutler@example.net,HR2,London,London,2026-04-08
CUST03799,B2C,Tracy,Bennett,pwright@example.com,BA90,Norwich,East of England,2026-04-18
CUST03800,B2C,Eric,Butcher,samuel39@example.org,CF96,Wrexham,Wales,2025-07-27
CUST03801,B2C,Aimee,Welch,jamie02@example.net,W45,Swansea,Wales,2025-06-05
CUST03802,B2C,Nicola,Reid,harrisonpatricia@example.com,W4K,Preston,North West,2026-03-11
CUST03803,B2C,Jodie,Richards,kirsty25@example.net,EN0N,Newcastle,North East,2025-07-17
CUST03804,B2C,Justin,Smith,kerrybates@example.org,SK10,Wolverhampton,West Midlands,2025-10-04
CUST03805,B2C,Valerie,Wilson,cooperdylan@example.com,G19,Leicester,East Midlands,2026-05-12
CUST03806,B2C,Victoria,Howard,marilynharrison@example.org,WN28,Dundee,Scotland,2025-06-07
CUST03807,B2C,Jasmine,Turner,eleanor14@example.net,S11,Birmingham,West Midlands,2024-12-19
CUST03808,B2C,Gail,Price,bennettgail@example.org,N04,Bournemouth,South West,2026-06-12
CUST03809,B2B,Catherine,Green,gregory91@example.org,NP9V,London,London,2026-02-28
CUST03810,B2C,Beverley,Hewitt,howeshaun@example.net,N00,Bournemouth,South West,2025-11-11
CUST03811,B2C,Natalie,Ashton,tonywong@example.net,OL0P,Hull,Yorkshire & Humber,2024-10-30
CUST03812,B2C,Sally,Brown,jamie19@example.net,NW49,Derry,Northern Ireland,2025-03-22
CUST03813,B2C,Margaret,Edwards,lucy94@example.net,SM65,Derry,Northern Ireland,2026-02-08
CUST03814,B2C,Pauline,Whittaker,fjackson@example.org,TF68,Cambridge,East of England,2024-11-01
CUST03815,B2C,Paige,Glover,andreabegum@example.net,E13,Reading,South East,2026-04-15
CUST03816,B2C,Liam,Adams,beth50@example.com,M38,Reading,South East,2024-11-28
CUST03817,B2C,Judith,Griffin,steventaylor@example.org,KA9W,Sunderland,North East,2026-02-13
CUST03818,B2B,Jack,Hyde,zevans@example.org,S97,Newcastle,North East,2025-04-26
CUST03819,B2C,Rosemary,Kelly,marshowen@example.org,B5,Wrexham,Wales,2025-10-10
CUST03820,B2C,Natasha,Turner,awhite@example.com,AL7N,Liverpool,North West,2025-08-30
CUST03821,B2C,Guy,Morgan,williamsdaniel@example.com,CW59,Norwich,East of England,2026-08-03
CUST03822,B2C,Wendy,Green,damien46@example.net,E57,Sheffield,Yorkshire & Humber,2026-01-07
CUST03823,B2C,Graeme,Shaw,qparker@example.org,HR33,York,Yorkshire & Humber,2026-02-16
CUST03824,B2C,Deborah,Jones,nicole93@example.org,GL9,Leicester,East Midlands,2025-05-13
CUST03825,B2B,Nigel,Johnson,julia17@example.net,NN8,Lincoln,East Midlands,2026-01-31
CUST03826,B2B,Megan,Harrison,graememorrison@example.net,E0W,Dundee,Scotland,2025-10-26
CUST03827,B2C,Neil,Evans,colinsaunders@example.net,N7,Belfast,Northern Ireland,2025-01-12
CUST03828,B2B,Jayne,Shah,raymondwoods@example.net,CB3,London,London,2025-08-28
CUST03829,B2C,Alexander,Carroll,powellsarah@example.net,TR4H,Edinburgh,Scotland,2026-03-01
CUST03830,B2C,Wayne,Patel,cpower@example.org,N5,Nottingham,East Midlands,2026-02-01
CUST03831,B2C,Alexandra,Fraser,russelljacob@example.org,M4,Plymouth,South West,2024-12-26
CUST03832,B2B,Thomas,Stewart,hardingjoyce@example.com,ST19,Derry,Northern Ireland,2024-12-20
CUST03833,B2B,Beth,Hill,bowenkevin@example.com,YO7,Plymouth,South West,2025-08-12
CUST03834,B2B,Duncan,Wilson,carolineharrison@example.com,S8,Newport,Wales,2025-09-26
CUST03835,B2C,Brian,Gray,tlewis@example.com,CO1,Derry,Northern Ireland,2026-03-24
CUST03836,B2C,Josh,Butler,yspencer@example.net,SL1,Wrexham,Wales,2025-06-30
CUST03837,B2C,Albert,Brown,ian42@example.org,L1F,Sheffield,Yorkshire & Humber,2025-06-04
CUST03838,B2C,Harry,Reid,jordan12@example.org,HG55,York,Yorkshire & Humber,2025-03-19
CUST03839,B2C,Kathleen,Smith,lyndastorey@example.org,HA7M,Liverpool,North West,2026-01-10
CUST03840,B2C,Joan,Brookes,natasha64@example.net,B3,Reading,South East,2025-10-16
CUST03841,B2C,Marion,Harris,clifford20@example.org,N3,Belfast,Northern Ireland,2025-01-29
CUST03842,B2C,Lauren,Smith,dgreen@example.com,W2,Middlesbrough,North East,2025-03-13
CUST03843,B2C,Ryan,Stone,staceycross@example.org,S0,Newport,Wales,2026-07-22
CUST03844,B2B,Luke,Gallagher,brownlorraine@example.org,L3,Newcastle,North East,2026-01-30
CUST03845,B2C,Joyce,Sutton,nicholas03@example.net,SL7W,Hull,Yorkshire & Humber,2025-02-08
CUST03846,B2C,Arthur,Smith,gavin84@example.org,S0W,Wolverhampton,West Midlands,2025-09-22
CUST03847,B2C,Maria,Griffiths,walkerfrancesca@example.com,E09,Bristol,South West,2026-07-19
CUST03848,B2C,William,Evans,andrea73@example.net,E1,Plymouth,South West,2026-07-21
CUST03849,B2C,Eileen,Robertson,frank71@example.com,E9G,Sunderland,North East,2026-03-29
CUST03850,B2B,Charles,Walsh,justinberry@example.com,W7G,Peterborough,East of England,2025-06-26
CUST03851,B2C,Stephen,Stephenson,dhughes@example.org,W15,Dundee,Scotland,2024-09-14
CUST03852,B2C,Simon,Greenwood,clementsabbie@example.org,S55,Blackpool,North West,2026-03-22
CUST03853,B2B,Marian,Chapman,andreamartin@example.net,LD6,Nottingham,East Midlands,2025-02-21
CUST03854,B2C,Lynne,Buckley,jaynethompson@example.org,GY7W,Birmingham,West Midlands,2025-06-22
CUST03855,B2C,Gerard,Rees,edixon@example.net,GY2,London,London,2026-03-03
CUST03856,B2C,Vincent,Farrell,awilliams@example.org,TS8Y,Oxford,South East,2024-12-03
CUST03857,B2C,Frederick,James,paulinewilson@example.org,HS8V,Liverpool,North West,2025-08-12
CUST03858,B2C,Harriet,Smith,vjones@example.net,S10,London,London,2025-08-19
CUST03859,B2C,Oliver,Vaughan,zhayward@example.org,SM6N,Peterborough,East of England,2026-05-29
CUST03860,B2C,Nicole,Lewis,jacksonalice@example.net,KW9,Leeds,Yorkshire & Humber,2025-03-31
CUST03861,B2C,Shirley,Ahmed,youngaaron@example.com,KT33,Peterborough,East of England,2024-10-05
CUST03862,B2C,Nicola,Clark,morganheather@example.com,B11,Newport,Wales,2024-10-26
CUST03863,B2C,Jenna,Jackson,wallacerussell@example.org,BA29,Oxford,South East,2026-04-02
CUST03864,B2C,Lindsey,Atkinson,fclayton@example.com,W9B,Hull,Yorkshire & Humber,2026-02-21
CUST03865,B2C,Cheryl,Cooke,ysmith@example.org,RM6H,Sheffield,Yorkshire & Humber,2025-03-18
CUST03866,B2C,Susan,Jenkins,jacquelinewyatt@example.org,G2,Wolverhampton,West Midlands,2025-10-19
CUST03867,B2C,Dawn,Lewis,albert71@example.net,G1,Manchester,North West,2025-05-25
CUST03868,B2C,Suzanne,Miller,zsavage@example.org,M0U,Derry,Northern Ireland,2026-04-17
CUST03869,B2C,Eric,Harding,jessicathornton@example.net,KA0,Derby,East Midlands,2025-11-18
CUST03870,B2C,Frank,Cross,howejosh@example.org,ST9,London,London,2025-07-22
CUST03871,B2C,Amelia,Thornton,doyleconnor@example.com,NP20,Belfast,Northern Ireland,2025-11-28
CUST03872,B2C,William,Little,staylor@example.com,G4T,Belfast,Northern Ireland,2024-12-08
CUST03873,B2C,Tracey,Morris,leonardlee@example.net,IG0R,Liverpool,North West,2026-07-13
CUST03874,B2C,Hugh,Stewart,parkerkatie@example.com,E3,Derby,East Midlands,2026-01-19
CUST03875,B2C,Amanda,Watkins,adamsvictor@example.org,N90,Norwich,East of England,2025-07-30
CUST03876,B2B,Alexander,Smith,sstevens@example.org,BB43,Leicester,East Midlands,2025-05-18
CUST03877,B2C,Keith,Singh,mistrymaurice@example.com,TS82,Sunderland,North East,2026-01-08
CUST03878,B2C,Judith,Williams,kempsam@example.net,CH1A,Lincoln,East Midlands,2025-07-16
CUST03879,B2C,Phillip,Fox,wyates@example.net,M7B,Nottingham,East Midlands,2025-10-19
CUST03880,B2C,Cheryl,Ahmed,swilliams@example.com,N0F,Brighton,South East,2026-06-14
CUST03881,B2B,Susan,Evans,dbryant@example.net,W3B,Brighton,South East,2025-11-07
CUST03882,B2C,Donald,Davies,beverleyanderson@example.com,S33,Edinburgh,Scotland,2025-06-30
CUST03883,B2C,Joan,Cooper,dean41@example.net,M6,London,London,2026-06-24
CUST03884,B2C,Andrea,Nicholson,westashleigh@example.com,L8B,Birmingham,West Midlands,2026-05-30
CUST03885,B2C,Douglas,Johnson,milessusan@example.org,S1S,Sunderland,North East,2025-10-24
CUST03886,B2C,Lorraine,Alexander,stephensgrace@example.com,SL0E,Glasgow,Scotland,2024-08-25
CUST03887,B2C,Leanne,Banks,simonali@example.net,PL19,Sheffield,Yorkshire & Humber,2024-10-31
CUST03888,B2C,Jay,Mason,olewis@example.com,M42,Cambridge,East of England,2025-10-05
CUST03889,B2C,Hilary,James,ashley16@example.com,E0G,Lincoln,East Midlands,2024-12-08
CUST03890,B2C,Francesca,Middleton,charlotte06@example.com,W2B,Glasgow,Scotland,2026-07-30
CUST03891,B2C,Terry,Evans,connornicholls@example.com,M6,Norwich,East of England,2026-02-14
CUST03892,B2B,Fiona,Harris,danielbanks@example.net,N13,Wolverhampton,West Midlands,2025-09-10
CUST03893,B2B,Lesley,Crawford,mark64@example.org,M98,Oxford,South East,2024-10-19
CUST03894,B2C,Marian,Frost,liam66@example.org,DA6,Middlesbrough,North East,2025-07-16
CUST03895,B2C,Joanne,Brookes,karllucas@example.com,E1,Brighton,South East,2026-07-04
CUST03896,B2C,Damien,Powell,johnsonjustin@example.org,E41,Belfast,Northern Ireland,2024-11-28
CUST03897,B2C,Marie,Perry,julie74@example.org,SA5,Glasgow,Scotland,2025-03-25
CUST03898,B2C,Richard,Ross,westnigel@example.org,PE3B,Belfast,Northern Ireland,2024-12-04
CUST03899,B2C,Zoe,Russell,callum45@example.org,E4,Coventry,West Midlands,2025-08-22
CUST03900,B2C,Aimee,Short,jjones@example.net,B8J,Dundee,Scotland,2026-07-15
CUST03901,B2C,Leah,Dobson,reynoldscolin@example.com,W0J,Sunderland,North East,2025-11-19
CUST03902,B2C,Alan,Webster,burgesslauren@example.net,PL7,Southampton,South East,2025-01-07
CUST03903,B2C,Gavin,Green,henrycoleman@example.org,SE6W,Belfast,Northern Ireland,2025-04-13
CUST03904,B2C,Steven,Atkinson,webbbrett@example.com,PE0M,Cambridge,East of England,2025-05-24
CUST03905,B2C,Helen,Ward,clarkerobert@example.org,KY6,London,London,2026-04-03
CUST03906,B2C,Sian,Slater,msteele@example.org,E8E,Wolverhampton,West Midlands,2025-07-19
CUST03907,B2C,Anne,Watson,singhiain@example.com,SL0,Sheffield,Yorkshire & Humber,2025-08-17
CUST03908,B2C,Craig,Anderson,kerrynaylor@example.com,S66,Wolverhampton,West Midlands,2026-05-14
CUST03909,B2B,Thomas,Patel,howardwilliams@example.org,NW27,Peterborough,East of England,2024-11-18
CUST03910,B2B,Ian,Kemp,barrysophie@example.org,ML03,York,Yorkshire & Humber,2024-08-14
CUST03911,B2C,Melissa,Lee,owenfowler@example.net,W0A,Middlesbrough,North East,2025-08-18
CUST03912,B2C,Kirsty,Clarke,kylewalker@example.net,S36,Plymouth,South West,2026-04-02
CUST03913,B2B,Stewart,Watson,greenabbie@example.net,E0,Peterborough,East of England,2025-03-06
CUST03914,B2C,Reece,Stewart,sophie92@example.com,S4,Leeds,Yorkshire & Humber,2025-03-24
CUST03915,B2C,Elaine,Kerr,declan53@example.com,W5,Lincoln,East Midlands,2025-08-29
CUST03916,B2C,Kieran,Gill,zsingh@example.net,DY8,Plymouth,South West,2025-05-13
CUST03917,B2C,Sian,Moore,cartergrace@example.com,M41,Wrexham,Wales,2026-03-24
CUST03918,B2C,Linda,Abbott,joanna11@example.com,S2,Birmingham,West Midlands,2025-09-26
CUST03919,B2C,Cameron,Bailey,abdul78@example.net,W9S,Bristol,South West,2025-11-08
CUST03920,B2C,Christian,Vaughan,glennicholson@example.net,SE6,Manchester,North West,2025-08-12
CUST03921,B2C,Sean,O'Donnell,sarah37@example.org,SO4H,Ipswich,East of England,2025-06-17
CUST03922,B2C,Lynda,Watts,gwilliams@example.com,N7,London,London,2025-03-23
CUST03923,B2C,Ashleigh,Brown,cameronholt@example.org,YO28,Belfast,Northern Ireland,2024-09-19
CUST03924,B2C,Benjamin,Taylor,uwalton@example.org,L3,Bournemouth,South West,2025-05-18
CUST03925,B2C,Kimberley,Wood,lfox@example.org,E9,Reading,South East,2026-06-29
CUST03926,B2C,Elliot,Douglas,rachelgriffiths@example.net,HR8A,York,Yorkshire & Humber,2025-07-25
CUST03927,B2C,Fiona,Dixon,dwatson@example.net,B7A,Cambridge,East of England,2026-02-15
CUST03928,B2C,Justin,Sutton,joshuapage@example.com,GY76,Belfast,Northern Ireland,2025-09-13
CUST03929,B2B,Gareth,Howard,wilkinsgraham@example.com,FY8V,Leicester,East Midlands,2026-02-02
CUST03930,B2C,Lucy,Lewis,garry11@example.net,WS46,Edinburgh,Scotland,2024-11-05
CUST03931,B2C,Julie,Harris,michael85@example.org,M8,Wrexham,Wales,2025-10-14
CUST03932,B2C,Sam,Lewis,jayneross@example.net,ME7H,Derry,Northern Ireland,2025-02-18
CUST03933,B2C,Lynn,Williams,valeriewilson@example.org,SN2H,Liverpool,North West,2025-09-02
CUST03934,B2B,William,Parker,wendy49@example.net,BS4A,Preston,North West,2024-10-20
CUST03935,B2B,Cameron,Matthews,maryprice@example.net,SY7V,Derry,Northern Ireland,2025-04-03
CUST03936,B2B,Danielle,Williams,harry57@example.net,UB10,Belfast,Northern Ireland,2025-07-21
CUST03937,B2C,Adam,Armstrong,ruth43@example.com,E97,Bournemouth,South West,2025-06-08
CUST03938,B2C,Sheila,Baxter,nathanali@example.com,DL8,Edinburgh,Scotland,2026-03-09
CUST03939,B2C,Grace,Kirk,terryanderson@example.org,B30,Exeter,South West,2026-03-16
CUST03940,B2C,Aaron,Nicholls,eleanor13@example.com,GU68,Middlesbrough,North East,2025-02-17
CUST03941,B2B,Guy,Edwards,kevin47@example.org,SY6,Oxford,South East,2026-06-11
CUST03942,B2C,Marion,Evans,gillianhudson@example.org,S1,Swansea,Wales,2025-08-29
CUST03943,B2C,Hannah,Kemp,mitchell69@example.org,L4W,Lincoln,East Midlands,2024-11-15
CUST03944,B2B,Deborah,Patel,gcooper@example.com,SY1,Bournemouth,South West,2024-10-28
CUST03945,B2C,Jacob,Baxter,pwells@example.net,OX1,Plymouth,South West,2026-08-04
CUST03946,B2C,Kim,Houghton,youngalice@example.net,W8H,Newcastle,North East,2026-06-26
CUST03947,B2B,Diana,Robinson,damianosborne@example.org,BR5,Manchester,North West,2024-11-20
CUST03948,B2C,Joe,Price,charlene39@example.net,S2J,Bristol,South West,2026-05-19
CUST03949,B2C,Toby,Bell,fgriffin@example.org,M18,London,London,2026-02-21
CUST03950,B2C,Irene,Jennings,james16@example.net,RG6,Derry,Northern Ireland,2026-04-12
CUST03951,B2C,Stewart,Reid,tlewis@example.com,EX16,Bournemouth,South West,2025-07-11
CUST03952,B2B,Natalie,Lambert,goodwinphillip@example.com,L2K,Reading,South East,2026-02-13
CUST03953,B2C,Elliott,Bell,iwilliamson@example.com,ML7,Coventry,West Midlands,2025-08-30
CUST03954,B2C,Kenneth,Patel,christian21@example.net,N7S,Bournemouth,South West,2024-09-13
CUST03955,B2B,Aimee,Robinson,fmarshall@example.com,G56,Oxford,South East,2025-07-19
CUST03956,B2C,Garry,Morris,stevensann@example.net,M20,Plymouth,South West,2026-01-29
CUST03957,B2C,Rebecca,Murphy,aimeerogers@example.net,G6F,Derby,East Midlands,2025-04-24
CUST03958,B2C,Clive,Dean,xcarter@example.org,E3F,Cambridge,East of England,2026-07-16
CUST03959,B2C,Lydia,Woods,bbryant@example.com,NR3N,Preston,North West,2025-09-23
CUST03960,B2C,Rebecca,Baker,francisleslie@example.org,N8F,Middlesbrough,North East,2026-02-14
CUST03961,B2C,Kenneth,Chambers,tgibson@example.net,M2,Manchester,North West,2025-04-08
CUST03962,B2C,Carl,Taylor,bherbert@example.org,S1,Manchester,North West,2026-06-12
CUST03963,B2C,Linda,Mann,wrightnigel@example.net,W5G,Preston,North West,2024-09-06
CUST03964,B2C,William,Miller,hblack@example.com,GL1B,Wrexham,Wales,2024-08-12
CUST03965,B2B,Gail,Marsden,katherine32@example.org,N83,Swansea,Wales,2024-10-16
CUST03966,B2C,Teresa,Edwards,qowen@example.com,G53,Birmingham,West Midlands,2025-01-23
CUST03967,B2C,Patrick,Bradley,scross@example.org,SE8,Preston,North West,2025-11-03
CUST03968,B2C,Darren,Murray,gillian76@example.net,CA15,Aberdeen,Scotland,2026-04-24
CUST03969,B2B,Sandra,Barker,vphillips@example.com,NE6H,Aberdeen,Scotland,2025-12-16
CUST03970,B2C,Shane,Lawson,kayleigh18@example.org,EH61,Derry,Northern Ireland,2025-10-26
CUST03971,B2C,Ann,Brown,abird@example.org,N6E,Aberdeen,Scotland,2025-04-23
CUST03972,B2B,Luke,Patel,taylordonna@example.org,CF6M,Preston,North West,2025-09-01
CUST03973,B2C,Chelsea,Morris,lesley86@example.org,L4,Nottingham,East Midlands,2026-02-16
CUST03974,B2C,Kate,Patel,gibsonchristopher@example.net,N14,Aberdeen,Scotland,2025-12-06
CUST03975,B2C,Emma,Bell,pdale@example.org,BN6,Liverpool,North West,2025-02-15
CUST03976,B2B,Roger,White,leahmoore@example.org,WV6N,London,London,2024-12-01
CUST03977,B2C,Katie,Woodward,alan64@example.org,ZE9,Cambridge,East of England,2025-06-16
CUST03978,B2C,Benjamin,Bond,clarkewilliam@example.com,TF21,Swansea,Wales,2026-02-20
CUST03979,B2C,Ben,Lewis,timothytaylor@example.net,B5,Edinburgh,Scotland,2025-12-18
CUST03980,B2C,Roger,Jones,dmorris@example.com,IP0,Norwich,East of England,2024-08-23
CUST03981,B2C,Reece,Lloyd,austinsean@example.net,M14,Middlesbrough,North East,2025-12-20
CUST03982,B2C,Elaine,Payne,scottbarbara@example.com,EX5H,Ipswich,East of England,2025-04-13
CUST03983,B2C,Gregory,Smith,xhussain@example.com,W95,Coventry,West Midlands,2025-05-24
CUST03984,B2C,Clive,Roberts,uclarke@example.net,SG3,Plymouth,South West,2025-06-04
CUST03985,B2C,Barbara,Thompson,jonesharriet@example.com,HG0X,Bournemouth,South West,2025-06-09
CUST03986,B2C,Adrian,Parker,barbarahodgson@example.com,L0,Newport,Wales,2026-04-08
CUST03987,B2C,Geraldine,Bell,icoates@example.net,G8T,Leicester,East Midlands,2025-11-13
CUST03988,B2C,Kevin,Bartlett,jacqueline33@example.net,LD5P,Derby,East Midlands,2025-06-07
CUST03989,B2C,Malcolm,Booth,jeremy54@example.net,ME1,Middlesbrough,North East,2026-02-12
CUST03990,B2C,Beverley,Shah,ybailey@example.com,DL0N,Manchester,North West,2025-10-28
CUST03991,B2B,Mary,Owen,milesnicole@example.net,S0,London,London,2025-02-01
CUST03992,B2B,Amber,Mitchell,welchgail@example.net,LE9,Derry,Northern Ireland,2025-06-23
CUST03993,B2C,Gordon,Burrows,mball@example.org,PL9,Sheffield,Yorkshire & Humber,2025-05-03
CUST03994,B2B,Aaron,Browne,joannefrench@example.org,L6D,Newcastle,North East,2025-09-17
CUST03995,B2C,Jemma,Edwards,jaymay@example.net,M3T,Preston,North West,2026-06-01
CUST03996,B2C,Thomas,Morgan,carl69@example.org,DT8X,Cambridge,East of England,2025-09-15
CUST03997,B2B,Kathleen,Woodward,williamsmarion@example.net,HD1,York,Yorkshire & Humber,2025-05-02
CUST03998,B2C,Ashley,Williams,jacqueline33@example.org,S8H,Exeter,South West,2025-11-10
CUST03999,B2C,Chloe,Hudson,callumduffy@example.org,SM0H,Leicester,East Midlands,2026-06-26
CUST04000,B2C,Lydia,King,williamsbruce@example.net,S7J,Brighton,South East,2026-06-27
CUST04001,B2C,Sara,McCarthy,williamsjulie@example.org,L8,Wrexham,Wales,2026-05-21
CUST04002,B2C,Bradley,Birch,benjaminmitchell@example.org,DN25,York,Yorkshire & Humber,2025-09-27
CUST04003,B2C,Katy,Rose,kennethsmith@example.org,E1E,Glasgow,Scotland,2025-06-01
CUST04004,B2C,Marc,Ford,denise04@example.com,SG0M,Oxford,South East,2025-08-27
CUST04005,B2C,Abdul,Williams,daviesheather@example.org,DY36,Exeter,South West,2026-05-06
CUST04006,B2C,Kirsty,Harrison,qwilliams@example.com,L6,Belfast,Northern Ireland,2025-06-24
CUST04007,B2C,Sheila,Weston,mfreeman@example.com,HP79,Birmingham,West Midlands,2025-04-26
CUST04008,B2C,Nicola,King,grahammann@example.com,BD8A,Brighton,South East,2026-02-09
CUST04009,B2C,Roy,Morgan,vfisher@example.com,EH2B,Derby,East Midlands,2026-07-05
CUST04010,B2C,Alice,White,lindaclarke@example.net,E73,Leeds,Yorkshire & Humber,2024-11-14
CUST04011,B2C,Carly,Khan,zedwards@example.org,N05,Sunderland,North East,2025-02-18
CUST04012,B2C,Amy,Ahmed,ianwilliams@example.org,S87,Preston,North West,2025-12-09
CUST04013,B2C,Leanne,Storey,porterkate@example.net,W0,Birmingham,West Midlands,2025-11-01
CUST04014,B2C,Antony,Russell,baileywendy@example.org,GU91,Coventry,West Midlands,2026-07-27
CUST04015,B2C,Geoffrey,Moore,dickinsonsamantha@example.net,L21,Belfast,Northern Ireland,2026-03-10
CUST04016,B2C,Lewis,Rose,jodiemason@example.org,WR1M,Derry,Northern Ireland,2025-07-31
CUST04017,B2C,Louis,Abbott,hmorris@example.org,G38,Cardiff,Wales,2026-03-18
CUST04018,B2C,Sandra,Khan,georgiabrown@example.net,BR20,Leicester,East Midlands,2026-03-08
CUST04019,B2C,Joyce,Akhtar,pjones@example.org,KW2E,Edinburgh,Scotland,2026-08-03
CUST04020,B2C,Kirsty,Hopkins,wroberts@example.com,N9,Manchester,North West,2025-10-04
CUST04021,B2C,Matthew,Morton,christopher42@example.org,B57,Peterborough,East of England,2025-04-19
CUST04022,B2C,Antony,Allan,brianblackburn@example.com,M0,Wrexham,Wales,2025-10-28
CUST04023,B2C,James,Rogers,kwilliams@example.org,KW80,London,London,2025-01-03
CUST04024,B2C,Victoria,Haynes,pauline32@example.com,L4,Swansea,Wales,2025-09-10
CUST04025,B2C,Damien,Robinson,margaretmartin@example.net,HX9M,London,London,2025-10-13
CUST04026,B2B,Helen,Lewis,gregory89@example.net,NW0R,Edinburgh,Scotland,2025-02-01
CUST04027,B2C,Lorraine,Stewart,hartpaige@example.com,N69,Leeds,Yorkshire & Humber,2026-01-03
CUST04028,B2C,Donald,Foster,kellis@example.org,LU1,Plymouth,South West,2026-02-12
CUST04029,B2C,Katy,Simpson,vhall@example.net,TW7H,Sheffield,Yorkshire & Humber,2025-02-08
CUST04030,B2C,Geraldine,Dunn,vanessaclarke@example.net,L7,Wolverhampton,West Midlands,2025-11-07
CUST04031,B2C,Lorraine,Smith,jacobking@example.net,B6E,Coventry,West Midlands,2024-10-08
CUST04032,B2C,Dawn,Parsons,edward45@example.com,HD9X,Sunderland,North East,2026-06-02
CUST04033,B2C,Graham,Cook,masonlisa@example.com,G5H,Bournemouth,South West,2025-09-03
CUST04034,B2C,Dominic,Williams,geoffrey21@example.com,CH6,Belfast,Northern Ireland,2025-02-14
CUST04035,B2C,Thomas,Hawkins,adrianbates@example.org,B2B,Derry,Northern Ireland,2025-01-23
CUST04036,B2C,Samuel,O'Sullivan,holmesryan@example.com,ML3,Swansea,Wales,2025-09-21
CUST04037,B2B,Barbara,Watson,harrisonsandra@example.com,G6J,London,London,2026-02-13
CUST04038,B2B,Carl,Jones,eric83@example.net,S5E,Sheffield,Yorkshire & Humber,2024-10-23
CUST04039,B2B,Janet,Gibbs,alex82@example.net,IG20,Bristol,South West,2026-07-04
CUST04040,B2C,Jade,Williams,toby92@example.org,NR12,Newport,Wales,2026-06-20
CUST04041,B2B,Emma,Powell,vincent44@example.com,SP6A,Nottingham,East Midlands,2024-12-17
CUST04042,B2B,Lucy,Daly,oliver91@example.net,M89,Leeds,Yorkshire & Humber,2026-03-15
CUST04043,B2C,Rebecca,Wheeler,webbgavin@example.com,PH2,York,Yorkshire & Humber,2026-03-02
CUST04044,B2B,Elaine,Moore,jacob81@example.org,KW1M,London,London,2026-04-10
CUST04045,B2B,Sophie,Hammond,taylordanny@example.com,S7,Preston,North West,2024-09-04
CUST04046,B2B,Peter,Joyce,howardmary@example.com,N0,Wrexham,Wales,2025-04-30
CUST04047,B2B,Dennis,Brown,jmason@example.org,G52,Brighton,South East,2026-01-22
CUST04048,B2C,Andrew,Robinson,kwood@example.com,L69,Derby,East Midlands,2025-05-03
CUST04049,B2C,James,Grant,parkinsonstewart@example.org,L3H,Bristol,South West,2024-11-15
CUST04050,B2B,Reece,Ross,dennis07@example.com,GL9M,Plymouth,South West,2025-08-01
CUST04051,B2C,Henry,Kirby,shirleyreid@example.com,NW4,Belfast,Northern Ireland,2025-12-29
CUST04052,B2C,Adam,Warren,jonathanwilson@example.com,E67,Nottingham,East Midlands,2026-05-17
CUST04053,B2C,Scott,Williams,anngray@example.com,M5,Leicester,East Midlands,2025-02-11
CUST04054,B2B,Brandon,Taylor,clarkegarry@example.net,LL6W,Ipswich,East of England,2026-06-07
CUST04055,B2C,Ashley,Wyatt,daniel62@example.org,N12,Birmingham,West Midlands,2025-08-19
CUST04056,B2B,Bradley,Williams,nsykes@example.org,L62,Swansea,Wales,2026-06-22
CUST04057,B2C,Kirsty,Walker,arthur59@example.com,W95,Wrexham,Wales,2026-05-10
CUST04058,B2B,Sara,Davis,hthomas@example.net,BD1,Wrexham,Wales,2025-11-11
CUST04059,B2C,Nicholas,Whittaker,eali@example.com,BA14,Aberdeen,Scotland,2024-11-11
CUST04060,B2C,Richard,Ali,huntderek@example.org,PA7,Cardiff,Wales,2025-06-13
CUST04061,B2C,Jacob,James,plloyd@example.com,DY7R,Wrexham,Wales,2026-07-25
CUST04062,B2C,Josh,Gordon,peterssharon@example.net,M1H,Belfast,Northern Ireland,2026-06-23
CUST04063,B2C,Paul,Fletcher,vincenthayward@example.org,IV56,Wrexham,Wales,2025-09-02
CUST04064,B2C,Derek,Smith,stanleyward@example.com,L6,Middlesbrough,North East,2025-01-03
CUST04065,B2C,Lee,Phillips,rachael39@example.org,WV95,Dundee,Scotland,2026-05-11
CUST04066,B2C,Hayley,Clarke,stewart23@example.com,WC96,Newcastle,North East,2026-02-21
CUST04067,B2C,Aaron,Carroll,derekbarlow@example.com,HU01,Sunderland,North East,2025-06-28
CUST04068,B2B,Paula,Cole,alison01@example.org,IG5,Liverpool,North West,2025-09-03
CUST04069,B2C,Gavin,Shaw,nking@example.org,E0J,Leicester,East Midlands,2026-01-26
CUST04070,B2C,Declan,Steele,mwood@example.com,B1,Wrexham,Wales,2024-09-11
CUST04071,B2C,Thomas,Williams,katieallen@example.com,G0K,Nottingham,East Midlands,2025-09-20
CUST04072,B2C,Hannah,Baker,briggstina@example.org,BD8,Bristol,South West,2024-09-06
CUST04073,B2C,Katy,Harper,geraldinedean@example.org,TR4,Ipswich,East of England,2025-12-21
CUST04074,B2C,Benjamin,Gordon,rhys39@example.net,LE26,Preston,North West,2025-08-09
CUST04075,B2C,Rebecca,Coles,louise98@example.net,S4,Coventry,West Midlands,2026-06-16
CUST04076,B2C,Lydia,Buckley,mandy40@example.org,B0,Coventry,West Midlands,2025-02-25
CUST04077,B2C,Jennifer,Harris,benjaminwalsh@example.net,W00,Southampton,South East,2024-10-15
CUST04078,B2C,Raymond,Jones,wilsonbrett@example.net,B66,Edinburgh,Scotland,2025-04-08
CUST04079,B2C,Jasmine,Singh,tomlinsonjordan@example.com,AL9,Derby,East Midlands,2024-08-21
CUST04080,B2C,Deborah,McCarthy,mhowells@example.org,DE5Y,Leicester,East Midlands,2024-08-18
CUST04081,B2B,Harry,Lawrence,oconnortoby@example.net,M20,Derby,East Midlands,2025-01-21
CUST04082,B2C,Gareth,Naylor,marie17@example.net,SK1Y,Middlesbrough,North East,2025-05-21
CUST04083,B2C,Carly,Roberts,rogersleanne@example.net,L45,Norwich,East of England,2026-03-24
CUST04084,B2C,Shirley,Khan,jodiestevens@example.com,ZE66,Cambridge,East of England,2026-03-23
CUST04085,B2C,Guy,Walker,melissa67@example.com,PH96,York,Yorkshire & Humber,2025-03-21
CUST04086,B2B,Lisa,Gough,albertbutler@example.org,TD9,Nottingham,East Midlands,2026-02-11
CUST04087,B2C,Richard,Morgan,glenhayward@example.com,N21,Liverpool,North West,2025-05-09
CUST04088,B2C,Joanne,Pugh,mohammed46@example.org,E4J,Peterborough,East of England,2025-02-13
CUST04089,B2C,Reece,Ward,bhoughton@example.net,E44,Leicester,East Midlands,2024-09-18
CUST04090,B2C,Lesley,Collier,stacey21@example.net,TR4R,Leicester,East Midlands,2026-01-31
CUST04091,B2C,Lorraine,Davies,patrickjohn@example.org,SL5,Wrexham,Wales,2025-10-04
CUST04092,B2C,Jacob,Yates,rachaelpatel@example.net,SP8X,Leicester,East Midlands,2025-12-18
CUST04093,B2B,Georgina,Briggs,charleneellis@example.com,S3,Reading,South East,2025-11-14
CUST04094,B2C,Antony,Wade,smitheleanor@example.com,S4,Hull,Yorkshire & Humber,2025-02-08
CUST04095,B2C,Kyle,Pugh,gillianhodgson@example.net,G69,Derby,East Midlands,2026-02-26
CUST04096,B2C,Jayne,Powell,reecejohnson@example.org,WS4E,Middlesbrough,North East,2024-12-07
CUST04097,B2C,Rachael,Bennett,heather16@example.net,M37,Wolverhampton,West Midlands,2025-05-24
CUST04098,B2B,Emma,Patel,junephillips@example.net,DH6,Coventry,West Midlands,2025-04-25
CUST04099,B2C,Sophie,Price,raymondsmith@example.org,YO15,Southampton,South East,2024-12-23
CUST04100,B2C,Ellie,Page,cbradley@example.com,DN00,Oxford,South East,2025-06-29
CUST04101,B2C,Dylan,Hewitt,shirleypearce@example.net,HX2V,Bournemouth,South West,2024-11-03
CUST04102,B2B,Kim,Dunn,glenwilson@example.com,W53,London,London,2025-03-27
CUST04103,B2C,Brenda,Taylor,connor15@example.com,S9,Middlesbrough,North East,2024-09-25
CUST04104,B2C,Clifford,Wheeler,joshhill@example.com,HG9E,Edinburgh,Scotland,2025-09-01
CUST04105,B2C,Georgia,Todd,djones@example.net,ZE3R,Cambridge,East of England,2024-10-27
CUST04106,B2C,Louise,Williams,georgetaylor@example.org,HA6Y,London,London,2026-06-04
CUST04107,B2C,Geoffrey,Martin,dennis93@example.net,N81,Edinburgh,Scotland,2025-12-08
CUST04108,B2C,Terry,Gregory,jack83@example.net,AB1W,Manchester,North West,2026-04-22
CUST04109,B2B,Cameron,Reed,mohamedwoodward@example.net,TS22,Manchester,North West,2025-10-23
CUST04110,B2C,Karl,Webster,raymondreed@example.org,S5G,Derry,Northern Ireland,2025-08-02
CUST04111,B2C,Leigh,James,daynathan@example.net,CM0X,Wolverhampton,West Midlands,2024-12-07
CUST04112,B2C,June,Hall,begumantony@example.org,SA7,Cambridge,East of England,2026-01-12
CUST04113,B2C,Hayley,Shepherd,pollardkimberley@example.org,E9,Middlesbrough,North East,2025-05-07
CUST04114,B2C,Jessica,Richards,qkennedy@example.net,M1W,Newcastle,North East,2026-03-21
CUST04115,B2B,Jane,Richards,donald26@example.com,M3C,Newport,Wales,2026-07-19
CUST04116,B2C,Damien,Campbell,greenpamela@example.com,B7A,Nottingham,East Midlands,2025-02-06
CUST04117,B2C,Dylan,Armstrong,qowen@example.com,B65,Birmingham,West Midlands,2026-02-02
CUST04118,B2B,Sam,Carter,brownoliver@example.net,DG73,Edinburgh,Scotland,2025-05-22
CUST04119,B2C,Karl,Murray,juliaphillips@example.net,ME1N,Peterborough,East of England,2025-07-14
CUST04120,B2C,Philip,Carr,dale15@example.com,M72,Lincoln,East Midlands,2024-09-24
CUST04121,B2B,Jack,Smith,daviesrita@example.net,G1U,Hull,Yorkshire & Humber,2026-01-17
CUST04122,B2B,Cameron,Kent,turnbullluke@example.net,WS44,Derry,Northern Ireland,2024-10-20
CUST04123,B2C,Mathew,Miles,arnoldtina@example.org,L6,London,London,2025-09-02
CUST04124,B2C,Kyle,Barnes,maurice77@example.org,N9,Derry,Northern Ireland,2025-08-15
CUST04125,B2B,Anthony,Potter,fpatel@example.net,W69,Aberdeen,Scotland,2026-01-28
CUST04126,B2B,Jodie,Jones,carlmarshall@example.org,LS9,London,London,2024-10-12
CUST04127,B2C,Sylvia,Marsh,holtlauren@example.net,RH6,Coventry,West Midlands,2025-01-21
CUST04128,B2C,Georgia,Hall,vtaylor@example.com,SK2,Derby,East Midlands,2024-08-16
CUST04129,B2C,Jacob,Smith,gross@example.com,M7,Wrexham,Wales,2025-09-04
CUST04130,B2C,Dorothy,Powell,julieherbert@example.org,G37,Edinburgh,Scotland,2024-11-16
CUST04131,B2C,Brandon,Bolton,tina90@example.org,LD5,Birmingham,West Midlands,2025-09-07
CUST04132,B2B,Arthur,Fletcher,leahprice@example.net,SS5P,Dundee,Scotland,2024-12-20
CUST04133,B2C,Donald,Francis,uhodgson@example.com,HX5,Sunderland,North East,2024-11-08
CUST04134,B2C,Janice,Rose,mooreharry@example.com,LN8A,London,London,2025-11-04
CUST04135,B2C,Rhys,Harris,blakerebecca@example.com,PE7,London,London,2025-06-23
CUST04136,B2C,Charlotte,Hutchinson,alexander18@example.net,W76,Bournemouth,South West,2025-08-04
CUST04137,B2C,Lindsey,Naylor,morrisgeorgina@example.net,M55,Plymouth,South West,2026-03-01
CUST04138,B2B,Jordan,Archer,francis73@example.net,S9T,Belfast,Northern Ireland,2025-07-17
CUST04139,B2C,Aaron,Gordon,marienolan@example.com,BD1V,Reading,South East,2025-11-21
CUST04140,B2C,Cheryl,Bennett,james30@example.net,CA6X,Aberdeen,Scotland,2026-04-23
CUST04141,B2C,Hugh,Noble,hayley06@example.net,PR63,Aberdeen,Scotland,2025-03-14
CUST04142,B2C,Allan,Day,owensmart@example.com,GY10,Oxford,South East,2025-10-09
CUST04143,B2B,Billy,Reeves,samanthafarmer@example.org,HU8,Southampton,South East,2026-02-11
CUST04144,B2C,Katherine,Mitchell,kmoore@example.net,B8,Derby,East Midlands,2024-10-29
CUST04145,B2C,Abigail,Woodward,duffycharlotte@example.org,L8B,Wolverhampton,West Midlands,2024-11-10
CUST04146,B2B,Anthony,Hughes,qshort@example.com,HA7A,Belfast,Northern Ireland,2024-08-29
CUST04147,B2C,Ashley,Day,franklingraham@example.com,L10,Ipswich,East of England,2025-10-30
CUST04148,B2C,Iain,Thomas,clarkstacey@example.net,N4S,Oxford,South East,2025-07-19
CUST04149,B2B,Christine,Higgins,keithbrown@example.com,DY9,Derry,Northern Ireland,2025-01-12
CUST04150,B2C,Alex,Jones,beverleybaldwin@example.com,M47,Nottingham,East Midlands,2024-11-02
CUST04151,B2C,Nathan,Brady,staceygriffiths@example.org,BB30,Sunderland,North East,2025-09-20
CUST04152,B2C,Carl,Roberts,fvaughan@example.org,N58,Sunderland,North East,2024-12-14
CUST04153,B2C,Damien,French,eevans@example.net,SM0Y,Swansea,Wales,2025-12-11
CUST04154,B2B,Chloe,Edwards,fredericksmith@example.org,E3K,Liverpool,North West,2024-10-08
CUST04155,B2C,Denise,Freeman,jonesalex@example.com,L2D,Newport,Wales,2025-12-11
CUST04156,B2B,Patricia,White,shannontaylor@example.com,SE69,Leeds,Yorkshire & Humber,2025-07-05
CUST04157,B2C,Charles,Smith,gwoods@example.org,NP76,Sheffield,Yorkshire & Humber,2024-10-09
CUST04158,B2C,Michael,Murray,julie06@example.org,KT1,Nottingham,East Midlands,2025-04-16
CUST04159,B2C,Ruth,Dawson,laurenknight@example.net,S8K,Liverpool,North West,2025-07-14
CUST04160,B2B,Leslie,Bray,qward@example.net,KT02,Edinburgh,Scotland,2026-01-12
CUST04161,B2C,Eileen,Warner,howesian@example.org,WF9,Cambridge,East of England,2026-01-03
CUST04162,B2C,Kieran,Chambers,dbarker@example.com,KT12,Newport,Wales,2026-05-20
CUST04163,B2C,James,Wheeler,lbrooks@example.com,HS25,Manchester,North West,2025-05-10
CUST04164,B2B,Kelly,Wood,cookemaria@example.org,NN0,Leicester,East Midlands,2025-06-02
CUST04165,B2C,Joanne,Moore,richard62@example.org,WS88,Brighton,South East,2026-02-04
CUST04166,B2C,Hannah,Morley,lukeriley@example.net,W42,Leeds,Yorkshire & Humber,2024-12-01
CUST04167,B2C,Mitchell,Herbert,thomsondean@example.com,ZE0E,London,London,2026-04-01
CUST04168,B2C,Karen,Harris,croberts@example.org,G6H,London,London,2026-07-18
CUST04169,B2C,Jane,Goddard,victor47@example.org,LA95,Nottingham,East Midlands,2024-09-11
CUST04170,B2C,Judith,Hunt,umills@example.net,G51,Derry,Northern Ireland,2026-02-05
CUST04171,B2C,Jodie,Baker,lwhitehead@example.net,HX1E,Newcastle,North East,2026-06-10
CUST04172,B2C,Suzanne,Poole,shawalexander@example.net,M3,Peterborough,East of England,2025-02-21
CUST04173,B2B,Teresa,O'Connor,benjaminwood@example.com,EN0,Aberdeen,Scotland,2025-08-27
CUST04174,B2B,Craig,Clark,tracyjohnston@example.com,CM18,Dundee,Scotland,2025-09-21
CUST04175,B2C,Clare,Cook,hewittlynda@example.com,TS53,Liverpool,North West,2025-10-12
CUST04176,B2C,Christopher,Ryan,ssavage@example.org,W2,Dundee,Scotland,2026-05-21
CUST04177,B2B,Pamela,Stevens,harrisrachael@example.net,TS28,Wolverhampton,West Midlands,2024-09-29
CUST04178,B2C,Frances,Ellis,gparkes@example.org,W3,Peterborough,East of England,2024-12-06
CUST04179,B2C,Michelle,Foster,oliviawalker@example.net,W7,Manchester,North West,2025-01-09
CUST04180,B2C,Stephanie,Davies,jemma67@example.net,YO7,Belfast,Northern Ireland,2026-01-13
CUST04181,B2C,Samuel,Hutchinson,gbrookes@example.org,B0,Derby,East Midlands,2024-09-20
CUST04182,B2C,Alexandra,Davies,jacqueline15@example.net,B8,Reading,South East,2025-09-06
CUST04183,B2C,Gemma,Whitehead,neilsmith@example.com,G3,Coventry,West Midlands,2024-10-09
CUST04184,B2C,Hollie,Hill,taylordiane@example.net,GL0,Sunderland,North East,2025-09-08
CUST04185,B2C,Andrew,Walker,garycook@example.com,M85,Newport,Wales,2025-08-04
CUST04186,B2C,Jeremy,Johnston,smithgary@example.org,L8H,Liverpool,North West,2025-01-16
CUST04187,B2C,Douglas,Jones,bharris@example.net,L31,Swansea,Wales,2025-04-02
CUST04188,B2C,Kim,Wilson,qmarsden@example.com,S7H,Peterborough,East of England,2026-02-06
CUST04189,B2C,Joyce,Harvey,woodeileen@example.com,CO71,Oxford,South East,2025-09-30
CUST04190,B2C,Gordon,Saunders,metcalfejoyce@example.com,G5S,Manchester,North West,2026-05-10
CUST04191,B2C,Beverley,Smith,jayneclark@example.org,N54,Birmingham,West Midlands,2025-07-06
CUST04192,B2C,Jodie,White,grahammarshall@example.org,M23,Hull,Yorkshire & Humber,2025-08-25
CUST04193,B2C,Elliot,Cross,myerskaren@example.com,B7K,Plymouth,South West,2026-02-26
CUST04194,B2C,Joshua,Dobson,stewart47@example.org,G4,Belfast,Northern Ireland,2026-07-18
CUST04195,B2C,Mohamed,Bruce,buckleylindsey@example.net,B99,Derby,East Midlands,2025-12-11
CUST04196,B2C,Annette,White,bryanfisher@example.net,S5F,Swansea,Wales,2025-04-07
CUST04197,B2C,Duncan,Dunn,vmoore@example.com,CW2N,Coventry,West Midlands,2025-05-30
CUST04198,B2C,Alison,Potter,jonesjade@example.net,S18,Wrexham,Wales,2026-03-26
CUST04199,B2C,Elliott,Griffiths,tmartin@example.com,G1,Aberdeen,Scotland,2025-05-26
CUST04200,B2C,Suzanne,Roberts,lawrencecarolyn@example.org,OX2,Belfast,Northern Ireland,2024-12-11
CUST04201,B2C,Lynn,Thompson,andrewsmith@example.org,CW1,Aberdeen,Scotland,2025-05-03
CUST04202,B2C,Maureen,Jenkins,lorrainepeacock@example.org,WV50,Leicester,East Midlands,2026-02-08
CUST04203,B2C,Peter,Jordan,wendy08@example.net,M7U,Wrexham,Wales,2026-06-02
CUST04204,B2C,Amy,Walsh,bcarroll@example.net,E8,Lincoln,East Midlands,2025-03-12
CUST04205,B2C,Josh,Wilkinson,helen24@example.net,WF0,Hull,Yorkshire & Humber,2025-11-17
CUST04206,B2B,Paige,Khan,stanleystephenson@example.com,N01,Middlesbrough,North East,2025-09-23
CUST04207,B2C,Judith,Ellis,denis47@example.com,DG7,Cardiff,Wales,2026-07-09
CUST04208,B2C,Julie,Craig,higginscarole@example.net,SR5W,London,London,2026-03-06
CUST04209,B2C,Christine,Carr,shane56@example.net,HG2,Oxford,South East,2024-12-22
CUST04210,B2C,Malcolm,Morris,hussaingeorge@example.org,N69,Oxford,South East,2026-06-21
CUST04211,B2C,Elliot,Cook,rhys39@example.org,BB1R,Preston,North West,2024-08-18
CUST04212,B2C,Debra,Young,lynnhughes@example.net,E3E,Brighton,South East,2025-08-20
CUST04213,B2C,Sylvia,Smith,jordanelizabeth@example.com,FY8V,Leeds,Yorkshire & Humber,2025-01-16
CUST04214,B2C,Daniel,Cooper,zashton@example.net,L3,Oxford,South East,2026-03-08
CUST04215,B2C,David,Phillips,kevingriffiths@example.org,DA49,Belfast,Northern Ireland,2025-10-04
CUST04216,B2C,Olivia,Jones,pickeringwayne@example.com,W7,Belfast,Northern Ireland,2024-09-12
CUST04217,B2C,Roger,Robinson,hallen@example.com,M9J,Derry,Northern Ireland,2025-12-14
CUST04218,B2C,Benjamin,Fox,sullivanshaun@example.net,S9F,Newcastle,North East,2025-08-23
CUST04219,B2C,Jacqueline,Spencer,tony42@example.org,DG1B,Dundee,Scotland,2026-04-07
CUST04220,B2C,Amber,Foster,griffithsphilip@example.com,M15,Leeds,Yorkshire & Humber,2026-05-09
CUST04221,B2C,Pamela,Mann,hopkinsjacob@example.net,G1C,Aberdeen,Scotland,2024-12-16
CUST04222,B2C,Wendy,Griffiths,glennwilliams@example.net,WF7,Lincoln,East Midlands,2026-01-02
CUST04223,B2C,Edward,Clarke,leekimberley@example.com,G9B,Belfast,Northern Ireland,2025-07-07
CUST04224,B2C,Roy,Clements,jeffreyryan@example.net,W86,York,Yorkshire & Humber,2024-10-28
CUST04225,B2C,Abigail,Hill,emma31@example.com,BB4N,Wolverhampton,West Midlands,2025-08-21
CUST04226,B2C,Melissa,Dean,amanda07@example.net,G4C,York,Yorkshire & Humber,2026-05-31
CUST04227,B2C,Dorothy,Bailey,shaunsullivan@example.net,S0D,Lincoln,East Midlands,2025-03-06
CUST04228,B2C,Toby,Baker,wallen@example.net,E8S,London,London,2025-07-06
CUST04229,B2C,Emma,Brooks,iansmith@example.net,DA80,Lincoln,East Midlands,2025-11-09
CUST04230,B2C,Max,Wilson,fjones@example.com,B2K,Derby,East Midlands,2026-07-31
CUST04231,B2C,Nathan,Hardy,xkirby@example.net,OX4N,Preston,North West,2026-01-03
CUST04232,B2C,Mark,Slater,osbornebradley@example.org,S75,Derry,Northern Ireland,2026-07-23
CUST04233,B2C,Bethan,Miah,qarcher@example.com,LE3,Southampton,South East,2025-03-26
CUST04234,B2C,Annette,Blake,marcmason@example.org,N4S,Belfast,Northern Ireland,2025-01-27
CUST04235,B2C,Andrea,Edwards,parsonsbrian@example.com,MK0B,Cambridge,East of England,2026-04-03
CUST04236,B2B,Sarah,Bailey,phillip34@example.com,M03,London,London,2026-01-24
CUST04237,B2B,Louis,Harvey,rosemohammad@example.org,B2A,Cambridge,East of England,2026-01-02
CUST04238,B2C,Albert,Jones,vanessa78@example.net,M53,Belfast,Northern Ireland,2025-10-29
CUST04239,B2C,Joel,Brown,eleanorschofield@example.net,S6A,Edinburgh,Scotland,2025-06-07
CUST04240,B2C,Ricky,Oliver,owenteresa@example.com,M8S,Edinburgh,Scotland,2025-07-24
CUST04241,B2C,Leslie,Gray,brownelliott@example.com,HD53,Swansea,Wales,2025-02-24
CUST04242,B2C,Allan,Marshall,richardroberts@example.net,E7A,Wrexham,Wales,2026-03-01
CUST04243,B2C,Amber,Wilkinson,paul34@example.com,B17,Southampton,South East,2025-10-24
CUST04244,B2C,Diane,King,richardsmarie@example.net,E61,Aberdeen,Scotland,2026-02-20
CUST04245,B2C,Hollie,Connor,bradleybeverley@example.com,N0K,Ipswich,East of England,2024-12-29
CUST04246,B2C,Jennifer,Jones,ashley22@example.org,N6,Preston,North West,2025-07-28
CUST04247,B2C,Ryan,Gray,angela89@example.com,WD20,Derry,Northern Ireland,2026-04-28
CUST04248,B2B,Gillian,Carr,robert52@example.org,B4,Lincoln,East Midlands,2026-02-25
CUST04249,B2C,Marie,Henderson,phillipskeith@example.net,S3T,Reading,South East,2025-12-20
CUST04250,B2C,Billy,Bray,stephen16@example.net,M27,Belfast,Northern Ireland,2026-06-17
CUST04251,B2C,Kathleen,Mills,gwilliams@example.com,DL70,Leeds,Yorkshire & Humber,2025-09-16
CUST04252,B2C,Rachel,Hardy,tscott@example.net,M2,Dundee,Scotland,2025-07-02
CUST04253,B2C,Victor,Butcher,rogerwilson@example.net,S1,Swansea,Wales,2025-03-01
CUST04254,B2C,Molly,Lewis,jemma95@example.net,E85,Aberdeen,Scotland,2025-01-01
CUST04255,B2C,Janet,Reynolds,nicolejenkins@example.org,M9,Sheffield,Yorkshire & Humber,2026-06-08
CUST04256,B2C,Harriet,Harding,terencewinter@example.com,L9H,Lincoln,East Midlands,2025-04-15
CUST04257,B2C,Fiona,Butler,bdean@example.org,E21,Hull,Yorkshire & Humber,2025-11-07
CUST04258,B2C,Benjamin,Clarke,webbkyle@example.org,W05,Preston,North West,2025-12-20
CUST04259,B2C,Helen,Parsons,morganeileen@example.com,DY2,Glasgow,Scotland,2024-09-13
CUST04260,B2C,Lauren,Lamb,laura02@example.com,B8W,Norwich,East of England,2025-12-20
CUST04261,B2C,Jeffrey,Carter,gavinbrown@example.org,LE68,London,London,2024-12-31
CUST04262,B2C,Ashleigh,White,ryoung@example.com,OX27,Preston,North West,2024-12-07
CUST04263,B2C,Russell,Palmer,ericclark@example.org,EH94,Leeds,Yorkshire & Humber,2024-11-04
CUST04264,B2C,Gareth,Brown,leah09@example.net,CM79,Newport,Wales,2025-01-13
CUST04265,B2C,Dale,Henderson,thompsonmarie@example.net,B62,Birmingham,West Midlands,2026-07-26
CUST04266,B2C,Dylan,Taylor,nixonhilary@example.org,L65,Coventry,West Midlands,2025-05-21
CUST04267,B2C,Eileen,Bishop,peacockwendy@example.net,WN0M,Wrexham,Wales,2025-04-12
CUST04268,B2B,Jordan,Connor,xwebb@example.org,TD9,Brighton,South East,2025-04-27
CUST04269,B2C,Maria,Edwards,xmiller@example.net,M4D,London,London,2025-10-17
CUST04270,B2C,Ben,Edwards,derekshaw@example.org,W4S,Leeds,Yorkshire & Humber,2026-07-22
CUST04271,B2C,Abbie,Richardson,joanne43@example.net,PO71,Reading,South East,2024-11-24
CUST04272,B2C,Frank,Wilson,naomiwalker@example.com,M86,Derry,Northern Ireland,2026-07-29
CUST04273,B2C,Keith,Gregory,mccarthymaria@example.com,SK4,York,Yorkshire & Humber,2026-06-10
CUST04274,B2C,Jason,Barker,tracybaxter@example.net,W6,Glasgow,Scotland,2026-05-06
CUST04275,B2C,Emma,Conway,nathan15@example.org,NP6Y,Swansea,Wales,2026-03-10
CUST04276,B2C,Michael,Conway,dparsons@example.com,L94,Glasgow,Scotland,2025-01-24
CUST04277,B2B,Jack,Gill,gilliannolan@example.com,E8D,Preston,North West,2025-02-18
CUST04278,B2C,Aimee,Franklin,irenemorris@example.org,RM7,Exeter,South West,2026-06-26
CUST04279,B2B,Pauline,Turner,bruce27@example.net,EN0,Liverpool,North West,2025-06-16
CUST04280,B2C,Teresa,Metcalfe,davidsonjill@example.org,PE35,Sunderland,North East,2024-09-03
CUST04281,B2C,Anne,Williamson,birchdavid@example.com,FY6H,Reading,South East,2025-09-19
CUST04282,B2C,Joan,Hamilton,brandonphillips@example.org,CO35,Southampton,South East,2026-02-11
CUST04283,B2C,Keith,Williams,williamsdonald@example.org,S9U,Hull,Yorkshire & Humber,2025-03-29
CUST04284,B2B,Gillian,Brown,jforster@example.com,HG1R,Blackpool,North West,2025-02-28
CUST04285,B2C,Hannah,Wilkinson,geralddavies@example.org,G74,Newport,Wales,2026-06-02
CUST04286,B2C,Amelia,Murphy,yvonne99@example.org,W9,Bournemouth,South West,2025-04-06
CUST04287,B2C,Lisa,Watts,lfletcher@example.org,DN1,Brighton,South East,2026-04-11
CUST04288,B2C,Brian,Stone,daniel13@example.org,B7,Nottingham,East Midlands,2026-02-21
CUST04289,B2C,Frederick,Williams,kevin72@example.com,ML78,Leicester,East Midlands,2025-12-19
CUST04290,B2B,Liam,Robinson,rebecca12@example.org,GL1N,Glasgow,Scotland,2025-09-23
CUST04291,B2C,Katherine,Wilson,barnettpatricia@example.net,HP08,Peterborough,East of England,2024-09-26
CUST04292,B2C,Gordon,Foster,chadwickannette@example.org,G23,Glasgow,Scotland,2025-09-01
CUST04293,B2B,Rosie,Kemp,scottmarilyn@example.org,E9,London,London,2025-09-03
CUST04294,B2C,Jason,Taylor,mohammedwood@example.org,E0F,Peterborough,East of England,2025-08-07
CUST04295,B2C,Alan,Naylor,mfuller@example.org,N83,Coventry,West Midlands,2024-11-17
CUST04296,B2C,Rosemary,Turner,normanwade@example.com,B6U,Lincoln,East Midlands,2024-11-16
CUST04297,B2C,Leslie,Dunn,jessicaperry@example.org,IG0E,Leicester,East Midlands,2026-04-24
CUST04298,B2C,Barbara,Chapman,fordclare@example.net,L5,Ipswich,East of England,2026-01-28
CUST04299,B2C,Judith,Taylor,katepage@example.com,N97,Norwich,East of England,2024-12-14
CUST04300,B2C,Sian,Hamilton,frances38@example.net,ME3,Wrexham,Wales,2025-08-13
CUST04301,B2C,Benjamin,Farmer,gemma72@example.org,PR0P,Brighton,South East,2025-01-07
CUST04302,B2C,Ricky,Evans,qhoward@example.org,IM8,Belfast,Northern Ireland,2026-07-30
CUST04303,B2C,Gary,Gregory,jordan90@example.org,NN0,Dundee,Scotland,2025-07-27
CUST04304,B2C,Suzanne,Day,daviesleah@example.org,M19,Preston,North West,2026-08-06
CUST04305,B2C,Henry,Morris,patelleonard@example.org,B8,Blackpool,North West,2026-02-03
CUST04306,B2C,Louise,Dale,fatkinson@example.com,HS04,Dundee,Scotland,2025-11-10
CUST04307,B2C,Kevin,Ahmed,bryanedwards@example.com,OL60,Oxford,South East,2025-03-03
CUST04308,B2C,Christian,King,hussainbernard@example.net,G8U,Brighton,South East,2024-10-14
CUST04309,B2C,Josephine,Connor,williamsdorothy@example.com,L4H,Sunderland,North East,2026-04-04
CUST04310,B2B,Robert,Jones,mollycook@example.org,N9,Aberdeen,Scotland,2024-09-20
CUST04311,B2C,Iain,Roberts,evansjade@example.org,SN97,Manchester,North West,2024-09-13
CUST04312,B2C,Toby,Cunningham,fholland@example.net,S8,Derry,Northern Ireland,2025-02-20
CUST04313,B2C,Christine,Knight,allendenise@example.org,BT3,Norwich,East of England,2025-08-18
CUST04314,B2C,Allan,Wood,kyle38@example.com,W35,Blackpool,North West,2025-09-23
CUST04315,B2C,Karl,Ward,georginalyons@example.org,LD82,Exeter,South West,2026-01-08
CUST04316,B2C,Debra,Harris,nicolelong@example.net,M5,Cambridge,East of England,2026-07-25
CUST04317,B2C,Paul,Bell,johnstonjoyce@example.com,LN79,London,London,2024-10-30
CUST04318,B2B,Rosemary,Edwards,gmiller@example.net,S15,Bournemouth,South West,2026-08-07
CUST04319,B2C,Alexandra,Blackburn,simon84@example.net,E8S,Ipswich,East of England,2024-08-09
CUST04320,B2B,Aimee,Jones,aarcher@example.org,B2F,Reading,South East,2026-02-16
CUST04321,B2C,Frank,Hayes,susan60@example.net,TQ4N,Belfast,Northern Ireland,2026-05-15
CUST04322,B2C,Victor,Patel,xnicholson@example.net,M2,Manchester,North West,2026-01-09
CUST04323,B2C,Janice,Evans,gail52@example.com,ML6,Preston,North West,2026-01-04
CUST04324,B2C,Donna,Morris,godfreystephanie@example.com,G9S,Aberdeen,Scotland,2025-10-31
CUST04325,B2C,Joan,Collins,ilane@example.com,LU5,Exeter,South West,2026-07-05
CUST04326,B2C,Albert,Hawkins,nigeltaylor@example.com,L59,Bournemouth,South West,2026-06-13
CUST04327,B2C,Carol,Black,yrussell@example.com,HG0W,Birmingham,West Midlands,2025-01-10
CUST04328,B2C,Mohammed,Williams,adavies@example.org,DD0P,Sunderland,North East,2025-01-13
CUST04329,B2C,Andrea,Hughes,normanrichards@example.com,DL6P,London,London,2026-01-11
CUST04330,B2C,Liam,Norris,glenndavies@example.net,W6U,Hull,Yorkshire & Humber,2026-07-29
CUST04331,B2C,Anthony,Thomas,fgreen@example.org,DG8,Lincoln,East Midlands,2025-12-01
CUST04332,B2C,Sara,Taylor,ppearson@example.net,CV5P,Lincoln,East Midlands,2024-09-06
CUST04333,B2C,Kim,Thomson,harriet38@example.net,E4,Lincoln,East Midlands,2025-03-12
CUST04334,B2C,Anna,Wilkinson,lambjoanna@example.com,PR3,Preston,North West,2024-11-11
CUST04335,B2C,Shane,Webster,dyerkaren@example.com,G29,London,London,2026-04-26
CUST04336,B2C,Brett,Pritchard,imills@example.net,SE87,Bournemouth,South West,2026-07-29
CUST04337,B2C,Maurice,Marshall,wilsonbilly@example.org,L5C,York,Yorkshire & Humber,2025-08-01
CUST04338,B2C,Stacey,Ross,lindseyharris@example.org,G11,Leeds,Yorkshire & Humber,2026-01-16
CUST04339,B2C,Melanie,Hayward,jake17@example.org,B9F,Swansea,Wales,2026-05-13
CUST04340,B2C,Danny,Martin,patelmegan@example.org,DT4X,Preston,North West,2025-09-02
CUST04341,B2C,Valerie,Butler,hardingroger@example.com,W5F,Wolverhampton,West Midlands,2026-05-27
CUST04342,B2C,Irene,Graham,hargreavespaul@example.com,N14,Ipswich,East of England,2026-01-08
CUST04343,B2C,Katherine,Woodward,gibbsbethany@example.org,M78,Belfast,Northern Ireland,2026-02-11
CUST04344,B2C,Dominic,Leonard,rosiekaur@example.com,WA76,Hull,Yorkshire & Humber,2025-02-06
CUST04345,B2C,Vincent,Johnson,dlord@example.net,WN52,Plymouth,South West,2026-05-16
CUST04346,B2C,Hollie,Williams,kdoherty@example.net,S4H,Lincoln,East Midlands,2026-07-16
CUST04347,B2C,Susan,Howe,archernicholas@example.net,DG0,Newcastle,North East,2026-02-04
CUST04348,B2B,Rosemary,McDonald,joel47@example.net,M8,London,London,2026-06-09
CUST04349,B2C,Paige,Robinson,bernard45@example.com,WV39,Southampton,South East,2026-07-06
CUST04350,B2C,Norman,Cooper,diana08@example.net,G7W,Peterborough,East of England,2025-11-22
CUST04351,B2C,Vincent,Griffiths,rebeccaholden@example.org,W55,Liverpool,North West,2026-02-24
CUST04352,B2C,Deborah,Morgan,sean09@example.org,G60,Liverpool,North West,2024-11-23
CUST04353,B2C,Anna,Smith,nigel78@example.net,PH2,Lincoln,East Midlands,2025-07-01
CUST04354,B2C,Mathew,Henry,kathleen99@example.com,CB76,Hull,Yorkshire & Humber,2024-10-07
CUST04355,B2C,Nicola,Dale,damian33@example.net,L4J,Bournemouth,South West,2025-07-28
CUST04356,B2C,Adam,Parker,spencergraeme@example.org,DY80,London,London,2024-08-30
CUST04357,B2B,Kim,Carter,charlottemarshall@example.com,M8,Cardiff,Wales,2025-12-21
CUST04358,B2C,Diana,Hargreaves,williamsbethan@example.com,KY4E,Cardiff,Wales,2025-05-28
CUST04359,B2C,Raymond,Holland,douglaschelsea@example.net,M64,Bournemouth,South West,2025-07-22
CUST04360,B2C,Jack,Hicks,broberts@example.com,RG72,London,London,2025-08-11
CUST04361,B2C,Rhys,Ward,wardsian@example.org,G17,Nottingham,East Midlands,2025-07-03
CUST04362,B2C,Mohammed,Wilson,adavis@example.net,G92,Belfast,Northern Ireland,2026-05-15
CUST04363,B2C,Jay,Smith,traceyallen@example.net,CA2,Ipswich,East of England,2024-08-18
CUST04364,B2C,Grace,Walters,edavies@example.org,ST8,Norwich,East of England,2025-03-22
CUST04365,B2B,Janice,Hammond,ereynolds@example.org,W0T,Belfast,Northern Ireland,2026-03-10
CUST04366,B2C,Deborah,Evans,leefarrell@example.com,M92,Wrexham,Wales,2025-03-09
CUST04367,B2C,Sarah,Wells,albertgoddard@example.org,B7,Wrexham,Wales,2025-03-12
CUST04368,B2C,Abigail,Smith,gibsonkelly@example.com,LN2,Middlesbrough,North East,2024-11-10
CUST04369,B2C,Sophie,Green,ellisdenise@example.org,S0T,Plymouth,South West,2024-08-30
CUST04370,B2C,Aaron,Allen,dwilliams@example.org,DD84,Dundee,Scotland,2024-11-30
CUST04371,B2C,Paul,Sharpe,ejohnson@example.com,NG98,Coventry,West Midlands,2025-02-25
CUST04372,B2C,Charlene,Pratt,thomasdominic@example.net,AB9H,Nottingham,East Midlands,2025-02-17
CUST04373,B2C,Iain,Hart,hstone@example.com,ZE6R,Aberdeen,Scotland,2025-02-08
CUST04374,B2B,Martin,Cooper,daniel44@example.com,E4,Oxford,South East,2025-12-06
CUST04375,B2C,Sean,Williams,fthomson@example.com,L0S,London,London,2025-08-08
CUST04376,B2B,Jessica,Morton,pholmes@example.org,PH0R,Sunderland,North East,2025-01-01
CUST04377,B2C,Charlene,Davies,elizabethreed@example.org,E9,Bournemouth,South West,2026-07-20
CUST04378,B2B,Martin,Benson,michelleshaw@example.com,G83,Preston,North West,2024-11-07
CUST04379,B2C,Gerald,Talbot,colemohamed@example.org,LD96,Birmingham,West Midlands,2025-03-25
CUST04380,B2C,Rebecca,Watson,katyclarke@example.com,L69,Dundee,Scotland,2025-02-09
CUST04381,B2C,Rachael,Hawkins,wrichards@example.com,N6,Southampton,South East,2025-12-30
CUST04382,B2C,Zoe,Bell,lewiswhite@example.net,ZE07,Brighton,South East,2024-12-07
CUST04383,B2C,Gerald,Byrne,maysharon@example.org,M61,Southampton,South East,2024-09-26
CUST04384,B2C,Geoffrey,Young,ismith@example.com,W4,London,London,2025-03-16
CUST04385,B2C,Joyce,Jones,brennanchristopher@example.com,BA0P,London,London,2026-07-08
CUST04386,B2C,Leonard,Ross,darrenhardy@example.net,M1U,Sunderland,North East,2024-12-16
CUST04387,B2C,Steven,Ward,sianbaker@example.net,B0J,Middlesbrough,North East,2026-02-20
CUST04388,B2C,Lauren,Hudson,kbarnes@example.com,DD2Y,Edinburgh,Scotland,2026-07-09
CUST04389,B2C,Toby,Baxter,natalielambert@example.com,B44,Glasgow,Scotland,2025-01-29
CUST04390,B2C,Gail,Cooper,tduncan@example.org,G09,Wolverhampton,West Midlands,2025-10-09
CUST04391,B2C,Rosemary,Stanley,sjones@example.com,EC2,Belfast,Northern Ireland,2024-08-23
CUST04392,B2C,Eleanor,Young,poolehugh@example.com,CA2,Manchester,North West,2026-05-26
CUST04393,B2C,Sam,Adams,jonesbeverley@example.org,M7K,Plymouth,South West,2025-11-12
CUST04394,B2C,Diane,Moore,cmills@example.org,G44,Swansea,Wales,2025-03-05
CUST04395,B2B,Marian,Ward,victor11@example.com,IG8,Newport,Wales,2025-11-27
CUST04396,B2C,Rachel,Lynch,tomcook@example.org,G22,Manchester,North West,2025-11-14
CUST04397,B2C,Leon,James,phall@example.net,N1T,Sunderland,North East,2025-01-23
CUST04398,B2B,Chloe,Archer,helenbryan@example.net,BT65,Belfast,Northern Ireland,2025-11-11
CUST04399,B2C,Pamela,Edwards,jonesgavin@example.com,L19,Plymouth,South West,2024-08-27
CUST04400,B2C,Leah,Macdonald,iainjones@example.org,G14,Lincoln,East Midlands,2025-10-10
CUST04401,B2C,Richard,Pritchard,shewitt@example.org,AL9,Coventry,West Midlands,2026-05-21
CUST04402,B2C,Tony,Dixon,mmarshall@example.net,M6,Preston,North West,2025-02-27
CUST04403,B2C,Iain,Martin,elliebrown@example.org,G97,Hull,Yorkshire & Humber,2026-05-11
CUST04404,B2C,Stewart,Barrett,emitchell@example.net,NN4,Birmingham,West Midlands,2024-08-13
CUST04405,B2C,Jacqueline,Yates,lydia95@example.com,DH09,Belfast,Northern Ireland,2025-06-11
CUST04406,B2C,Janice,Young,andersonalison@example.com,E8,Nottingham,East Midlands,2025-08-08
CUST04407,B2C,Geraldine,White,jack77@example.org,WS4M,Bournemouth,South West,2024-11-16
CUST04408,B2C,Stacey,Brown,annette43@example.com,N4C,Cardiff,Wales,2025-10-10
CUST04409,B2C,Karen,Morgan,daviesstanley@example.com,PO62,Newport,Wales,2025-05-28
CUST04410,B2C,Edward,Birch,gregory45@example.org,EN67,Birmingham,West Midlands,2024-09-15
CUST04411,B2B,Danny,Brennan,abduloneill@example.org,S30,London,London,2024-10-16
CUST04412,B2C,Leigh,West,oliverhaynes@example.com,EC5,Liverpool,North West,2024-10-22
CUST04413,B2C,Mohammed,Joyce,lesliewood@example.org,SN5R,Reading,South East,2026-04-14
CUST04414,B2C,Lewis,Glover,connorcoles@example.org,M4T,Derry,Northern Ireland,2024-12-22
CUST04415,B2C,Christian,Cox,nedwards@example.net,M43,Exeter,South West,2024-08-10
CUST04416,B2C,Leslie,Law,jacksonashley@example.org,M5G,Southampton,South East,2025-07-02
CUST04417,B2C,Neil,Fisher,thomaschambers@example.org,S55,Dundee,Scotland,2025-05-20
CUST04418,B2C,Malcolm,Barton,cookejosh@example.org,E13,Norwich,East of England,2024-08-13
CUST04419,B2C,Victoria,James,joanwells@example.net,HR8A,Plymouth,South West,2026-02-28
CUST04420,B2C,Tom,Wade,amy09@example.org,GU3,Oxford,South East,2026-06-12
CUST04421,B2C,Russell,Hall,turnershaun@example.com,NG9,Liverpool,North West,2026-02-16
CUST04422,B2B,Colin,Cooper,tsimpson@example.com,GY87,Newcastle,North East,2025-06-07
CUST04423,B2B,Carl,Kemp,jane83@example.org,B19,Norwich,East of England,2025-10-05
CUST04424,B2C,Helen,Carroll,ronalddodd@example.net,N4U,Hull,Yorkshire & Humber,2024-12-23
CUST04425,B2C,Rita,Lee,sharpconnor@example.com,AB8,Swansea,Wales,2025-06-03
CUST04426,B2C,Terry,Burrows,pparker@example.org,SS45,Plymouth,South West,2025-05-19
CUST04427,B2B,Vincent,Davies,cpearson@example.com,L3C,Nottingham,East Midlands,2025-01-28
CUST04428,B2B,Toby,Pearce,mjames@example.net,N83,Birmingham,West Midlands,2026-08-08
CUST04429,B2C,Chloe,Taylor,andrew76@example.org,TQ6H,Nottingham,East Midlands,2026-06-15
CUST04430,B2C,David,Harris,xobrien@example.net,WD0E,Bristol,South West,2026-05-12
CUST04431,B2B,Brian,Jennings,stewart09@example.com,B0,Peterborough,East of England,2025-05-14
CUST04432,B2C,Bernard,Johnson,jean80@example.org,CW0,Wolverhampton,West Midlands,2025-05-10
CUST04433,B2C,Allan,Hughes,julienorman@example.net,W43,Southampton,South East,2025-09-06
CUST04434,B2C,Graham,Jarvis,leongibbs@example.com,KY64,York,Yorkshire & Humber,2025-07-09
CUST04435,B2C,Diane,Parker,jsmith@example.org,TA4,Coventry,West Midlands,2025-12-09
CUST04436,B2C,Howard,Hurst,emilyjackson@example.net,S9G,Birmingham,West Midlands,2025-03-25
CUST04437,B2C,Kathryn,Jarvis,ianwallace@example.net,E0F,Newcastle,North East,2025-04-01
CUST04438,B2C,Kathryn,Hudson,liamali@example.com,W4D,Leicester,East Midlands,2025-08-12
CUST04439,B2C,Hannah,Smith,richard13@example.net,LS8,Peterborough,East of England,2025-04-23
CUST04440,B2C,Thomas,Smith,jalexander@example.org,G42,Nottingham,East Midlands,2025-11-18
CUST04441,B2B,Bethany,Thompson,lewispauline@example.net,LD1N,Sheffield,Yorkshire & Humber,2026-01-26
CUST04442,B2B,Danny,Khan,clarkemolly@example.org,N4,Manchester,North West,2025-04-18
CUST04443,B2C,Frederick,Price,ydavey@example.org,G7,Bristol,South West,2025-12-02
CUST04444,B2C,Harriet,Morgan,oevans@example.org,M3,Lincoln,East Midlands,2026-01-07
CUST04445,B2C,Kate,Lloyd,leslie19@example.net,FK77,Manchester,North West,2025-12-30
CUST04446,B2C,Sylvia,Parker,julian47@example.org,KY9N,Nottingham,East Midlands,2024-08-18
CUST04447,B2C,Luke,Humphreys,khaneileen@example.org,W0G,Swansea,Wales,2025-05-10
CUST04448,B2C,Charlene,Spencer,liam05@example.com,EH9V,Bournemouth,South West,2026-03-29
CUST04449,B2C,Jack,Chadwick,dean76@example.com,DH83,Southampton,South East,2025-09-10
CUST04450,B2C,Guy,Holmes,dominicberry@example.net,G7,Bristol,South West,2025-04-14
CUST04451,B2C,Kelly,Cox,maryjones@example.org,KT9V,Newport,Wales,2024-09-07
CUST04452,B2C,Lisa,Jones,mannpamela@example.net,RM5,Birmingham,West Midlands,2026-04-04
CUST04453,B2C,Debra,Rose,iwilliams@example.net,W7W,Plymouth,South West,2026-02-25
CUST04454,B2B,Ashley,Potter,charlene68@example.com,BS83,Lincoln,East Midlands,2026-02-01
CUST04455,B2B,Shaun,Barton,npoole@example.org,TS5,Coventry,West Midlands,2024-09-23
CUST04456,B2B,Cameron,Shah,lynnesmith@example.org,LU5B,Sunderland,North East,2026-01-25
CUST04457,B2C,Jay,Saunders,imorley@example.net,E6,Peterborough,East of England,2026-02-01
CUST04458,B2C,Connor,Hamilton,cwilliams@example.org,TD70,Newport,Wales,2026-07-20
CUST04459,B2C,Alan,Jones,katy04@example.org,MK47,Leeds,Yorkshire & Humber,2026-03-02
CUST04460,B2C,Susan,Farrell,ismith@example.org,IM11,Hull,Yorkshire & Humber,2026-04-28
CUST04461,B2C,Stanley,Fleming,ewilson@example.com,N8G,Belfast,Northern Ireland,2025-02-20
CUST04462,B2C,John,Wilson,stewartgould@example.net,B5E,Manchester,North West,2024-09-18
CUST04463,B2B,Jeffrey,Hussain,narcher@example.net,N9,Swansea,Wales,2025-05-29
CUST04464,B2C,Marilyn,Jackson,lyndaleach@example.com,E4C,London,London,2024-12-03
CUST04465,B2C,Chelsea,Baxter,heatherpayne@example.net,DA91,Derry,Northern Ireland,2025-02-24
CUST04466,B2C,Joanna,Taylor,iahmed@example.com,E1T,Hull,Yorkshire & Humber,2024-11-14
CUST04467,B2C,Francis,Payne,nwebb@example.org,G0T,Belfast,Northern Ireland,2026-04-23
CUST04468,B2C,Eileen,Smith,vowen@example.com,NR73,Lincoln,East Midlands,2025-03-06
CUST04469,B2C,Sara,Bibi,jodie93@example.org,E8C,Leicester,East Midlands,2026-02-24
CUST04470,B2C,Leanne,Cameron,wwalters@example.com,BD1Y,Middlesbrough,North East,2025-07-30
CUST04471,B2C,Leah,Edwards,mmarshall@example.org,M25,Middlesbrough,North East,2024-12-21
CUST04472,B2C,Graham,Clements,mohamedlee@example.org,N4U,London,London,2026-04-10
CUST04473,B2C,Lydia,Morris,doyleamanda@example.org,E4F,Edinburgh,Scotland,2025-05-18
CUST04474,B2C,Tracey,Cox,barrettnorman@example.net,HS9H,Wrexham,Wales,2025-04-20
CUST04475,B2C,Mandy,Cox,alisongibbs@example.net,DD06,Derry,Northern Ireland,2024-11-08
CUST04476,B2C,Kirsty,Jones,xmorgan@example.net,SE7N,Coventry,West Midlands,2025-10-25
CUST04477,B2C,Lindsey,Berry,amelia93@example.org,E9W,Exeter,South West,2025-11-23
CUST04478,B2C,Dean,Norton,yvonnejones@example.net,S4,London,London,2025-08-24
CUST04479,B2C,Georgina,Allen,hallalan@example.com,HU56,Wrexham,Wales,2025-11-03
CUST04480,B2C,Fiona,Connolly,jason41@example.net,AB5N,Bournemouth,South West,2025-09-04
CUST04481,B2B,Marian,Davis,connor94@example.org,S6S,Derry,Northern Ireland,2026-04-22
CUST04482,B2C,Marion,Kaur,richardwilliams@example.net,N88,Reading,South East,2026-03-28
CUST04483,B2C,Carol,Edwards,anthonyfrancis@example.com,DD94,Middlesbrough,North East,2024-10-20
CUST04484,B2C,Rebecca,Robinson,ofletcher@example.com,E0E,Wolverhampton,West Midlands,2026-08-04
CUST04485,B2B,Karen,Nicholson,cmyers@example.com,TR8,Hull,Yorkshire & Humber,2024-11-21
CUST04486,B2C,Suzanne,Pearce,claire82@example.org,WD89,Lincoln,East Midlands,2025-09-16
CUST04487,B2C,Mohammed,Wade,cunninghamfrederick@example.com,S7D,Belfast,Northern Ireland,2024-09-01
CUST04488,B2C,Cameron,Howells,mariongrant@example.net,G2A,Aberdeen,Scotland,2026-04-07
CUST04489,B2C,Bethan,Murray,chapmangeoffrey@example.com,G1W,Wolverhampton,West Midlands,2026-07-02
CUST04490,B2C,Jonathan,Lewis,jemmaward@example.org,B2H,Wolverhampton,West Midlands,2026-01-12
CUST04491,B2C,Howard,Phillips,howarthbruce@example.com,DT3W,Coventry,West Midlands,2024-12-07
CUST04492,B2C,Elliot,Simmons,karl52@example.org,CA98,Peterborough,East of England,2025-07-17
CUST04493,B2C,Nathan,Hussain,xclarke@example.com,L7,Liverpool,North West,2025-12-18
CUST04494,B2C,Terence,Williams,edward43@example.com,N7,Wolverhampton,West Midlands,2025-10-19
CUST04495,B2C,Brenda,Phillips,harrisonbryan@example.net,TW4,Aberdeen,Scotland,2025-09-21
CUST04496,B2C,Lindsey,Farrell,jeremygraham@example.net,W6,Swansea,Wales,2025-12-24
CUST04497,B2C,Paige,Parker,katerhodes@example.org,L87,Bournemouth,South West,2024-11-06
CUST04498,B2C,Susan,Bull,deborah59@example.com,DD4,Lincoln,East Midlands,2024-10-19
CUST04499,B2C,Aimee,Davies,tracey19@example.net,IG7H,Glasgow,Scotland,2026-07-19
CUST04500,B2C,Fiona,Kelly,scottjohn@example.org,M0B,Cambridge,East of England,2024-12-14
CUST04501,B2C,Brett,Jenkins,smacdonald@example.com,E24,Swansea,Wales,2024-11-17
CUST04502,B2B,Eric,Morris,zhughes@example.org,DN20,London,London,2025-05-14
CUST04503,B2C,Howard,Reed,cbenson@example.net,WF7M,London,London,2026-02-13
CUST04504,B2C,Naomi,Smith,mitchellben@example.com,ST1,Wolverhampton,West Midlands,2026-05-23
CUST04505,B2C,Wendy,Williams,john64@example.org,WS6W,Derry,Northern Ireland,2024-11-10
CUST04506,B2C,Josephine,Whittaker,vincent12@example.com,SE4,Belfast,Northern Ireland,2026-08-01
CUST04507,B2C,Mathew,Saunders,nicholsonmegan@example.org,M7F,Bristol,South West,2026-01-11
CUST04508,B2C,Shirley,Ashton,emilylowe@example.com,NG8Y,London,London,2026-04-13
CUST04509,B2B,Charlie,Palmer,johnsonbrian@example.com,M59,Bristol,South West,2025-12-20
CUST04510,B2C,Laura,Oliver,tayloralex@example.com,LU8R,Leicester,East Midlands,2024-08-22
CUST04511,B2C,Amelia,Palmer,arthur82@example.net,S0,Manchester,North West,2025-08-08
CUST04512,B2B,Duncan,Jones,irene16@example.net,M3U,Derry,Northern Ireland,2026-06-11
CUST04513,B2C,Lynn,Matthews,dorothy13@example.net,CB9E,Belfast,Northern Ireland,2025-11-07
CUST04514,B2C,Carolyn,Scott,xmurray@example.net,N7,Reading,South East,2025-10-17
CUST04515,B2C,Max,Walsh,paulbrown@example.org,S9U,Wolverhampton,West Midlands,2025-08-17
CUST04516,B2C,Lewis,Smith,charlotte47@example.com,N3,Southampton,South East,2024-11-23
CUST04517,B2C,Chloe,Hodgson,tinabyrne@example.net,PA6H,Exeter,South West,2024-11-09
CUST04518,B2C,Stewart,Berry,frandall@example.net,N2K,Derby,East Midlands,2024-12-27
CUST04519,B2C,Charlene,Clarke,carly72@example.com,NN20,Ipswich,East of England,2024-12-29
CUST04520,B2C,Charlie,Young,wnorman@example.net,SP2,Cardiff,Wales,2024-10-23
CUST04521,B2C,Amber,Bowen,robertssean@example.com,WC62,Belfast,Northern Ireland,2026-06-13
CUST04522,B2C,Paige,Cooper,dshah@example.com,SO8P,Leeds,Yorkshire & Humber,2024-08-23
CUST04523,B2C,Sam,Williams,rachel13@example.net,SS2N,Sunderland,North East,2026-05-10
CUST04524,B2C,Terry,Davies,ross79@example.org,WV4R,Norwich,East of England,2025-12-10
CUST04525,B2B,Abbie,Armstrong,clive80@example.com,W0,Cardiff,Wales,2025-09-03
CUST04526,B2C,Joanne,Parker,twest@example.org,SM9,Preston,North West,2024-10-02
CUST04527,B2C,Raymond,Thomas,stanleymarshall@example.com,W30,Oxford,South East,2026-01-16
CUST04528,B2C,Henry,Smith,barnespaige@example.net,OX51,Exeter,South West,2026-03-09
CUST04529,B2C,Kirsty,Evans,reece58@example.com,LL19,Reading,South East,2024-12-22
CUST04530,B2C,Denis,Chandler,gloverjohn@example.org,IM6A,Preston,North West,2025-01-04
CUST04531,B2C,Russell,Nicholson,jcollins@example.net,HG4E,Derby,East Midlands,2025-06-30
CUST04532,B2C,Shaun,Vincent,foxjulian@example.net,CR41,Dundee,Scotland,2024-09-04
CUST04533,B2C,Kevin,Mills,whorton@example.net,CH7P,London,London,2026-01-01
CUST04534,B2C,Jeremy,Davies,stanley41@example.org,RH49,Hull,Yorkshire & Humber,2025-02-05
CUST04535,B2C,Carole,Hargreaves,duncanpowell@example.com,S5,Wrexham,Wales,2026-06-12
CUST04536,B2C,Carolyn,Freeman,shepherdrachel@example.com,S0,Sunderland,North East,2025-08-12
CUST04537,B2C,Christian,Adams,barnesdennis@example.org,LL0X,Ipswich,East of England,2025-12-04
CUST04538,B2C,Peter,Fletcher,xdavidson@example.com,YO2V,London,London,2025-05-19
CUST04539,B2B,Lauren,Singh,burgesscarl@example.net,W3,Southampton,South East,2025-06-29
CUST04540,B2B,Connor,Jones,frank55@example.net,SN0,Manchester,North West,2026-03-16
CUST04541,B2C,Sian,Walker,rachaelrobinson@example.org,BD5X,Liverpool,North West,2025-01-19
CUST04542,B2C,Amy,Barnett,jack91@example.net,G1F,Dundee,Scotland,2025-03-25
CUST04543,B2C,Mandy,Clarke,morganconor@example.net,BA0,Middlesbrough,North East,2024-12-19
CUST04544,B2C,Aaron,Atkins,rhysosborne@example.net,B7B,Swansea,Wales,2025-01-26
CUST04545,B2C,Diana,Dawson,foxkate@example.net,AB4R,Sunderland,North East,2026-04-29
CUST04546,B2C,Ian,Berry,ann45@example.net,E33,London,London,2026-01-09
CUST04547,B2C,Jake,Smith,jholland@example.org,HS61,Belfast,Northern Ireland,2024-11-22
CUST04548,B2C,Gordon,Clarke,june11@example.org,L6,Cambridge,East of England,2025-01-12
CUST04549,B2C,Adrian,Harris,carterjade@example.org,SL36,Cardiff,Wales,2025-11-03
CUST04550,B2B,Mark,Russell,gemmawilson@example.org,TW03,Cambridge,East of England,2024-09-08
CUST04551,B2B,Stacey,Pearson,lambcarly@example.com,E8,London,London,2026-01-26
CUST04552,B2C,Sandra,Roberts,watsonjean@example.org,CA1W,Manchester,North West,2025-01-23
CUST04553,B2C,Francis,Morgan,samuelriley@example.org,NE3X,Blackpool,North West,2024-11-13
CUST04554,B2C,Benjamin,Edwards,frederickfraser@example.org,CT36,Edinburgh,Scotland,2024-10-21
CUST04555,B2C,Maurice,Hopkins,alison96@example.org,JE03,Middlesbrough,North East,2025-08-25
CUST04556,B2C,Fiona,Lynch,gibsonellie@example.net,G5G,Liverpool,North West,2024-09-03
CUST04557,B2C,Lynn,Watson,grace90@example.org,M5,Oxford,South East,2025-05-29
CUST04558,B2C,Owen,Jones,damien12@example.org,JE40,Middlesbrough,North East,2025-09-30
CUST04559,B2C,Gavin,Parsons,vgreen@example.net,G06,Bournemouth,South West,2026-06-15
CUST04560,B2C,Conor,Harper,brookeskarl@example.com,E3,London,London,2026-02-28
CUST04561,B2C,Brenda,Jennings,jacksongrace@example.net,S7,Coventry,West Midlands,2026-04-08
CUST04562,B2C,Mohammed,Dawson,pglover@example.net,S9,Nottingham,East Midlands,2024-09-30
CUST04563,B2C,Luke,Jennings,sally31@example.net,G6S,Newport,Wales,2026-05-31
CUST04564,B2C,Tracey,Garner,baileylisa@example.net,S3,Cardiff,Wales,2024-09-05
CUST04565,B2C,Hannah,Smith,billy99@example.org,W76,Ipswich,East of England,2026-05-31
CUST04566,B2C,Lydia,Gordon,maybrenda@example.org,HP2V,Dundee,Scotland,2025-03-07
CUST04567,B2C,Annette,Storey,maureenparker@example.net,IP3,Bristol,South West,2025-08-21
CUST04568,B2C,Sarah,Williams,dennis03@example.com,M8E,London,London,2025-06-02
CUST04569,B2C,Amy,Rowe,bethanywright@example.org,E99,Middlesbrough,North East,2026-07-30
CUST04570,B2C,Hilary,Hall,jayoliver@example.net,KT05,London,London,2026-03-23
CUST04571,B2C,Pamela,Fowler,mbenson@example.org,BR8M,Newport,Wales,2024-11-17
CUST04572,B2C,Nathan,Walker,arthurpearce@example.com,EC1R,Derry,Northern Ireland,2024-11-04
CUST04573,B2B,Mary,Moore,edward51@example.net,YO3W,Blackpool,North West,2026-05-03
CUST04574,B2C,Paula,Burns,toby56@example.com,HU25,Hull,Yorkshire & Humber,2025-10-18
CUST04575,B2C,Ryan,O'Donnell,dale90@example.com,E22,Sheffield,Yorkshire & Humber,2025-11-30
CUST04576,B2C,Kathleen,Richardson,carlysmith@example.net,KA7,London,London,2026-01-02
CUST04577,B2C,Amanda,Blake,joan15@example.com,B38,Brighton,South East,2025-01-12
CUST04578,B2C,Nicola,Matthews,june46@example.com,BD3R,Swansea,Wales,2026-05-05
CUST04579,B2B,Thomas,Martin,saundersdenis@example.net,M98,Sunderland,North East,2025-02-02
CUST04580,B2C,Hugh,Hill,iainmurphy@example.com,NN41,Bournemouth,South West,2026-01-04
CUST04581,B2B,Sheila,Bates,wjames@example.org,L1,Brighton,South East,2024-11-25
CUST04582,B2B,Lesley,Martin,leemccarthy@example.com,G4W,Cambridge,East of England,2024-10-23
CUST04583,B2C,Eleanor,O'Brien,slaterjanet@example.net,M49,Nottingham,East Midlands,2025-01-26
CUST04584,B2C,Chloe,Smith,thomassuzanne@example.net,W7J,London,London,2025-03-31
CUST04585,B2C,Jason,Brooks,broberts@example.org,B4,Wolverhampton,West Midlands,2025-04-12
CUST04586,B2C,Roy,Cross,begumcolin@example.net,ML5M,Middlesbrough,North East,2025-04-15
CUST04587,B2C,Nicola,Fleming,brandonpatel@example.net,B6G,Swansea,Wales,2025-11-18
CUST04588,B2B,Amelia,Gray,juliagarner@example.net,SP7,London,London,2024-08-24
CUST04589,B2B,Jordan,Robson,jakestevenson@example.org,CW7,Aberdeen,Scotland,2026-06-06
CUST04590,B2C,Lewis,Wright,thomaskarl@example.net,B21,Bristol,South West,2025-02-17
CUST04591,B2C,Eric,Evans,lewisjosh@example.net,S7,Preston,North West,2026-06-08
CUST04592,B2C,Elliot,Allan,xgough@example.org,N7F,Ipswich,East of England,2026-04-22
CUST04593,B2C,Billy,Smith,jenningsdonald@example.com,BD07,London,London,2026-07-08
CUST04594,B2C,Max,Harris,wilkinsonben@example.net,G9K,York,Yorkshire & Humber,2024-10-18
CUST04595,B2C,Bruce,Martin,antony61@example.net,B4H,Swansea,Wales,2025-06-30
CUST04596,B2C,Samantha,Cunningham,kcooke@example.com,L30,Hull,Yorkshire & Humber,2026-03-25
CUST04597,B2C,Danielle,Long,hgraham@example.net,BD3,Edinburgh,Scotland,2024-11-20
CUST04598,B2C,Debra,Barnes,slewis@example.com,M24,Bournemouth,South West,2026-05-20
CUST04599,B2C,Rita,Griffiths,deanatkinson@example.net,M26,Oxford,South East,2025-08-10
CUST04600,B2C,Kimberley,Walker,nathan99@example.net,PA2X,Coventry,West Midlands,2025-11-03
CUST04601,B2C,Elliott,Holden,jeanball@example.net,M5,Derby,East Midlands,2024-08-09
CUST04602,B2C,Bradley,Duffy,kmoran@example.net,WN8V,Exeter,South West,2025-10-30
CUST04603,B2C,Aimee,Mitchell,charlene98@example.net,W3,Derby,East Midlands,2025-12-19
CUST04604,B2C,Robert,Thompson,watkinssandra@example.org,L8E,Southampton,South East,2025-04-09
CUST04605,B2C,Marie,Turner,phill@example.com,B6,Belfast,Northern Ireland,2024-11-10
CUST04606,B2C,Kieran,Pritchard,rita36@example.net,CO27,Reading,South East,2025-12-16
CUST04607,B2C,Ashley,Smith,lawrencefrances@example.com,DN68,Preston,North West,2025-05-21
CUST04608,B2C,Lydia,Riley,hilljodie@example.org,HP7Y,Manchester,North West,2025-04-29
CUST04609,B2C,Gary,Barry,lloydjulie@example.net,DH20,London,London,2025-02-23
CUST04610,B2C,Maurice,Howard,jason28@example.net,TW50,Coventry,West Midlands,2026-01-30
CUST04611,B2C,Joan,Robertson,jevans@example.com,N5C,Manchester,North West,2024-09-08
CUST04612,B2C,Charlotte,Andrews,stephen27@example.com,L25,Sunderland,North East,2025-05-27
CUST04613,B2B,Gillian,Howells,owensnicola@example.com,L78,Derby,East Midlands,2025-09-09
CUST04614,B2B,Leanne,Roberts,jordandodd@example.org,B19,Ipswich,East of England,2025-05-10
CUST04615,B2B,Matthew,Mason,bruce70@example.net,HD4,Derby,East Midlands,2024-11-10
CUST04616,B2B,Leanne,Smith,kelly73@example.com,S7G,Liverpool,North West,2024-09-16
CUST04617,B2C,Mohamed,Bradshaw,ustevens@example.net,M67,Manchester,North West,2026-05-27
CUST04618,B2C,Suzanne,Rees,deancunningham@example.com,G43,Aberdeen,Scotland,2025-12-24
CUST04619,B2C,Marc,Alexander,butlerrhys@example.com,LU3,Dundee,Scotland,2025-01-27
CUST04620,B2C,Gerard,Gilbert,dawnwatson@example.org,N45,Exeter,South West,2025-06-20
CUST04621,B2C,Donald,Kemp,christopher55@example.org,W1K,Oxford,South East,2025-03-26
CUST04622,B2C,Anne,Gardiner,newmanjade@example.net,SA57,Sheffield,Yorkshire & Humber,2025-12-13
CUST04623,B2C,Kerry,Smith,morrisdorothy@example.org,M1,Manchester,North West,2025-11-20
CUST04624,B2C,Stuart,Marshall,irene66@example.org,LE9,Derby,East Midlands,2025-05-29
CUST04625,B2C,Robert,Griffiths,mbuckley@example.org,N2K,Belfast,Northern Ireland,2025-02-27
CUST04626,B2C,Jeffrey,Thompson,butlerconor@example.org,KW0W,York,Yorkshire & Humber,2025-10-02
CUST04627,B2C,Shane,Walton,shopkins@example.net,N75,Liverpool,North West,2024-09-07
CUST04628,B2C,Jordan,Smith,rjames@example.org,M8,Cardiff,Wales,2026-06-27
CUST04629,B2C,Megan,Hartley,sandersjodie@example.org,IM8,Sunderland,North East,2025-02-21
CUST04630,B2C,Lindsey,Whitehead,patrickhughes@example.net,WR40,Peterborough,East of England,2025-08-09
CUST04631,B2C,Abigail,Hughes,lindseyharvey@example.org,N01,Bournemouth,South West,2025-08-18
CUST04632,B2C,Steven,Lewis,caroline45@example.net,BN7V,London,London,2025-01-05
CUST04633,B2C,Adrian,Parkinson,terryclements@example.com,G4J,Middlesbrough,North East,2025-04-14
CUST04634,B2C,Connor,Smith,thomas18@example.net,BT8W,Wrexham,Wales,2026-06-22
CUST04635,B2C,Bethan,Bailey,gillianwoodward@example.org,E8H,Belfast,Northern Ireland,2025-06-29
CUST04636,B2C,Jacqueline,Lloyd,zrobinson@example.com,DL0B,Glasgow,Scotland,2026-03-25
CUST04637,B2C,Phillip,Clark,brenda37@example.com,WA6,Plymouth,South West,2025-11-12
CUST04638,B2C,Benjamin,Sykes,joshua42@example.net,L73,Derby,East Midlands,2025-09-26
CUST04639,B2B,Christian,Bradley,ann83@example.org,DY0E,Dundee,Scotland,2026-04-16
CUST04640,B2C,Daniel,Harris,charlotte41@example.net,G80,Birmingham,West Midlands,2025-06-22
CUST04641,B2C,Lucy,Brown,pkaur@example.net,S7,Brighton,South East,2024-10-20
CUST04642,B2C,Hazel,Wright,csmith@example.com,SY4W,Newcastle,North East,2024-10-17
CUST04643,B2C,Katie,Williams,robertslouis@example.com,G3F,Newport,Wales,2025-04-06
CUST04644,B2C,Joseph,Quinn,marie19@example.net,W71,Edinburgh,Scotland,2024-10-21
CUST04645,B2C,Jade,Woodward,fieldsheila@example.org,W82,Belfast,Northern Ireland,2025-06-08
CUST04646,B2C,Sandra,Bradley,rosskemp@example.com,DL0,Reading,South East,2024-11-28
CUST04647,B2B,Claire,Mills,paulinenorris@example.org,LS2,Plymouth,South West,2025-07-27
CUST04648,B2C,Justin,Davies,wparker@example.org,L26,Wrexham,Wales,2025-06-19
CUST04649,B2B,Gail,Hart,tony83@example.com,S10,Cardiff,Wales,2026-07-08
CUST04650,B2B,Lesley,Smith,victormurphy@example.com,S49,York,Yorkshire & Humber,2026-03-17
CUST04651,B2C,Jacqueline,Collins,callumdoherty@example.net,KY55,Derry,Northern Ireland,2026-04-30
CUST04652,B2C,George,Fitzgerald,mhardy@example.net,L4,Derry,Northern Ireland,2026-08-02
CUST04653,B2C,Bethany,Walker,wendy01@example.net,N96,Exeter,South West,2025-11-18
CUST04654,B2C,Dawn,Griffin,reece67@example.com,DN0,Liverpool,North West,2025-04-15
CUST04655,B2B,Jill,Hudson,staceymurray@example.com,W0,Newport,Wales,2025-09-28
CUST04656,B2C,Eileen,Slater,meganriley@example.org,S27,London,London,2026-07-25
CUST04657,B2C,Pamela,Barber,philipelliott@example.net,OX8B,London,London,2025-12-01
CUST04658,B2C,Nicole,Robinson,hayesadrian@example.com,WV8A,Newport,Wales,2025-06-03
CUST04659,B2B,Christine,Ahmed,gerard86@example.net,PA3A,Plymouth,South West,2025-04-28
CUST04660,B2C,Sam,Hopkins,qburns@example.org,S39,Sunderland,North East,2026-01-05
CUST04661,B2C,Hayley,Bradley,gwilkinson@example.com,S7,Leeds,Yorkshire & Humber,2025-05-06
CUST04662,B2B,Barry,Brown,christian86@example.com,KW1R,Hull,Yorkshire & Humber,2026-05-22
CUST04663,B2C,Denis,Davis,zhughes@example.org,EX0R,Leicester,East Midlands,2025-11-22
CUST04664,B2C,Dylan,Morris,katyturner@example.org,HG71,Cambridge,East of England,2026-07-24
CUST04665,B2C,Hollie,Lane,megan23@example.org,E5,London,London,2025-10-09
CUST04666,B2C,Joe,Wright,alanbailey@example.org,E02,Newport,Wales,2025-10-04
CUST04667,B2C,John,Finch,frenchlisa@example.com,PL8,London,London,2026-01-30
CUST04668,B2C,Elizabeth,Gough,williamssally@example.net,OX1X,London,London,2025-05-18
CUST04669,B2C,Robert,Collins,damianmiles@example.net,WR72,Nottingham,East Midlands,2025-02-28
CUST04670,B2C,Joseph,Atkins,olivia88@example.org,LD5H,Sheffield,Yorkshire & Humber,2025-02-22
CUST04671,B2C,Duncan,Hussain,carterashley@example.org,EN28,Aberdeen,Scotland,2025-10-12
CUST04672,B2C,Nicole,Stephens,pfoster@example.org,TD9,Oxford,South East,2026-06-29
CUST04673,B2C,Kevin,Wright,kayleigh61@example.org,L01,Cardiff,Wales,2025-03-15
CUST04674,B2C,Gerard,Poole,cooperroger@example.org,KY01,Birmingham,West Midlands,2025-11-17
CUST04675,B2B,Gordon,Kennedy,joneskenneth@example.com,S1,Cardiff,Wales,2025-07-03
CUST04676,B2C,Luke,Jackson,fmetcalfe@example.com,G2,Derry,Northern Ireland,2026-07-26
CUST04677,B2C,Iain,Ahmed,wpatel@example.com,TQ1,Derby,East Midlands,2024-12-18
CUST04678,B2C,Daniel,Jones,uburgess@example.com,PH96,Newcastle,North East,2026-01-22
CUST04679,B2C,Anna,Jones,powellreece@example.net,B0D,Preston,North West,2025-06-22
CUST04680,B2C,Sandra,Smith,hughesclifford@example.com,HU8,Newcastle,North East,2025-02-13
CUST04681,B2C,Albert,Taylor,stanleymatthews@example.org,G1G,Leicester,East Midlands,2024-11-10
CUST04682,B2C,Harriet,Edwards,zwalker@example.org,WF6,York,Yorkshire & Humber,2025-08-07
CUST04683,B2C,Anthony,Thomas,garnergerard@example.com,M7,Leeds,Yorkshire & Humber,2026-03-19
CUST04684,B2C,Roger,Hicks,tracyrogers@example.net,LS3Y,Plymouth,South West,2025-05-10
CUST04685,B2C,Michael,Evans,george48@example.org,E5H,Newport,Wales,2025-10-05
CUST04686,B2B,Barry,Lowe,nbrooks@example.com,SY03,York,Yorkshire & Humber,2025-07-13
CUST04687,B2C,Charlene,Turner,jacob37@example.net,M8,London,London,2026-01-21
CUST04688,B2C,Jill,Chamberlain,goddardstacey@example.net,BA1,Birmingham,West Midlands,2024-09-05
CUST04689,B2C,Jennifer,Wilkinson,anne36@example.com,SY3,Edinburgh,Scotland,2025-01-04
CUST04690,B2C,Claire,Johnson,cookdean@example.com,S0A,Edinburgh,Scotland,2026-06-14
CUST04691,B2C,Kayleigh,Gill,hdavison@example.com,S9,Wrexham,Wales,2024-10-31
CUST04692,B2C,Phillip,Wilson,jordan37@example.com,NW75,Swansea,Wales,2024-11-28
CUST04693,B2C,Gemma,Wheeler,laura56@example.org,CV4V,Hull,Yorkshire & Humber,2024-09-27
CUST04694,B2C,Brett,Hill,samuelfrench@example.org,B44,York,Yorkshire & Humber,2025-07-06
CUST04695,B2C,Abbie,Burns,elainepope@example.com,M39,London,London,2026-07-28
CUST04696,B2C,Sian,Porter,vincentdavies@example.com,L54,Cambridge,East of England,2024-10-04
CUST04697,B2C,Sally,Talbot,bbrady@example.com,IP1,Swansea,Wales,2026-01-04
CUST04698,B2C,Lorraine,Owen,stacey59@example.net,GU3,Derby,East Midlands,2025-02-15
CUST04699,B2B,Stacey,Stephenson,christian95@example.net,B5,Peterborough,East of England,2025-03-31
CUST04700,B2C,Kelly,Atkinson,melissaanderson@example.org,DN2,Newport,Wales,2026-03-31
CUST04701,B2C,Leslie,Howard,brownchristine@example.com,L1J,Derry,Northern Ireland,2025-10-02
CUST04702,B2B,Abigail,Willis,saundersjack@example.org,S7,Cambridge,East of England,2025-12-14
CUST04703,B2C,Roger,Shaw,georgethomas@example.net,B0,Nottingham,East Midlands,2024-10-15
CUST04704,B2C,Darren,Howe,jonesleigh@example.com,RM4,Norwich,East of England,2025-01-09
CUST04705,B2B,Jason,Brown,clarebradley@example.net,E50,Leicester,East Midlands,2025-04-08
CUST04706,B2B,Charlie,Joyce,sally22@example.net,DE2,Hull,Yorkshire & Humber,2026-06-13
CUST04707,B2B,Christopher,Williams,clarketrevor@example.net,HS0,Derry,Northern Ireland,2025-06-14
CUST04708,B2C,Charles,Jones,stewartmarilyn@example.org,W73,Southampton,South East,2024-11-21
CUST04709,B2C,Rachael,Dixon,amelia88@example.net,W0,Birmingham,West Midlands,2025-10-20
CUST04710,B2C,Roy,Sutton,ojones@example.net,L0T,Sheffield,Yorkshire & Humber,2026-03-13
CUST04711,B2C,Eleanor,Morris,miahpeter@example.org,BN4W,Coventry,West Midlands,2026-06-15
CUST04712,B2C,Jenna,Bevan,harrisgillian@example.net,WN2,Coventry,West Midlands,2024-09-18
CUST04713,B2C,Andrew,Wright,harry94@example.net,HA96,Ipswich,East of England,2026-06-01
CUST04714,B2C,Amanda,Jenkins,zwalsh@example.net,S2,Oxford,South East,2026-05-30
CUST04715,B2C,Jake,Chapman,escott@example.net,B0,Ipswich,East of England,2025-04-02
CUST04716,B2C,Roy,Gough,janice34@example.org,ML3W,Newport,Wales,2025-10-17
CUST04717,B2C,Kimberley,Poole,martyn25@example.net,YO5M,Leeds,Yorkshire & Humber,2024-09-05
CUST04718,B2C,Amber,Wood,donnawebb@example.org,LS1B,Belfast,Northern Ireland,2026-06-16
CUST04719,B2C,Kieran,Robinson,natasha88@example.net,N6B,Wolverhampton,West Midlands,2026-06-19
CUST04720,B2C,Joan,Gardiner,rebecca08@example.net,W0K,London,London,2025-07-13
CUST04721,B2C,Gerald,Hayes,jacob48@example.net,BD9,Hull,Yorkshire & Humber,2024-10-31
CUST04722,B2C,Tony,Bradshaw,allenduncan@example.com,W7W,Dundee,Scotland,2026-01-12
CUST04723,B2C,Natasha,Baker,jay34@example.net,KW6,Bristol,South West,2026-07-12
CUST04724,B2C,Allan,Jackson,pauline96@example.com,S2,Bristol,South West,2025-01-08
CUST04725,B2C,Kevin,Nelson,greendouglas@example.net,PA83,Coventry,West Midlands,2026-02-18
CUST04726,B2B,Philip,Ross,wrightjoseph@example.net,M7,Newcastle,North East,2026-04-27
CUST04727,B2B,Joanna,Daniels,wbaker@example.net,CV4A,Leeds,Yorkshire & Humber,2025-05-03
CUST04728,B2C,Helen,Pickering,leon69@example.net,S24,Middlesbrough,North East,2025-09-07
CUST04729,B2C,Nicola,Cooper,iosborne@example.net,AL9M,Glasgow,Scotland,2025-08-27
CUST04730,B2C,Paige,Wood,davieslesley@example.com,L44,London,London,2025-08-06
CUST04731,B2C,Lorraine,Frost,josephmitchell@example.com,S3J,Belfast,Northern Ireland,2026-04-30
CUST04732,B2C,Tom,Smith,malcolm66@example.org,FY1N,Brighton,South East,2026-04-30
CUST04733,B2C,Pauline,Newman,hugh36@example.com,ST8,Middlesbrough,North East,2026-06-18
CUST04734,B2C,Lydia,Khan,griffithslynda@example.com,E8S,Glasgow,Scotland,2026-03-22
CUST04735,B2C,Tracy,Richardson,abigailcooper@example.org,IP7M,Norwich,East of England,2025-11-02
CUST04736,B2C,Kathryn,Smith,normanwilliams@example.org,BA51,Lincoln,East Midlands,2025-10-07
CUST04737,B2C,Kyle,Jackson,dennis03@example.com,W96,Wolverhampton,West Midlands,2026-04-29
CUST04738,B2C,Chelsea,Brown,rachel85@example.net,W14,Wrexham,Wales,2026-02-28
CUST04739,B2B,Andrew,Turner,ejones@example.org,G0D,Norwich,East of England,2024-11-24
CUST04740,B2C,Tina,Cunningham,yoneill@example.net,W7D,Southampton,South East,2025-08-26
CUST04741,B2C,Owen,Roberts,nsavage@example.org,N52,Leicester,East Midlands,2025-03-04
CUST04742,B2C,Leah,Cook,rkelly@example.com,S88,Newport,Wales,2026-02-21
CUST04743,B2C,Owen,Webster,sandersjune@example.com,ZE4,Derry,Northern Ireland,2024-08-27
CUST04744,B2C,Suzanne,Fletcher,lrichards@example.com,DH4M,Aberdeen,Scotland,2026-07-28
CUST04745,B2C,Lisa,Edwards,vincentjarvis@example.com,S05,Norwich,East of England,2026-06-22
CUST04746,B2C,Claire,Gray,greenchelsea@example.org,SL27,Leeds,Yorkshire & Humber,2025-03-26
CUST04747,B2B,Julia,Davis,hughesyvonne@example.com,N4G,Oxford,South East,2025-10-08
CUST04748,B2C,Jeffrey,Wright,pearsoniain@example.com,TF8,Wolverhampton,West Midlands,2025-03-31
CUST04749,B2B,Leonard,Lloyd,sallyprice@example.com,KT6,Aberdeen,Scotland,2024-10-29
CUST04750,B2B,Anna,Fuller,sheilawood@example.org,IM3N,Leicester,East Midlands,2025-10-29
CUST04751,B2C,Lorraine,Brooks,winterbenjamin@example.com,WA89,Exeter,South West,2026-07-07
CUST04752,B2C,Justin,Edwards,jane20@example.org,B09,Manchester,North West,2025-09-18
CUST04753,B2C,Bethany,Daniels,abrennan@example.net,N7,London,London,2025-11-09
CUST04754,B2C,Sophie,Ward,rogersutton@example.net,W15,Norwich,East of England,2026-06-06
CUST04755,B2C,Lynn,Smith,jadeknight@example.org,SP17,Manchester,North West,2024-11-16
CUST04756,B2B,Colin,Lewis,nicoledavis@example.com,TF14,Edinburgh,Scotland,2024-09-28
CUST04757,B2C,Eleanor,Fletcher,holtkevin@example.com,L7K,Edinburgh,Scotland,2025-01-29
CUST04758,B2C,Andrew,Ali,daviesdonald@example.net,G32,Southampton,South East,2026-08-06
CUST04759,B2C,Brandon,Williams,qfrench@example.org,SG4,Glasgow,Scotland,2024-12-21
CUST04760,B2C,George,Frost,phillipslucy@example.org,SP4X,Sunderland,North East,2026-03-26
CUST04761,B2C,Dorothy,Clark,naylorcaroline@example.com,N7,Glasgow,Scotland,2026-08-03
CUST04762,B2C,Jacob,Lamb,pbarker@example.org,L84,Glasgow,Scotland,2024-11-10
CUST04763,B2C,Bethany,Cooper,swebb@example.org,M0,Newcastle,North East,2024-11-19
CUST04764,B2C,Andrea,Burke,hmurphy@example.net,N81,Cambridge,East of England,2025-06-06
CUST04765,B2C,Graham,Connor,dsmith@example.net,LS08,Derby,East Midlands,2026-08-02
CUST04766,B2C,Billy,Birch,fionamorton@example.com,E1B,Coventry,West Midlands,2025-03-03
CUST04767,B2C,Samuel,Chamberlain,qwhitehead@example.org,BA13,Middlesbrough,North East,2024-11-23
CUST04768,B2C,Brandon,Turner,ythomas@example.net,N77,Derby,East Midlands,2025-02-11
CUST04769,B2C,Melanie,James,ytownsend@example.org,WF7,Blackpool,North West,2025-05-17
CUST04770,B2C,Dylan,Morgan,craig38@example.org,M9W,Manchester,North West,2026-03-21
CUST04771,B2C,Elliot,Carter,mwells@example.net,BS00,Nottingham,East Midlands,2026-04-04
CUST04772,B2C,Amelia,Lawrence,newtonalexander@example.org,M9,Bournemouth,South West,2025-12-15
CUST04773,B2B,Darren,Jones,lanekerry@example.net,E13,Bournemouth,South West,2024-09-24
CUST04774,B2C,Jack,Harrison,gerald04@example.org,SP13,Ipswich,East of England,2026-03-30
CUST04775,B2C,Anthony,Sharpe,sian61@example.net,M5F,Blackpool,North West,2026-06-08
CUST04776,B2C,Oliver,Bond,rosemaryrobinson@example.com,NE8B,Belfast,Northern Ireland,2025-05-17
CUST04777,B2C,Dale,Harrison,carolynhawkins@example.org,S7,Swansea,Wales,2026-06-05
CUST04778,B2C,Emily,Gallagher,robert79@example.com,B6,London,London,2024-11-15
CUST04779,B2B,Wendy,Edwards,natalie48@example.org,L19,Bristol,South West,2024-10-14
CUST04780,B2B,Elliott,Rhodes,zdoyle@example.net,GY0A,Middlesbrough,North East,2026-03-05
CUST04781,B2C,Stewart,Palmer,sallybrown@example.net,E3F,Plymouth,South West,2026-07-19
CUST04782,B2C,Jason,Matthews,bbowen@example.org,L1H,London,London,2026-04-09
CUST04783,B2C,Robin,Cole,lyndabaker@example.org,DE1W,Peterborough,East of England,2025-11-16
CUST04784,B2C,Frances,Gill,williamsalexandra@example.com,E1,Norwich,East of England,2024-11-17
CUST04785,B2C,Georgia,Preston,marc47@example.com,HS0B,Reading,South East,2025-08-24
CUST04786,B2C,Christopher,Hall,kroberts@example.net,IV79,Derry,Northern Ireland,2025-01-28
CUST04787,B2C,Emma,Wood,bensongarry@example.net,GY0,Nottingham,East Midlands,2024-09-30
CUST04788,B2C,Oliver,McKenzie,scottolivia@example.net,B8,London,London,2025-01-21
CUST04789,B2C,Vanessa,Adams,bensonleslie@example.com,NG6,Leicester,East Midlands,2026-07-14
CUST04790,B2C,Leigh,Andrews,ggregory@example.com,EH1Y,Wolverhampton,West Midlands,2025-02-19
CUST04791,B2C,Holly,McDonald,douglasmark@example.com,B9C,Leicester,East Midlands,2025-10-02
CUST04792,B2C,Abbie,Goodwin,harrisjanice@example.org,B92,Peterborough,East of England,2026-05-15
CUST04793,B2B,Charlie,Edwards,gregory09@example.net,WR62,London,London,2026-02-25
CUST04794,B2C,Keith,Rees,sarahjohnston@example.net,HX41,Nottingham,East Midlands,2026-05-07
CUST04795,B2C,Pauline,Payne,max76@example.net,NE45,Bristol,South West,2025-09-18
CUST04796,B2C,Shane,Dean,kimwalker@example.net,E2,Nottingham,East Midlands,2025-08-24
CUST04797,B2C,Cheryl,Daly,tomlinsonpatrick@example.org,B9U,Oxford,South East,2026-03-30
CUST04798,B2B,Mohamed,Newton,teresa85@example.net,M5,Sunderland,North East,2025-05-06
CUST04799,B2C,Vanessa,Williams,diane53@example.org,SK5,Plymouth,South West,2025-07-22
CUST04800,B2C,Roger,Mills,martynstewart@example.com,L0,Aberdeen,Scotland,2025-04-10
CUST04801,B2C,Zoe,Roberts,jonesleslie@example.org,NP61,Aberdeen,Scotland,2024-10-21
CUST04802,B2C,Josephine,Harvey,rita30@example.org,AB87,Newcastle,North East,2025-08-07
CUST04803,B2C,Damian,Morris,owen62@example.net,PR48,London,London,2025-01-08
CUST04804,B2B,Thomas,Stokes,billymorris@example.com,EX5,Liverpool,North West,2025-12-08
CUST04805,B2C,Dominic,Thomas,tnewman@example.org,SK0,Derry,Northern Ireland,2025-08-05
CUST04806,B2C,Aimee,Robson,lward@example.org,SP33,Newport,Wales,2026-04-12
CUST04807,B2C,George,Hart,ubutler@example.com,B0,Manchester,North West,2024-11-16
CUST04808,B2C,Sam,Campbell,lydia95@example.net,LD8X,Cardiff,Wales,2026-05-28
CUST04809,B2B,Jeremy,Berry,brucewalsh@example.net,M6,Southampton,South East,2024-11-13
CUST04810,B2C,Richard,Harrison,hoopercharlie@example.com,HS3,Wolverhampton,West Midlands,2024-08-19
CUST04811,B2C,Gail,Perkins,antony39@example.org,ME8,Derry,Northern Ireland,2024-10-26
CUST04812,B2C,Emma,Ahmed,josephbibi@example.net,SY2A,Cardiff,Wales,2025-04-02
CUST04813,B2C,Julia,White,lscott@example.com,TN0W,Leicester,East Midlands,2026-03-07
CUST04814,B2C,Colin,Robson,scottkerry@example.org,BB1,Nottingham,East Midlands,2025-08-15
CUST04815,B2B,Marion,Dixon,vsullivan@example.com,IV2W,Reading,South East,2026-04-08
CUST04816,B2C,Frederick,Simpson,marcus74@example.org,SN4N,Hull,Yorkshire & Humber,2024-09-20
CUST04817,B2C,Megan,Roberts,hargreaveslawrence@example.net,L8,Derry,Northern Ireland,2024-12-16
CUST04818,B2C,Julia,French,gouldharriet@example.com,N9,Edinburgh,Scotland,2026-07-04
CUST04819,B2C,Scott,Bell,powellnicola@example.org,N79,Wrexham,Wales,2025-02-11
CUST04820,B2C,Deborah,Robinson,deniskirby@example.net,L5,London,London,2026-08-02
CUST04821,B2C,Tony,Swift,debra46@example.com,ME19,Newcastle,North East,2025-04-05
CUST04822,B2C,Bruce,Martin,rosie66@example.net,G6C,Newcastle,North East,2026-05-18
CUST04823,B2C,Pauline,Smart,jacksonemily@example.net,L6T,Exeter,South West,2024-11-25
CUST04824,B2C,Heather,Brown,catherine74@example.net,N22,Plymouth,South West,2026-02-08
CUST04825,B2C,Lewis,Hughes,gcurtis@example.com,N5C,Leicester,East Midlands,2025-10-25
CUST04826,B2C,Nigel,Hopkins,joe51@example.org,W61,Derby,East Midlands,2026-07-04
CUST04827,B2C,Tina,Smith,jill92@example.org,DT04,London,London,2025-06-01
CUST04828,B2C,Luke,Day,francisdavies@example.com,B4W,Aberdeen,Scotland,2025-11-11
CUST04829,B2C,Pamela,Clarke,robertwilliamson@example.org,N83,Brighton,South East,2024-09-27
CUST04830,B2B,Claire,Shepherd,jeremymiah@example.org,TQ3,Exeter,South West,2025-11-26
CUST04831,B2B,Jill,Potts,lloydabigail@example.net,G9,Liverpool,North West,2025-06-02
CUST04832,B2C,Emily,Khan,ohammond@example.net,L4H,London,London,2026-05-05
CUST04833,B2C,Norman,Berry,fhopkins@example.org,AL3,Derry,Northern Ireland,2026-05-02
CUST04834,B2C,Louise,Howell,petermartin@example.net,CF34,Dundee,Scotland,2024-12-24
CUST04835,B2B,Graeme,Poole,marianharris@example.com,W6T,Birmingham,West Midlands,2025-02-03
CUST04836,B2C,Gareth,Archer,daveytony@example.net,HS64,Plymouth,South West,2024-12-23
CUST04837,B2C,Liam,Donnelly,awallace@example.net,KW9,Bristol,South West,2025-08-27
CUST04838,B2B,Sarah,Willis,fosborne@example.net,L6,Derby,East Midlands,2026-03-26
CUST04839,B2C,George,West,scott03@example.com,L25,York,Yorkshire & Humber,2025-12-22
CUST04840,B2C,Grace,Watkins,pauline09@example.org,BH62,Bournemouth,South West,2025-02-16
CUST04841,B2B,Chelsea,Blackburn,vryan@example.org,LE2,Coventry,West Midlands,2026-06-28
CUST04842,B2C,Bernard,Lewis,charleneholland@example.net,M61,Nottingham,East Midlands,2025-10-03
CUST04843,B2C,Dale,Williams,jamesrachel@example.net,FK3Y,Wrexham,Wales,2026-02-13
CUST04844,B2C,Lynne,Smith,cookcharlotte@example.com,N20,Aberdeen,Scotland,2026-01-09
CUST04845,B2C,Gary,Lewis,gerardthomas@example.com,LD5,Coventry,West Midlands,2025-10-13
CUST04846,B2B,Adam,Ali,dean03@example.com,B8D,Wolverhampton,West Midlands,2025-06-09
CUST04847,B2C,Samuel,Cameron,tracey55@example.org,KA2,Exeter,South West,2025-02-13
CUST04848,B2C,Glenn,Rogers,tracyiqbal@example.net,S86,Swansea,Wales,2026-04-08
CUST04849,B2C,Paula,Mills,amberbyrne@example.com,N22,Hull,Yorkshire & Humber,2025-09-03
CUST04850,B2C,Jack,Kemp,westkaren@example.org,N3,Leeds,Yorkshire & Humber,2024-10-05
CUST04851,B2C,Lauren,Harding,alexandersummers@example.org,LS2,Belfast,Northern Ireland,2025-05-13
CUST04852,B2C,Declan,Taylor,hscott@example.net,B1W,Norwich,East of England,2026-05-27
CUST04853,B2C,Melissa,White,molly91@example.net,M2T,Sheffield,Yorkshire & Humber,2024-09-08
CUST04854,B2C,Robin,Iqbal,chloe79@example.com,LA0,Liverpool,North West,2026-04-28
CUST04855,B2C,Ben,Gregory,richardsonstacey@example.com,N2,Derby,East Midlands,2024-08-27
CUST04856,B2C,Aaron,Carter,mollyblake@example.net,TA0M,Sheffield,Yorkshire & Humber,2025-03-18
CUST04857,B2C,Karen,Payne,tom80@example.com,B4D,Sheffield,Yorkshire & Humber,2024-08-26
CUST04858,B2C,Jacqueline,Bradley,collinsjudith@example.org,OX7P,Derry,Northern Ireland,2024-09-26
CUST04859,B2C,Samantha,Johnston,adam55@example.org,NW7W,Newport,Wales,2024-12-12
CUST04860,B2C,Megan,Newton,kathrynarnold@example.com,ST5,Glasgow,Scotland,2025-03-01
CUST04861,B2C,Marcus,Houghton,benjamin48@example.net,N5W,Derby,East Midlands,2025-01-09
CUST04862,B2B,June,Jones,jilllittle@example.net,SE48,Preston,North West,2025-12-07
CUST04863,B2C,Max,Simmons,pamela06@example.org,OL30,London,London,2024-11-08
CUST04864,B2C,Richard,Grant,david69@example.com,W4,Dundee,Scotland,2025-06-18
CUST04865,B2B,Joshua,Hussain,charlene02@example.net,W0E,Derry,Northern Ireland,2025-12-23
CUST04866,B2C,Liam,Arnold,ronald99@example.com,M7,Newport,Wales,2026-03-17
CUST04867,B2C,Laura,Leonard,mayshirley@example.org,TQ7,Reading,South East,2025-08-17
CUST04868,B2C,Phillip,Fraser,katieknowles@example.org,PL7,London,London,2026-04-22
CUST04869,B2C,Thomas,Simmons,fdickinson@example.com,N3G,Plymouth,South West,2025-02-21
CUST04870,B2C,Kelly,Powell,hendersonrosemary@example.net,UB2X,Derry,Northern Ireland,2026-05-24
CUST04871,B2C,Joyce,Walker,caroline69@example.com,NG2,Derby,East Midlands,2025-12-03
CUST04872,B2C,Mathew,Dunn,vwalker@example.org,N57,Wrexham,Wales,2025-07-09
CUST04873,B2B,Kenneth,Burgess,thopkins@example.org,B5U,Southampton,South East,2025-10-16
CUST04874,B2C,Phillip,Morley,ameliapatel@example.com,WC8Y,Plymouth,South West,2026-04-02
CUST04875,B2B,June,Parsons,rachael05@example.net,BL5,Derry,Northern Ireland,2024-09-05
CUST04876,B2B,Claire,Nelson,lawrencedixon@example.org,B32,Birmingham,West Midlands,2025-07-31
CUST04877,B2C,Mitchell,Hall,staceytaylor@example.net,G5T,Oxford,South East,2025-04-15
CUST04878,B2C,Anthony,Dickinson,simpsonjoseph@example.org,G7,Belfast,Northern Ireland,2024-11-03
CUST04879,B2C,Louise,Cook,staylor@example.org,HA07,Belfast,Northern Ireland,2025-12-29
CUST04880,B2C,Kyle,Shaw,wattselaine@example.net,CA68,Leicester,East Midlands,2025-03-28
CUST04881,B2C,Sarah,Allen,christian98@example.com,B6,Reading,South East,2025-04-27
CUST04882,B2C,Elizabeth,Hughes,butlerdeborah@example.net,S8S,Newport,Wales,2025-02-07
CUST04883,B2C,Gareth,Godfrey,rosedavid@example.net,S6,London,London,2025-10-09
CUST04884,B2C,Ashley,Gregory,matthewsmartin@example.net,M1,Dundee,Scotland,2024-10-13
CUST04885,B2C,Geraldine,Banks,jodie41@example.net,BB2,Bournemouth,South West,2025-08-27
CUST04886,B2C,Justin,Lloyd,aaron09@example.org,M9,Belfast,Northern Ireland,2026-07-18
CUST04887,B2C,Martin,Pearce,elliemay@example.net,BR27,Derry,Northern Ireland,2026-04-04
CUST04888,B2C,Craig,Walsh,nmckenzie@example.com,HA5P,York,Yorkshire & Humber,2024-09-16
CUST04889,B2C,Mark,Osborne,kali@example.com,SP4,Sunderland,North East,2024-12-01
CUST04890,B2C,Jack,Barrett,reidalice@example.com,KT2E,Bristol,South West,2025-08-07
CUST04891,B2C,Amanda,Baxter,juliaoconnor@example.net,W4,London,London,2025-09-18
CUST04892,B2C,Paul,Robinson,waynewebb@example.org,E48,Nottingham,East Midlands,2025-08-29
CUST04893,B2C,Andrea,Page,mandywatson@example.com,HP9X,Coventry,West Midlands,2026-04-12
CUST04894,B2C,Debra,Smith,wrightshaun@example.com,W0S,Dundee,Scotland,2026-06-16
CUST04895,B2B,Frank,Moore,rhyslewis@example.org,E9C,Leicester,East Midlands,2026-03-11
CUST04896,B2C,Catherine,Pearce,ecarr@example.org,ZE67,Blackpool,North West,2025-08-29
CUST04897,B2C,Naomi,Knight,begumbradley@example.com,RH3W,Wrexham,Wales,2025-03-13
CUST04898,B2C,Danny,Anderson,petersdavid@example.com,L7,York,Yorkshire & Humber,2025-11-12
CUST04899,B2B,Nicole,Webster,ilewis@example.com,N65,Hull,Yorkshire & Humber,2025-04-14
CUST04900,B2C,Victoria,Dixon,ysmith@example.com,N4,Belfast,Northern Ireland,2025-08-11
CUST04901,B2C,Gail,Atkinson,melissa20@example.net,YO5,Newport,Wales,2025-03-25
CUST04902,B2C,Paula,Smith,nodonnell@example.com,NE8,Cardiff,Wales,2025-10-24
CUST04903,B2C,Vincent,Bryan,idavison@example.com,B9,Glasgow,Scotland,2024-09-30
CUST04904,B2B,Arthur,Watkins,frank87@example.org,LL2H,Leeds,Yorkshire & Humber,2026-02-02
CUST04905,B2B,Cameron,Palmer,antony81@example.com,G06,Sheffield,Yorkshire & Humber,2026-06-27
CUST04906,B2C,Amelia,Dunn,parkervanessa@example.com,HP86,Plymouth,South West,2025-06-28
CUST04907,B2C,Malcolm,Williams,price@example.net,CT2,Newport,Wales,2024-10-10
CUST04908,B2C,Ronald,Hutchinson,hcook@example.net,SM1V,Coventry,West Midlands,2025-10-26
CUST04909,B2C,Joe,Stevenson,richardscarole@example.net,TA4,Lincoln,East Midlands,2026-04-20
CUST04910,B2C,Paige,Davies,odonnelldominic@example.org,HS2H,Southampton,South East,2026-03-03
CUST04911,B2B,Timothy,Williams,joanne06@example.org,HX76,Middlesbrough,North East,2025-06-16
CUST04912,B2C,Carolyn,Morris,jacob47@example.org,E96,Brighton,South East,2025-04-08
CUST04913,B2C,Charlotte,Hughes,vharris@example.com,W4A,Belfast,Northern Ireland,2026-07-02
CUST04914,B2C,Teresa,Dale,nrice@example.net,HG5,York,Yorkshire & Humber,2025-07-04
CUST04915,B2C,Leah,Williamson,graceturner@example.org,N0W,Brighton,South East,2025-08-29
CUST04916,B2C,Donna,Lewis,stokesmaurice@example.net,LE7Y,Manchester,North West,2025-01-17
CUST04917,B2C,Albert,Sinclair,mohammedgriffin@example.org,CA2,Bournemouth,South West,2025-01-22
CUST04918,B2C,David,Smith,julie56@example.org,EX0Y,Liverpool,North West,2024-11-22
CUST04919,B2C,Robert,Webster,clairewood@example.com,PE96,Hull,Yorkshire & Humber,2025-10-20
CUST04920,B2C,Declan,Warner,francescox@example.net,M58,Bristol,South West,2026-04-25
CUST04921,B2C,Liam,Roberts,lawsondylan@example.net,BB47,London,London,2025-06-07
CUST04922,B2C,Shannon,Hargreaves,angela88@example.net,N1K,Bournemouth,South West,2026-06-17
CUST04923,B2C,Arthur,Elliott,helenhutchinson@example.net,KW7W,Middlesbrough,North East,2026-07-10
CUST04924,B2B,Abigail,Baker,jemma23@example.net,HG2A,Newcastle,North East,2025-10-08
CUST04925,B2C,Christine,Dixon,connorgrace@example.net,B9,Belfast,Northern Ireland,2025-12-03
CUST04926,B2B,Craig,Owen,fieldbethany@example.org,L3A,Middlesbrough,North East,2026-07-06
CUST04927,B2C,Sophie,Cole,lynne74@example.com,M05,Dundee,Scotland,2025-10-15
CUST04928,B2C,Carly,Mann,alex15@example.net,CF21,London,London,2026-07-19
CUST04929,B2C,Jordan,Baker,danielle34@example.net,BL5,Derry,Northern Ireland,2025-12-23
CUST04930,B2C,Anne,Yates,evanskathleen@example.net,CO06,Bournemouth,South West,2024-08-09
CUST04931,B2C,Mark,Potts,aheath@example.com,FK7,Plymouth,South West,2024-11-27
CUST04932,B2C,Anna,Johnson,sharonbell@example.org,B1,Manchester,North West,2025-11-24
CUST04933,B2B,Bethany,Baxter,mariajenkins@example.net,E7E,Birmingham,West Midlands,2025-09-27
CUST04934,B2B,Shirley,Martin,tinalewis@example.com,PH1E,Belfast,Northern Ireland,2025-04-27
CUST04935,B2C,Janice,Tyler,amy95@example.com,LA33,Newcastle,North East,2025-06-09
CUST04936,B2C,Peter,Hart,angelawhite@example.net,G73,Edinburgh,Scotland,2025-07-01
CUST04937,B2C,Hayley,Morris,plittle@example.org,SG3,Newcastle,North East,2024-11-01
CUST04938,B2C,Joyce,Blackburn,maxwallace@example.org,KA31,Southampton,South East,2025-08-23
CUST04939,B2B,Sian,Cunningham,mitchellparkes@example.net,CW6,Lincoln,East Midlands,2024-11-24
CUST04940,B2C,Richard,Oliver,harrietdavies@example.org,S8F,Liverpool,North West,2024-09-30
CUST04941,B2C,Charlene,Morgan,tpratt@example.org,DN77,Brighton,South East,2024-08-28
CUST04942,B2C,Eric,Thomas,sean00@example.org,B69,Derry,Northern Ireland,2025-04-27
CUST04943,B2B,Matthew,Martin,fmason@example.org,LA5X,Liverpool,North West,2025-07-15
CUST04944,B2C,Albert,Jones,melaniebird@example.net,N84,Swansea,Wales,2026-01-15
CUST04945,B2B,Beverley,Grant,yhall@example.com,W45,London,London,2025-12-06
CUST04946,B2B,Christine,Thompson,shannon97@example.com,ST7N,Belfast,Northern Ireland,2024-12-01
CUST04947,B2C,Glen,Taylor,mjones@example.net,BL8,Cardiff,Wales,2025-12-03
CUST04948,B2C,Charlie,Fisher,karen29@example.com,G1C,Derry,Northern Ireland,2024-10-17
CUST04949,B2C,Harriet,Allan,sian94@example.net,CV8,Derby,East Midlands,2025-02-10
CUST04950,B2C,Charlene,Clarke,lisa54@example.com,B31,Birmingham,West Midlands,2024-08-15
CUST04951,B2C,Paula,Burns,aarnold@example.org,M2C,Middlesbrough,North East,2026-01-10
CUST04952,B2B,Kirsty,Edwards,dtaylor@example.com,N9,Wrexham,Wales,2025-04-08
CUST04953,B2C,Damien,McLean,selliott@example.org,G7,Plymouth,South West,2025-03-22
CUST04954,B2C,Abdul,Taylor,dperry@example.net,ML7E,Dundee,Scotland,2024-09-30
CUST04955,B2C,Katie,Norris,eturner@example.net,AL5W,Glasgow,Scotland,2025-01-25
CUST04956,B2C,Rachael,Warren,mhewitt@example.net,WN7,Liverpool,North West,2024-12-10
CUST04957,B2C,Roy,Yates,woodwarddenis@example.net,LE6E,Ipswich,East of England,2026-05-26
CUST04958,B2C,Joyce,McKenzie,zroberts@example.org,JE36,Sheffield,Yorkshire & Humber,2025-10-11
CUST04959,B2C,Katy,Jones,denisesmith@example.org,S2B,Sheffield,Yorkshire & Humber,2024-11-23
CUST04960,B2C,Gemma,Stevenson,abibi@example.com,SG3,London,London,2024-11-15
CUST04961,B2B,Abdul,Foster,collinsdonna@example.net,DD6P,Middlesbrough,North East,2025-11-04
CUST04962,B2C,Bethan,Ward,freemanbenjamin@example.net,CB4,Belfast,Northern Ireland,2025-06-08
CUST04963,B2C,Donna,Hale,jillmorrison@example.com,M57,Liverpool,North West,2026-03-02
CUST04964,B2C,Adrian,Gordon,gregoryhall@example.com,EC9V,Oxford,South East,2026-01-16
CUST04965,B2C,Paige,Bibi,georgiawhite@example.org,EN55,Derby,East Midlands,2026-04-18
CUST04966,B2C,Frank,Carroll,brandon17@example.com,SL26,Oxford,South East,2026-05-17
CUST04967,B2C,Frank,Lee,michelle68@example.com,G2F,Wolverhampton,West Midlands,2026-01-10
CUST04968,B2C,Julia,Wyatt,gary59@example.com,L5H,Derry,Northern Ireland,2024-11-11
CUST04969,B2C,Michael,Douglas,mburns@example.org,HU4E,Hull,Yorkshire & Humber,2026-08-04
CUST04970,B2B,Matthew,Turner,dhughes@example.org,L6,Brighton,South East,2026-07-20
CUST04971,B2C,Kayleigh,Walton,jenna76@example.com,N1,Cardiff,Wales,2026-02-03
CUST04972,B2C,Sandra,Simpson,kkelly@example.net,WD8,Leicester,East Midlands,2025-02-12
CUST04973,B2C,William,Carpenter,michael50@example.com,G2T,York,Yorkshire & Humber,2025-02-22
CUST04974,B2C,Lauren,Smith,malcolmsmith@example.com,CO9,Newport,Wales,2025-11-01
CUST04975,B2C,Declan,Collins,aallen@example.com,S7,Newcastle,North East,2025-12-27
CUST04976,B2C,Kim,White,sallyblake@example.org,W0T,Wrexham,Wales,2025-08-03
CUST04977,B2C,Garry,Foster,lloydbethan@example.com,IM88,Preston,North West,2025-07-02
CUST04978,B2C,Beverley,Richardson,gerard57@example.net,BH77,Belfast,Northern Ireland,2026-01-17
CUST04979,B2C,Leslie,O'Neill,mwood@example.net,M7,York,Yorkshire & Humber,2026-07-21
CUST04980,B2C,Stewart,Clark,hillbeth@example.org,NE5,London,London,2024-10-21
CUST04981,B2C,Damien,Farrell,baxterallan@example.com,FK6,Edinburgh,Scotland,2024-10-21
CUST04982,B2C,Keith,Roberts,lynn56@example.net,M8,Plymouth,South West,2026-04-10
CUST04983,B2B,Joanne,Tomlinson,stevensonfrank@example.org,CB7Y,Leicester,East Midlands,2025-11-16
CUST04984,B2B,Judith,Thomas,zpowell@example.com,WN2,York,Yorkshire & Humber,2024-11-14
CUST04985,B2C,Marian,Wright,apalmer@example.net,G9C,Edinburgh,Scotland,2026-02-21
CUST04986,B2C,Danielle,Hewitt,saundersfrederick@example.net,E9S,Edinburgh,Scotland,2025-07-22
CUST04987,B2B,Ricky,Black,graeme54@example.com,IM8,Wrexham,Wales,2026-01-14
CUST04988,B2C,Gillian,Hunt,leannesaunders@example.net,W8,Belfast,Northern Ireland,2025-04-25
CUST04989,B2C,Jane,Jones,mccarthyjoseph@example.org,E7,Aberdeen,Scotland,2026-05-05
CUST04990,B2C,Danny,Clayton,jasmine19@example.com,S15,Preston,North West,2026-04-20
CUST04991,B2C,Carl,Chamberlain,ghayward@example.net,L76,Aberdeen,Scotland,2026-01-17
CUST04992,B2C,Robin,Martin,cwalker@example.com,E5,Hull,Yorkshire & Humber,2025-09-04
CUST04993,B2B,Melanie,Higgins,charlie14@example.net,WC9,Belfast,Northern Ireland,2025-07-18
CUST04994,B2C,Deborah,Butler,abbieward@example.net,GL6,Middlesbrough,North East,2024-12-21
CUST04995,B2C,Wayne,Lee,frichards@example.org,SL7P,Birmingham,West Midlands,2025-07-18
CUST04996,B2C,Jemma,Tomlinson,jayhawkins@example.org,W38,Hull,Yorkshire & Humber,2025-01-18
CUST04997,B2C,Wayne,Clarke,katie96@example.org,B3,Nottingham,East Midlands,2025-04-30
CUST04998,B2C,Joel,Harvey,vfisher@example.org,W90,Middlesbrough,North East,2024-12-17
CUST04999,B2C,Max,Patterson,alice12@example.net,M1,Middlesbrough,North East,2025-04-29
CUST05000,B2C,Gail,Freeman,yvonnebishop@example.net,WN3W,Sunderland,North East,2025-09-02
