inventory_id,product_id,inventory_date,opening_stock,units_received,units_sold,units_returned,closing_stock
INV0000001,PROD00001,2025-01-28,56,70,123,3,6
INV0000002,PROD00001,2025-02-28,6,70,79,3,0
INV0000003,PROD00001,2025-03-28,0,70,73,3,0
INV0000004,PROD00001,2025-04-28,0,70,73,3,0
INV0000005,PROD00001,2025-05-28,0,70,73,3,0
INV0000006,PROD00001,2025-06-28,0,70,73,3,0
INV0000007,PROD00001,2025-07-28,0,70,73,3,0
INV0000008,PROD00001,2025-08-28,0,70,73,3,0
INV0000009,PROD00001,2025-09-28,0,70,73,3,0
INV0000010,PROD00001,2025-10-28,0,70,73,3,0
INV0000011,PROD00001,2025-11-28,0,70,73,3,0
INV0000012,PROD00001,2025-12-28,0,77,85,8,0
INV0000013,PROD00002,2025-01-28,71,180,102,2,151
INV0000014,PROD00002,2025-02-28,151,180,102,2,231
INV0000015,PROD00002,2025-03-28,231,180,102,2,311
INV0000016,PROD00002,2025-04-28,311,180,102,2,391
INV0000017,PROD00002,2025-05-28,391,180,102,2,471
INV0000018,PROD00002,2025-06-28,471,180,102,2,551
INV0000019,PROD00002,2025-07-28,551,180,102,2,631
INV0000020,PROD00002,2025-08-28,631,180,102,2,711
INV0000021,PROD00002,2025-09-28,711,180,102,2,791
INV0000022,PROD00002,2025-10-28,791,180,102,2,871
INV0000023,PROD00002,2025-11-28,871,180,102,2,951
INV0000024,PROD00002,2025-12-28,951,191,110,6,1038
INV0000025,PROD00003,2025-01-28,53,160,110,3,106
INV0000026,PROD00003,2025-02-28,106,160,110,3,159
INV0000027,PROD00003,2025-03-28,159,160,110,3,212
INV0000028,PROD00003,2025-04-28,212,160,110,3,265
INV0000029,PROD00003,2025-05-28,265,160,110,3,318
INV0000030,PROD00003,2025-06-28,318,160,110,3,371
INV0000031,PROD00003,2025-07-28,371,160,110,3,424
INV0000032,PROD00003,2025-08-28,424,160,110,3,477
INV0000033,PROD00003,2025-09-28,477,160,110,3,530
INV0000034,PROD00003,2025-10-28,530,160,110,3,583
INV0000035,PROD00003,2025-11-28,583,160,110,3,636
INV0000036,PROD00003,2025-12-28,636,166,112,11,701
INV0000037,PROD00004,2025-01-28,155,133,101,2,189
INV0000038,PROD00004,2025-02-28,189,133,101,2,223
INV0000039,PROD00004,2025-03-28,223,133,101,2,257
INV0000040,PROD00004,2025-04-28,257,133,101,2,291
INV0000041,PROD00004,2025-05-28,291,133,101,2,325
INV0000042,PROD00004,2025-06-28,325,133,101,2,359
INV0000043,PROD00004,2025-07-28,359,133,101,2,393
INV0000044,PROD00004,2025-08-28,393,133,101,2,427
INV0000045,PROD00004,2025-09-28,427,133,101,2,461
INV0000046,PROD00004,2025-10-28,461,133,101,2,495
INV0000047,PROD00004,2025-11-28,495,133,101,2,529
INV0000048,PROD00004,2025-12-28,529,137,106,13,573
INV0000049,PROD00005,2025-01-28,117,0,117,2,2
INV0000050,PROD00005,2025-02-28,2,0,4,2,0
INV0000051,PROD00005,2025-03-28,0,0,2,2,0
INV0000052,PROD00005,2025-04-28,0,0,2,2,0
INV0000053,PROD00005,2025-05-28,0,0,2,2,0
INV0000054,PROD00005,2025-06-28,0,0,2,2,0
INV0000055,PROD00005,2025-07-28,0,0,2,2,0
INV0000056,PROD00005,2025-08-28,0,0,2,2,0
INV0000057,PROD00005,2025-09-28,0,0,2,2,0
INV0000058,PROD00005,2025-10-28,0,0,2,2,0
INV0000059,PROD00005,2025-11-28,0,0,2,2,0
INV0000060,PROD00005,2025-12-28,0,0,7,7,0
INV0000061,PROD00006,2025-01-28,82,25,110,3,0
INV0000062,PROD00006,2025-02-28,0,25,28,3,0
INV0000063,PROD00006,2025-03-28,0,25,28,3,0
INV0000064,PROD00006,2025-04-28,0,25,28,3,0
INV0000065,PROD00006,2025-05-28,0,25,28,3,0
INV0000066,PROD00006,2025-06-28,0,25,28,3,0
INV0000067,PROD00006,2025-07-28,0,25,28,3,0
INV0000068,PROD00006,2025-08-28,0,25,28,3,0
INV0000069,PROD00006,2025-09-28,0,25,28,3,0
INV0000070,PROD00006,2025-10-28,0,25,28,3,0
INV0000071,PROD00006,2025-11-28,0,25,28,3,0
INV0000072,PROD00006,2025-12-28,0,29,36,7,0
INV0000073,PROD00007,2025-01-28,152,27,110,0,69
INV0000074,PROD00007,2025-02-28,69,27,96,0,0
INV0000075,PROD00007,2025-03-28,0,27,27,0,0
INV0000076,PROD00007,2025-04-28,0,27,27,0,0
INV0000077,PROD00007,2025-05-28,0,27,27,0,0
INV0000078,PROD00007,2025-06-28,0,27,27,0,0
INV0000079,PROD00007,2025-07-28,0,27,27,0,0
INV0000080,PROD00007,2025-08-28,0,27,27,0,0
INV0000081,PROD00007,2025-09-28,0,27,27,0,0
INV0000082,PROD00007,2025-10-28,0,27,27,0,0
INV0000083,PROD00007,2025-11-28,0,27,27,0,0
INV0000084,PROD00007,2025-12-28,0,37,45,8,0
INV0000085,PROD00008,2025-01-28,139,329,117,4,355
INV0000086,PROD00008,2025-02-28,355,329,117,4,571
INV0000087,PROD00008,2025-03-28,571,329,117,4,787
INV0000088,PROD00008,2025-04-28,787,329,117,4,1003
INV0000089,PROD00008,2025-05-28,1003,329,117,4,1219
INV0000090,PROD00008,2025-06-28,1219,329,117,4,1435
INV0000091,PROD00008,2025-07-28,1435,329,117,4,1651
INV0000092,PROD00008,2025-08-28,1651,329,117,4,1867
INV0000093,PROD00008,2025-09-28,1867,329,117,4,2083
INV0000094,PROD00008,2025-10-28,2083,329,117,4,2299
INV0000095,PROD00008,2025-11-28,2299,329,117,4,2515
INV0000096,PROD00008,2025-12-28,2515,340,127,14,2742
INV0000097,PROD00009,2025-01-28,156,81,113,2,126
INV0000098,PROD00009,2025-02-28,126,81,113,2,96
INV0000099,PROD00009,2025-03-28,96,81,113,2,66
INV0000100,PROD00009,2025-04-28,66,81,113,2,36
INV0000101,PROD00009,2025-05-28,36,81,113,2,6
INV0000102,PROD00009,2025-06-28,6,81,89,2,0
INV0000103,PROD00009,2025-07-28,0,81,83,2,0
INV0000104,PROD00009,2025-08-28,0,81,83,2,0
INV0000105,PROD00009,2025-09-28,0,81,83,2,0
INV0000106,PROD00009,2025-10-28,0,81,83,2,0
INV0000107,PROD00009,2025-11-28,0,81,83,2,0
INV0000108,PROD00009,2025-12-28,0,82,84,2,0
INV0000109,PROD00010,2025-01-28,117,93,107,3,106
INV0000110,PROD00010,2025-02-28,106,93,107,3,95
INV0000111,PROD00010,2025-03-28,95,93,107,3,84
INV0000112,PROD00010,2025-04-28,84,93,107,3,73
INV0000113,PROD00010,2025-05-28,73,93,107,3,62
INV0000114,PROD00010,2025-06-28,62,93,107,3,51
INV0000115,PROD00010,2025-07-28,51,93,107,3,40
INV0000116,PROD00010,2025-08-28,40,93,107,3,29
INV0000117,PROD00010,2025-09-28,29,93,107,3,18
INV0000118,PROD00010,2025-10-28,18,93,107,3,7
INV0000119,PROD00010,2025-11-28,7,93,103,3,0
INV0000120,PROD00010,2025-12-28,0,99,105,6,0
INV0000121,PROD00011,2025-01-28,192,113,106,3,202
INV0000122,PROD00011,2025-02-28,202,113,106,3,212
INV0000123,PROD00011,2025-03-28,212,113,106,3,222
INV0000124,PROD00011,2025-04-28,222,113,106,3,232
INV0000125,PROD00011,2025-05-28,232,113,106,3,242
INV0000126,PROD00011,2025-06-28,242,113,106,3,252
INV0000127,PROD00011,2025-07-28,252,113,106,3,262
INV0000128,PROD00011,2025-08-28,262,113,106,3,272
INV0000129,PROD00011,2025-09-28,272,113,106,3,282
INV0000130,PROD00011,2025-10-28,282,113,106,3,292
INV0000131,PROD00011,2025-11-28,292,113,106,3,302
INV0000132,PROD00011,2025-12-28,302,121,115,8,316
INV0000133,PROD00012,2025-01-28,165,76,121,1,121
INV0000134,PROD00012,2025-02-28,121,76,121,1,77
INV0000135,PROD00012,2025-03-28,77,76,121,1,33
INV0000136,PROD00012,2025-04-28,33,76,110,1,0
INV0000137,PROD00012,2025-05-28,0,76,77,1,0
INV0000138,PROD00012,2025-06-28,0,76,77,1,0
INV0000139,PROD00012,2025-07-28,0,76,77,1,0
INV0000140,PROD00012,2025-08-28,0,76,77,1,0
INV0000141,PROD00012,2025-09-28,0,76,77,1,0
INV0000142,PROD00012,2025-10-28,0,76,77,1,0
INV0000143,PROD00012,2025-11-28,0,76,77,1,0
INV0000144,PROD00012,2025-12-28,0,77,89,12,0
INV0000145,PROD00013,2025-01-28,159,64,112,3,114
INV0000146,PROD00013,2025-02-28,114,64,112,3,69
INV0000147,PROD00013,2025-03-28,69,64,112,3,24
INV0000148,PROD00013,2025-04-28,24,64,91,3,0
INV0000149,PROD00013,2025-05-28,0,64,67,3,0
INV0000150,PROD00013,2025-06-28,0,64,67,3,0
INV0000151,PROD00013,2025-07-28,0,64,67,3,0
INV0000152,PROD00013,2025-08-28,0,64,67,3,0
INV0000153,PROD00013,2025-09-28,0,64,67,3,0
INV0000154,PROD00013,2025-10-28,0,64,67,3,0
INV0000155,PROD00013,2025-11-28,0,64,67,3,0
INV0000156,PROD00013,2025-12-28,0,71,74,3,0
INV0000157,PROD00014,2025-01-28,134,304,100,0,338
INV0000158,PROD00014,2025-02-28,338,304,100,0,542
INV0000159,PROD00014,2025-03-28,542,304,100,0,746
INV0000160,PROD00014,2025-04-28,746,304,100,0,950
INV0000161,PROD00014,2025-05-28,950,304,100,0,1154
INV0000162,PROD00014,2025-06-28,1154,304,100,0,1358
INV0000163,PROD00014,2025-07-28,1358,304,100,0,1562
INV0000164,PROD00014,2025-08-28,1562,304,100,0,1766
INV0000165,PROD00014,2025-09-28,1766,304,100,0,1970
INV0000166,PROD00014,2025-10-28,1970,304,100,0,2174
INV0000167,PROD00014,2025-11-28,2174,304,100,0,2378
INV0000168,PROD00014,2025-12-28,2378,306,110,11,2585
INV0000169,PROD00015,2025-01-28,76,173,109,2,142
INV0000170,PROD00015,2025-02-28,142,173,109,2,208
INV0000171,PROD00015,2025-03-28,208,173,109,2,274
INV0000172,PROD00015,2025-04-28,274,173,109,2,340
INV0000173,PROD00015,2025-05-28,340,173,109,2,406
INV0000174,PROD00015,2025-06-28,406,173,109,2,472
INV0000175,PROD00015,2025-07-28,472,173,109,2,538
INV0000176,PROD00015,2025-08-28,538,173,109,2,604
INV0000177,PROD00015,2025-09-28,604,173,109,2,670
INV0000178,PROD00015,2025-10-28,670,173,109,2,736
INV0000179,PROD00015,2025-11-28,736,173,109,2,802
INV0000180,PROD00015,2025-12-28,802,182,117,12,879
INV0000181,PROD00016,2025-01-28,56,56,114,2,0
INV0000182,PROD00016,2025-02-28,0,56,58,2,0
INV0000183,PROD00016,2025-03-28,0,56,58,2,0
INV0000184,PROD00016,2025-04-28,0,56,58,2,0
INV0000185,PROD00016,2025-05-28,0,56,58,2,0
INV0000186,PROD00016,2025-06-28,0,56,58,2,0
INV0000187,PROD00016,2025-07-28,0,56,58,2,0
INV0000188,PROD00016,2025-08-28,0,56,58,2,0
INV0000189,PROD00016,2025-09-28,0,56,58,2,0
INV0000190,PROD00016,2025-10-28,0,56,58,2,0
INV0000191,PROD00016,2025-11-28,0,56,58,2,0
INV0000192,PROD00016,2025-12-28,0,60,72,12,0
INV0000193,PROD00017,2025-01-28,71,37,110,2,0
INV0000194,PROD00017,2025-02-28,0,37,39,2,0
INV0000195,PROD00017,2025-03-28,0,37,39,2,0
INV0000196,PROD00017,2025-04-28,0,37,39,2,0
INV0000197,PROD00017,2025-05-28,0,37,39,2,0
INV0000198,PROD00017,2025-06-28,0,37,39,2,0
INV0000199,PROD00017,2025-07-28,0,37,39,2,0
INV0000200,PROD00017,2025-08-28,0,37,39,2,0
INV0000201,PROD00017,2025-09-28,0,37,39,2,0
INV0000202,PROD00017,2025-10-28,0,37,39,2,0
INV0000203,PROD00017,2025-11-28,0,37,39,2,0
INV0000204,PROD00017,2025-12-28,0,43,56,13,0
INV0000205,PROD00018,2025-01-28,176,159,112,1,224
INV0000206,PROD00018,2025-02-28,224,159,112,1,272
INV0000207,PROD00018,2025-03-28,272,159,112,1,320
INV0000208,PROD00018,2025-04-28,320,159,112,1,368
INV0000209,PROD00018,2025-05-28,368,159,112,1,416
INV0000210,PROD00018,2025-06-28,416,159,112,1,464
INV0000211,PROD00018,2025-07-28,464,159,112,1,512
INV0000212,PROD00018,2025-08-28,512,159,112,1,560
INV0000213,PROD00018,2025-09-28,560,159,112,1,608
INV0000214,PROD00018,2025-10-28,608,159,112,1,656
INV0000215,PROD00018,2025-11-28,656,159,112,1,704
INV0000216,PROD00018,2025-12-28,704,170,120,10,764
INV0000217,PROD00019,2025-01-28,221,305,119,2,409
INV0000218,PROD00019,2025-02-28,409,305,119,2,597
INV0000219,PROD00019,2025-03-28,597,305,119,2,785
INV0000220,PROD00019,2025-04-28,785,305,119,2,973
INV0000221,PROD00019,2025-05-28,973,305,119,2,1161
INV0000222,PROD00019,2025-06-28,1161,305,119,2,1349
INV0000223,PROD00019,2025-07-28,1349,305,119,2,1537
INV0000224,PROD00019,2025-08-28,1537,305,119,2,1725
INV0000225,PROD00019,2025-09-28,1725,305,119,2,1913
INV0000226,PROD00019,2025-10-28,1913,305,119,2,2101
INV0000227,PROD00019,2025-11-28,2101,305,119,2,2289
INV0000228,PROD00019,2025-12-28,2289,309,123,2,2477
INV0000229,PROD00020,2025-01-28,64,52,112,2,6
INV0000230,PROD00020,2025-02-28,6,52,60,2,0
INV0000231,PROD00020,2025-03-28,0,52,54,2,0
INV0000232,PROD00020,2025-04-28,0,52,54,2,0
INV0000233,PROD00020,2025-05-28,0,52,54,2,0
INV0000234,PROD00020,2025-06-28,0,52,54,2,0
INV0000235,PROD00020,2025-07-28,0,52,54,2,0
INV0000236,PROD00020,2025-08-28,0,52,54,2,0
INV0000237,PROD00020,2025-09-28,0,52,54,2,0
INV0000238,PROD00020,2025-10-28,0,52,54,2,0
INV0000239,PROD00020,2025-11-28,0,52,54,2,0
INV0000240,PROD00020,2025-12-28,0,60,70,10,0
INV0000241,PROD00021,2025-01-28,88,157,123,2,124
INV0000242,PROD00021,2025-02-28,124,157,123,2,160
INV0000243,PROD00021,2025-03-28,160,157,123,2,196
INV0000244,PROD00021,2025-04-28,196,157,123,2,232
INV0000245,PROD00021,2025-05-28,232,157,123,2,268
INV0000246,PROD00021,2025-06-28,268,157,123,2,304
INV0000247,PROD00021,2025-07-28,304,157,123,2,340
INV0000248,PROD00021,2025-08-28,340,157,123,2,376
INV0000249,PROD00021,2025-09-28,376,157,123,2,412
INV0000250,PROD00021,2025-10-28,412,157,123,2,448
INV0000251,PROD00021,2025-11-28,448,157,123,2,484
INV0000252,PROD00021,2025-12-28,484,162,132,4,518
INV0000253,PROD00022,2025-01-28,96,103,120,4,83
INV0000254,PROD00022,2025-02-28,83,103,120,4,70
INV0000255,PROD00022,2025-03-28,70,103,120,4,57
INV0000256,PROD00022,2025-04-28,57,103,120,4,44
INV0000257,PROD00022,2025-05-28,44,103,120,4,31
INV0000258,PROD00022,2025-06-28,31,103,120,4,18
INV0000259,PROD00022,2025-07-28,18,103,120,4,5
INV0000260,PROD00022,2025-08-28,5,103,112,4,0
INV0000261,PROD00022,2025-09-28,0,103,107,4,0
INV0000262,PROD00022,2025-10-28,0,103,107,4,0
INV0000263,PROD00022,2025-11-28,0,103,107,4,0
INV0000264,PROD00022,2025-12-28,0,112,118,6,0
INV0000265,PROD00023,2025-01-28,186,119,115,1,191
INV0000266,PROD00023,2025-02-28,191,119,115,1,196
INV0000267,PROD00023,2025-03-28,196,119,115,1,201
INV0000268,PROD00023,2025-04-28,201,119,115,1,206
INV0000269,PROD00023,2025-05-28,206,119,115,1,211
INV0000270,PROD00023,2025-06-28,211,119,115,1,216
INV0000271,PROD00023,2025-07-28,216,119,115,1,221
INV0000272,PROD00023,2025-08-28,221,119,115,1,226
INV0000273,PROD00023,2025-09-28,226,119,115,1,231
INV0000274,PROD00023,2025-10-28,231,119,115,1,236
INV0000275,PROD00023,2025-11-28,236,119,115,1,241
INV0000276,PROD00023,2025-12-28,241,126,116,3,254
INV0000277,PROD00024,2025-01-28,189,103,115,3,180
INV0000278,PROD00024,2025-02-28,180,103,115,3,171
INV0000279,PROD00024,2025-03-28,171,103,115,3,162
INV0000280,PROD00024,2025-04-28,162,103,115,3,153
INV0000281,PROD00024,2025-05-28,153,103,115,3,144
INV0000282,PROD00024,2025-06-28,144,103,115,3,135
INV0000283,PROD00024,2025-07-28,135,103,115,3,126
INV0000284,PROD00024,2025-08-28,126,103,115,3,117
INV0000285,PROD00024,2025-09-28,117,103,115,3,108
INV0000286,PROD00024,2025-10-28,108,103,115,3,99
INV0000287,PROD00024,2025-11-28,99,103,115,3,90
INV0000288,PROD00024,2025-12-28,90,110,120,6,86
INV0000289,PROD00025,2025-01-28,64,41,110,5,0
INV0000290,PROD00025,2025-02-28,0,41,46,5,0
INV0000291,PROD00025,2025-03-28,0,41,46,5,0
INV0000292,PROD00025,2025-04-28,0,41,46,5,0
INV0000293,PROD00025,2025-05-28,0,41,46,5,0
INV0000294,PROD00025,2025-06-28,0,41,46,5,0
INV0000295,PROD00025,2025-07-28,0,41,46,5,0
INV0000296,PROD00025,2025-08-28,0,41,46,5,0
INV0000297,PROD00025,2025-09-28,0,41,46,5,0
INV0000298,PROD00025,2025-10-28,0,41,46,5,0
INV0000299,PROD00025,2025-11-28,0,41,46,5,0
INV0000300,PROD00025,2025-12-28,0,42,48,6,0
INV0000301,PROD00026,2025-01-28,69,0,72,3,0
INV0000302,PROD00026,2025-02-28,0,0,3,3,0
INV0000303,PROD00026,2025-03-28,0,0,3,3,0
INV0000304,PROD00026,2025-04-28,0,0,3,3,0
INV0000305,PROD00026,2025-05-28,0,0,3,3,0
INV0000306,PROD00026,2025-06-28,0,0,3,3,0
INV0000307,PROD00026,2025-07-28,0,0,3,3,0
INV0000308,PROD00026,2025-08-28,0,0,3,3,0
INV0000309,PROD00026,2025-09-28,0,0,3,3,0
INV0000310,PROD00026,2025-10-28,0,0,3,3,0
INV0000311,PROD00026,2025-11-28,0,0,3,3,0
INV0000312,PROD00026,2025-12-28,0,0,8,8,0
INV0000313,PROD00027,2025-01-28,158,141,113,1,187
INV0000314,PROD00027,2025-02-28,187,141,113,1,216
INV0000315,PROD00027,2025-03-28,216,141,113,1,245
INV0000316,PROD00027,2025-04-28,245,141,113,1,274
INV0000317,PROD00027,2025-05-28,274,141,113,1,303
INV0000318,PROD00027,2025-06-28,303,141,113,1,332
INV0000319,PROD00027,2025-07-28,332,141,113,1,361
INV0000320,PROD00027,2025-08-28,361,141,113,1,390
INV0000321,PROD00027,2025-09-28,390,141,113,1,419
INV0000322,PROD00027,2025-10-28,419,141,113,1,448
INV0000323,PROD00027,2025-11-28,448,141,113,1,477
INV0000324,PROD00027,2025-12-28,477,147,114,4,514
INV0000325,PROD00028,2025-01-28,160,162,126,6,202
INV0000326,PROD00028,2025-02-28,202,162,126,6,244
INV0000327,PROD00028,2025-03-28,244,162,126,6,286
INV0000328,PROD00028,2025-04-28,286,162,126,6,328
INV0000329,PROD00028,2025-05-28,328,162,126,6,370
INV0000330,PROD00028,2025-06-28,370,162,126,6,412
INV0000331,PROD00028,2025-07-28,412,162,126,6,454
INV0000332,PROD00028,2025-08-28,454,162,126,6,496
INV0000333,PROD00028,2025-09-28,496,162,126,6,538
INV0000334,PROD00028,2025-10-28,538,162,126,6,580
INV0000335,PROD00028,2025-11-28,580,162,126,6,622
INV0000336,PROD00028,2025-12-28,622,173,135,8,668
INV0000337,PROD00029,2025-01-28,54,50,107,3,0
INV0000338,PROD00029,2025-02-28,0,50,53,3,0
INV0000339,PROD00029,2025-03-28,0,50,53,3,0
INV0000340,PROD00029,2025-04-28,0,50,53,3,0
INV0000341,PROD00029,2025-05-28,0,50,53,3,0
INV0000342,PROD00029,2025-06-28,0,50,53,3,0
INV0000343,PROD00029,2025-07-28,0,50,53,3,0
INV0000344,PROD00029,2025-08-28,0,50,53,3,0
INV0000345,PROD00029,2025-09-28,0,50,53,3,0
INV0000346,PROD00029,2025-10-28,0,50,53,3,0
INV0000347,PROD00029,2025-11-28,0,50,53,3,0
INV0000348,PROD00029,2025-12-28,0,57,61,4,0
INV0000349,PROD00030,2025-01-28,70,248,114,2,206
INV0000350,PROD00030,2025-02-28,206,248,114,2,342
INV0000351,PROD00030,2025-03-28,342,248,114,2,478
INV0000352,PROD00030,2025-04-28,478,248,114,2,614
INV0000353,PROD00030,2025-05-28,614,248,114,2,750
INV0000354,PROD00030,2025-06-28,750,248,114,2,886
INV0000355,PROD00030,2025-07-28,886,248,114,2,1022
INV0000356,PROD00030,2025-08-28,1022,248,114,2,1158
INV0000357,PROD00030,2025-09-28,1158,248,114,2,1294
INV0000358,PROD00030,2025-10-28,1294,248,114,2,1430
INV0000359,PROD00030,2025-11-28,1430,248,114,2,1566
INV0000360,PROD00030,2025-12-28,1566,253,125,6,1700
INV0000361,PROD00031,2025-01-28,191,85,120,4,160
INV0000362,PROD00031,2025-02-28,160,85,120,4,129
INV0000363,PROD00031,2025-03-28,129,85,120,4,98
INV0000364,PROD00031,2025-04-28,98,85,120,4,67
INV0000365,PROD00031,2025-05-28,67,85,120,4,36
INV0000366,PROD00031,2025-06-28,36,85,120,4,5
INV0000367,PROD00031,2025-07-28,5,85,94,4,0
INV0000368,PROD00031,2025-08-28,0,85,89,4,0
INV0000369,PROD00031,2025-09-28,0,85,89,4,0
INV0000370,PROD00031,2025-10-28,0,85,89,4,0
INV0000371,PROD00031,2025-11-28,0,85,89,4,0
INV0000372,PROD00031,2025-12-28,0,92,104,12,0
INV0000373,PROD00032,2025-01-28,59,81,115,1,26
INV0000374,PROD00032,2025-02-28,26,81,108,1,0
INV0000375,PROD00032,2025-03-28,0,81,82,1,0
INV0000376,PROD00032,2025-04-28,0,81,82,1,0
INV0000377,PROD00032,2025-05-28,0,81,82,1,0
INV0000378,PROD00032,2025-06-28,0,81,82,1,0
INV0000379,PROD00032,2025-07-28,0,81,82,1,0
INV0000380,PROD00032,2025-08-28,0,81,82,1,0
INV0000381,PROD00032,2025-09-28,0,81,82,1,0
INV0000382,PROD00032,2025-10-28,0,81,82,1,0
INV0000383,PROD00032,2025-11-28,0,81,82,1,0
INV0000384,PROD00032,2025-12-28,0,83,90,7,0
INV0000385,PROD00033,2025-01-28,84,178,110,2,154
INV0000386,PROD00033,2025-02-28,154,178,110,2,224
INV0000387,PROD00033,2025-03-28,224,178,110,2,294
INV0000388,PROD00033,2025-04-28,294,178,110,2,364
INV0000389,PROD00033,2025-05-28,364,178,110,2,434
INV0000390,PROD00033,2025-06-28,434,178,110,2,504
INV0000391,PROD00033,2025-07-28,504,178,110,2,574
INV0000392,PROD00033,2025-08-28,574,178,110,2,644
INV0000393,PROD00033,2025-09-28,644,178,110,2,714
INV0000394,PROD00033,2025-10-28,714,178,110,2,784
INV0000395,PROD00033,2025-11-28,784,178,110,2,854
INV0000396,PROD00033,2025-12-28,854,183,113,8,932
INV0000397,PROD00034,2025-01-28,78,146,111,2,115
INV0000398,PROD00034,2025-02-28,115,146,111,2,152
INV0000399,PROD00034,2025-03-28,152,146,111,2,189
INV0000400,PROD00034,2025-04-28,189,146,111,2,226
INV0000401,PROD00034,2025-05-28,226,146,111,2,263
INV0000402,PROD00034,2025-06-28,263,146,111,2,300
INV0000403,PROD00034,2025-07-28,300,146,111,2,337
INV0000404,PROD00034,2025-08-28,337,146,111,2,374
INV0000405,PROD00034,2025-09-28,374,146,111,2,411
INV0000406,PROD00034,2025-10-28,411,146,111,2,448
INV0000407,PROD00034,2025-11-28,448,146,111,2,485
INV0000408,PROD00034,2025-12-28,485,157,114,12,540
INV0000409,PROD00035,2025-01-28,132,57,113,4,80
INV0000410,PROD00035,2025-02-28,80,57,113,4,28
INV0000411,PROD00035,2025-03-28,28,57,89,4,0
INV0000412,PROD00035,2025-04-28,0,57,61,4,0
INV0000413,PROD00035,2025-05-28,0,57,61,4,0
INV0000414,PROD00035,2025-06-28,0,57,61,4,0
INV0000415,PROD00035,2025-07-28,0,57,61,4,0
INV0000416,PROD00035,2025-08-28,0,57,61,4,0
INV0000417,PROD00035,2025-09-28,0,57,61,4,0
INV0000418,PROD00035,2025-10-28,0,57,61,4,0
INV0000419,PROD00035,2025-11-28,0,57,61,4,0
INV0000420,PROD00035,2025-12-28,0,64,68,4,0
INV0000421,PROD00036,2025-01-28,228,92,107,3,216
INV0000422,PROD00036,2025-02-28,216,92,107,3,204
INV0000423,PROD00036,2025-03-28,204,92,107,3,192
INV0000424,PROD00036,2025-04-28,192,92,107,3,180
INV0000425,PROD00036,2025-05-28,180,92,107,3,168
INV0000426,PROD00036,2025-06-28,168,92,107,3,156
INV0000427,PROD00036,2025-07-28,156,92,107,3,144
INV0000428,PROD00036,2025-08-28,144,92,107,3,132
INV0000429,PROD00036,2025-09-28,132,92,107,3,120
INV0000430,PROD00036,2025-10-28,120,92,107,3,108
INV0000431,PROD00036,2025-11-28,108,92,107,3,96
INV0000432,PROD00036,2025-12-28,96,93,117,9,81
INV0000433,PROD00037,2025-01-28,76,0,78,2,0
INV0000434,PROD00037,2025-02-28,0,0,2,2,0
INV0000435,PROD00037,2025-03-28,0,0,2,2,0
INV0000436,PROD00037,2025-04-28,0,0,2,2,0
INV0000437,PROD00037,2025-05-28,0,0,2,2,0
INV0000438,PROD00037,2025-06-28,0,0,2,2,0
INV0000439,PROD00037,2025-07-28,0,0,2,2,0
INV0000440,PROD00037,2025-08-28,0,0,2,2,0
INV0000441,PROD00037,2025-09-28,0,0,2,2,0
INV0000442,PROD00037,2025-10-28,0,0,2,2,0
INV0000443,PROD00037,2025-11-28,0,0,2,2,0
INV0000444,PROD00037,2025-12-28,0,0,2,2,0
INV0000445,PROD00038,2025-01-28,139,78,116,1,102
INV0000446,PROD00038,2025-02-28,102,78,116,1,65
INV0000447,PROD00038,2025-03-28,65,78,116,1,28
INV0000448,PROD00038,2025-04-28,28,78,107,1,0
INV0000449,PROD00038,2025-05-28,0,78,79,1,0
INV0000450,PROD00038,2025-06-28,0,78,79,1,0
INV0000451,PROD00038,2025-07-28,0,78,79,1,0
INV0000452,PROD00038,2025-08-28,0,78,79,1,0
INV0000453,PROD00038,2025-09-28,0,78,79,1,0
INV0000454,PROD00038,2025-10-28,0,78,79,1,0
INV0000455,PROD00038,2025-11-28,0,78,79,1,0
INV0000456,PROD00038,2025-12-28,0,88,90,2,0
INV0000457,PROD00039,2025-01-28,203,37,112,3,131
INV0000458,PROD00039,2025-02-28,131,37,112,3,59
INV0000459,PROD00039,2025-03-28,59,37,99,3,0
INV0000460,PROD00039,2025-04-28,0,37,40,3,0
INV0000461,PROD00039,2025-05-28,0,37,40,3,0
INV0000462,PROD00039,2025-06-28,0,37,40,3,0
INV0000463,PROD00039,2025-07-28,0,37,40,3,0
INV0000464,PROD00039,2025-08-28,0,37,40,3,0
INV0000465,PROD00039,2025-09-28,0,37,40,3,0
INV0000466,PROD00039,2025-10-28,0,37,40,3,0
INV0000467,PROD00039,2025-11-28,0,37,40,3,0
INV0000468,PROD00039,2025-12-28,0,48,53,5,0
INV0000469,PROD00040,2025-01-28,100,45,112,3,36
INV0000470,PROD00040,2025-02-28,36,45,84,3,0
INV0000471,PROD00040,2025-03-28,0,45,48,3,0
INV0000472,PROD00040,2025-04-28,0,45,48,3,0
INV0000473,PROD00040,2025-05-28,0,45,48,3,0
INV0000474,PROD00040,2025-06-28,0,45,48,3,0
INV0000475,PROD00040,2025-07-28,0,45,48,3,0
INV0000476,PROD00040,2025-08-28,0,45,48,3,0
INV0000477,PROD00040,2025-09-28,0,45,48,3,0
INV0000478,PROD00040,2025-10-28,0,45,48,3,0
INV0000479,PROD00040,2025-11-28,0,45,48,3,0
INV0000480,PROD00040,2025-12-28,0,52,65,13,0
INV0000481,PROD00041,2025-01-28,111,109,110,3,113
INV0000482,PROD00041,2025-02-28,113,109,110,3,115
INV0000483,PROD00041,2025-03-28,115,109,110,3,117
INV0000484,PROD00041,2025-04-28,117,109,110,3,119
INV0000485,PROD00041,2025-05-28,119,109,110,3,121
INV0000486,PROD00041,2025-06-28,121,109,110,3,123
INV0000487,PROD00041,2025-07-28,123,109,110,3,125
INV0000488,PROD00041,2025-08-28,125,109,110,3,127
INV0000489,PROD00041,2025-09-28,127,109,110,3,129
INV0000490,PROD00041,2025-10-28,129,109,110,3,131
INV0000491,PROD00041,2025-11-28,131,109,110,3,133
INV0000492,PROD00041,2025-12-28,133,111,119,14,139
INV0000493,PROD00042,2025-01-28,90,202,98,3,197
INV0000494,PROD00042,2025-02-28,197,202,98,3,304
INV0000495,PROD00042,2025-03-28,304,202,98,3,411
INV0000496,PROD00042,2025-04-28,411,202,98,3,518
INV0000497,PROD00042,2025-05-28,518,202,98,3,625
INV0000498,PROD00042,2025-06-28,625,202,98,3,732
INV0000499,PROD00042,2025-07-28,732,202,98,3,839
INV0000500,PROD00042,2025-08-28,839,202,98,3,946
INV0000501,PROD00042,2025-09-28,946,202,98,3,1053
INV0000502,PROD00042,2025-10-28,1053,202,98,3,1160
INV0000503,PROD00042,2025-11-28,1160,202,98,3,1267
INV0000504,PROD00042,2025-12-28,1267,212,105,5,1379
INV0000505,PROD00043,2025-01-28,167,82,119,2,132
INV0000506,PROD00043,2025-02-28,132,82,119,2,97
INV0000507,PROD00043,2025-03-28,97,82,119,2,62
INV0000508,PROD00043,2025-04-28,62,82,119,2,27
INV0000509,PROD00043,2025-05-28,27,82,111,2,0
INV0000510,PROD00043,2025-06-28,0,82,84,2,0
INV0000511,PROD00043,2025-07-28,0,82,84,2,0
INV0000512,PROD00043,2025-08-28,0,82,84,2,0
INV0000513,PROD00043,2025-09-28,0,82,84,2,0
INV0000514,PROD00043,2025-10-28,0,82,84,2,0
INV0000515,PROD00043,2025-11-28,0,82,84,2,0
INV0000516,PROD00043,2025-12-28,0,93,103,10,0
INV0000517,PROD00044,2025-01-28,97,206,101,1,203
INV0000518,PROD00044,2025-02-28,203,206,101,1,309
INV0000519,PROD00044,2025-03-28,309,206,101,1,415
INV0000520,PROD00044,2025-04-28,415,206,101,1,521
INV0000521,PROD00044,2025-05-28,521,206,101,1,627
INV0000522,PROD00044,2025-06-28,627,206,101,1,733
INV0000523,PROD00044,2025-07-28,733,206,101,1,839
INV0000524,PROD00044,2025-08-28,839,206,101,1,945
INV0000525,PROD00044,2025-09-28,945,206,101,1,1051
INV0000526,PROD00044,2025-10-28,1051,206,101,1,1157
INV0000527,PROD00044,2025-11-28,1157,206,101,1,1263
INV0000528,PROD00044,2025-12-28,1263,217,104,12,1388
INV0000529,PROD00045,2025-01-28,61,56,112,1,6
INV0000530,PROD00045,2025-02-28,6,56,63,1,0
INV0000531,PROD00045,2025-03-28,0,56,57,1,0
INV0000532,PROD00045,2025-04-28,0,56,57,1,0
INV0000533,PROD00045,2025-05-28,0,56,57,1,0
INV0000534,PROD00045,2025-06-28,0,56,57,1,0
INV0000535,PROD00045,2025-07-28,0,56,57,1,0
INV0000536,PROD00045,2025-08-28,0,56,57,1,0
INV0000537,PROD00045,2025-09-28,0,56,57,1,0
INV0000538,PROD00045,2025-10-28,0,56,57,1,0
INV0000539,PROD00045,2025-11-28,0,56,57,1,0
INV0000540,PROD00045,2025-12-28,0,64,75,11,0
INV0000541,PROD00046,2025-01-28,217,80,108,2,191
INV0000542,PROD00046,2025-02-28,191,80,108,2,165
INV0000543,PROD00046,2025-03-28,165,80,108,2,139
INV0000544,PROD00046,2025-04-28,139,80,108,2,113
INV0000545,PROD00046,2025-05-28,113,80,108,2,87
INV0000546,PROD00046,2025-06-28,87,80,108,2,61
INV0000547,PROD00046,2025-07-28,61,80,108,2,35
INV0000548,PROD00046,2025-08-28,35,80,108,2,9
INV0000549,PROD00046,2025-09-28,9,80,91,2,0
INV0000550,PROD00046,2025-10-28,0,80,82,2,0
INV0000551,PROD00046,2025-11-28,0,80,82,2,0
INV0000552,PROD00046,2025-12-28,0,91,97,6,0
INV0000553,PROD00047,2025-01-28,220,79,110,2,191
INV0000554,PROD00047,2025-02-28,191,79,110,2,162
INV0000555,PROD00047,2025-03-28,162,79,110,2,133
INV0000556,PROD00047,2025-04-28,133,79,110,2,104
INV0000557,PROD00047,2025-05-28,104,79,110,2,75
INV0000558,PROD00047,2025-06-28,75,79,110,2,46
INV0000559,PROD00047,2025-07-28,46,79,110,2,17
INV0000560,PROD00047,2025-08-28,17,79,98,2,0
INV0000561,PROD00047,2025-09-28,0,79,81,2,0
INV0000562,PROD00047,2025-10-28,0,79,81,2,0
INV0000563,PROD00047,2025-11-28,0,79,81,2,0
INV0000564,PROD00047,2025-12-28,0,84,89,5,0
INV0000565,PROD00048,2025-01-28,186,100,112,2,176
INV0000566,PROD00048,2025-02-28,176,100,112,2,166
INV0000567,PROD00048,2025-03-28,166,100,112,2,156
INV0000568,PROD00048,2025-04-28,156,100,112,2,146
INV0000569,PROD00048,2025-05-28,146,100,112,2,136
INV0000570,PROD00048,2025-06-28,136,100,112,2,126
INV0000571,PROD00048,2025-07-28,126,100,112,2,116
INV0000572,PROD00048,2025-08-28,116,100,112,2,106
INV0000573,PROD00048,2025-09-28,106,100,112,2,96
INV0000574,PROD00048,2025-10-28,96,100,112,2,86
INV0000575,PROD00048,2025-11-28,86,100,112,2,76
INV0000576,PROD00048,2025-12-28,76,105,115,11,77
INV0000577,PROD00049,2025-01-28,77,121,122,4,80
INV0000578,PROD00049,2025-02-28,80,121,122,4,83
INV0000579,PROD00049,2025-03-28,83,121,122,4,86
INV0000580,PROD00049,2025-04-28,86,121,122,4,89
INV0000581,PROD00049,2025-05-28,89,121,122,4,92
INV0000582,PROD00049,2025-06-28,92,121,122,4,95
INV0000583,PROD00049,2025-07-28,95,121,122,4,98
INV0000584,PROD00049,2025-08-28,98,121,122,4,101
INV0000585,PROD00049,2025-09-28,101,121,122,4,104
INV0000586,PROD00049,2025-10-28,104,121,122,4,107
INV0000587,PROD00049,2025-11-28,107,121,122,4,110
INV0000588,PROD00049,2025-12-28,110,126,128,5,113
INV0000589,PROD00050,2025-01-28,142,164,115,3,194
INV0000590,PROD00050,2025-02-28,194,164,115,3,246
INV0000591,PROD00050,2025-03-28,246,164,115,3,298
INV0000592,PROD00050,2025-04-28,298,164,115,3,350
INV0000593,PROD00050,2025-05-28,350,164,115,3,402
INV0000594,PROD00050,2025-06-28,402,164,115,3,454
INV0000595,PROD00050,2025-07-28,454,164,115,3,506
INV0000596,PROD00050,2025-08-28,506,164,115,3,558
INV0000597,PROD00050,2025-09-28,558,164,115,3,610
INV0000598,PROD00050,2025-10-28,610,164,115,3,662
INV0000599,PROD00050,2025-11-28,662,164,115,3,714
INV0000600,PROD00050,2025-12-28,714,174,117,11,782
INV0000601,PROD00051,2025-01-28,151,234,99,4,290
INV0000602,PROD00051,2025-02-28,290,234,99,4,429
INV0000603,PROD00051,2025-03-28,429,234,99,4,568
INV0000604,PROD00051,2025-04-28,568,234,99,4,707
INV0000605,PROD00051,2025-05-28,707,234,99,4,846
INV0000606,PROD00051,2025-06-28,846,234,99,4,985
INV0000607,PROD00051,2025-07-28,985,234,99,4,1124
INV0000608,PROD00051,2025-08-28,1124,234,99,4,1263
INV0000609,PROD00051,2025-09-28,1263,234,99,4,1402
INV0000610,PROD00051,2025-10-28,1402,234,99,4,1541
INV0000611,PROD00051,2025-11-28,1541,234,99,4,1680
INV0000612,PROD00051,2025-12-28,1680,241,106,6,1821
INV0000613,PROD00052,2025-01-28,216,270,111,2,377
INV0000614,PROD00052,2025-02-28,377,270,111,2,538
INV0000615,PROD00052,2025-03-28,538,270,111,2,699
INV0000616,PROD00052,2025-04-28,699,270,111,2,860
INV0000617,PROD00052,2025-05-28,860,270,111,2,1021
INV0000618,PROD00052,2025-06-28,1021,270,111,2,1182
INV0000619,PROD00052,2025-07-28,1182,270,111,2,1343
INV0000620,PROD00052,2025-08-28,1343,270,111,2,1504
INV0000621,PROD00052,2025-09-28,1504,270,111,2,1665
INV0000622,PROD00052,2025-10-28,1665,270,111,2,1826
INV0000623,PROD00052,2025-11-28,1826,270,111,2,1987
INV0000624,PROD00052,2025-12-28,1987,271,122,8,2144
INV0000625,PROD00053,2025-01-28,230,64,111,2,185
INV0000626,PROD00053,2025-02-28,185,64,111,2,140
INV0000627,PROD00053,2025-03-28,140,64,111,2,95
INV0000628,PROD00053,2025-04-28,95,64,111,2,50
INV0000629,PROD00053,2025-05-28,50,64,111,2,5
INV0000630,PROD00053,2025-06-28,5,64,71,2,0
INV0000631,PROD00053,2025-07-28,0,64,66,2,0
INV0000632,PROD00053,2025-08-28,0,64,66,2,0
INV0000633,PROD00053,2025-09-28,0,64,66,2,0
INV0000634,PROD00053,2025-10-28,0,64,66,2,0
INV0000635,PROD00053,2025-11-28,0,64,66,2,0
INV0000636,PROD00053,2025-12-28,0,73,79,6,0
INV0000637,PROD00054,2025-01-28,159,62,103,3,121
INV0000638,PROD00054,2025-02-28,121,62,103,3,83
INV0000639,PROD00054,2025-03-28,83,62,103,3,45
INV0000640,PROD00054,2025-04-28,45,62,103,3,7
INV0000641,PROD00054,2025-05-28,7,62,72,3,0
INV0000642,PROD00054,2025-06-28,0,62,65,3,0
INV0000643,PROD00054,2025-07-28,0,62,65,3,0
INV0000644,PROD00054,2025-08-28,0,62,65,3,0
INV0000645,PROD00054,2025-09-28,0,62,65,3,0
INV0000646,PROD00054,2025-10-28,0,62,65,3,0
INV0000647,PROD00054,2025-11-28,0,62,65,3,0
INV0000648,PROD00054,2025-12-28,0,67,75,8,0
INV0000649,PROD00055,2025-01-28,98,56,93,1,62
INV0000650,PROD00055,2025-02-28,62,56,93,1,26
INV0000651,PROD00055,2025-03-28,26,56,83,1,0
INV0000652,PROD00055,2025-04-28,0,56,57,1,0
INV0000653,PROD00055,2025-05-28,0,56,57,1,0
INV0000654,PROD00055,2025-06-28,0,56,57,1,0
INV0000655,PROD00055,2025-07-28,0,56,57,1,0
INV0000656,PROD00055,2025-08-28,0,56,57,1,0
INV0000657,PROD00055,2025-09-28,0,56,57,1,0
INV0000658,PROD00055,2025-10-28,0,56,57,1,0
INV0000659,PROD00055,2025-11-28,0,56,57,1,0
INV0000660,PROD00055,2025-12-28,0,56,67,11,0
INV0000661,PROD00056,2025-01-28,193,43,121,3,118
INV0000662,PROD00056,2025-02-28,118,43,121,3,43
INV0000663,PROD00056,2025-03-28,43,43,89,3,0
INV0000664,PROD00056,2025-04-28,0,43,46,3,0
INV0000665,PROD00056,2025-05-28,0,43,46,3,0
INV0000666,PROD00056,2025-06-28,0,43,46,3,0
INV0000667,PROD00056,2025-07-28,0,43,46,3,0
INV0000668,PROD00056,2025-08-28,0,43,46,3,0
INV0000669,PROD00056,2025-09-28,0,43,46,3,0
INV0000670,PROD00056,2025-10-28,0,43,46,3,0
INV0000671,PROD00056,2025-11-28,0,43,46,3,0
INV0000672,PROD00056,2025-12-28,0,54,67,13,0
INV0000673,PROD00057,2025-01-28,74,205,91,1,189
INV0000674,PROD00057,2025-02-28,189,205,91,1,304
INV0000675,PROD00057,2025-03-28,304,205,91,1,419
INV0000676,PROD00057,2025-04-28,419,205,91,1,534
INV0000677,PROD00057,2025-05-28,534,205,91,1,649
INV0000678,PROD00057,2025-06-28,649,205,91,1,764
INV0000679,PROD00057,2025-07-28,764,205,91,1,879
INV0000680,PROD00057,2025-08-28,879,205,91,1,994
INV0000681,PROD00057,2025-09-28,994,205,91,1,1109
INV0000682,PROD00057,2025-10-28,1109,205,91,1,1224
INV0000683,PROD00057,2025-11-28,1224,205,91,1,1339
INV0000684,PROD00057,2025-12-28,1339,210,92,6,1463
INV0000685,PROD00058,2025-01-28,131,128,110,1,150
INV0000686,PROD00058,2025-02-28,150,128,110,1,169
INV0000687,PROD00058,2025-03-28,169,128,110,1,188
INV0000688,PROD00058,2025-04-28,188,128,110,1,207
INV0000689,PROD00058,2025-05-28,207,128,110,1,226
INV0000690,PROD00058,2025-06-28,226,128,110,1,245
INV0000691,PROD00058,2025-07-28,245,128,110,1,264
INV0000692,PROD00058,2025-08-28,264,128,110,1,283
INV0000693,PROD00058,2025-09-28,283,128,110,1,302
INV0000694,PROD00058,2025-10-28,302,128,110,1,321
INV0000695,PROD00058,2025-11-28,321,128,110,1,340
INV0000696,PROD00058,2025-12-28,340,135,112,6,369
INV0000697,PROD00059,2025-01-28,87,112,102,2,99
INV0000698,PROD00059,2025-02-28,99,112,102,2,111
INV0000699,PROD00059,2025-03-28,111,112,102,2,123
INV0000700,PROD00059,2025-04-28,123,112,102,2,135
INV0000701,PROD00059,2025-05-28,135,112,102,2,147
INV0000702,PROD00059,2025-06-28,147,112,102,2,159
INV0000703,PROD00059,2025-07-28,159,112,102,2,171
INV0000704,PROD00059,2025-08-28,171,112,102,2,183
INV0000705,PROD00059,2025-09-28,183,112,102,2,195
INV0000706,PROD00059,2025-10-28,195,112,102,2,207
INV0000707,PROD00059,2025-11-28,207,112,102,2,219
INV0000708,PROD00059,2025-12-28,219,119,104,9,243
INV0000709,PROD00060,2025-01-28,237,206,111,2,334
INV0000710,PROD00060,2025-02-28,334,206,111,2,431
INV0000711,PROD00060,2025-03-28,431,206,111,2,528
INV0000712,PROD00060,2025-04-28,528,206,111,2,625
INV0000713,PROD00060,2025-05-28,625,206,111,2,722
INV0000714,PROD00060,2025-06-28,722,206,111,2,819
INV0000715,PROD00060,2025-07-28,819,206,111,2,916
INV0000716,PROD00060,2025-08-28,916,206,111,2,1013
INV0000717,PROD00060,2025-09-28,1013,206,111,2,1110
INV0000718,PROD00060,2025-10-28,1110,206,111,2,1207
INV0000719,PROD00060,2025-11-28,1207,206,111,2,1304
INV0000720,PROD00060,2025-12-28,1304,208,115,7,1404
INV0000721,PROD00061,2025-01-28,62,219,110,1,172
INV0000722,PROD00061,2025-02-28,172,219,110,1,282
INV0000723,PROD00061,2025-03-28,282,219,110,1,392
INV0000724,PROD00061,2025-04-28,392,219,110,1,502
INV0000725,PROD00061,2025-05-28,502,219,110,1,612
INV0000726,PROD00061,2025-06-28,612,219,110,1,722
INV0000727,PROD00061,2025-07-28,722,219,110,1,832
INV0000728,PROD00061,2025-08-28,832,219,110,1,942
INV0000729,PROD00061,2025-09-28,942,219,110,1,1052
INV0000730,PROD00061,2025-10-28,1052,219,110,1,1162
INV0000731,PROD00061,2025-11-28,1162,219,110,1,1272
INV0000732,PROD00061,2025-12-28,1272,228,119,10,1391
INV0000733,PROD00062,2025-01-28,232,140,109,2,265
INV0000734,PROD00062,2025-02-28,265,140,109,2,298
INV0000735,PROD00062,2025-03-28,298,140,109,2,331
INV0000736,PROD00062,2025-04-28,331,140,109,2,364
INV0000737,PROD00062,2025-05-28,364,140,109,2,397
INV0000738,PROD00062,2025-06-28,397,140,109,2,430
INV0000739,PROD00062,2025-07-28,430,140,109,2,463
INV0000740,PROD00062,2025-08-28,463,140,109,2,496
INV0000741,PROD00062,2025-09-28,496,140,109,2,529
INV0000742,PROD00062,2025-10-28,529,140,109,2,562
INV0000743,PROD00062,2025-11-28,562,140,109,2,595
INV0000744,PROD00062,2025-12-28,595,140,120,11,626
INV0000745,PROD00063,2025-01-28,173,10,102,1,82
INV0000746,PROD00063,2025-02-28,82,10,93,1,0
INV0000747,PROD00063,2025-03-28,0,10,11,1,0
INV0000748,PROD00063,2025-04-28,0,10,11,1,0
INV0000749,PROD00063,2025-05-28,0,10,11,1,0
INV0000750,PROD00063,2025-06-28,0,10,11,1,0
INV0000751,PROD00063,2025-07-28,0,10,11,1,0
INV0000752,PROD00063,2025-08-28,0,10,11,1,0
INV0000753,PROD00063,2025-09-28,0,10,11,1,0
INV0000754,PROD00063,2025-10-28,0,10,11,1,0
INV0000755,PROD00063,2025-11-28,0,10,11,1,0
INV0000756,PROD00063,2025-12-28,0,20,26,6,0
INV0000757,PROD00064,2025-01-28,164,45,122,4,91
INV0000758,PROD00064,2025-02-28,91,45,122,4,18
INV0000759,PROD00064,2025-03-28,18,45,67,4,0
INV0000760,PROD00064,2025-04-28,0,45,49,4,0
INV0000761,PROD00064,2025-05-28,0,45,49,4,0
INV0000762,PROD00064,2025-06-28,0,45,49,4,0
INV0000763,PROD00064,2025-07-28,0,45,49,4,0
INV0000764,PROD00064,2025-08-28,0,45,49,4,0
INV0000765,PROD00064,2025-09-28,0,45,49,4,0
INV0000766,PROD00064,2025-10-28,0,45,49,4,0
INV0000767,PROD00064,2025-11-28,0,45,49,4,0
INV0000768,PROD00064,2025-12-28,0,54,60,6,0
INV0000769,PROD00065,2025-01-28,124,182,114,2,194
INV0000770,PROD00065,2025-02-28,194,182,114,2,264
INV0000771,PROD00065,2025-03-28,264,182,114,2,334
INV0000772,PROD00065,2025-04-28,334,182,114,2,404
INV0000773,PROD00065,2025-05-28,404,182,114,2,474
INV0000774,PROD00065,2025-06-28,474,182,114,2,544
INV0000775,PROD00065,2025-07-28,544,182,114,2,614
INV0000776,PROD00065,2025-08-28,614,182,114,2,684
INV0000777,PROD00065,2025-09-28,684,182,114,2,754
INV0000778,PROD00065,2025-10-28,754,182,114,2,824
INV0000779,PROD00065,2025-11-28,824,182,114,2,894
INV0000780,PROD00065,2025-12-28,894,193,125,4,966
INV0000781,PROD00066,2025-01-28,162,91,116,4,141
INV0000782,PROD00066,2025-02-28,141,91,116,4,120
INV0000783,PROD00066,2025-03-28,120,91,116,4,99
INV0000784,PROD00066,2025-04-28,99,91,116,4,78
INV0000785,PROD00066,2025-05-28,78,91,116,4,57
INV0000786,PROD00066,2025-06-28,57,91,116,4,36
INV0000787,PROD00066,2025-07-28,36,91,116,4,15
INV0000788,PROD00066,2025-08-28,15,91,110,4,0
INV0000789,PROD00066,2025-09-28,0,91,95,4,0
INV0000790,PROD00066,2025-10-28,0,91,95,4,0
INV0000791,PROD00066,2025-11-28,0,91,95,4,0
INV0000792,PROD00066,2025-12-28,0,98,110,12,0
INV0000793,PROD00067,2025-01-28,247,128,110,1,266
INV0000794,PROD00067,2025-02-28,266,128,110,1,285
INV0000795,PROD00067,2025-03-28,285,128,110,1,304
INV0000796,PROD00067,2025-04-28,304,128,110,1,323
INV0000797,PROD00067,2025-05-28,323,128,110,1,342
INV0000798,PROD00067,2025-06-28,342,128,110,1,361
INV0000799,PROD00067,2025-07-28,361,128,110,1,380
INV0000800,PROD00067,2025-08-28,380,128,110,1,399
INV0000801,PROD00067,2025-09-28,399,128,110,1,418
INV0000802,PROD00067,2025-10-28,418,128,110,1,437
INV0000803,PROD00067,2025-11-28,437,128,110,1,456
INV0000804,PROD00067,2025-12-28,456,139,118,8,485
INV0000805,PROD00068,2025-01-28,91,217,120,3,191
INV0000806,PROD00068,2025-02-28,191,217,120,3,291
INV0000807,PROD00068,2025-03-28,291,217,120,3,391
INV0000808,PROD00068,2025-04-28,391,217,120,3,491
INV0000809,PROD00068,2025-05-28,491,217,120,3,591
INV0000810,PROD00068,2025-06-28,591,217,120,3,691
INV0000811,PROD00068,2025-07-28,691,217,120,3,791
INV0000812,PROD00068,2025-08-28,791,217,120,3,891
INV0000813,PROD00068,2025-09-28,891,217,120,3,991
INV0000814,PROD00068,2025-10-28,991,217,120,3,1091
INV0000815,PROD00068,2025-11-28,1091,217,120,3,1191
INV0000816,PROD00068,2025-12-28,1191,225,130,7,1293
INV0000817,PROD00069,2025-01-28,145,142,110,4,181
INV0000818,PROD00069,2025-02-28,181,142,110,4,217
INV0000819,PROD00069,2025-03-28,217,142,110,4,253
INV0000820,PROD00069,2025-04-28,253,142,110,4,289
INV0000821,PROD00069,2025-05-28,289,142,110,4,325
INV0000822,PROD00069,2025-06-28,325,142,110,4,361
INV0000823,PROD00069,2025-07-28,361,142,110,4,397
INV0000824,PROD00069,2025-08-28,397,142,110,4,433
INV0000825,PROD00069,2025-09-28,433,142,110,4,469
INV0000826,PROD00069,2025-10-28,469,142,110,4,505
INV0000827,PROD00069,2025-11-28,505,142,110,4,541
INV0000828,PROD00069,2025-12-28,541,150,114,8,585
INV0000829,PROD00070,2025-01-28,213,180,109,3,287
INV0000830,PROD00070,2025-02-28,287,180,109,3,361
INV0000831,PROD00070,2025-03-28,361,180,109,3,435
INV0000832,PROD00070,2025-04-28,435,180,109,3,509
INV0000833,PROD00070,2025-05-28,509,180,109,3,583
INV0000834,PROD00070,2025-06-28,583,180,109,3,657
INV0000835,PROD00070,2025-07-28,657,180,109,3,731
INV0000836,PROD00070,2025-08-28,731,180,109,3,805
INV0000837,PROD00070,2025-09-28,805,180,109,3,879
INV0000838,PROD00070,2025-10-28,879,180,109,3,953
INV0000839,PROD00070,2025-11-28,953,180,109,3,1027
INV0000840,PROD00070,2025-12-28,1027,185,112,11,1111
INV0000841,PROD00071,2025-01-28,171,11,112,3,73
INV0000842,PROD00071,2025-02-28,73,11,87,3,0
INV0000843,PROD00071,2025-03-28,0,11,14,3,0
INV0000844,PROD00071,2025-04-28,0,11,14,3,0
INV0000845,PROD00071,2025-05-28,0,11,14,3,0
INV0000846,PROD00071,2025-06-28,0,11,14,3,0
INV0000847,PROD00071,2025-07-28,0,11,14,3,0
INV0000848,PROD00071,2025-08-28,0,11,14,3,0
INV0000849,PROD00071,2025-09-28,0,11,14,3,0
INV0000850,PROD00071,2025-10-28,0,11,14,3,0
INV0000851,PROD00071,2025-11-28,0,11,14,3,0
INV0000852,PROD00071,2025-12-28,0,17,21,4,0
INV0000853,PROD00072,2025-01-28,239,66,120,1,186
INV0000854,PROD00072,2025-02-28,186,66,120,1,133
INV0000855,PROD00072,2025-03-28,133,66,120,1,80
INV0000856,PROD00072,2025-04-28,80,66,120,1,27
INV0000857,PROD00072,2025-05-28,27,66,94,1,0
INV0000858,PROD00072,2025-06-28,0,66,67,1,0
INV0000859,PROD00072,2025-07-28,0,66,67,1,0
INV0000860,PROD00072,2025-08-28,0,66,67,1,0
INV0000861,PROD00072,2025-09-28,0,66,67,1,0
INV0000862,PROD00072,2025-10-28,0,66,67,1,0
INV0000863,PROD00072,2025-11-28,0,66,67,1,0
INV0000864,PROD00072,2025-12-28,0,69,77,8,0
INV0000865,PROD00073,2025-01-28,77,188,118,2,149
INV0000866,PROD00073,2025-02-28,149,188,118,2,221
INV0000867,PROD00073,2025-03-28,221,188,118,2,293
INV0000868,PROD00073,2025-04-28,293,188,118,2,365
INV0000869,PROD00073,2025-05-28,365,188,118,2,437
INV0000870,PROD00073,2025-06-28,437,188,118,2,509
INV0000871,PROD00073,2025-07-28,509,188,118,2,581
INV0000872,PROD00073,2025-08-28,581,188,118,2,653
INV0000873,PROD00073,2025-09-28,653,188,118,2,725
INV0000874,PROD00073,2025-10-28,725,188,118,2,797
INV0000875,PROD00073,2025-11-28,797,188,118,2,869
INV0000876,PROD00073,2025-12-28,869,191,118,13,955
INV0000877,PROD00074,2025-01-28,230,13,111,2,134
INV0000878,PROD00074,2025-02-28,134,13,111,2,38
INV0000879,PROD00074,2025-03-28,38,13,53,2,0
INV0000880,PROD00074,2025-04-28,0,13,15,2,0
INV0000881,PROD00074,2025-05-28,0,13,15,2,0
INV0000882,PROD00074,2025-06-28,0,13,15,2,0
INV0000883,PROD00074,2025-07-28,0,13,15,2,0
INV0000884,PROD00074,2025-08-28,0,13,15,2,0
INV0000885,PROD00074,2025-09-28,0,13,15,2,0
INV0000886,PROD00074,2025-10-28,0,13,15,2,0
INV0000887,PROD00074,2025-11-28,0,13,15,2,0
INV0000888,PROD00074,2025-12-28,0,22,34,12,0
INV0000889,PROD00075,2025-01-28,116,122,115,1,124
INV0000890,PROD00075,2025-02-28,124,122,115,1,132
INV0000891,PROD00075,2025-03-28,132,122,115,1,140
INV0000892,PROD00075,2025-04-28,140,122,115,1,148
INV0000893,PROD00075,2025-05-28,148,122,115,1,156
INV0000894,PROD00075,2025-06-28,156,122,115,1,164
INV0000895,PROD00075,2025-07-28,164,122,115,1,172
INV0000896,PROD00075,2025-08-28,172,122,115,1,180
INV0000897,PROD00075,2025-09-28,180,122,115,1,188
INV0000898,PROD00075,2025-10-28,188,122,115,1,196
INV0000899,PROD00075,2025-11-28,196,122,115,1,204
INV0000900,PROD00075,2025-12-28,204,128,125,11,218
INV0000901,PROD00076,2025-01-28,86,139,107,3,121
INV0000902,PROD00076,2025-02-28,121,139,107,3,156
INV0000903,PROD00076,2025-03-28,156,139,107,3,191
INV0000904,PROD00076,2025-04-28,191,139,107,3,226
INV0000905,PROD00076,2025-05-28,226,139,107,3,261
INV0000906,PROD00076,2025-06-28,261,139,107,3,296
INV0000907,PROD00076,2025-07-28,296,139,107,3,331
INV0000908,PROD00076,2025-08-28,331,139,107,3,366
INV0000909,PROD00076,2025-09-28,366,139,107,3,401
INV0000910,PROD00076,2025-10-28,401,139,107,3,436
INV0000911,PROD00076,2025-11-28,436,139,107,3,471
INV0000912,PROD00076,2025-12-28,471,147,112,11,517
INV0000913,PROD00077,2025-01-28,157,143,116,3,187
INV0000914,PROD00077,2025-02-28,187,143,116,3,217
INV0000915,PROD00077,2025-03-28,217,143,116,3,247
INV0000916,PROD00077,2025-04-28,247,143,116,3,277
INV0000917,PROD00077,2025-05-28,277,143,116,3,307
INV0000918,PROD00077,2025-06-28,307,143,116,3,337
INV0000919,PROD00077,2025-07-28,337,143,116,3,367
INV0000920,PROD00077,2025-08-28,367,143,116,3,397
INV0000921,PROD00077,2025-09-28,397,143,116,3,427
INV0000922,PROD00077,2025-10-28,427,143,116,3,457
INV0000923,PROD00077,2025-11-28,457,143,116,3,487
INV0000924,PROD00077,2025-12-28,487,153,125,6,521
INV0000925,PROD00078,2025-01-28,244,213,116,2,343
INV0000926,PROD00078,2025-02-28,343,213,116,2,442
INV0000927,PROD00078,2025-03-28,442,213,116,2,541
INV0000928,PROD00078,2025-04-28,541,213,116,2,640
INV0000929,PROD00078,2025-05-28,640,213,116,2,739
INV0000930,PROD00078,2025-06-28,739,213,116,2,838
INV0000931,PROD00078,2025-07-28,838,213,116,2,937
INV0000932,PROD00078,2025-08-28,937,213,116,2,1036
INV0000933,PROD00078,2025-09-28,1036,213,116,2,1135
INV0000934,PROD00078,2025-10-28,1135,213,116,2,1234
INV0000935,PROD00078,2025-11-28,1234,213,116,2,1333
INV0000936,PROD00078,2025-12-28,1333,218,121,6,1436
INV0000937,PROD00079,2025-01-28,187,0,110,4,81
INV0000938,PROD00079,2025-02-28,81,0,85,4,0
INV0000939,PROD00079,2025-03-28,0,0,4,4,0
INV0000940,PROD00079,2025-04-28,0,0,4,4,0
INV0000941,PROD00079,2025-05-28,0,0,4,4,0
INV0000942,PROD00079,2025-06-28,0,0,4,4,0
INV0000943,PROD00079,2025-07-28,0,0,4,4,0
INV0000944,PROD00079,2025-08-28,0,0,4,4,0
INV0000945,PROD00079,2025-09-28,0,0,4,4,0
INV0000946,PROD00079,2025-10-28,0,0,4,4,0
INV0000947,PROD00079,2025-11-28,0,0,4,4,0
INV0000948,PROD00079,2025-12-28,0,0,7,7,0
INV0000949,PROD00080,2025-01-28,148,40,104,3,87
INV0000950,PROD00080,2025-02-28,87,40,104,3,26
INV0000951,PROD00080,2025-03-28,26,40,69,3,0
INV0000952,PROD00080,2025-04-28,0,40,43,3,0
INV0000953,PROD00080,2025-05-28,0,40,43,3,0
INV0000954,PROD00080,2025-06-28,0,40,43,3,0
INV0000955,PROD00080,2025-07-28,0,40,43,3,0
INV0000956,PROD00080,2025-08-28,0,40,43,3,0
INV0000957,PROD00080,2025-09-28,0,40,43,3,0
INV0000958,PROD00080,2025-10-28,0,40,43,3,0
INV0000959,PROD00080,2025-11-28,0,40,43,3,0
INV0000960,PROD00080,2025-12-28,0,50,57,7,0
INV0000961,PROD00081,2025-01-28,78,98,113,1,64
INV0000962,PROD00081,2025-02-28,64,98,113,1,50
INV0000963,PROD00081,2025-03-28,50,98,113,1,36
INV0000964,PROD00081,2025-04-28,36,98,113,1,22
INV0000965,PROD00081,2025-05-28,22,98,113,1,8
INV0000966,PROD00081,2025-06-28,8,98,107,1,0
INV0000967,PROD00081,2025-07-28,0,98,99,1,0
INV0000968,PROD00081,2025-08-28,0,98,99,1,0
INV0000969,PROD00081,2025-09-28,0,98,99,1,0
INV0000970,PROD00081,2025-10-28,0,98,99,1,0
INV0000971,PROD00081,2025-11-28,0,98,99,1,0
INV0000972,PROD00081,2025-12-28,0,108,115,12,5
INV0000973,PROD00082,2025-01-28,227,287,100,3,417
INV0000974,PROD00082,2025-02-28,417,287,100,3,607
INV0000975,PROD00082,2025-03-28,607,287,100,3,797
INV0000976,PROD00082,2025-04-28,797,287,100,3,987
INV0000977,PROD00082,2025-05-28,987,287,100,3,1177
INV0000978,PROD00082,2025-06-28,1177,287,100,3,1367
INV0000979,PROD00082,2025-07-28,1367,287,100,3,1557
INV0000980,PROD00082,2025-08-28,1557,287,100,3,1747
INV0000981,PROD00082,2025-09-28,1747,287,100,3,1937
INV0000982,PROD00082,2025-10-28,1937,287,100,3,2127
INV0000983,PROD00082,2025-11-28,2127,287,100,3,2317
INV0000984,PROD00082,2025-12-28,2317,297,104,9,2519
INV0000985,PROD00083,2025-01-28,236,190,112,3,317
INV0000986,PROD00083,2025-02-28,317,190,112,3,398
INV0000987,PROD00083,2025-03-28,398,190,112,3,479
INV0000988,PROD00083,2025-04-28,479,190,112,3,560
INV0000989,PROD00083,2025-05-28,560,190,112,3,641
INV0000990,PROD00083,2025-06-28,641,190,112,3,722
INV0000991,PROD00083,2025-07-28,722,190,112,3,803
INV0000992,PROD00083,2025-08-28,803,190,112,3,884
INV0000993,PROD00083,2025-09-28,884,190,112,3,965
INV0000994,PROD00083,2025-10-28,965,190,112,3,1046
INV0000995,PROD00083,2025-11-28,1046,190,112,3,1127
INV0000996,PROD00083,2025-12-28,1127,201,114,5,1219
INV0000997,PROD00084,2025-01-28,178,27,100,2,107
INV0000998,PROD00084,2025-02-28,107,27,100,2,36
INV0000999,PROD00084,2025-03-28,36,27,65,2,0
INV0001000,PROD00084,2025-04-28,0,27,29,2,0
INV0001001,PROD00084,2025-05-28,0,27,29,2,0
INV0001002,PROD00084,2025-06-28,0,27,29,2,0
INV0001003,PROD00084,2025-07-28,0,27,29,2,0
INV0001004,PROD00084,2025-08-28,0,27,29,2,0
INV0001005,PROD00084,2025-09-28,0,27,29,2,0
INV0001006,PROD00084,2025-10-28,0,27,29,2,0
INV0001007,PROD00084,2025-11-28,0,27,29,2,0
INV0001008,PROD00084,2025-12-28,0,31,37,6,0
INV0001009,PROD00085,2025-01-28,110,396,120,4,390
INV0001010,PROD00085,2025-02-28,390,396,120,4,670
INV0001011,PROD00085,2025-03-28,670,396,120,4,950
INV0001012,PROD00085,2025-04-28,950,396,120,4,1230
INV0001013,PROD00085,2025-05-28,1230,396,120,4,1510
INV0001014,PROD00085,2025-06-28,1510,396,120,4,1790
INV0001015,PROD00085,2025-07-28,1790,396,120,4,2070
INV0001016,PROD00085,2025-08-28,2070,396,120,4,2350
INV0001017,PROD00085,2025-09-28,2350,396,120,4,2630
INV0001018,PROD00085,2025-10-28,2630,396,120,4,2910
INV0001019,PROD00085,2025-11-28,2910,396,120,4,3190
INV0001020,PROD00085,2025-12-28,3190,397,131,7,3463
INV0001021,PROD00086,2025-01-28,121,41,110,4,56
INV0001022,PROD00086,2025-02-28,56,41,101,4,0
INV0001023,PROD00086,2025-03-28,0,41,45,4,0
INV0001024,PROD00086,2025-04-28,0,41,45,4,0
INV0001025,PROD00086,2025-05-28,0,41,45,4,0
INV0001026,PROD00086,2025-06-28,0,41,45,4,0
INV0001027,PROD00086,2025-07-28,0,41,45,4,0
INV0001028,PROD00086,2025-08-28,0,41,45,4,0
INV0001029,PROD00086,2025-09-28,0,41,45,4,0
INV0001030,PROD00086,2025-10-28,0,41,45,4,0
INV0001031,PROD00086,2025-11-28,0,41,45,4,0
INV0001032,PROD00086,2025-12-28,0,44,58,14,0
INV0001033,PROD00087,2025-01-28,130,221,128,5,228
INV0001034,PROD00087,2025-02-28,228,221,128,5,326
INV0001035,PROD00087,2025-03-28,326,221,128,5,424
INV0001036,PROD00087,2025-04-28,424,221,128,5,522
INV0001037,PROD00087,2025-05-28,522,221,128,5,620
INV0001038,PROD00087,2025-06-28,620,221,128,5,718
INV0001039,PROD00087,2025-07-28,718,221,128,5,816
INV0001040,PROD00087,2025-08-28,816,221,128,5,914
INV0001041,PROD00087,2025-09-28,914,221,128,5,1012
INV0001042,PROD00087,2025-10-28,1012,221,128,5,1110
INV0001043,PROD00087,2025-11-28,1110,221,128,5,1208
INV0001044,PROD00087,2025-12-28,1208,226,128,7,1313
INV0001045,PROD00088,2025-01-28,104,153,111,1,147
INV0001046,PROD00088,2025-02-28,147,153,111,1,190
INV0001047,PROD00088,2025-03-28,190,153,111,1,233
INV0001048,PROD00088,2025-04-28,233,153,111,1,276
INV0001049,PROD00088,2025-05-28,276,153,111,1,319
INV0001050,PROD00088,2025-06-28,319,153,111,1,362
INV0001051,PROD00088,2025-07-28,362,153,111,1,405
INV0001052,PROD00088,2025-08-28,405,153,111,1,448
INV0001053,PROD00088,2025-09-28,448,153,111,1,491
INV0001054,PROD00088,2025-10-28,491,153,111,1,534
INV0001055,PROD00088,2025-11-28,534,153,111,1,577
INV0001056,PROD00088,2025-12-28,577,164,117,7,631
INV0001057,PROD00089,2025-01-28,216,41,105,2,154
INV0001058,PROD00089,2025-02-28,154,41,105,2,92
INV0001059,PROD00089,2025-03-28,92,41,105,2,30
INV0001060,PROD00089,2025-04-28,30,41,73,2,0
INV0001061,PROD00089,2025-05-28,0,41,43,2,0
INV0001062,PROD00089,2025-06-28,0,41,43,2,0
INV0001063,PROD00089,2025-07-28,0,41,43,2,0
INV0001064,PROD00089,2025-08-28,0,41,43,2,0
INV0001065,PROD00089,2025-09-28,0,41,43,2,0
INV0001066,PROD00089,2025-10-28,0,41,43,2,0
INV0001067,PROD00089,2025-11-28,0,41,43,2,0
INV0001068,PROD00089,2025-12-28,0,46,56,10,0
INV0001069,PROD00090,2025-01-28,103,172,96,1,180
INV0001070,PROD00090,2025-02-28,180,172,96,1,257
INV0001071,PROD00090,2025-03-28,257,172,96,1,334
INV0001072,PROD00090,2025-04-28,334,172,96,1,411
INV0001073,PROD00090,2025-05-28,411,172,96,1,488
INV0001074,PROD00090,2025-06-28,488,172,96,1,565
INV0001075,PROD00090,2025-07-28,565,172,96,1,642
INV0001076,PROD00090,2025-08-28,642,172,96,1,719
INV0001077,PROD00090,2025-09-28,719,172,96,1,796
INV0001078,PROD00090,2025-10-28,796,172,96,1,873
INV0001079,PROD00090,2025-11-28,873,172,96,1,950
INV0001080,PROD00090,2025-12-28,950,182,106,6,1032
INV0001081,PROD00091,2025-01-28,121,153,113,3,164
INV0001082,PROD00091,2025-02-28,164,153,113,3,207
INV0001083,PROD00091,2025-03-28,207,153,113,3,250
INV0001084,PROD00091,2025-04-28,250,153,113,3,293
INV0001085,PROD00091,2025-05-28,293,153,113,3,336
INV0001086,PROD00091,2025-06-28,336,153,113,3,379
INV0001087,PROD00091,2025-07-28,379,153,113,3,422
INV0001088,PROD00091,2025-08-28,422,153,113,3,465
INV0001089,PROD00091,2025-09-28,465,153,113,3,508
INV0001090,PROD00091,2025-10-28,508,153,113,3,551
INV0001091,PROD00091,2025-11-28,551,153,113,3,594
INV0001092,PROD00091,2025-12-28,594,159,120,3,636
INV0001093,PROD00092,2025-01-28,232,105,118,1,220
INV0001094,PROD00092,2025-02-28,220,105,118,1,208
INV0001095,PROD00092,2025-03-28,208,105,118,1,196
INV0001096,PROD00092,2025-04-28,196,105,118,1,184
INV0001097,PROD00092,2025-05-28,184,105,118,1,172
INV0001098,PROD00092,2025-06-28,172,105,118,1,160
INV0001099,PROD00092,2025-07-28,160,105,118,1,148
INV0001100,PROD00092,2025-08-28,148,105,118,1,136
INV0001101,PROD00092,2025-09-28,136,105,118,1,124
INV0001102,PROD00092,2025-10-28,124,105,118,1,112
INV0001103,PROD00092,2025-11-28,112,105,118,1,100
INV0001104,PROD00092,2025-12-28,100,113,126,8,95
INV0001105,PROD00093,2025-01-28,52,175,104,2,125
INV0001106,PROD00093,2025-02-28,125,175,104,2,198
INV0001107,PROD00093,2025-03-28,198,175,104,2,271
INV0001108,PROD00093,2025-04-28,271,175,104,2,344
INV0001109,PROD00093,2025-05-28,344,175,104,2,417
INV0001110,PROD00093,2025-06-28,417,175,104,2,490
INV0001111,PROD00093,2025-07-28,490,175,104,2,563
INV0001112,PROD00093,2025-08-28,563,175,104,2,636
INV0001113,PROD00093,2025-09-28,636,175,104,2,709
INV0001114,PROD00093,2025-10-28,709,175,104,2,782
INV0001115,PROD00093,2025-11-28,782,175,104,2,855
INV0001116,PROD00093,2025-12-28,855,182,110,3,930
INV0001117,PROD00094,2025-01-28,79,171,98,2,154
INV0001118,PROD00094,2025-02-28,154,171,98,2,229
INV0001119,PROD00094,2025-03-28,229,171,98,2,304
INV0001120,PROD00094,2025-04-28,304,171,98,2,379
INV0001121,PROD00094,2025-05-28,379,171,98,2,454
INV0001122,PROD00094,2025-06-28,454,171,98,2,529
INV0001123,PROD00094,2025-07-28,529,171,98,2,604
INV0001124,PROD00094,2025-08-28,604,171,98,2,679
INV0001125,PROD00094,2025-09-28,679,171,98,2,754
INV0001126,PROD00094,2025-10-28,754,171,98,2,829
INV0001127,PROD00094,2025-11-28,829,171,98,2,904
INV0001128,PROD00094,2025-12-28,904,182,107,2,981
INV0001129,PROD00095,2025-01-28,94,173,107,1,161
INV0001130,PROD00095,2025-02-28,161,173,107,1,228
INV0001131,PROD00095,2025-03-28,228,173,107,1,295
INV0001132,PROD00095,2025-04-28,295,173,107,1,362
INV0001133,PROD00095,2025-05-28,362,173,107,1,429
INV0001134,PROD00095,2025-06-28,429,173,107,1,496
INV0001135,PROD00095,2025-07-28,496,173,107,1,563
INV0001136,PROD00095,2025-08-28,563,173,107,1,630
INV0001137,PROD00095,2025-09-28,630,173,107,1,697
INV0001138,PROD00095,2025-10-28,697,173,107,1,764
INV0001139,PROD00095,2025-11-28,764,173,107,1,831
INV0001140,PROD00095,2025-12-28,831,173,118,12,898
INV0001141,PROD00096,2025-01-28,123,142,100,2,167
INV0001142,PROD00096,2025-02-28,167,142,100,2,211
INV0001143,PROD00096,2025-03-28,211,142,100,2,255
INV0001144,PROD00096,2025-04-28,255,142,100,2,299
INV0001145,PROD00096,2025-05-28,299,142,100,2,343
INV0001146,PROD00096,2025-06-28,343,142,100,2,387
INV0001147,PROD00096,2025-07-28,387,142,100,2,431
INV0001148,PROD00096,2025-08-28,431,142,100,2,475
INV0001149,PROD00096,2025-09-28,475,142,100,2,519
INV0001150,PROD00096,2025-10-28,519,142,100,2,563
INV0001151,PROD00096,2025-11-28,563,142,100,2,607
INV0001152,PROD00096,2025-12-28,607,142,111,9,647
INV0001153,PROD00097,2025-01-28,168,117,112,5,178
INV0001154,PROD00097,2025-02-28,178,117,112,5,188
INV0001155,PROD00097,2025-03-28,188,117,112,5,198
INV0001156,PROD00097,2025-04-28,198,117,112,5,208
INV0001157,PROD00097,2025-05-28,208,117,112,5,218
INV0001158,PROD00097,2025-06-28,218,117,112,5,228
INV0001159,PROD00097,2025-07-28,228,117,112,5,238
INV0001160,PROD00097,2025-08-28,238,117,112,5,248
INV0001161,PROD00097,2025-09-28,248,117,112,5,258
INV0001162,PROD00097,2025-10-28,258,117,112,5,268
INV0001163,PROD00097,2025-11-28,268,117,112,5,278
INV0001164,PROD00097,2025-12-28,278,124,118,7,291
INV0001165,PROD00098,2025-01-28,85,289,113,3,264
INV0001166,PROD00098,2025-02-28,264,289,113,3,443
INV0001167,PROD00098,2025-03-28,443,289,113,3,622
INV0001168,PROD00098,2025-04-28,622,289,113,3,801
INV0001169,PROD00098,2025-05-28,801,289,113,3,980
INV0001170,PROD00098,2025-06-28,980,289,113,3,1159
INV0001171,PROD00098,2025-07-28,1159,289,113,3,1338
INV0001172,PROD00098,2025-08-28,1338,289,113,3,1517
INV0001173,PROD00098,2025-09-28,1517,289,113,3,1696
INV0001174,PROD00098,2025-10-28,1696,289,113,3,1875
INV0001175,PROD00098,2025-11-28,1875,289,113,3,2054
INV0001176,PROD00098,2025-12-28,2054,295,118,13,2244
INV0001177,PROD00099,2025-01-28,110,285,121,2,276
INV0001178,PROD00099,2025-02-28,276,285,121,2,442
INV0001179,PROD00099,2025-03-28,442,285,121,2,608
INV0001180,PROD00099,2025-04-28,608,285,121,2,774
INV0001181,PROD00099,2025-05-28,774,285,121,2,940
INV0001182,PROD00099,2025-06-28,940,285,121,2,1106
INV0001183,PROD00099,2025-07-28,1106,285,121,2,1272
INV0001184,PROD00099,2025-08-28,1272,285,121,2,1438
INV0001185,PROD00099,2025-09-28,1438,285,121,2,1604
INV0001186,PROD00099,2025-10-28,1604,285,121,2,1770
INV0001187,PROD00099,2025-11-28,1770,285,121,2,1936
INV0001188,PROD00099,2025-12-28,1936,293,131,13,2111
INV0001189,PROD00100,2025-01-28,209,62,121,3,153
INV0001190,PROD00100,2025-02-28,153,62,121,3,97
INV0001191,PROD00100,2025-03-28,97,62,121,3,41
INV0001192,PROD00100,2025-04-28,41,62,106,3,0
INV0001193,PROD00100,2025-05-28,0,62,65,3,0
INV0001194,PROD00100,2025-06-28,0,62,65,3,0
INV0001195,PROD00100,2025-07-28,0,62,65,3,0
INV0001196,PROD00100,2025-08-28,0,62,65,3,0
INV0001197,PROD00100,2025-09-28,0,62,65,3,0
INV0001198,PROD00100,2025-10-28,0,62,65,3,0
INV0001199,PROD00100,2025-11-28,0,62,65,3,0
INV0001200,PROD00100,2025-12-28,0,63,73,10,0
INV0001201,PROD00101,2025-01-28,142,38,104,2,78
INV0001202,PROD00101,2025-02-28,78,38,104,2,14
INV0001203,PROD00101,2025-03-28,14,38,54,2,0
INV0001204,PROD00101,2025-04-28,0,38,40,2,0
INV0001205,PROD00101,2025-05-28,0,38,40,2,0
INV0001206,PROD00101,2025-06-28,0,38,40,2,0
INV0001207,PROD00101,2025-07-28,0,38,40,2,0
INV0001208,PROD00101,2025-08-28,0,38,40,2,0
INV0001209,PROD00101,2025-09-28,0,38,40,2,0
INV0001210,PROD00101,2025-10-28,0,38,40,2,0
INV0001211,PROD00101,2025-11-28,0,38,40,2,0
INV0001212,PROD00101,2025-12-28,0,45,57,12,0
INV0001213,PROD00102,2025-01-28,139,70,112,4,101
INV0001214,PROD00102,2025-02-28,101,70,112,4,63
INV0001215,PROD00102,2025-03-28,63,70,112,4,25
INV0001216,PROD00102,2025-04-28,25,70,99,4,0
INV0001217,PROD00102,2025-05-28,0,70,74,4,0
INV0001218,PROD00102,2025-06-28,0,70,74,4,0
INV0001219,PROD00102,2025-07-28,0,70,74,4,0
INV0001220,PROD00102,2025-08-28,0,70,74,4,0
INV0001221,PROD00102,2025-09-28,0,70,74,4,0
INV0001222,PROD00102,2025-10-28,0,70,74,4,0
INV0001223,PROD00102,2025-11-28,0,70,74,4,0
INV0001224,PROD00102,2025-12-28,0,74,78,4,0
INV0001225,PROD00103,2025-01-28,223,105,113,1,216
INV0001226,PROD00103,2025-02-28,216,105,113,1,209
INV0001227,PROD00103,2025-03-28,209,105,113,1,202
INV0001228,PROD00103,2025-04-28,202,105,113,1,195
INV0001229,PROD00103,2025-05-28,195,105,113,1,188
INV0001230,PROD00103,2025-06-28,188,105,113,1,181
INV0001231,PROD00103,2025-07-28,181,105,113,1,174
INV0001232,PROD00103,2025-08-28,174,105,113,1,167
INV0001233,PROD00103,2025-09-28,167,105,113,1,160
INV0001234,PROD00103,2025-10-28,160,105,113,1,153
INV0001235,PROD00103,2025-11-28,153,105,113,1,146
INV0001236,PROD00103,2025-12-28,146,111,121,9,145
INV0001237,PROD00104,2025-01-28,249,72,109,2,214
INV0001238,PROD00104,2025-02-28,214,72,109,2,179
INV0001239,PROD00104,2025-03-28,179,72,109,2,144
INV0001240,PROD00104,2025-04-28,144,72,109,2,109
INV0001241,PROD00104,2025-05-28,109,72,109,2,74
INV0001242,PROD00104,2025-06-28,74,72,109,2,39
INV0001243,PROD00104,2025-07-28,39,72,109,2,4
INV0001244,PROD00104,2025-08-28,4,72,78,2,0
INV0001245,PROD00104,2025-09-28,0,72,74,2,0
INV0001246,PROD00104,2025-10-28,0,72,74,2,0
INV0001247,PROD00104,2025-11-28,0,72,74,2,0
INV0001248,PROD00104,2025-12-28,0,79,85,6,0
INV0001249,PROD00105,2025-01-28,136,218,90,1,265
INV0001250,PROD00105,2025-02-28,265,218,90,1,394
INV0001251,PROD00105,2025-03-28,394,218,90,1,523
INV0001252,PROD00105,2025-04-28,523,218,90,1,652
INV0001253,PROD00105,2025-05-28,652,218,90,1,781
INV0001254,PROD00105,2025-06-28,781,218,90,1,910
INV0001255,PROD00105,2025-07-28,910,218,90,1,1039
INV0001256,PROD00105,2025-08-28,1039,218,90,1,1168
INV0001257,PROD00105,2025-09-28,1168,218,90,1,1297
INV0001258,PROD00105,2025-10-28,1297,218,90,1,1426
INV0001259,PROD00105,2025-11-28,1426,218,90,1,1555
INV0001260,PROD00105,2025-12-28,1555,225,94,6,1692
INV0001261,PROD00106,2025-01-28,239,85,122,5,207
INV0001262,PROD00106,2025-02-28,207,85,122,5,175
INV0001263,PROD00106,2025-03-28,175,85,122,5,143
INV0001264,PROD00106,2025-04-28,143,85,122,5,111
INV0001265,PROD00106,2025-05-28,111,85,122,5,79
INV0001266,PROD00106,2025-06-28,79,85,122,5,47
INV0001267,PROD00106,2025-07-28,47,85,122,5,15
INV0001268,PROD00106,2025-08-28,15,85,105,5,0
INV0001269,PROD00106,2025-09-28,0,85,90,5,0
INV0001270,PROD00106,2025-10-28,0,85,90,5,0
INV0001271,PROD00106,2025-11-28,0,85,90,5,0
INV0001272,PROD00106,2025-12-28,0,89,98,9,0
INV0001273,PROD00107,2025-01-28,159,177,116,2,222
INV0001274,PROD00107,2025-02-28,222,177,116,2,285
INV0001275,PROD00107,2025-03-28,285,177,116,2,348
INV0001276,PROD00107,2025-04-28,348,177,116,2,411
INV0001277,PROD00107,2025-05-28,411,177,116,2,474
INV0001278,PROD00107,2025-06-28,474,177,116,2,537
INV0001279,PROD00107,2025-07-28,537,177,116,2,600
INV0001280,PROD00107,2025-08-28,600,177,116,2,663
INV0001281,PROD00107,2025-09-28,663,177,116,2,726
INV0001282,PROD00107,2025-10-28,726,177,116,2,789
INV0001283,PROD00107,2025-11-28,789,177,116,2,852
INV0001284,PROD00107,2025-12-28,852,183,124,8,919
INV0001285,PROD00108,2025-01-28,144,42,109,2,79
INV0001286,PROD00108,2025-02-28,79,42,109,2,14
INV0001287,PROD00108,2025-03-28,14,42,58,2,0
INV0001288,PROD00108,2025-04-28,0,42,44,2,0
INV0001289,PROD00108,2025-05-28,0,42,44,2,0
INV0001290,PROD00108,2025-06-28,0,42,44,2,0
INV0001291,PROD00108,2025-07-28,0,42,44,2,0
INV0001292,PROD00108,2025-08-28,0,42,44,2,0
INV0001293,PROD00108,2025-09-28,0,42,44,2,0
INV0001294,PROD00108,2025-10-28,0,42,44,2,0
INV0001295,PROD00108,2025-11-28,0,42,44,2,0
INV0001296,PROD00108,2025-12-28,0,53,55,2,0
INV0001297,PROD00109,2025-01-28,159,467,114,3,515
INV0001298,PROD00109,2025-02-28,515,467,114,3,871
INV0001299,PROD00109,2025-03-28,871,467,114,3,1227
INV0001300,PROD00109,2025-04-28,1227,467,114,3,1583
INV0001301,PROD00109,2025-05-28,1583,467,114,3,1939
INV0001302,PROD00109,2025-06-28,1939,467,114,3,2295
INV0001303,PROD00109,2025-07-28,2295,467,114,3,2651
INV0001304,PROD00109,2025-08-28,2651,467,114,3,3007
INV0001305,PROD00109,2025-09-28,3007,467,114,3,3363
INV0001306,PROD00109,2025-10-28,3363,467,114,3,3719
INV0001307,PROD00109,2025-11-28,3719,467,114,3,4075
INV0001308,PROD00109,2025-12-28,4075,476,121,3,4433
INV0001309,PROD00110,2025-01-28,140,76,115,3,104
INV0001310,PROD00110,2025-02-28,104,76,115,3,68
INV0001311,PROD00110,2025-03-28,68,76,115,3,32
INV0001312,PROD00110,2025-04-28,32,76,111,3,0
INV0001313,PROD00110,2025-05-28,0,76,79,3,0
INV0001314,PROD00110,2025-06-28,0,76,79,3,0
INV0001315,PROD00110,2025-07-28,0,76,79,3,0
INV0001316,PROD00110,2025-08-28,0,76,79,3,0
INV0001317,PROD00110,2025-09-28,0,76,79,3,0
INV0001318,PROD00110,2025-10-28,0,76,79,3,0
INV0001319,PROD00110,2025-11-28,0,76,79,3,0
INV0001320,PROD00110,2025-12-28,0,86,93,7,0
INV0001321,PROD00111,2025-01-28,183,201,109,4,279
INV0001322,PROD00111,2025-02-28,279,201,109,4,375
INV0001323,PROD00111,2025-03-28,375,201,109,4,471
INV0001324,PROD00111,2025-04-28,471,201,109,4,567
INV0001325,PROD00111,2025-05-28,567,201,109,4,663
INV0001326,PROD00111,2025-06-28,663,201,109,4,759
INV0001327,PROD00111,2025-07-28,759,201,109,4,855
INV0001328,PROD00111,2025-08-28,855,201,109,4,951
INV0001329,PROD00111,2025-09-28,951,201,109,4,1047
INV0001330,PROD00111,2025-10-28,1047,201,109,4,1143
INV0001331,PROD00111,2025-11-28,1143,201,109,4,1239
INV0001332,PROD00111,2025-12-28,1239,208,115,10,1342
INV0001333,PROD00112,2025-01-28,131,99,107,5,128
INV0001334,PROD00112,2025-02-28,128,99,107,5,125
INV0001335,PROD00112,2025-03-28,125,99,107,5,122
INV0001336,PROD00112,2025-04-28,122,99,107,5,119
INV0001337,PROD00112,2025-05-28,119,99,107,5,116
INV0001338,PROD00112,2025-06-28,116,99,107,5,113
INV0001339,PROD00112,2025-07-28,113,99,107,5,110
INV0001340,PROD00112,2025-08-28,110,99,107,5,107
INV0001341,PROD00112,2025-09-28,107,99,107,5,104
INV0001342,PROD00112,2025-10-28,104,99,107,5,101
INV0001343,PROD00112,2025-11-28,101,99,107,5,98
INV0001344,PROD00112,2025-12-28,98,107,116,6,95
INV0001345,PROD00113,2025-01-28,64,79,108,3,38
INV0001346,PROD00113,2025-02-28,38,79,108,3,12
INV0001347,PROD00113,2025-03-28,12,79,94,3,0
INV0001348,PROD00113,2025-04-28,0,79,82,3,0
INV0001349,PROD00113,2025-05-28,0,79,82,3,0
INV0001350,PROD00113,2025-06-28,0,79,82,3,0
INV0001351,PROD00113,2025-07-28,0,79,82,3,0
INV0001352,PROD00113,2025-08-28,0,79,82,3,0
INV0001353,PROD00113,2025-09-28,0,79,82,3,0
INV0001354,PROD00113,2025-10-28,0,79,82,3,0
INV0001355,PROD00113,2025-11-28,0,79,82,3,0
INV0001356,PROD00113,2025-12-28,0,82,90,8,0
INV0001357,PROD00114,2025-01-28,228,174,110,4,296
INV0001358,PROD00114,2025-02-28,296,174,110,4,364
INV0001359,PROD00114,2025-03-28,364,174,110,4,432
INV0001360,PROD00114,2025-04-28,432,174,110,4,500
INV0001361,PROD00114,2025-05-28,500,174,110,4,568
INV0001362,PROD00114,2025-06-28,568,174,110,4,636
INV0001363,PROD00114,2025-07-28,636,174,110,4,704
INV0001364,PROD00114,2025-08-28,704,174,110,4,772
INV0001365,PROD00114,2025-09-28,772,174,110,4,840
INV0001366,PROD00114,2025-10-28,840,174,110,4,908
INV0001367,PROD00114,2025-11-28,908,174,110,4,976
INV0001368,PROD00114,2025-12-28,976,183,113,4,1050
INV0001369,PROD00115,2025-01-28,79,137,116,3,103
INV0001370,PROD00115,2025-02-28,103,137,116,3,127
INV0001371,PROD00115,2025-03-28,127,137,116,3,151
INV0001372,PROD00115,2025-04-28,151,137,116,3,175
INV0001373,PROD00115,2025-05-28,175,137,116,3,199
INV0001374,PROD00115,2025-06-28,199,137,116,3,223
INV0001375,PROD00115,2025-07-28,223,137,116,3,247
INV0001376,PROD00115,2025-08-28,247,137,116,3,271
INV0001377,PROD00115,2025-09-28,271,137,116,3,295
INV0001378,PROD00115,2025-10-28,295,137,116,3,319
INV0001379,PROD00115,2025-11-28,319,137,116,3,343
INV0001380,PROD00115,2025-12-28,343,148,123,4,372
INV0001381,PROD00116,2025-01-28,159,216,120,2,257
INV0001382,PROD00116,2025-02-28,257,216,120,2,355
INV0001383,PROD00116,2025-03-28,355,216,120,2,453
INV0001384,PROD00116,2025-04-28,453,216,120,2,551
INV0001385,PROD00116,2025-05-28,551,216,120,2,649
INV0001386,PROD00116,2025-06-28,649,216,120,2,747
INV0001387,PROD00116,2025-07-28,747,216,120,2,845
INV0001388,PROD00116,2025-08-28,845,216,120,2,943
INV0001389,PROD00116,2025-09-28,943,216,120,2,1041
INV0001390,PROD00116,2025-10-28,1041,216,120,2,1139
INV0001391,PROD00116,2025-11-28,1139,216,120,2,1237
INV0001392,PROD00116,2025-12-28,1237,225,127,12,1347
INV0001393,PROD00117,2025-01-28,123,159,112,3,173
INV0001394,PROD00117,2025-02-28,173,159,112,3,223
INV0001395,PROD00117,2025-03-28,223,159,112,3,273
INV0001396,PROD00117,2025-04-28,273,159,112,3,323
INV0001397,PROD00117,2025-05-28,323,159,112,3,373
INV0001398,PROD00117,2025-06-28,373,159,112,3,423
INV0001399,PROD00117,2025-07-28,423,159,112,3,473
INV0001400,PROD00117,2025-08-28,473,159,112,3,523
INV0001401,PROD00117,2025-09-28,523,159,112,3,573
INV0001402,PROD00117,2025-10-28,573,159,112,3,623
INV0001403,PROD00117,2025-11-28,623,159,112,3,673
INV0001404,PROD00117,2025-12-28,673,165,115,3,726
INV0001405,PROD00118,2025-01-28,134,73,122,1,86
INV0001406,PROD00118,2025-02-28,86,73,122,1,38
INV0001407,PROD00118,2025-03-28,38,73,112,1,0
INV0001408,PROD00118,2025-04-28,0,73,74,1,0
INV0001409,PROD00118,2025-05-28,0,73,74,1,0
INV0001410,PROD00118,2025-06-28,0,73,74,1,0
INV0001411,PROD00118,2025-07-28,0,73,74,1,0
INV0001412,PROD00118,2025-08-28,0,73,74,1,0
INV0001413,PROD00118,2025-09-28,0,73,74,1,0
INV0001414,PROD00118,2025-10-28,0,73,74,1,0
INV0001415,PROD00118,2025-11-28,0,73,74,1,0
INV0001416,PROD00118,2025-12-28,0,83,85,2,0
INV0001417,PROD00119,2025-01-28,218,130,124,3,227
INV0001418,PROD00119,2025-02-28,227,130,124,3,236
INV0001419,PROD00119,2025-03-28,236,130,124,3,245
INV0001420,PROD00119,2025-04-28,245,130,124,3,254
INV0001421,PROD00119,2025-05-28,254,130,124,3,263
INV0001422,PROD00119,2025-06-28,263,130,124,3,272
INV0001423,PROD00119,2025-07-28,272,130,124,3,281
INV0001424,PROD00119,2025-08-28,281,130,124,3,290
INV0001425,PROD00119,2025-09-28,290,130,124,3,299
INV0001426,PROD00119,2025-10-28,299,130,124,3,308
INV0001427,PROD00119,2025-11-28,308,130,124,3,317
INV0001428,PROD00119,2025-12-28,317,139,128,13,341
INV0001429,PROD00120,2025-01-28,97,52,117,1,33
INV0001430,PROD00120,2025-02-28,33,52,86,1,0
INV0001431,PROD00120,2025-03-28,0,52,53,1,0
INV0001432,PROD00120,2025-04-28,0,52,53,1,0
INV0001433,PROD00120,2025-05-28,0,52,53,1,0
INV0001434,PROD00120,2025-06-28,0,52,53,1,0
INV0001435,PROD00120,2025-07-28,0,52,53,1,0
INV0001436,PROD00120,2025-08-28,0,52,53,1,0
INV0001437,PROD00120,2025-09-28,0,52,53,1,0
INV0001438,PROD00120,2025-10-28,0,52,53,1,0
INV0001439,PROD00120,2025-11-28,0,52,53,1,0
INV0001440,PROD00120,2025-12-28,0,52,59,7,0
INV0001441,PROD00121,2025-01-28,134,228,109,3,256
INV0001442,PROD00121,2025-02-28,256,228,109,3,378
INV0001443,PROD00121,2025-03-28,378,228,109,3,500
INV0001444,PROD00121,2025-04-28,500,228,109,3,622
INV0001445,PROD00121,2025-05-28,622,228,109,3,744
INV0001446,PROD00121,2025-06-28,744,228,109,3,866
INV0001447,PROD00121,2025-07-28,866,228,109,3,988
INV0001448,PROD00121,2025-08-28,988,228,109,3,1110
INV0001449,PROD00121,2025-09-28,1110,228,109,3,1232
INV0001450,PROD00121,2025-10-28,1232,228,109,3,1354
INV0001451,PROD00121,2025-11-28,1354,228,109,3,1476
INV0001452,PROD00121,2025-12-28,1476,233,120,6,1595
INV0001453,PROD00122,2025-01-28,178,71,112,0,137
INV0001454,PROD00122,2025-02-28,137,71,112,0,96
INV0001455,PROD00122,2025-03-28,96,71,112,0,55
INV0001456,PROD00122,2025-04-28,55,71,112,0,14
INV0001457,PROD00122,2025-05-28,14,71,85,0,0
INV0001458,PROD00122,2025-06-28,0,71,71,0,0
INV0001459,PROD00122,2025-07-28,0,71,71,0,0
INV0001460,PROD00122,2025-08-28,0,71,71,0,0
INV0001461,PROD00122,2025-09-28,0,71,71,0,0
INV0001462,PROD00122,2025-10-28,0,71,71,0,0
INV0001463,PROD00122,2025-11-28,0,71,71,0,0
INV0001464,PROD00122,2025-12-28,0,73,77,4,0
INV0001465,PROD00123,2025-01-28,92,183,110,2,167
INV0001466,PROD00123,2025-02-28,167,183,110,2,242
INV0001467,PROD00123,2025-03-28,242,183,110,2,317
INV0001468,PROD00123,2025-04-28,317,183,110,2,392
INV0001469,PROD00123,2025-05-28,392,183,110,2,467
INV0001470,PROD00123,2025-06-28,467,183,110,2,542
INV0001471,PROD00123,2025-07-28,542,183,110,2,617
INV0001472,PROD00123,2025-08-28,617,183,110,2,692
INV0001473,PROD00123,2025-09-28,692,183,110,2,767
INV0001474,PROD00123,2025-10-28,767,183,110,2,842
INV0001475,PROD00123,2025-11-28,842,183,110,2,917
INV0001476,PROD00123,2025-12-28,917,192,117,13,1005
INV0001477,PROD00124,2025-01-28,146,78,99,2,127
INV0001478,PROD00124,2025-02-28,127,78,99,2,108
INV0001479,PROD00124,2025-03-28,108,78,99,2,89
INV0001480,PROD00124,2025-04-28,89,78,99,2,70
INV0001481,PROD00124,2025-05-28,70,78,99,2,51
INV0001482,PROD00124,2025-06-28,51,78,99,2,32
INV0001483,PROD00124,2025-07-28,32,78,99,2,13
INV0001484,PROD00124,2025-08-28,13,78,93,2,0
INV0001485,PROD00124,2025-09-28,0,78,80,2,0
INV0001486,PROD00124,2025-10-28,0,78,80,2,0
INV0001487,PROD00124,2025-11-28,0,78,80,2,0
INV0001488,PROD00124,2025-12-28,0,78,83,5,0
INV0001489,PROD00125,2025-01-28,248,0,114,4,138
INV0001490,PROD00125,2025-02-28,138,0,114,4,28
INV0001491,PROD00125,2025-03-28,28,0,32,4,0
INV0001492,PROD00125,2025-04-28,0,0,4,4,0
INV0001493,PROD00125,2025-05-28,0,0,4,4,0
INV0001494,PROD00125,2025-06-28,0,0,4,4,0
INV0001495,PROD00125,2025-07-28,0,0,4,4,0
INV0001496,PROD00125,2025-08-28,0,0,4,4,0
INV0001497,PROD00125,2025-09-28,0,0,4,4,0
INV0001498,PROD00125,2025-10-28,0,0,4,4,0
INV0001499,PROD00125,2025-11-28,0,0,4,4,0
INV0001500,PROD00125,2025-12-28,0,0,4,4,0
INV0001501,PROD00126,2025-01-28,245,101,115,2,233
INV0001502,PROD00126,2025-02-28,233,101,115,2,221
INV0001503,PROD00126,2025-03-28,221,101,115,2,209
INV0001504,PROD00126,2025-04-28,209,101,115,2,197
INV0001505,PROD00126,2025-05-28,197,101,115,2,185
INV0001506,PROD00126,2025-06-28,185,101,115,2,173
INV0001507,PROD00126,2025-07-28,173,101,115,2,161
INV0001508,PROD00126,2025-08-28,161,101,115,2,149
INV0001509,PROD00126,2025-09-28,149,101,115,2,137
INV0001510,PROD00126,2025-10-28,137,101,115,2,125
INV0001511,PROD00126,2025-11-28,125,101,115,2,113
INV0001512,PROD00126,2025-12-28,113,112,119,10,116
INV0001513,PROD00127,2025-01-28,137,86,110,4,117
INV0001514,PROD00127,2025-02-28,117,86,110,4,97
INV0001515,PROD00127,2025-03-28,97,86,110,4,77
INV0001516,PROD00127,2025-04-28,77,86,110,4,57
INV0001517,PROD00127,2025-05-28,57,86,110,4,37
INV0001518,PROD00127,2025-06-28,37,86,110,4,17
INV0001519,PROD00127,2025-07-28,17,86,107,4,0
INV0001520,PROD00127,2025-08-28,0,86,90,4,0
INV0001521,PROD00127,2025-09-28,0,86,90,4,0
INV0001522,PROD00127,2025-10-28,0,86,90,4,0
INV0001523,PROD00127,2025-11-28,0,86,90,4,0
INV0001524,PROD00127,2025-12-28,0,92,106,14,0
INV0001525,PROD00128,2025-01-28,139,149,99,3,192
INV0001526,PROD00128,2025-02-28,192,149,99,3,245
INV0001527,PROD00128,2025-03-28,245,149,99,3,298
INV0001528,PROD00128,2025-04-28,298,149,99,3,351
INV0001529,PROD00128,2025-05-28,351,149,99,3,404
INV0001530,PROD00128,2025-06-28,404,149,99,3,457
INV0001531,PROD00128,2025-07-28,457,149,99,3,510
INV0001532,PROD00128,2025-08-28,510,149,99,3,563
INV0001533,PROD00128,2025-09-28,563,149,99,3,616
INV0001534,PROD00128,2025-10-28,616,149,99,3,669
INV0001535,PROD00128,2025-11-28,669,149,99,3,722
INV0001536,PROD00128,2025-12-28,722,154,104,7,779
INV0001537,PROD00129,2025-01-28,215,55,112,5,163
INV0001538,PROD00129,2025-02-28,163,55,112,5,111
INV0001539,PROD00129,2025-03-28,111,55,112,5,59
INV0001540,PROD00129,2025-04-28,59,55,112,5,7
INV0001541,PROD00129,2025-05-28,7,55,67,5,0
INV0001542,PROD00129,2025-06-28,0,55,60,5,0
INV0001543,PROD00129,2025-07-28,0,55,60,5,0
INV0001544,PROD00129,2025-08-28,0,55,60,5,0
INV0001545,PROD00129,2025-09-28,0,55,60,5,0
INV0001546,PROD00129,2025-10-28,0,55,60,5,0
INV0001547,PROD00129,2025-11-28,0,55,60,5,0
INV0001548,PROD00129,2025-12-28,0,61,68,7,0
INV0001549,PROD00130,2025-01-28,112,156,127,5,146
INV0001550,PROD00130,2025-02-28,146,156,127,5,180
INV0001551,PROD00130,2025-03-28,180,156,127,5,214
INV0001552,PROD00130,2025-04-28,214,156,127,5,248
INV0001553,PROD00130,2025-05-28,248,156,127,5,282
INV0001554,PROD00130,2025-06-28,282,156,127,5,316
INV0001555,PROD00130,2025-07-28,316,156,127,5,350
INV0001556,PROD00130,2025-08-28,350,156,127,5,384
INV0001557,PROD00130,2025-09-28,384,156,127,5,418
INV0001558,PROD00130,2025-10-28,418,156,127,5,452
INV0001559,PROD00130,2025-11-28,452,156,127,5,486
INV0001560,PROD00130,2025-12-28,486,158,128,11,527
INV0001561,PROD00131,2025-01-28,163,192,122,2,235
INV0001562,PROD00131,2025-02-28,235,192,122,2,307
INV0001563,PROD00131,2025-03-28,307,192,122,2,379
INV0001564,PROD00131,2025-04-28,379,192,122,2,451
INV0001565,PROD00131,2025-05-28,451,192,122,2,523
INV0001566,PROD00131,2025-06-28,523,192,122,2,595
INV0001567,PROD00131,2025-07-28,595,192,122,2,667
INV0001568,PROD00131,2025-08-28,667,192,122,2,739
INV0001569,PROD00131,2025-09-28,739,192,122,2,811
INV0001570,PROD00131,2025-10-28,811,192,122,2,883
INV0001571,PROD00131,2025-11-28,883,192,122,2,955
INV0001572,PROD00131,2025-12-28,955,199,132,9,1031
INV0001573,PROD00132,2025-01-28,82,195,121,2,158
INV0001574,PROD00132,2025-02-28,158,195,121,2,234
INV0001575,PROD00132,2025-03-28,234,195,121,2,310
INV0001576,PROD00132,2025-04-28,310,195,121,2,386
INV0001577,PROD00132,2025-05-28,386,195,121,2,462
INV0001578,PROD00132,2025-06-28,462,195,121,2,538
INV0001579,PROD00132,2025-07-28,538,195,121,2,614
INV0001580,PROD00132,2025-08-28,614,195,121,2,690
INV0001581,PROD00132,2025-09-28,690,195,121,2,766
INV0001582,PROD00132,2025-10-28,766,195,121,2,842
INV0001583,PROD00132,2025-11-28,842,195,121,2,918
INV0001584,PROD00132,2025-12-28,918,201,128,5,996
INV0001585,PROD00133,2025-01-28,105,297,112,2,292
INV0001586,PROD00133,2025-02-28,292,297,112,2,479
INV0001587,PROD00133,2025-03-28,479,297,112,2,666
INV0001588,PROD00133,2025-04-28,666,297,112,2,853
INV0001589,PROD00133,2025-05-28,853,297,112,2,1040
INV0001590,PROD00133,2025-06-28,1040,297,112,2,1227
INV0001591,PROD00133,2025-07-28,1227,297,112,2,1414
INV0001592,PROD00133,2025-08-28,1414,297,112,2,1601
INV0001593,PROD00133,2025-09-28,1601,297,112,2,1788
INV0001594,PROD00133,2025-10-28,1788,297,112,2,1975
INV0001595,PROD00133,2025-11-28,1975,297,112,2,2162
INV0001596,PROD00133,2025-12-28,2162,303,119,5,2351
INV0001597,PROD00134,2025-01-28,117,60,113,2,66
INV0001598,PROD00134,2025-02-28,66,60,113,2,15
INV0001599,PROD00134,2025-03-28,15,60,77,2,0
INV0001600,PROD00134,2025-04-28,0,60,62,2,0
INV0001601,PROD00134,2025-05-28,0,60,62,2,0
INV0001602,PROD00134,2025-06-28,0,60,62,2,0
INV0001603,PROD00134,2025-07-28,0,60,62,2,0
INV0001604,PROD00134,2025-08-28,0,60,62,2,0
INV0001605,PROD00134,2025-09-28,0,60,62,2,0
INV0001606,PROD00134,2025-10-28,0,60,62,2,0
INV0001607,PROD00134,2025-11-28,0,60,62,2,0
INV0001608,PROD00134,2025-12-28,0,70,81,11,0
INV0001609,PROD00135,2025-01-28,145,248,112,2,283
INV0001610,PROD00135,2025-02-28,283,248,112,2,421
INV0001611,PROD00135,2025-03-28,421,248,112,2,559
INV0001612,PROD00135,2025-04-28,559,248,112,2,697
INV0001613,PROD00135,2025-05-28,697,248,112,2,835
INV0001614,PROD00135,2025-06-28,835,248,112,2,973
INV0001615,PROD00135,2025-07-28,973,248,112,2,1111
INV0001616,PROD00135,2025-08-28,1111,248,112,2,1249
INV0001617,PROD00135,2025-09-28,1249,248,112,2,1387
INV0001618,PROD00135,2025-10-28,1387,248,112,2,1525
INV0001619,PROD00135,2025-11-28,1525,248,112,2,1663
INV0001620,PROD00135,2025-12-28,1663,249,121,10,1801
INV0001621,PROD00136,2025-01-28,113,194,119,2,190
INV0001622,PROD00136,2025-02-28,190,194,119,2,267
INV0001623,PROD00136,2025-03-28,267,194,119,2,344
INV0001624,PROD00136,2025-04-28,344,194,119,2,421
INV0001625,PROD00136,2025-05-28,421,194,119,2,498
INV0001626,PROD00136,2025-06-28,498,194,119,2,575
INV0001627,PROD00136,2025-07-28,575,194,119,2,652
INV0001628,PROD00136,2025-08-28,652,194,119,2,729
INV0001629,PROD00136,2025-09-28,729,194,119,2,806
INV0001630,PROD00136,2025-10-28,806,194,119,2,883
INV0001631,PROD00136,2025-11-28,883,194,119,2,960
INV0001632,PROD00136,2025-12-28,960,200,126,9,1043
INV0001633,PROD00137,2025-01-28,121,217,137,3,204
INV0001634,PROD00137,2025-02-28,204,217,137,3,287
INV0001635,PROD00137,2025-03-28,287,217,137,3,370
INV0001636,PROD00137,2025-04-28,370,217,137,3,453
INV0001637,PROD00137,2025-05-28,453,217,137,3,536
INV0001638,PROD00137,2025-06-28,536,217,137,3,619
INV0001639,PROD00137,2025-07-28,619,217,137,3,702
INV0001640,PROD00137,2025-08-28,702,217,137,3,785
INV0001641,PROD00137,2025-09-28,785,217,137,3,868
INV0001642,PROD00137,2025-10-28,868,217,137,3,951
INV0001643,PROD00137,2025-11-28,951,217,137,3,1034
INV0001644,PROD00137,2025-12-28,1034,227,145,9,1125
INV0001645,PROD00138,2025-01-28,151,246,108,1,290
INV0001646,PROD00138,2025-02-28,290,246,108,1,429
INV0001647,PROD00138,2025-03-28,429,246,108,1,568
INV0001648,PROD00138,2025-04-28,568,246,108,1,707
INV0001649,PROD00138,2025-05-28,707,246,108,1,846
INV0001650,PROD00138,2025-06-28,846,246,108,1,985
INV0001651,PROD00138,2025-07-28,985,246,108,1,1124
INV0001652,PROD00138,2025-08-28,1124,246,108,1,1263
INV0001653,PROD00138,2025-09-28,1263,246,108,1,1402
INV0001654,PROD00138,2025-10-28,1402,246,108,1,1541
INV0001655,PROD00138,2025-11-28,1541,246,108,1,1680
INV0001656,PROD00138,2025-12-28,1680,251,119,12,1824
INV0001657,PROD00139,2025-01-28,60,16,79,3,0
INV0001658,PROD00139,2025-02-28,0,16,19,3,0
INV0001659,PROD00139,2025-03-28,0,16,19,3,0
INV0001660,PROD00139,2025-04-28,0,16,19,3,0
INV0001661,PROD00139,2025-05-28,0,16,19,3,0
INV0001662,PROD00139,2025-06-28,0,16,19,3,0
INV0001663,PROD00139,2025-07-28,0,16,19,3,0
INV0001664,PROD00139,2025-08-28,0,16,19,3,0
INV0001665,PROD00139,2025-09-28,0,16,19,3,0
INV0001666,PROD00139,2025-10-28,0,16,19,3,0
INV0001667,PROD00139,2025-11-28,0,16,19,3,0
INV0001668,PROD00139,2025-12-28,0,18,25,7,0
INV0001669,PROD00140,2025-01-28,136,30,109,2,59
INV0001670,PROD00140,2025-02-28,59,30,91,2,0
INV0001671,PROD00140,2025-03-28,0,30,32,2,0
INV0001672,PROD00140,2025-04-28,0,30,32,2,0
INV0001673,PROD00140,2025-05-28,0,30,32,2,0
INV0001674,PROD00140,2025-06-28,0,30,32,2,0
INV0001675,PROD00140,2025-07-28,0,30,32,2,0
INV0001676,PROD00140,2025-08-28,0,30,32,2,0
INV0001677,PROD00140,2025-09-28,0,30,32,2,0
INV0001678,PROD00140,2025-10-28,0,30,32,2,0
INV0001679,PROD00140,2025-11-28,0,30,32,2,0
INV0001680,PROD00140,2025-12-28,0,36,43,7,0
INV0001681,PROD00141,2025-01-28,189,160,130,2,221
INV0001682,PROD00141,2025-02-28,221,160,130,2,253
INV0001683,PROD00141,2025-03-28,253,160,130,2,285
INV0001684,PROD00141,2025-04-28,285,160,130,2,317
INV0001685,PROD00141,2025-05-28,317,160,130,2,349
INV0001686,PROD00141,2025-06-28,349,160,130,2,381
INV0001687,PROD00141,2025-07-28,381,160,130,2,413
INV0001688,PROD00141,2025-08-28,413,160,130,2,445
INV0001689,PROD00141,2025-09-28,445,160,130,2,477
INV0001690,PROD00141,2025-10-28,477,160,130,2,509
INV0001691,PROD00141,2025-11-28,509,160,130,2,541
INV0001692,PROD00141,2025-12-28,541,162,133,5,575
INV0001693,PROD00142,2025-01-28,98,0,99,1,0
INV0001694,PROD00142,2025-02-28,0,0,1,1,0
INV0001695,PROD00142,2025-03-28,0,0,1,1,0
INV0001696,PROD00142,2025-04-28,0,0,1,1,0
INV0001697,PROD00142,2025-05-28,0,0,1,1,0
INV0001698,PROD00142,2025-06-28,0,0,1,1,0
INV0001699,PROD00142,2025-07-28,0,0,1,1,0
INV0001700,PROD00142,2025-08-28,0,0,1,1,0
INV0001701,PROD00142,2025-09-28,0,0,1,1,0
INV0001702,PROD00142,2025-10-28,0,0,1,1,0
INV0001703,PROD00142,2025-11-28,0,0,1,1,0
INV0001704,PROD00142,2025-12-28,0,0,4,4,0
INV0001705,PROD00143,2025-01-28,188,268,125,2,333
INV0001706,PROD00143,2025-02-28,333,268,125,2,478
INV0001707,PROD00143,2025-03-28,478,268,125,2,623
INV0001708,PROD00143,2025-04-28,623,268,125,2,768
INV0001709,PROD00143,2025-05-28,768,268,125,2,913
INV0001710,PROD00143,2025-06-28,913,268,125,2,1058
INV0001711,PROD00143,2025-07-28,1058,268,125,2,1203
INV0001712,PROD00143,2025-08-28,1203,268,125,2,1348
INV0001713,PROD00143,2025-09-28,1348,268,125,2,1493
INV0001714,PROD00143,2025-10-28,1493,268,125,2,1638
INV0001715,PROD00143,2025-11-28,1638,268,125,2,1783
INV0001716,PROD00143,2025-12-28,1783,269,134,12,1930
INV0001717,PROD00144,2025-01-28,247,146,122,3,274
INV0001718,PROD00144,2025-02-28,274,146,122,3,301
INV0001719,PROD00144,2025-03-28,301,146,122,3,328
INV0001720,PROD00144,2025-04-28,328,146,122,3,355
INV0001721,PROD00144,2025-05-28,355,146,122,3,382
INV0001722,PROD00144,2025-06-28,382,146,122,3,409
INV0001723,PROD00144,2025-07-28,409,146,122,3,436
INV0001724,PROD00144,2025-08-28,436,146,122,3,463
INV0001725,PROD00144,2025-09-28,463,146,122,3,490
INV0001726,PROD00144,2025-10-28,490,146,122,3,517
INV0001727,PROD00144,2025-11-28,517,146,122,3,544
INV0001728,PROD00144,2025-12-28,544,155,126,4,577
INV0001729,PROD00145,2025-01-28,185,220,98,4,311
INV0001730,PROD00145,2025-02-28,311,220,98,4,437
INV0001731,PROD00145,2025-03-28,437,220,98,4,563
INV0001732,PROD00145,2025-04-28,563,220,98,4,689
INV0001733,PROD00145,2025-05-28,689,220,98,4,815
INV0001734,PROD00145,2025-06-28,815,220,98,4,941
INV0001735,PROD00145,2025-07-28,941,220,98,4,1067
INV0001736,PROD00145,2025-08-28,1067,220,98,4,1193
INV0001737,PROD00145,2025-09-28,1193,220,98,4,1319
INV0001738,PROD00145,2025-10-28,1319,220,98,4,1445
INV0001739,PROD00145,2025-11-28,1445,220,98,4,1571
INV0001740,PROD00145,2025-12-28,1571,225,107,6,1695
INV0001741,PROD00146,2025-01-28,192,127,106,4,217
INV0001742,PROD00146,2025-02-28,217,127,106,4,242
INV0001743,PROD00146,2025-03-28,242,127,106,4,267
INV0001744,PROD00146,2025-04-28,267,127,106,4,292
INV0001745,PROD00146,2025-05-28,292,127,106,4,317
INV0001746,PROD00146,2025-06-28,317,127,106,4,342
INV0001747,PROD00146,2025-07-28,342,127,106,4,367
INV0001748,PROD00146,2025-08-28,367,127,106,4,392
INV0001749,PROD00146,2025-09-28,392,127,106,4,417
INV0001750,PROD00146,2025-10-28,417,127,106,4,442
INV0001751,PROD00146,2025-11-28,442,127,106,4,467
INV0001752,PROD00146,2025-12-28,467,130,108,11,500
INV0001753,PROD00147,2025-01-28,234,207,116,2,327
INV0001754,PROD00147,2025-02-28,327,207,116,2,420
INV0001755,PROD00147,2025-03-28,420,207,116,2,513
INV0001756,PROD00147,2025-04-28,513,207,116,2,606
INV0001757,PROD00147,2025-05-28,606,207,116,2,699
INV0001758,PROD00147,2025-06-28,699,207,116,2,792
INV0001759,PROD00147,2025-07-28,792,207,116,2,885
INV0001760,PROD00147,2025-08-28,885,207,116,2,978
INV0001761,PROD00147,2025-09-28,978,207,116,2,1071
INV0001762,PROD00147,2025-10-28,1071,207,116,2,1164
INV0001763,PROD00147,2025-11-28,1164,207,116,2,1257
INV0001764,PROD00147,2025-12-28,1257,215,127,6,1351
INV0001765,PROD00148,2025-01-28,219,191,124,5,291
INV0001766,PROD00148,2025-02-28,291,191,124,5,363
INV0001767,PROD00148,2025-03-28,363,191,124,5,435
INV0001768,PROD00148,2025-04-28,435,191,124,5,507
INV0001769,PROD00148,2025-05-28,507,191,124,5,579
INV0001770,PROD00148,2025-06-28,579,191,124,5,651
INV0001771,PROD00148,2025-07-28,651,191,124,5,723
INV0001772,PROD00148,2025-08-28,723,191,124,5,795
INV0001773,PROD00148,2025-09-28,795,191,124,5,867
INV0001774,PROD00148,2025-10-28,867,191,124,5,939
INV0001775,PROD00148,2025-11-28,939,191,124,5,1011
INV0001776,PROD00148,2025-12-28,1011,202,127,8,1094
INV0001777,PROD00149,2025-01-28,202,101,117,2,188
INV0001778,PROD00149,2025-02-28,188,101,117,2,174
INV0001779,PROD00149,2025-03-28,174,101,117,2,160
INV0001780,PROD00149,2025-04-28,160,101,117,2,146
INV0001781,PROD00149,2025-05-28,146,101,117,2,132
INV0001782,PROD00149,2025-06-28,132,101,117,2,118
INV0001783,PROD00149,2025-07-28,118,101,117,2,104
INV0001784,PROD00149,2025-08-28,104,101,117,2,90
INV0001785,PROD00149,2025-09-28,90,101,117,2,76
INV0001786,PROD00149,2025-10-28,76,101,117,2,62
INV0001787,PROD00149,2025-11-28,62,101,117,2,48
INV0001788,PROD00149,2025-12-28,48,104,121,8,39
INV0001789,PROD00150,2025-01-28,60,71,112,1,20
INV0001790,PROD00150,2025-02-28,20,71,92,1,0
INV0001791,PROD00150,2025-03-28,0,71,72,1,0
INV0001792,PROD00150,2025-04-28,0,71,72,1,0
INV0001793,PROD00150,2025-05-28,0,71,72,1,0
INV0001794,PROD00150,2025-06-28,0,71,72,1,0
INV0001795,PROD00150,2025-07-28,0,71,72,1,0
INV0001796,PROD00150,2025-08-28,0,71,72,1,0
INV0001797,PROD00150,2025-09-28,0,71,72,1,0
INV0001798,PROD00150,2025-10-28,0,71,72,1,0
INV0001799,PROD00150,2025-11-28,0,71,72,1,0
INV0001800,PROD00150,2025-12-28,0,78,88,10,0
INV0001801,PROD00151,2025-01-28,62,47,103,2,8
INV0001802,PROD00151,2025-02-28,8,47,57,2,0
INV0001803,PROD00151,2025-03-28,0,47,49,2,0
INV0001804,PROD00151,2025-04-28,0,47,49,2,0
INV0001805,PROD00151,2025-05-28,0,47,49,2,0
INV0001806,PROD00151,2025-06-28,0,47,49,2,0
INV0001807,PROD00151,2025-07-28,0,47,49,2,0
INV0001808,PROD00151,2025-08-28,0,47,49,2,0
INV0001809,PROD00151,2025-09-28,0,47,49,2,0
INV0001810,PROD00151,2025-10-28,0,47,49,2,0
INV0001811,PROD00151,2025-11-28,0,47,49,2,0
INV0001812,PROD00151,2025-12-28,0,54,60,6,0
INV0001813,PROD00152,2025-01-28,197,269,117,2,351
INV0001814,PROD00152,2025-02-28,351,269,117,2,505
INV0001815,PROD00152,2025-03-28,505,269,117,2,659
INV0001816,PROD00152,2025-04-28,659,269,117,2,813
INV0001817,PROD00152,2025-05-28,813,269,117,2,967
INV0001818,PROD00152,2025-06-28,967,269,117,2,1121
INV0001819,PROD00152,2025-07-28,1121,269,117,2,1275
INV0001820,PROD00152,2025-08-28,1275,269,117,2,1429
INV0001821,PROD00152,2025-09-28,1429,269,117,2,1583
INV0001822,PROD00152,2025-10-28,1583,269,117,2,1737
INV0001823,PROD00152,2025-11-28,1737,269,117,2,1891
INV0001824,PROD00152,2025-12-28,1891,280,123,8,2056
INV0001825,PROD00153,2025-01-28,135,98,119,4,118
INV0001826,PROD00153,2025-02-28,118,98,119,4,101
INV0001827,PROD00153,2025-03-28,101,98,119,4,84
INV0001828,PROD00153,2025-04-28,84,98,119,4,67
INV0001829,PROD00153,2025-05-28,67,98,119,4,50
INV0001830,PROD00153,2025-06-28,50,98,119,4,33
INV0001831,PROD00153,2025-07-28,33,98,119,4,16
INV0001832,PROD00153,2025-08-28,16,98,118,4,0
INV0001833,PROD00153,2025-09-28,0,98,102,4,0
INV0001834,PROD00153,2025-10-28,0,98,102,4,0
INV0001835,PROD00153,2025-11-28,0,98,102,4,0
INV0001836,PROD00153,2025-12-28,0,106,120,14,0
INV0001837,PROD00154,2025-01-28,222,11,103,1,131
INV0001838,PROD00154,2025-02-28,131,11,103,1,40
INV0001839,PROD00154,2025-03-28,40,11,52,1,0
INV0001840,PROD00154,2025-04-28,0,11,12,1,0
INV0001841,PROD00154,2025-05-28,0,11,12,1,0
INV0001842,PROD00154,2025-06-28,0,11,12,1,0
INV0001843,PROD00154,2025-07-28,0,11,12,1,0
INV0001844,PROD00154,2025-08-28,0,11,12,1,0
INV0001845,PROD00154,2025-09-28,0,11,12,1,0
INV0001846,PROD00154,2025-10-28,0,11,12,1,0
INV0001847,PROD00154,2025-11-28,0,11,12,1,0
INV0001848,PROD00154,2025-12-28,0,20,29,9,0
INV0001849,PROD00155,2025-01-28,70,215,118,3,170
INV0001850,PROD00155,2025-02-28,170,215,118,3,270
INV0001851,PROD00155,2025-03-28,270,215,118,3,370
INV0001852,PROD00155,2025-04-28,370,215,118,3,470
INV0001853,PROD00155,2025-05-28,470,215,118,3,570
INV0001854,PROD00155,2025-06-28,570,215,118,3,670
INV0001855,PROD00155,2025-07-28,670,215,118,3,770
INV0001856,PROD00155,2025-08-28,770,215,118,3,870
INV0001857,PROD00155,2025-09-28,870,215,118,3,970
INV0001858,PROD00155,2025-10-28,970,215,118,3,1070
INV0001859,PROD00155,2025-11-28,1070,215,118,3,1170
INV0001860,PROD00155,2025-12-28,1170,224,120,13,1287
INV0001861,PROD00156,2025-01-28,222,81,122,4,185
INV0001862,PROD00156,2025-02-28,185,81,122,4,148
INV0001863,PROD00156,2025-03-28,148,81,122,4,111
INV0001864,PROD00156,2025-04-28,111,81,122,4,74
INV0001865,PROD00156,2025-05-28,74,81,122,4,37
INV0001866,PROD00156,2025-06-28,37,81,122,4,0
INV0001867,PROD00156,2025-07-28,0,81,85,4,0
INV0001868,PROD00156,2025-08-28,0,81,85,4,0
INV0001869,PROD00156,2025-09-28,0,81,85,4,0
INV0001870,PROD00156,2025-10-28,0,81,85,4,0
INV0001871,PROD00156,2025-11-28,0,81,85,4,0
INV0001872,PROD00156,2025-12-28,0,83,88,5,0
INV0001873,PROD00157,2025-01-28,140,15,126,4,33
INV0001874,PROD00157,2025-02-28,33,15,52,4,0
INV0001875,PROD00157,2025-03-28,0,15,19,4,0
INV0001876,PROD00157,2025-04-28,0,15,19,4,0
INV0001877,PROD00157,2025-05-28,0,15,19,4,0
INV0001878,PROD00157,2025-06-28,0,15,19,4,0
INV0001879,PROD00157,2025-07-28,0,15,19,4,0
INV0001880,PROD00157,2025-08-28,0,15,19,4,0
INV0001881,PROD00157,2025-09-28,0,15,19,4,0
INV0001882,PROD00157,2025-10-28,0,15,19,4,0
INV0001883,PROD00157,2025-11-28,0,15,19,4,0
INV0001884,PROD00157,2025-12-28,0,18,23,5,0
INV0001885,PROD00158,2025-01-28,202,35,114,3,126
INV0001886,PROD00158,2025-02-28,126,35,114,3,50
INV0001887,PROD00158,2025-03-28,50,35,88,3,0
INV0001888,PROD00158,2025-04-28,0,35,38,3,0
INV0001889,PROD00158,2025-05-28,0,35,38,3,0
INV0001890,PROD00158,2025-06-28,0,35,38,3,0
INV0001891,PROD00158,2025-07-28,0,35,38,3,0
INV0001892,PROD00158,2025-08-28,0,35,38,3,0
INV0001893,PROD00158,2025-09-28,0,35,38,3,0
INV0001894,PROD00158,2025-10-28,0,35,38,3,0
INV0001895,PROD00158,2025-11-28,0,35,38,3,0
INV0001896,PROD00158,2025-12-28,0,43,53,10,0
INV0001897,PROD00159,2025-01-28,107,279,124,2,264
INV0001898,PROD00159,2025-02-28,264,279,124,2,421
INV0001899,PROD00159,2025-03-28,421,279,124,2,578
INV0001900,PROD00159,2025-04-28,578,279,124,2,735
INV0001901,PROD00159,2025-05-28,735,279,124,2,892
INV0001902,PROD00159,2025-06-28,892,279,124,2,1049
INV0001903,PROD00159,2025-07-28,1049,279,124,2,1206
INV0001904,PROD00159,2025-08-28,1206,279,124,2,1363
INV0001905,PROD00159,2025-09-28,1363,279,124,2,1520
INV0001906,PROD00159,2025-10-28,1520,279,124,2,1677
INV0001907,PROD00159,2025-11-28,1677,279,124,2,1834
INV0001908,PROD00159,2025-12-28,1834,288,132,6,1996
INV0001909,PROD00160,2025-01-28,123,134,108,2,151
INV0001910,PROD00160,2025-02-28,151,134,108,2,179
INV0001911,PROD00160,2025-03-28,179,134,108,2,207
INV0001912,PROD00160,2025-04-28,207,134,108,2,235
INV0001913,PROD00160,2025-05-28,235,134,108,2,263
INV0001914,PROD00160,2025-06-28,263,134,108,2,291
INV0001915,PROD00160,2025-07-28,291,134,108,2,319
INV0001916,PROD00160,2025-08-28,319,134,108,2,347
INV0001917,PROD00160,2025-09-28,347,134,108,2,375
INV0001918,PROD00160,2025-10-28,375,134,108,2,403
INV0001919,PROD00160,2025-11-28,403,134,108,2,431
INV0001920,PROD00160,2025-12-28,431,145,117,11,470
INV0001921,PROD00161,2025-01-28,143,44,113,4,78
INV0001922,PROD00161,2025-02-28,78,44,113,4,13
INV0001923,PROD00161,2025-03-28,13,44,61,4,0
INV0001924,PROD00161,2025-04-28,0,44,48,4,0
INV0001925,PROD00161,2025-05-28,0,44,48,4,0
INV0001926,PROD00161,2025-06-28,0,44,48,4,0
INV0001927,PROD00161,2025-07-28,0,44,48,4,0
INV0001928,PROD00161,2025-08-28,0,44,48,4,0
INV0001929,PROD00161,2025-09-28,0,44,48,4,0
INV0001930,PROD00161,2025-10-28,0,44,48,4,0
INV0001931,PROD00161,2025-11-28,0,44,48,4,0
INV0001932,PROD00161,2025-12-28,0,44,50,6,0
INV0001933,PROD00162,2025-01-28,168,235,112,4,295
INV0001934,PROD00162,2025-02-28,295,235,112,4,422
INV0001935,PROD00162,2025-03-28,422,235,112,4,549
INV0001936,PROD00162,2025-04-28,549,235,112,4,676
INV0001937,PROD00162,2025-05-28,676,235,112,4,803
INV0001938,PROD00162,2025-06-28,803,235,112,4,930
INV0001939,PROD00162,2025-07-28,930,235,112,4,1057
INV0001940,PROD00162,2025-08-28,1057,235,112,4,1184
INV0001941,PROD00162,2025-09-28,1184,235,112,4,1311
INV0001942,PROD00162,2025-10-28,1311,235,112,4,1438
INV0001943,PROD00162,2025-11-28,1438,235,112,4,1565
INV0001944,PROD00162,2025-12-28,1565,238,118,4,1689
INV0001945,PROD00163,2025-01-28,205,111,109,2,209
INV0001946,PROD00163,2025-02-28,209,111,109,2,213
INV0001947,PROD00163,2025-03-28,213,111,109,2,217
INV0001948,PROD00163,2025-04-28,217,111,109,2,221
INV0001949,PROD00163,2025-05-28,221,111,109,2,225
INV0001950,PROD00163,2025-06-28,225,111,109,2,229
INV0001951,PROD00163,2025-07-28,229,111,109,2,233
INV0001952,PROD00163,2025-08-28,233,111,109,2,237
INV0001953,PROD00163,2025-09-28,237,111,109,2,241
INV0001954,PROD00163,2025-10-28,241,111,109,2,245
INV0001955,PROD00163,2025-11-28,245,111,109,2,249
INV0001956,PROD00163,2025-12-28,249,118,115,2,254
INV0001957,PROD00164,2025-01-28,219,27,116,2,132
INV0001958,PROD00164,2025-02-28,132,27,116,2,45
INV0001959,PROD00164,2025-03-28,45,27,74,2,0
INV0001960,PROD00164,2025-04-28,0,27,29,2,0
INV0001961,PROD00164,2025-05-28,0,27,29,2,0
INV0001962,PROD00164,2025-06-28,0,27,29,2,0
INV0001963,PROD00164,2025-07-28,0,27,29,2,0
INV0001964,PROD00164,2025-08-28,0,27,29,2,0
INV0001965,PROD00164,2025-09-28,0,27,29,2,0
INV0001966,PROD00164,2025-10-28,0,27,29,2,0
INV0001967,PROD00164,2025-11-28,0,27,29,2,0
INV0001968,PROD00164,2025-12-28,0,38,46,8,0
INV0001969,PROD00165,2025-01-28,145,226,116,3,258
INV0001970,PROD00165,2025-02-28,258,226,116,3,371
INV0001971,PROD00165,2025-03-28,371,226,116,3,484
INV0001972,PROD00165,2025-04-28,484,226,116,3,597
INV0001973,PROD00165,2025-05-28,597,226,116,3,710
INV0001974,PROD00165,2025-06-28,710,226,116,3,823
INV0001975,PROD00165,2025-07-28,823,226,116,3,936
INV0001976,PROD00165,2025-08-28,936,226,116,3,1049
INV0001977,PROD00165,2025-09-28,1049,226,116,3,1162
INV0001978,PROD00165,2025-10-28,1162,226,116,3,1275
INV0001979,PROD00165,2025-11-28,1275,226,116,3,1388
INV0001980,PROD00165,2025-12-28,1388,227,116,8,1507
INV0001981,PROD00166,2025-01-28,77,193,108,3,165
INV0001982,PROD00166,2025-02-28,165,193,108,3,253
INV0001983,PROD00166,2025-03-28,253,193,108,3,341
INV0001984,PROD00166,2025-04-28,341,193,108,3,429
INV0001985,PROD00166,2025-05-28,429,193,108,3,517
INV0001986,PROD00166,2025-06-28,517,193,108,3,605
INV0001987,PROD00166,2025-07-28,605,193,108,3,693
INV0001988,PROD00166,2025-08-28,693,193,108,3,781
INV0001989,PROD00166,2025-09-28,781,193,108,3,869
INV0001990,PROD00166,2025-10-28,869,193,108,3,957
INV0001991,PROD00166,2025-11-28,957,193,108,3,1045
INV0001992,PROD00166,2025-12-28,1045,194,116,7,1130
INV0001993,PROD00167,2025-01-28,163,288,124,2,329
INV0001994,PROD00167,2025-02-28,329,288,124,2,495
INV0001995,PROD00167,2025-03-28,495,288,124,2,661
INV0001996,PROD00167,2025-04-28,661,288,124,2,827
INV0001997,PROD00167,2025-05-28,827,288,124,2,993
INV0001998,PROD00167,2025-06-28,993,288,124,2,1159
INV0001999,PROD00167,2025-07-28,1159,288,124,2,1325
INV0002000,PROD00167,2025-08-28,1325,288,124,2,1491
INV0002001,PROD00167,2025-09-28,1491,288,124,2,1657
INV0002002,PROD00167,2025-10-28,1657,288,124,2,1823
INV0002003,PROD00167,2025-11-28,1823,288,124,2,1989
INV0002004,PROD00167,2025-12-28,1989,293,133,5,2154
INV0002005,PROD00168,2025-01-28,136,95,113,1,119
INV0002006,PROD00168,2025-02-28,119,95,113,1,102
INV0002007,PROD00168,2025-03-28,102,95,113,1,85
INV0002008,PROD00168,2025-04-28,85,95,113,1,68
INV0002009,PROD00168,2025-05-28,68,95,113,1,51
INV0002010,PROD00168,2025-06-28,51,95,113,1,34
INV0002011,PROD00168,2025-07-28,34,95,113,1,17
INV0002012,PROD00168,2025-08-28,17,95,113,1,0
INV0002013,PROD00168,2025-09-28,0,95,96,1,0
INV0002014,PROD00168,2025-10-28,0,95,96,1,0
INV0002015,PROD00168,2025-11-28,0,95,96,1,0
INV0002016,PROD00168,2025-12-28,0,100,108,8,0
INV0002017,PROD00169,2025-01-28,177,249,111,2,317
INV0002018,PROD00169,2025-02-28,317,249,111,2,457
INV0002019,PROD00169,2025-03-28,457,249,111,2,597
INV0002020,PROD00169,2025-04-28,597,249,111,2,737
INV0002021,PROD00169,2025-05-28,737,249,111,2,877
INV0002022,PROD00169,2025-06-28,877,249,111,2,1017
INV0002023,PROD00169,2025-07-28,1017,249,111,2,1157
INV0002024,PROD00169,2025-08-28,1157,249,111,2,1297
INV0002025,PROD00169,2025-09-28,1297,249,111,2,1437
INV0002026,PROD00169,2025-10-28,1437,249,111,2,1577
INV0002027,PROD00169,2025-11-28,1577,249,111,2,1717
INV0002028,PROD00169,2025-12-28,1717,254,120,12,1863
INV0002029,PROD00170,2025-01-28,179,100,113,3,169
INV0002030,PROD00170,2025-02-28,169,100,113,3,159
INV0002031,PROD00170,2025-03-28,159,100,113,3,149
INV0002032,PROD00170,2025-04-28,149,100,113,3,139
INV0002033,PROD00170,2025-05-28,139,100,113,3,129
INV0002034,PROD00170,2025-06-28,129,100,113,3,119
INV0002035,PROD00170,2025-07-28,119,100,113,3,109
INV0002036,PROD00170,2025-08-28,109,100,113,3,99
INV0002037,PROD00170,2025-09-28,99,100,113,3,89
INV0002038,PROD00170,2025-10-28,89,100,113,3,79
INV0002039,PROD00170,2025-11-28,79,100,113,3,69
INV0002040,PROD00170,2025-12-28,69,101,122,13,61
INV0002041,PROD00171,2025-01-28,151,0,114,1,38
INV0002042,PROD00171,2025-02-28,38,0,39,1,0
INV0002043,PROD00171,2025-03-28,0,0,1,1,0
INV0002044,PROD00171,2025-04-28,0,0,1,1,0
INV0002045,PROD00171,2025-05-28,0,0,1,1,0
INV0002046,PROD00171,2025-06-28,0,0,1,1,0
INV0002047,PROD00171,2025-07-28,0,0,1,1,0
INV0002048,PROD00171,2025-08-28,0,0,1,1,0
INV0002049,PROD00171,2025-09-28,0,0,1,1,0
INV0002050,PROD00171,2025-10-28,0,0,1,1,0
INV0002051,PROD00171,2025-11-28,0,0,1,1,0
INV0002052,PROD00171,2025-12-28,0,0,7,7,0
INV0002053,PROD00172,2025-01-28,242,194,116,3,323
INV0002054,PROD00172,2025-02-28,323,194,116,3,404
INV0002055,PROD00172,2025-03-28,404,194,116,3,485
INV0002056,PROD00172,2025-04-28,485,194,116,3,566
INV0002057,PROD00172,2025-05-28,566,194,116,3,647
INV0002058,PROD00172,2025-06-28,647,194,116,3,728
INV0002059,PROD00172,2025-07-28,728,194,116,3,809
INV0002060,PROD00172,2025-08-28,809,194,116,3,890
INV0002061,PROD00172,2025-09-28,890,194,116,3,971
INV0002062,PROD00172,2025-10-28,971,194,116,3,1052
INV0002063,PROD00172,2025-11-28,1052,194,116,3,1133
INV0002064,PROD00172,2025-12-28,1133,194,116,12,1223
INV0002065,PROD00173,2025-01-28,91,204,111,2,186
INV0002066,PROD00173,2025-02-28,186,204,111,2,281
INV0002067,PROD00173,2025-03-28,281,204,111,2,376
INV0002068,PROD00173,2025-04-28,376,204,111,2,471
INV0002069,PROD00173,2025-05-28,471,204,111,2,566
INV0002070,PROD00173,2025-06-28,566,204,111,2,661
INV0002071,PROD00173,2025-07-28,661,204,111,2,756
INV0002072,PROD00173,2025-08-28,756,204,111,2,851
INV0002073,PROD00173,2025-09-28,851,204,111,2,946
INV0002074,PROD00173,2025-10-28,946,204,111,2,1041
INV0002075,PROD00173,2025-11-28,1041,204,111,2,1136
INV0002076,PROD00173,2025-12-28,1136,209,117,8,1236
INV0002077,PROD00174,2025-01-28,149,169,98,4,224
INV0002078,PROD00174,2025-02-28,224,169,98,4,299
INV0002079,PROD00174,2025-03-28,299,169,98,4,374
INV0002080,PROD00174,2025-04-28,374,169,98,4,449
INV0002081,PROD00174,2025-05-28,449,169,98,4,524
INV0002082,PROD00174,2025-06-28,524,169,98,4,599
INV0002083,PROD00174,2025-07-28,599,169,98,4,674
INV0002084,PROD00174,2025-08-28,674,169,98,4,749
INV0002085,PROD00174,2025-09-28,749,169,98,4,824
INV0002086,PROD00174,2025-10-28,824,169,98,4,899
INV0002087,PROD00174,2025-11-28,899,169,98,4,974
INV0002088,PROD00174,2025-12-28,974,174,107,6,1047
INV0002089,PROD00175,2025-01-28,224,106,115,3,218
INV0002090,PROD00175,2025-02-28,218,106,115,3,212
INV0002091,PROD00175,2025-03-28,212,106,115,3,206
INV0002092,PROD00175,2025-04-28,206,106,115,3,200
INV0002093,PROD00175,2025-05-28,200,106,115,3,194
INV0002094,PROD00175,2025-06-28,194,106,115,3,188
INV0002095,PROD00175,2025-07-28,188,106,115,3,182
INV0002096,PROD00175,2025-08-28,182,106,115,3,176
INV0002097,PROD00175,2025-09-28,176,106,115,3,170
INV0002098,PROD00175,2025-10-28,170,106,115,3,164
INV0002099,PROD00175,2025-11-28,164,106,115,3,158
INV0002100,PROD00175,2025-12-28,158,112,125,3,148
INV0002101,PROD00176,2025-01-28,196,0,86,1,111
INV0002102,PROD00176,2025-02-28,111,0,86,1,26
INV0002103,PROD00176,2025-03-28,26,0,27,1,0
INV0002104,PROD00176,2025-04-28,0,0,1,1,0
INV0002105,PROD00176,2025-05-28,0,0,1,1,0
INV0002106,PROD00176,2025-06-28,0,0,1,1,0
INV0002107,PROD00176,2025-07-28,0,0,1,1,0
INV0002108,PROD00176,2025-08-28,0,0,1,1,0
INV0002109,PROD00176,2025-09-28,0,0,1,1,0
INV0002110,PROD00176,2025-10-28,0,0,1,1,0
INV0002111,PROD00176,2025-11-28,0,0,1,1,0
INV0002112,PROD00176,2025-12-28,0,0,7,7,0
INV0002113,PROD00177,2025-01-28,138,137,106,1,170
INV0002114,PROD00177,2025-02-28,170,137,106,1,202
INV0002115,PROD00177,2025-03-28,202,137,106,1,234
INV0002116,PROD00177,2025-04-28,234,137,106,1,266
INV0002117,PROD00177,2025-05-28,266,137,106,1,298
INV0002118,PROD00177,2025-06-28,298,137,106,1,330
INV0002119,PROD00177,2025-07-28,330,137,106,1,362
INV0002120,PROD00177,2025-08-28,362,137,106,1,394
INV0002121,PROD00177,2025-09-28,394,137,106,1,426
INV0002122,PROD00177,2025-10-28,426,137,106,1,458
INV0002123,PROD00177,2025-11-28,458,137,106,1,490
INV0002124,PROD00177,2025-12-28,490,137,110,10,527
INV0002125,PROD00178,2025-01-28,151,263,111,2,305
INV0002126,PROD00178,2025-02-28,305,263,111,2,459
INV0002127,PROD00178,2025-03-28,459,263,111,2,613
INV0002128,PROD00178,2025-04-28,613,263,111,2,767
INV0002129,PROD00178,2025-05-28,767,263,111,2,921
INV0002130,PROD00178,2025-06-28,921,263,111,2,1075
INV0002131,PROD00178,2025-07-28,1075,263,111,2,1229
INV0002132,PROD00178,2025-08-28,1229,263,111,2,1383
INV0002133,PROD00178,2025-09-28,1383,263,111,2,1537
INV0002134,PROD00178,2025-10-28,1537,263,111,2,1691
INV0002135,PROD00178,2025-11-28,1691,263,111,2,1845
INV0002136,PROD00178,2025-12-28,1845,266,121,5,1995
INV0002137,PROD00179,2025-01-28,106,116,117,2,107
INV0002138,PROD00179,2025-02-28,107,116,117,2,108
INV0002139,PROD00179,2025-03-28,108,116,117,2,109
INV0002140,PROD00179,2025-04-28,109,116,117,2,110
INV0002141,PROD00179,2025-05-28,110,116,117,2,111
INV0002142,PROD00179,2025-06-28,111,116,117,2,112
INV0002143,PROD00179,2025-07-28,112,116,117,2,113
INV0002144,PROD00179,2025-08-28,113,116,117,2,114
INV0002145,PROD00179,2025-09-28,114,116,117,2,115
INV0002146,PROD00179,2025-10-28,115,116,117,2,116
INV0002147,PROD00179,2025-11-28,116,116,117,2,117
INV0002148,PROD00179,2025-12-28,117,125,121,7,128
INV0002149,PROD00180,2025-01-28,130,37,104,3,66
INV0002150,PROD00180,2025-02-28,66,37,104,3,2
INV0002151,PROD00180,2025-03-28,2,37,42,3,0
INV0002152,PROD00180,2025-04-28,0,37,40,3,0
INV0002153,PROD00180,2025-05-28,0,37,40,3,0
INV0002154,PROD00180,2025-06-28,0,37,40,3,0
INV0002155,PROD00180,2025-07-28,0,37,40,3,0
INV0002156,PROD00180,2025-08-28,0,37,40,3,0
INV0002157,PROD00180,2025-09-28,0,37,40,3,0
INV0002158,PROD00180,2025-10-28,0,37,40,3,0
INV0002159,PROD00180,2025-11-28,0,37,40,3,0
INV0002160,PROD00180,2025-12-28,0,42,48,6,0
INV0002161,PROD00181,2025-01-28,244,89,120,6,219
INV0002162,PROD00181,2025-02-28,219,89,120,6,194
INV0002163,PROD00181,2025-03-28,194,89,120,6,169
INV0002164,PROD00181,2025-04-28,169,89,120,6,144
INV0002165,PROD00181,2025-05-28,144,89,120,6,119
INV0002166,PROD00181,2025-06-28,119,89,120,6,94
INV0002167,PROD00181,2025-07-28,94,89,120,6,69
INV0002168,PROD00181,2025-08-28,69,89,120,6,44
INV0002169,PROD00181,2025-09-28,44,89,120,6,19
INV0002170,PROD00181,2025-10-28,19,89,114,6,0
INV0002171,PROD00181,2025-11-28,0,89,95,6,0
INV0002172,PROD00181,2025-12-28,0,99,113,14,0
INV0002173,PROD00182,2025-01-28,76,235,117,2,196
INV0002174,PROD00182,2025-02-28,196,235,117,2,316
INV0002175,PROD00182,2025-03-28,316,235,117,2,436
INV0002176,PROD00182,2025-04-28,436,235,117,2,556
INV0002177,PROD00182,2025-05-28,556,235,117,2,676
INV0002178,PROD00182,2025-06-28,676,235,117,2,796
INV0002179,PROD00182,2025-07-28,796,235,117,2,916
INV0002180,PROD00182,2025-08-28,916,235,117,2,1036
INV0002181,PROD00182,2025-09-28,1036,235,117,2,1156
INV0002182,PROD00182,2025-10-28,1156,235,117,2,1276
INV0002183,PROD00182,2025-11-28,1276,235,117,2,1396
INV0002184,PROD00182,2025-12-28,1396,246,119,8,1531
INV0002185,PROD00183,2025-01-28,73,267,113,3,230
INV0002186,PROD00183,2025-02-28,230,267,113,3,387
INV0002187,PROD00183,2025-03-28,387,267,113,3,544
INV0002188,PROD00183,2025-04-28,544,267,113,3,701
INV0002189,PROD00183,2025-05-28,701,267,113,3,858
INV0002190,PROD00183,2025-06-28,858,267,113,3,1015
INV0002191,PROD00183,2025-07-28,1015,267,113,3,1172
INV0002192,PROD00183,2025-08-28,1172,267,113,3,1329
INV0002193,PROD00183,2025-09-28,1329,267,113,3,1486
INV0002194,PROD00183,2025-10-28,1486,267,113,3,1643
INV0002195,PROD00183,2025-11-28,1643,267,113,3,1800
INV0002196,PROD00183,2025-12-28,1800,269,121,3,1951
INV0002197,PROD00184,2025-01-28,129,167,112,4,188
INV0002198,PROD00184,2025-02-28,188,167,112,4,247
INV0002199,PROD00184,2025-03-28,247,167,112,4,306
INV0002200,PROD00184,2025-04-28,306,167,112,4,365
INV0002201,PROD00184,2025-05-28,365,167,112,4,424
INV0002202,PROD00184,2025-06-28,424,167,112,4,483
INV0002203,PROD00184,2025-07-28,483,167,112,4,542
INV0002204,PROD00184,2025-08-28,542,167,112,4,601
INV0002205,PROD00184,2025-09-28,601,167,112,4,660
INV0002206,PROD00184,2025-10-28,660,167,112,4,719
INV0002207,PROD00184,2025-11-28,719,167,112,4,778
INV0002208,PROD00184,2025-12-28,778,178,121,11,846
INV0002209,PROD00185,2025-01-28,150,83,113,2,122
INV0002210,PROD00185,2025-02-28,122,83,113,2,94
INV0002211,PROD00185,2025-03-28,94,83,113,2,66
INV0002212,PROD00185,2025-04-28,66,83,113,2,38
INV0002213,PROD00185,2025-05-28,38,83,113,2,10
INV0002214,PROD00185,2025-06-28,10,83,95,2,0
INV0002215,PROD00185,2025-07-28,0,83,85,2,0
INV0002216,PROD00185,2025-08-28,0,83,85,2,0
INV0002217,PROD00185,2025-09-28,0,83,85,2,0
INV0002218,PROD00185,2025-10-28,0,83,85,2,0
INV0002219,PROD00185,2025-11-28,0,83,85,2,0
INV0002220,PROD00185,2025-12-28,0,92,98,6,0
INV0002221,PROD00186,2025-01-28,94,113,104,3,106
INV0002222,PROD00186,2025-02-28,106,113,104,3,118
INV0002223,PROD00186,2025-03-28,118,113,104,3,130
INV0002224,PROD00186,2025-04-28,130,113,104,3,142
INV0002225,PROD00186,2025-05-28,142,113,104,3,154
INV0002226,PROD00186,2025-06-28,154,113,104,3,166
INV0002227,PROD00186,2025-07-28,166,113,104,3,178
INV0002228,PROD00186,2025-08-28,178,113,104,3,190
INV0002229,PROD00186,2025-09-28,190,113,104,3,202
INV0002230,PROD00186,2025-10-28,202,113,104,3,214
INV0002231,PROD00186,2025-11-28,214,113,104,3,226
INV0002232,PROD00186,2025-12-28,226,120,106,9,249
INV0002233,PROD00187,2025-01-28,58,105,122,1,42
INV0002234,PROD00187,2025-02-28,42,105,122,1,26
INV0002235,PROD00187,2025-03-28,26,105,122,1,10
INV0002236,PROD00187,2025-04-28,10,105,116,1,0
INV0002237,PROD00187,2025-05-28,0,105,106,1,0
INV0002238,PROD00187,2025-06-28,0,105,106,1,0
INV0002239,PROD00187,2025-07-28,0,105,106,1,0
INV0002240,PROD00187,2025-08-28,0,105,106,1,0
INV0002241,PROD00187,2025-09-28,0,105,106,1,0
INV0002242,PROD00187,2025-10-28,0,105,106,1,0
INV0002243,PROD00187,2025-11-28,0,105,106,1,0
INV0002244,PROD00187,2025-12-28,0,112,119,7,0
INV0002245,PROD00188,2025-01-28,55,286,112,3,232
INV0002246,PROD00188,2025-02-28,232,286,112,3,409
INV0002247,PROD00188,2025-03-28,409,286,112,3,586
INV0002248,PROD00188,2025-04-28,586,286,112,3,763
INV0002249,PROD00188,2025-05-28,763,286,112,3,940
INV0002250,PROD00188,2025-06-28,940,286,112,3,1117
INV0002251,PROD00188,2025-07-28,1117,286,112,3,1294
INV0002252,PROD00188,2025-08-28,1294,286,112,3,1471
INV0002253,PROD00188,2025-09-28,1471,286,112,3,1648
INV0002254,PROD00188,2025-10-28,1648,286,112,3,1825
INV0002255,PROD00188,2025-11-28,1825,286,112,3,2002
INV0002256,PROD00188,2025-12-28,2002,288,114,14,2190
INV0002257,PROD00189,2025-01-28,141,128,109,5,165
INV0002258,PROD00189,2025-02-28,165,128,109,5,189
INV0002259,PROD00189,2025-03-28,189,128,109,5,213
INV0002260,PROD00189,2025-04-28,213,128,109,5,237
INV0002261,PROD00189,2025-05-28,237,128,109,5,261
INV0002262,PROD00189,2025-06-28,261,128,109,5,285
INV0002263,PROD00189,2025-07-28,285,128,109,5,309
INV0002264,PROD00189,2025-08-28,309,128,109,5,333
INV0002265,PROD00189,2025-09-28,333,128,109,5,357
INV0002266,PROD00189,2025-10-28,357,128,109,5,381
INV0002267,PROD00189,2025-11-28,381,128,109,5,405
INV0002268,PROD00189,2025-12-28,405,132,115,6,428
INV0002269,PROD00190,2025-01-28,148,14,119,3,46
INV0002270,PROD00190,2025-02-28,46,14,63,3,0
INV0002271,PROD00190,2025-03-28,0,14,17,3,0
INV0002272,PROD00190,2025-04-28,0,14,17,3,0
INV0002273,PROD00190,2025-05-28,0,14,17,3,0
INV0002274,PROD00190,2025-06-28,0,14,17,3,0
INV0002275,PROD00190,2025-07-28,0,14,17,3,0
INV0002276,PROD00190,2025-08-28,0,14,17,3,0
INV0002277,PROD00190,2025-09-28,0,14,17,3,0
INV0002278,PROD00190,2025-10-28,0,14,17,3,0
INV0002279,PROD00190,2025-11-28,0,14,17,3,0
INV0002280,PROD00190,2025-12-28,0,25,39,14,0
INV0002281,PROD00191,2025-01-28,183,5,121,2,69
INV0002282,PROD00191,2025-02-28,69,5,76,2,0
INV0002283,PROD00191,2025-03-28,0,5,7,2,0
INV0002284,PROD00191,2025-04-28,0,5,7,2,0
INV0002285,PROD00191,2025-05-28,0,5,7,2,0
INV0002286,PROD00191,2025-06-28,0,5,7,2,0
INV0002287,PROD00191,2025-07-28,0,5,7,2,0
INV0002288,PROD00191,2025-08-28,0,5,7,2,0
INV0002289,PROD00191,2025-09-28,0,5,7,2,0
INV0002290,PROD00191,2025-10-28,0,5,7,2,0
INV0002291,PROD00191,2025-11-28,0,5,7,2,0
INV0002292,PROD00191,2025-12-28,0,8,15,7,0
INV0002293,PROD00192,2025-01-28,194,248,113,2,331
INV0002294,PROD00192,2025-02-28,331,248,113,2,468
INV0002295,PROD00192,2025-03-28,468,248,113,2,605
INV0002296,PROD00192,2025-04-28,605,248,113,2,742
INV0002297,PROD00192,2025-05-28,742,248,113,2,879
INV0002298,PROD00192,2025-06-28,879,248,113,2,1016
INV0002299,PROD00192,2025-07-28,1016,248,113,2,1153
INV0002300,PROD00192,2025-08-28,1153,248,113,2,1290
INV0002301,PROD00192,2025-09-28,1290,248,113,2,1427
INV0002302,PROD00192,2025-10-28,1427,248,113,2,1564
INV0002303,PROD00192,2025-11-28,1564,248,113,2,1701
INV0002304,PROD00192,2025-12-28,1701,251,124,12,1840
INV0002305,PROD00193,2025-01-28,51,262,116,3,200
INV0002306,PROD00193,2025-02-28,200,262,116,3,349
INV0002307,PROD00193,2025-03-28,349,262,116,3,498
INV0002308,PROD00193,2025-04-28,498,262,116,3,647
INV0002309,PROD00193,2025-05-28,647,262,116,3,796
INV0002310,PROD00193,2025-06-28,796,262,116,3,945
INV0002311,PROD00193,2025-07-28,945,262,116,3,1094
INV0002312,PROD00193,2025-08-28,1094,262,116,3,1243
INV0002313,PROD00193,2025-09-28,1243,262,116,3,1392
INV0002314,PROD00193,2025-10-28,1392,262,116,3,1541
INV0002315,PROD00193,2025-11-28,1541,262,116,3,1690
INV0002316,PROD00193,2025-12-28,1690,266,126,11,1841
INV0002317,PROD00194,2025-01-28,237,59,111,4,189
INV0002318,PROD00194,2025-02-28,189,59,111,4,141
INV0002319,PROD00194,2025-03-28,141,59,111,4,93
INV0002320,PROD00194,2025-04-28,93,59,111,4,45
INV0002321,PROD00194,2025-05-28,45,59,108,4,0
INV0002322,PROD00194,2025-06-28,0,59,63,4,0
INV0002323,PROD00194,2025-07-28,0,59,63,4,0
INV0002324,PROD00194,2025-08-28,0,59,63,4,0
INV0002325,PROD00194,2025-09-28,0,59,63,4,0
INV0002326,PROD00194,2025-10-28,0,59,63,4,0
INV0002327,PROD00194,2025-11-28,0,59,63,4,0
INV0002328,PROD00194,2025-12-28,0,61,72,11,0
INV0002329,PROD00195,2025-01-28,209,0,102,3,110
INV0002330,PROD00195,2025-02-28,110,0,102,3,11
INV0002331,PROD00195,2025-03-28,11,0,14,3,0
INV0002332,PROD00195,2025-04-28,0,0,3,3,0
INV0002333,PROD00195,2025-05-28,0,0,3,3,0
INV0002334,PROD00195,2025-06-28,0,0,3,3,0
INV0002335,PROD00195,2025-07-28,0,0,3,3,0
INV0002336,PROD00195,2025-08-28,0,0,3,3,0
INV0002337,PROD00195,2025-09-28,0,0,3,3,0
INV0002338,PROD00195,2025-10-28,0,0,3,3,0
INV0002339,PROD00195,2025-11-28,0,0,3,3,0
INV0002340,PROD00195,2025-12-28,0,0,3,3,0
INV0002341,PROD00196,2025-01-28,66,246,114,1,199
INV0002342,PROD00196,2025-02-28,199,246,114,1,332
INV0002343,PROD00196,2025-03-28,332,246,114,1,465
INV0002344,PROD00196,2025-04-28,465,246,114,1,598
INV0002345,PROD00196,2025-05-28,598,246,114,1,731
INV0002346,PROD00196,2025-06-28,731,246,114,1,864
INV0002347,PROD00196,2025-07-28,864,246,114,1,997
INV0002348,PROD00196,2025-08-28,997,246,114,1,1130
INV0002349,PROD00196,2025-09-28,1130,246,114,1,1263
INV0002350,PROD00196,2025-10-28,1263,246,114,1,1396
INV0002351,PROD00196,2025-11-28,1396,246,114,1,1529
INV0002352,PROD00196,2025-12-28,1529,254,117,4,1670
INV0002353,PROD00197,2025-01-28,111,242,108,3,248
INV0002354,PROD00197,2025-02-28,248,242,108,3,385
INV0002355,PROD00197,2025-03-28,385,242,108,3,522
INV0002356,PROD00197,2025-04-28,522,242,108,3,659
INV0002357,PROD00197,2025-05-28,659,242,108,3,796
INV0002358,PROD00197,2025-06-28,796,242,108,3,933
INV0002359,PROD00197,2025-07-28,933,242,108,3,1070
INV0002360,PROD00197,2025-08-28,1070,242,108,3,1207
INV0002361,PROD00197,2025-09-28,1207,242,108,3,1344
INV0002362,PROD00197,2025-10-28,1344,242,108,3,1481
INV0002363,PROD00197,2025-11-28,1481,242,108,3,1618
INV0002364,PROD00197,2025-12-28,1618,247,110,5,1760
INV0002365,PROD00198,2025-01-28,89,99,130,1,59
INV0002366,PROD00198,2025-02-28,59,99,130,1,29
INV0002367,PROD00198,2025-03-28,29,99,129,1,0
INV0002368,PROD00198,2025-04-28,0,99,100,1,0
INV0002369,PROD00198,2025-05-28,0,99,100,1,0
INV0002370,PROD00198,2025-06-28,0,99,100,1,0
INV0002371,PROD00198,2025-07-28,0,99,100,1,0
INV0002372,PROD00198,2025-08-28,0,99,100,1,0
INV0002373,PROD00198,2025-09-28,0,99,100,1,0
INV0002374,PROD00198,2025-10-28,0,99,100,1,0
INV0002375,PROD00198,2025-11-28,0,99,100,1,0
INV0002376,PROD00198,2025-12-28,0,105,112,7,0
INV0002377,PROD00199,2025-01-28,191,164,123,3,235
INV0002378,PROD00199,2025-02-28,235,164,123,3,279
INV0002379,PROD00199,2025-03-28,279,164,123,3,323
INV0002380,PROD00199,2025-04-28,323,164,123,3,367
INV0002381,PROD00199,2025-05-28,367,164,123,3,411
INV0002382,PROD00199,2025-06-28,411,164,123,3,455
INV0002383,PROD00199,2025-07-28,455,164,123,3,499
INV0002384,PROD00199,2025-08-28,499,164,123,3,543
INV0002385,PROD00199,2025-09-28,543,164,123,3,587
INV0002386,PROD00199,2025-10-28,587,164,123,3,631
INV0002387,PROD00199,2025-11-28,631,164,123,3,675
INV0002388,PROD00199,2025-12-28,675,166,134,4,711
INV0002389,PROD00200,2025-01-28,81,142,115,3,111
INV0002390,PROD00200,2025-02-28,111,142,115,3,141
INV0002391,PROD00200,2025-03-28,141,142,115,3,171
INV0002392,PROD00200,2025-04-28,171,142,115,3,201
INV0002393,PROD00200,2025-05-28,201,142,115,3,231
INV0002394,PROD00200,2025-06-28,231,142,115,3,261
INV0002395,PROD00200,2025-07-28,261,142,115,3,291
INV0002396,PROD00200,2025-08-28,291,142,115,3,321
INV0002397,PROD00200,2025-09-28,321,142,115,3,351
INV0002398,PROD00200,2025-10-28,351,142,115,3,381
INV0002399,PROD00200,2025-11-28,381,142,115,3,411
INV0002400,PROD00200,2025-12-28,411,153,116,7,455
INV0002401,PROD00201,2025-01-28,124,156,116,3,167
INV0002402,PROD00201,2025-02-28,167,156,116,3,210
INV0002403,PROD00201,2025-03-28,210,156,116,3,253
INV0002404,PROD00201,2025-04-28,253,156,116,3,296
INV0002405,PROD00201,2025-05-28,296,156,116,3,339
INV0002406,PROD00201,2025-06-28,339,156,116,3,382
INV0002407,PROD00201,2025-07-28,382,156,116,3,425
INV0002408,PROD00201,2025-08-28,425,156,116,3,468
INV0002409,PROD00201,2025-09-28,468,156,116,3,511
INV0002410,PROD00201,2025-10-28,511,156,116,3,554
INV0002411,PROD00201,2025-11-28,554,156,116,3,597
INV0002412,PROD00201,2025-12-28,597,158,117,3,641
INV0002413,PROD00202,2025-01-28,131,114,104,1,142
INV0002414,PROD00202,2025-02-28,142,114,104,1,153
INV0002415,PROD00202,2025-03-28,153,114,104,1,164
INV0002416,PROD00202,2025-04-28,164,114,104,1,175
INV0002417,PROD00202,2025-05-28,175,114,104,1,186
INV0002418,PROD00202,2025-06-28,186,114,104,1,197
INV0002419,PROD00202,2025-07-28,197,114,104,1,208
INV0002420,PROD00202,2025-08-28,208,114,104,1,219
INV0002421,PROD00202,2025-09-28,219,114,104,1,230
INV0002422,PROD00202,2025-10-28,230,114,104,1,241
INV0002423,PROD00202,2025-11-28,241,114,104,1,252
INV0002424,PROD00202,2025-12-28,252,119,107,12,276
INV0002425,PROD00203,2025-01-28,165,187,108,1,245
INV0002426,PROD00203,2025-02-28,245,187,108,1,325
INV0002427,PROD00203,2025-03-28,325,187,108,1,405
INV0002428,PROD00203,2025-04-28,405,187,108,1,485
INV0002429,PROD00203,2025-05-28,485,187,108,1,565
INV0002430,PROD00203,2025-06-28,565,187,108,1,645
INV0002431,PROD00203,2025-07-28,645,187,108,1,725
INV0002432,PROD00203,2025-08-28,725,187,108,1,805
INV0002433,PROD00203,2025-09-28,805,187,108,1,885
INV0002434,PROD00203,2025-10-28,885,187,108,1,965
INV0002435,PROD00203,2025-11-28,965,187,108,1,1045
INV0002436,PROD00203,2025-12-28,1045,188,115,10,1128
INV0002437,PROD00204,2025-01-28,82,262,111,3,236
INV0002438,PROD00204,2025-02-28,236,262,111,3,390
INV0002439,PROD00204,2025-03-28,390,262,111,3,544
INV0002440,PROD00204,2025-04-28,544,262,111,3,698
INV0002441,PROD00204,2025-05-28,698,262,111,3,852
INV0002442,PROD00204,2025-06-28,852,262,111,3,1006
INV0002443,PROD00204,2025-07-28,1006,262,111,3,1160
INV0002444,PROD00204,2025-08-28,1160,262,111,3,1314
INV0002445,PROD00204,2025-09-28,1314,262,111,3,1468
INV0002446,PROD00204,2025-10-28,1468,262,111,3,1622
INV0002447,PROD00204,2025-11-28,1622,262,111,3,1776
INV0002448,PROD00204,2025-12-28,1776,267,111,6,1938
INV0002449,PROD00205,2025-01-28,142,210,111,2,243
INV0002450,PROD00205,2025-02-28,243,210,111,2,344
INV0002451,PROD00205,2025-03-28,344,210,111,2,445
INV0002452,PROD00205,2025-04-28,445,210,111,2,546
INV0002453,PROD00205,2025-05-28,546,210,111,2,647
INV0002454,PROD00205,2025-06-28,647,210,111,2,748
INV0002455,PROD00205,2025-07-28,748,210,111,2,849
INV0002456,PROD00205,2025-08-28,849,210,111,2,950
INV0002457,PROD00205,2025-09-28,950,210,111,2,1051
INV0002458,PROD00205,2025-10-28,1051,210,111,2,1152
INV0002459,PROD00205,2025-11-28,1152,210,111,2,1253
INV0002460,PROD00205,2025-12-28,1253,215,112,5,1361
INV0002461,PROD00206,2025-01-28,206,164,106,1,265
INV0002462,PROD00206,2025-02-28,265,164,106,1,324
INV0002463,PROD00206,2025-03-28,324,164,106,1,383
INV0002464,PROD00206,2025-04-28,383,164,106,1,442
INV0002465,PROD00206,2025-05-28,442,164,106,1,501
INV0002466,PROD00206,2025-06-28,501,164,106,1,560
INV0002467,PROD00206,2025-07-28,560,164,106,1,619
INV0002468,PROD00206,2025-08-28,619,164,106,1,678
INV0002469,PROD00206,2025-09-28,678,164,106,1,737
INV0002470,PROD00206,2025-10-28,737,164,106,1,796
INV0002471,PROD00206,2025-11-28,796,164,106,1,855
INV0002472,PROD00206,2025-12-28,855,168,109,3,917
INV0002473,PROD00207,2025-01-28,191,52,109,2,136
INV0002474,PROD00207,2025-02-28,136,52,109,2,81
INV0002475,PROD00207,2025-03-28,81,52,109,2,26
INV0002476,PROD00207,2025-04-28,26,52,80,2,0
INV0002477,PROD00207,2025-05-28,0,52,54,2,0
INV0002478,PROD00207,2025-06-28,0,52,54,2,0
INV0002479,PROD00207,2025-07-28,0,52,54,2,0
INV0002480,PROD00207,2025-08-28,0,52,54,2,0
INV0002481,PROD00207,2025-09-28,0,52,54,2,0
INV0002482,PROD00207,2025-10-28,0,52,54,2,0
INV0002483,PROD00207,2025-11-28,0,52,54,2,0
INV0002484,PROD00207,2025-12-28,0,56,64,8,0
INV0002485,PROD00208,2025-01-28,153,19,111,4,65
INV0002486,PROD00208,2025-02-28,65,19,88,4,0
INV0002487,PROD00208,2025-03-28,0,19,23,4,0
INV0002488,PROD00208,2025-04-28,0,19,23,4,0
INV0002489,PROD00208,2025-05-28,0,19,23,4,0
INV0002490,PROD00208,2025-06-28,0,19,23,4,0
INV0002491,PROD00208,2025-07-28,0,19,23,4,0
INV0002492,PROD00208,2025-08-28,0,19,23,4,0
INV0002493,PROD00208,2025-09-28,0,19,23,4,0
INV0002494,PROD00208,2025-10-28,0,19,23,4,0
INV0002495,PROD00208,2025-11-28,0,19,23,4,0
INV0002496,PROD00208,2025-12-28,0,27,39,12,0
INV0002497,PROD00209,2025-01-28,242,145,121,2,268
INV0002498,PROD00209,2025-02-28,268,145,121,2,294
INV0002499,PROD00209,2025-03-28,294,145,121,2,320
INV0002500,PROD00209,2025-04-28,320,145,121,2,346
INV0002501,PROD00209,2025-05-28,346,145,121,2,372
INV0002502,PROD00209,2025-06-28,372,145,121,2,398
INV0002503,PROD00209,2025-07-28,398,145,121,2,424
INV0002504,PROD00209,2025-08-28,424,145,121,2,450
INV0002505,PROD00209,2025-09-28,450,145,121,2,476
INV0002506,PROD00209,2025-10-28,476,145,121,2,502
INV0002507,PROD00209,2025-11-28,502,145,121,2,528
INV0002508,PROD00209,2025-12-28,528,151,126,3,556
INV0002509,PROD00210,2025-01-28,138,129,114,3,156
INV0002510,PROD00210,2025-02-28,156,129,114,3,174
INV0002511,PROD00210,2025-03-28,174,129,114,3,192
INV0002512,PROD00210,2025-04-28,192,129,114,3,210
INV0002513,PROD00210,2025-05-28,210,129,114,3,228
INV0002514,PROD00210,2025-06-28,228,129,114,3,246
INV0002515,PROD00210,2025-07-28,246,129,114,3,264
INV0002516,PROD00210,2025-08-28,264,129,114,3,282
INV0002517,PROD00210,2025-09-28,282,129,114,3,300
INV0002518,PROD00210,2025-10-28,300,129,114,3,318
INV0002519,PROD00210,2025-11-28,318,129,114,3,336
INV0002520,PROD00210,2025-12-28,336,136,122,6,356
INV0002521,PROD00211,2025-01-28,170,89,122,1,138
INV0002522,PROD00211,2025-02-28,138,89,122,1,106
INV0002523,PROD00211,2025-03-28,106,89,122,1,74
INV0002524,PROD00211,2025-04-28,74,89,122,1,42
INV0002525,PROD00211,2025-05-28,42,89,122,1,10
INV0002526,PROD00211,2025-06-28,10,89,100,1,0
INV0002527,PROD00211,2025-07-28,0,89,90,1,0
INV0002528,PROD00211,2025-08-28,0,89,90,1,0
INV0002529,PROD00211,2025-09-28,0,89,90,1,0
INV0002530,PROD00211,2025-10-28,0,89,90,1,0
INV0002531,PROD00211,2025-11-28,0,89,90,1,0
INV0002532,PROD00211,2025-12-28,0,93,104,11,0
INV0002533,PROD00212,2025-01-28,172,64,117,4,123
INV0002534,PROD00212,2025-02-28,123,64,117,4,74
INV0002535,PROD00212,2025-03-28,74,64,117,4,25
INV0002536,PROD00212,2025-04-28,25,64,93,4,0
INV0002537,PROD00212,2025-05-28,0,64,68,4,0
INV0002538,PROD00212,2025-06-28,0,64,68,4,0
INV0002539,PROD00212,2025-07-28,0,64,68,4,0
INV0002540,PROD00212,2025-08-28,0,64,68,4,0
INV0002541,PROD00212,2025-09-28,0,64,68,4,0
INV0002542,PROD00212,2025-10-28,0,64,68,4,0
INV0002543,PROD00212,2025-11-28,0,64,68,4,0
INV0002544,PROD00212,2025-12-28,0,66,79,13,0
INV0002545,PROD00213,2025-01-28,186,125,105,0,206
INV0002546,PROD00213,2025-02-28,206,125,105,0,226
INV0002547,PROD00213,2025-03-28,226,125,105,0,246
INV0002548,PROD00213,2025-04-28,246,125,105,0,266
INV0002549,PROD00213,2025-05-28,266,125,105,0,286
INV0002550,PROD00213,2025-06-28,286,125,105,0,306
INV0002551,PROD00213,2025-07-28,306,125,105,0,326
INV0002552,PROD00213,2025-08-28,326,125,105,0,346
INV0002553,PROD00213,2025-09-28,346,125,105,0,366
INV0002554,PROD00213,2025-10-28,366,125,105,0,386
INV0002555,PROD00213,2025-11-28,386,125,105,0,406
INV0002556,PROD00213,2025-12-28,406,133,108,11,442
INV0002557,PROD00214,2025-01-28,76,54,115,3,18
INV0002558,PROD00214,2025-02-28,18,54,75,3,0
INV0002559,PROD00214,2025-03-28,0,54,57,3,0
INV0002560,PROD00214,2025-04-28,0,54,57,3,0
INV0002561,PROD00214,2025-05-28,0,54,57,3,0
INV0002562,PROD00214,2025-06-28,0,54,57,3,0
INV0002563,PROD00214,2025-07-28,0,54,57,3,0
INV0002564,PROD00214,2025-08-28,0,54,57,3,0
INV0002565,PROD00214,2025-09-28,0,54,57,3,0
INV0002566,PROD00214,2025-10-28,0,54,57,3,0
INV0002567,PROD00214,2025-11-28,0,54,57,3,0
INV0002568,PROD00214,2025-12-28,0,64,72,8,0
INV0002569,PROD00215,2025-01-28,207,57,110,3,157
INV0002570,PROD00215,2025-02-28,157,57,110,3,107
INV0002571,PROD00215,2025-03-28,107,57,110,3,57
INV0002572,PROD00215,2025-04-28,57,57,110,3,7
INV0002573,PROD00215,2025-05-28,7,57,67,3,0
INV0002574,PROD00215,2025-06-28,0,57,60,3,0
INV0002575,PROD00215,2025-07-28,0,57,60,3,0
INV0002576,PROD00215,2025-08-28,0,57,60,3,0
INV0002577,PROD00215,2025-09-28,0,57,60,3,0
INV0002578,PROD00215,2025-10-28,0,57,60,3,0
INV0002579,PROD00215,2025-11-28,0,57,60,3,0
INV0002580,PROD00215,2025-12-28,0,58,64,6,0
INV0002581,PROD00216,2025-01-28,52,109,113,1,49
INV0002582,PROD00216,2025-02-28,49,109,113,1,46
INV0002583,PROD00216,2025-03-28,46,109,113,1,43
INV0002584,PROD00216,2025-04-28,43,109,113,1,40
INV0002585,PROD00216,2025-05-28,40,109,113,1,37
INV0002586,PROD00216,2025-06-28,37,109,113,1,34
INV0002587,PROD00216,2025-07-28,34,109,113,1,31
INV0002588,PROD00216,2025-08-28,31,109,113,1,28
INV0002589,PROD00216,2025-09-28,28,109,113,1,25
INV0002590,PROD00216,2025-10-28,25,109,113,1,22
INV0002591,PROD00216,2025-11-28,22,109,113,1,19
INV0002592,PROD00216,2025-12-28,19,115,114,6,26
INV0002593,PROD00217,2025-01-28,247,44,123,4,172
INV0002594,PROD00217,2025-02-28,172,44,123,4,97
INV0002595,PROD00217,2025-03-28,97,44,123,4,22
INV0002596,PROD00217,2025-04-28,22,44,70,4,0
INV0002597,PROD00217,2025-05-28,0,44,48,4,0
INV0002598,PROD00217,2025-06-28,0,44,48,4,0
INV0002599,PROD00217,2025-07-28,0,44,48,4,0
INV0002600,PROD00217,2025-08-28,0,44,48,4,0
INV0002601,PROD00217,2025-09-28,0,44,48,4,0
INV0002602,PROD00217,2025-10-28,0,44,48,4,0
INV0002603,PROD00217,2025-11-28,0,44,48,4,0
INV0002604,PROD00217,2025-12-28,0,46,50,4,0
INV0002605,PROD00218,2025-01-28,93,0,93,0,0
INV0002606,PROD00218,2025-02-28,0,0,0,0,0
INV0002607,PROD00218,2025-03-28,0,0,0,0,0
INV0002608,PROD00218,2025-04-28,0,0,0,0,0
INV0002609,PROD00218,2025-05-28,0,0,0,0,0
INV0002610,PROD00218,2025-06-28,0,0,0,0,0
INV0002611,PROD00218,2025-07-28,0,0,0,0,0
INV0002612,PROD00218,2025-08-28,0,0,0,0,0
INV0002613,PROD00218,2025-09-28,0,0,0,0,0
INV0002614,PROD00218,2025-10-28,0,0,0,0,0
INV0002615,PROD00218,2025-11-28,0,0,0,0,0
INV0002616,PROD00218,2025-12-28,0,0,5,5,0
INV0002617,PROD00219,2025-01-28,216,32,124,4,128
INV0002618,PROD00219,2025-02-28,128,32,124,4,40
INV0002619,PROD00219,2025-03-28,40,32,76,4,0
INV0002620,PROD00219,2025-04-28,0,32,36,4,0
INV0002621,PROD00219,2025-05-28,0,32,36,4,0
INV0002622,PROD00219,2025-06-28,0,32,36,4,0
INV0002623,PROD00219,2025-07-28,0,32,36,4,0
INV0002624,PROD00219,2025-08-28,0,32,36,4,0
INV0002625,PROD00219,2025-09-28,0,32,36,4,0
INV0002626,PROD00219,2025-10-28,0,32,36,4,0
INV0002627,PROD00219,2025-11-28,0,32,36,4,0
INV0002628,PROD00219,2025-12-28,0,38,44,6,0
INV0002629,PROD00220,2025-01-28,135,111,118,3,131
INV0002630,PROD00220,2025-02-28,131,111,118,3,127
INV0002631,PROD00220,2025-03-28,127,111,118,3,123
INV0002632,PROD00220,2025-04-28,123,111,118,3,119
INV0002633,PROD00220,2025-05-28,119,111,118,3,115
INV0002634,PROD00220,2025-06-28,115,111,118,3,111
INV0002635,PROD00220,2025-07-28,111,111,118,3,107
INV0002636,PROD00220,2025-08-28,107,111,118,3,103
INV0002637,PROD00220,2025-09-28,103,111,118,3,99
INV0002638,PROD00220,2025-10-28,99,111,118,3,95
INV0002639,PROD00220,2025-11-28,95,111,118,3,91
INV0002640,PROD00220,2025-12-28,91,119,123,11,98
INV0002641,PROD00221,2025-01-28,167,82,121,3,131
INV0002642,PROD00221,2025-02-28,131,82,121,3,95
INV0002643,PROD00221,2025-03-28,95,82,121,3,59
INV0002644,PROD00221,2025-04-28,59,82,121,3,23
INV0002645,PROD00221,2025-05-28,23,82,108,3,0
INV0002646,PROD00221,2025-06-28,0,82,85,3,0
INV0002647,PROD00221,2025-07-28,0,82,85,3,0
INV0002648,PROD00221,2025-08-28,0,82,85,3,0
INV0002649,PROD00221,2025-09-28,0,82,85,3,0
INV0002650,PROD00221,2025-10-28,0,82,85,3,0
INV0002651,PROD00221,2025-11-28,0,82,85,3,0
INV0002652,PROD00221,2025-12-28,0,85,98,13,0
INV0002653,PROD00222,2025-01-28,185,0,126,6,65
INV0002654,PROD00222,2025-02-28,65,0,71,6,0
INV0002655,PROD00222,2025-03-28,0,0,6,6,0
INV0002656,PROD00222,2025-04-28,0,0,6,6,0
INV0002657,PROD00222,2025-05-28,0,0,6,6,0
INV0002658,PROD00222,2025-06-28,0,0,6,6,0
INV0002659,PROD00222,2025-07-28,0,0,6,6,0
INV0002660,PROD00222,2025-08-28,0,0,6,6,0
INV0002661,PROD00222,2025-09-28,0,0,6,6,0
INV0002662,PROD00222,2025-10-28,0,0,6,6,0
INV0002663,PROD00222,2025-11-28,0,0,6,6,0
INV0002664,PROD00222,2025-12-28,0,0,7,7,0
INV0002665,PROD00223,2025-01-28,53,28,81,0,0
INV0002666,PROD00223,2025-02-28,0,28,28,0,0
INV0002667,PROD00223,2025-03-28,0,28,28,0,0
INV0002668,PROD00223,2025-04-28,0,28,28,0,0
INV0002669,PROD00223,2025-05-28,0,28,28,0,0
INV0002670,PROD00223,2025-06-28,0,28,28,0,0
INV0002671,PROD00223,2025-07-28,0,28,28,0,0
INV0002672,PROD00223,2025-08-28,0,28,28,0,0
INV0002673,PROD00223,2025-09-28,0,28,28,0,0
INV0002674,PROD00223,2025-10-28,0,28,28,0,0
INV0002675,PROD00223,2025-11-28,0,28,28,0,0
INV0002676,PROD00223,2025-12-28,0,30,41,11,0
INV0002677,PROD00224,2025-01-28,164,181,111,1,235
INV0002678,PROD00224,2025-02-28,235,181,111,1,306
INV0002679,PROD00224,2025-03-28,306,181,111,1,377
INV0002680,PROD00224,2025-04-28,377,181,111,1,448
INV0002681,PROD00224,2025-05-28,448,181,111,1,519
INV0002682,PROD00224,2025-06-28,519,181,111,1,590
INV0002683,PROD00224,2025-07-28,590,181,111,1,661
INV0002684,PROD00224,2025-08-28,661,181,111,1,732
INV0002685,PROD00224,2025-09-28,732,181,111,1,803
INV0002686,PROD00224,2025-10-28,803,181,111,1,874
INV0002687,PROD00224,2025-11-28,874,181,111,1,945
INV0002688,PROD00224,2025-12-28,945,192,112,7,1032
INV0002689,PROD00225,2025-01-28,114,128,101,3,144
INV0002690,PROD00225,2025-02-28,144,128,101,3,174
INV0002691,PROD00225,2025-03-28,174,128,101,3,204
INV0002692,PROD00225,2025-04-28,204,128,101,3,234
INV0002693,PROD00225,2025-05-28,234,128,101,3,264
INV0002694,PROD00225,2025-06-28,264,128,101,3,294
INV0002695,PROD00225,2025-07-28,294,128,101,3,324
INV0002696,PROD00225,2025-08-28,324,128,101,3,354
INV0002697,PROD00225,2025-09-28,354,128,101,3,384
INV0002698,PROD00225,2025-10-28,384,128,101,3,414
INV0002699,PROD00225,2025-11-28,414,128,101,3,444
INV0002700,PROD00225,2025-12-28,444,136,105,5,480
INV0002701,PROD00226,2025-01-28,106,64,107,1,64
INV0002702,PROD00226,2025-02-28,64,64,107,1,22
INV0002703,PROD00226,2025-03-28,22,64,87,1,0
INV0002704,PROD00226,2025-04-28,0,64,65,1,0
INV0002705,PROD00226,2025-05-28,0,64,65,1,0
INV0002706,PROD00226,2025-06-28,0,64,65,1,0
INV0002707,PROD00226,2025-07-28,0,64,65,1,0
INV0002708,PROD00226,2025-08-28,0,64,65,1,0
INV0002709,PROD00226,2025-09-28,0,64,65,1,0
INV0002710,PROD00226,2025-10-28,0,64,65,1,0
INV0002711,PROD00226,2025-11-28,0,64,65,1,0
INV0002712,PROD00226,2025-12-28,0,75,84,9,0
INV0002713,PROD00227,2025-01-28,236,88,104,1,221
INV0002714,PROD00227,2025-02-28,221,88,104,1,206
INV0002715,PROD00227,2025-03-28,206,88,104,1,191
INV0002716,PROD00227,2025-04-28,191,88,104,1,176
INV0002717,PROD00227,2025-05-28,176,88,104,1,161
INV0002718,PROD00227,2025-06-28,161,88,104,1,146
INV0002719,PROD00227,2025-07-28,146,88,104,1,131
INV0002720,PROD00227,2025-08-28,131,88,104,1,116
INV0002721,PROD00227,2025-09-28,116,88,104,1,101
INV0002722,PROD00227,2025-10-28,101,88,104,1,86
INV0002723,PROD00227,2025-11-28,86,88,104,1,71
INV0002724,PROD00227,2025-12-28,71,95,113,8,61
INV0002725,PROD00228,2025-01-28,114,72,106,2,82
INV0002726,PROD00228,2025-02-28,82,72,106,2,50
INV0002727,PROD00228,2025-03-28,50,72,106,2,18
INV0002728,PROD00228,2025-04-28,18,72,92,2,0
INV0002729,PROD00228,2025-05-28,0,72,74,2,0
INV0002730,PROD00228,2025-06-28,0,72,74,2,0
INV0002731,PROD00228,2025-07-28,0,72,74,2,0
INV0002732,PROD00228,2025-08-28,0,72,74,2,0
INV0002733,PROD00228,2025-09-28,0,72,74,2,0
INV0002734,PROD00228,2025-10-28,0,72,74,2,0
INV0002735,PROD00228,2025-11-28,0,72,74,2,0
INV0002736,PROD00228,2025-12-28,0,83,94,11,0
INV0002737,PROD00229,2025-01-28,72,74,115,4,35
INV0002738,PROD00229,2025-02-28,35,74,113,4,0
INV0002739,PROD00229,2025-03-28,0,74,78,4,0
INV0002740,PROD00229,2025-04-28,0,74,78,4,0
INV0002741,PROD00229,2025-05-28,0,74,78,4,0
INV0002742,PROD00229,2025-06-28,0,74,78,4,0
INV0002743,PROD00229,2025-07-28,0,74,78,4,0
INV0002744,PROD00229,2025-08-28,0,74,78,4,0
INV0002745,PROD00229,2025-09-28,0,74,78,4,0
INV0002746,PROD00229,2025-10-28,0,74,78,4,0
INV0002747,PROD00229,2025-11-28,0,74,78,4,0
INV0002748,PROD00229,2025-12-28,0,75,79,4,0
INV0002749,PROD00230,2025-01-28,246,119,119,2,248
INV0002750,PROD00230,2025-02-28,248,119,119,2,250
INV0002751,PROD00230,2025-03-28,250,119,119,2,252
INV0002752,PROD00230,2025-04-28,252,119,119,2,254
INV0002753,PROD00230,2025-05-28,254,119,119,2,256
INV0002754,PROD00230,2025-06-28,256,119,119,2,258
INV0002755,PROD00230,2025-07-28,258,119,119,2,260
INV0002756,PROD00230,2025-08-28,260,119,119,2,262
INV0002757,PROD00230,2025-09-28,262,119,119,2,264
INV0002758,PROD00230,2025-10-28,264,119,119,2,266
INV0002759,PROD00230,2025-11-28,266,119,119,2,268
INV0002760,PROD00230,2025-12-28,268,119,121,3,269
INV0002761,PROD00231,2025-01-28,115,87,112,2,92
INV0002762,PROD00231,2025-02-28,92,87,112,2,69
INV0002763,PROD00231,2025-03-28,69,87,112,2,46
INV0002764,PROD00231,2025-04-28,46,87,112,2,23
INV0002765,PROD00231,2025-05-28,23,87,112,2,0
INV0002766,PROD00231,2025-06-28,0,87,89,2,0
INV0002767,PROD00231,2025-07-28,0,87,89,2,0
INV0002768,PROD00231,2025-08-28,0,87,89,2,0
INV0002769,PROD00231,2025-09-28,0,87,89,2,0
INV0002770,PROD00231,2025-10-28,0,87,89,2,0
INV0002771,PROD00231,2025-11-28,0,87,89,2,0
INV0002772,PROD00231,2025-12-28,0,90,103,13,0
INV0002773,PROD00232,2025-01-28,220,95,106,5,214
INV0002774,PROD00232,2025-02-28,214,95,106,5,208
INV0002775,PROD00232,2025-03-28,208,95,106,5,202
INV0002776,PROD00232,2025-04-28,202,95,106,5,196
INV0002777,PROD00232,2025-05-28,196,95,106,5,190
INV0002778,PROD00232,2025-06-28,190,95,106,5,184
INV0002779,PROD00232,2025-07-28,184,95,106,5,178
INV0002780,PROD00232,2025-08-28,178,95,106,5,172
INV0002781,PROD00232,2025-09-28,172,95,106,5,166
INV0002782,PROD00232,2025-10-28,166,95,106,5,160
INV0002783,PROD00232,2025-11-28,160,95,106,5,154
INV0002784,PROD00232,2025-12-28,154,105,115,7,151
INV0002785,PROD00233,2025-01-28,159,52,115,2,98
INV0002786,PROD00233,2025-02-28,98,52,115,2,37
INV0002787,PROD00233,2025-03-28,37,52,91,2,0
INV0002788,PROD00233,2025-04-28,0,52,54,2,0
INV0002789,PROD00233,2025-05-28,0,52,54,2,0
INV0002790,PROD00233,2025-06-28,0,52,54,2,0
INV0002791,PROD00233,2025-07-28,0,52,54,2,0
INV0002792,PROD00233,2025-08-28,0,52,54,2,0
INV0002793,PROD00233,2025-09-28,0,52,54,2,0
INV0002794,PROD00233,2025-10-28,0,52,54,2,0
INV0002795,PROD00233,2025-11-28,0,52,54,2,0
INV0002796,PROD00233,2025-12-28,0,60,66,6,0
INV0002797,PROD00234,2025-01-28,132,172,121,1,184
INV0002798,PROD00234,2025-02-28,184,172,121,1,236
INV0002799,PROD00234,2025-03-28,236,172,121,1,288
INV0002800,PROD00234,2025-04-28,288,172,121,1,340
INV0002801,PROD00234,2025-05-28,340,172,121,1,392
INV0002802,PROD00234,2025-06-28,392,172,121,1,444
INV0002803,PROD00234,2025-07-28,444,172,121,1,496
INV0002804,PROD00234,2025-08-28,496,172,121,1,548
INV0002805,PROD00234,2025-09-28,548,172,121,1,600
INV0002806,PROD00234,2025-10-28,600,172,121,1,652
INV0002807,PROD00234,2025-11-28,652,172,121,1,704
INV0002808,PROD00234,2025-12-28,704,181,131,12,766
INV0002809,PROD00235,2025-01-28,218,115,121,4,216
INV0002810,PROD00235,2025-02-28,216,115,121,4,214
INV0002811,PROD00235,2025-03-28,214,115,121,4,212
INV0002812,PROD00235,2025-04-28,212,115,121,4,210
INV0002813,PROD00235,2025-05-28,210,115,121,4,208
INV0002814,PROD00235,2025-06-28,208,115,121,4,206
INV0002815,PROD00235,2025-07-28,206,115,121,4,204
INV0002816,PROD00235,2025-08-28,204,115,121,4,202
INV0002817,PROD00235,2025-09-28,202,115,121,4,200
INV0002818,PROD00235,2025-10-28,200,115,121,4,198
INV0002819,PROD00235,2025-11-28,198,115,121,4,196
INV0002820,PROD00235,2025-12-28,196,126,125,10,207
INV0002821,PROD00236,2025-01-28,151,236,113,4,278
INV0002822,PROD00236,2025-02-28,278,236,113,4,405
INV0002823,PROD00236,2025-03-28,405,236,113,4,532
INV0002824,PROD00236,2025-04-28,532,236,113,4,659
INV0002825,PROD00236,2025-05-28,659,236,113,4,786
INV0002826,PROD00236,2025-06-28,786,236,113,4,913
INV0002827,PROD00236,2025-07-28,913,236,113,4,1040
INV0002828,PROD00236,2025-08-28,1040,236,113,4,1167
INV0002829,PROD00236,2025-09-28,1167,236,113,4,1294
INV0002830,PROD00236,2025-10-28,1294,236,113,4,1421
INV0002831,PROD00236,2025-11-28,1421,236,113,4,1548
INV0002832,PROD00236,2025-12-28,1548,240,123,8,1673
INV0002833,PROD00237,2025-01-28,121,99,109,1,112
INV0002834,PROD00237,2025-02-28,112,99,109,1,103
INV0002835,PROD00237,2025-03-28,103,99,109,1,94
INV0002836,PROD00237,2025-04-28,94,99,109,1,85
INV0002837,PROD00237,2025-05-28,85,99,109,1,76
INV0002838,PROD00237,2025-06-28,76,99,109,1,67
INV0002839,PROD00237,2025-07-28,67,99,109,1,58
INV0002840,PROD00237,2025-08-28,58,99,109,1,49
INV0002841,PROD00237,2025-09-28,49,99,109,1,40
INV0002842,PROD00237,2025-10-28,40,99,109,1,31
INV0002843,PROD00237,2025-11-28,31,99,109,1,22
INV0002844,PROD00237,2025-12-28,22,107,114,12,27
INV0002845,PROD00238,2025-01-28,94,292,123,2,265
INV0002846,PROD00238,2025-02-28,265,292,123,2,436
INV0002847,PROD00238,2025-03-28,436,292,123,2,607
INV0002848,PROD00238,2025-04-28,607,292,123,2,778
INV0002849,PROD00238,2025-05-28,778,292,123,2,949
INV0002850,PROD00238,2025-06-28,949,292,123,2,1120
INV0002851,PROD00238,2025-07-28,1120,292,123,2,1291
INV0002852,PROD00238,2025-08-28,1291,292,123,2,1462
INV0002853,PROD00238,2025-09-28,1462,292,123,2,1633
INV0002854,PROD00238,2025-10-28,1633,292,123,2,1804
INV0002855,PROD00238,2025-11-28,1804,292,123,2,1975
INV0002856,PROD00238,2025-12-28,1975,300,124,13,2164
INV0002857,PROD00239,2025-01-28,209,62,109,2,164
INV0002858,PROD00239,2025-02-28,164,62,109,2,119
INV0002859,PROD00239,2025-03-28,119,62,109,2,74
INV0002860,PROD00239,2025-04-28,74,62,109,2,29
INV0002861,PROD00239,2025-05-28,29,62,93,2,0
INV0002862,PROD00239,2025-06-28,0,62,64,2,0
INV0002863,PROD00239,2025-07-28,0,62,64,2,0
INV0002864,PROD00239,2025-08-28,0,62,64,2,0
INV0002865,PROD00239,2025-09-28,0,62,64,2,0
INV0002866,PROD00239,2025-10-28,0,62,64,2,0
INV0002867,PROD00239,2025-11-28,0,62,64,2,0
INV0002868,PROD00239,2025-12-28,0,71,79,8,0
INV0002869,PROD00240,2025-01-28,105,0,109,4,0
INV0002870,PROD00240,2025-02-28,0,0,4,4,0
INV0002871,PROD00240,2025-03-28,0,0,4,4,0
INV0002872,PROD00240,2025-04-28,0,0,4,4,0
INV0002873,PROD00240,2025-05-28,0,0,4,4,0
INV0002874,PROD00240,2025-06-28,0,0,4,4,0
INV0002875,PROD00240,2025-07-28,0,0,4,4,0
INV0002876,PROD00240,2025-08-28,0,0,4,4,0
INV0002877,PROD00240,2025-09-28,0,0,4,4,0
INV0002878,PROD00240,2025-10-28,0,0,4,4,0
INV0002879,PROD00240,2025-11-28,0,0,4,4,0
INV0002880,PROD00240,2025-12-28,0,0,9,9,0
INV0002881,PROD00241,2025-01-28,131,242,109,4,268
INV0002882,PROD00241,2025-02-28,268,242,109,4,405
INV0002883,PROD00241,2025-03-28,405,242,109,4,542
INV0002884,PROD00241,2025-04-28,542,242,109,4,679
INV0002885,PROD00241,2025-05-28,679,242,109,4,816
INV0002886,PROD00241,2025-06-28,816,242,109,4,953
INV0002887,PROD00241,2025-07-28,953,242,109,4,1090
INV0002888,PROD00241,2025-08-28,1090,242,109,4,1227
INV0002889,PROD00241,2025-09-28,1227,242,109,4,1364
INV0002890,PROD00241,2025-10-28,1364,242,109,4,1501
INV0002891,PROD00241,2025-11-28,1501,242,109,4,1638
INV0002892,PROD00241,2025-12-28,1638,251,115,4,1778
INV0002893,PROD00242,2025-01-28,185,201,108,2,280
INV0002894,PROD00242,2025-02-28,280,201,108,2,375
INV0002895,PROD00242,2025-03-28,375,201,108,2,470
INV0002896,PROD00242,2025-04-28,470,201,108,2,565
INV0002897,PROD00242,2025-05-28,565,201,108,2,660
INV0002898,PROD00242,2025-06-28,660,201,108,2,755
INV0002899,PROD00242,2025-07-28,755,201,108,2,850
INV0002900,PROD00242,2025-08-28,850,201,108,2,945
INV0002901,PROD00242,2025-09-28,945,201,108,2,1040
INV0002902,PROD00242,2025-10-28,1040,201,108,2,1135
INV0002903,PROD00242,2025-11-28,1135,201,108,2,1230
INV0002904,PROD00242,2025-12-28,1230,209,114,4,1329
INV0002905,PROD00243,2025-01-28,216,95,115,1,197
INV0002906,PROD00243,2025-02-28,197,95,115,1,178
INV0002907,PROD00243,2025-03-28,178,95,115,1,159
INV0002908,PROD00243,2025-04-28,159,95,115,1,140
INV0002909,PROD00243,2025-05-28,140,95,115,1,121
INV0002910,PROD00243,2025-06-28,121,95,115,1,102
INV0002911,PROD00243,2025-07-28,102,95,115,1,83
INV0002912,PROD00243,2025-08-28,83,95,115,1,64
INV0002913,PROD00243,2025-09-28,64,95,115,1,45
INV0002914,PROD00243,2025-10-28,45,95,115,1,26
INV0002915,PROD00243,2025-11-28,26,95,115,1,7
INV0002916,PROD00243,2025-12-28,7,96,111,8,0
INV0002917,PROD00244,2025-01-28,123,242,115,4,254
INV0002918,PROD00244,2025-02-28,254,242,115,4,385
INV0002919,PROD00244,2025-03-28,385,242,115,4,516
INV0002920,PROD00244,2025-04-28,516,242,115,4,647
INV0002921,PROD00244,2025-05-28,647,242,115,4,778
INV0002922,PROD00244,2025-06-28,778,242,115,4,909
INV0002923,PROD00244,2025-07-28,909,242,115,4,1040
INV0002924,PROD00244,2025-08-28,1040,242,115,4,1171
INV0002925,PROD00244,2025-09-28,1171,242,115,4,1302
INV0002926,PROD00244,2025-10-28,1302,242,115,4,1433
INV0002927,PROD00244,2025-11-28,1433,242,115,4,1564
INV0002928,PROD00244,2025-12-28,1564,243,117,12,1702
INV0002929,PROD00245,2025-01-28,179,22,123,2,80
INV0002930,PROD00245,2025-02-28,80,22,104,2,0
INV0002931,PROD00245,2025-03-28,0,22,24,2,0
INV0002932,PROD00245,2025-04-28,0,22,24,2,0
INV0002933,PROD00245,2025-05-28,0,22,24,2,0
INV0002934,PROD00245,2025-06-28,0,22,24,2,0
INV0002935,PROD00245,2025-07-28,0,22,24,2,0
INV0002936,PROD00245,2025-08-28,0,22,24,2,0
INV0002937,PROD00245,2025-09-28,0,22,24,2,0
INV0002938,PROD00245,2025-10-28,0,22,24,2,0
INV0002939,PROD00245,2025-11-28,0,22,24,2,0
INV0002940,PROD00245,2025-12-28,0,23,30,7,0
INV0002941,PROD00246,2025-01-28,137,94,111,3,123
INV0002942,PROD00246,2025-02-28,123,94,111,3,109
INV0002943,PROD00246,2025-03-28,109,94,111,3,95
INV0002944,PROD00246,2025-04-28,95,94,111,3,81
INV0002945,PROD00246,2025-05-28,81,94,111,3,67
INV0002946,PROD00246,2025-06-28,67,94,111,3,53
INV0002947,PROD00246,2025-07-28,53,94,111,3,39
INV0002948,PROD00246,2025-08-28,39,94,111,3,25
INV0002949,PROD00246,2025-09-28,25,94,111,3,11
INV0002950,PROD00246,2025-10-28,11,94,108,3,0
INV0002951,PROD00246,2025-11-28,0,94,97,3,0
INV0002952,PROD00246,2025-12-28,0,105,108,3,0
INV0002953,PROD00247,2025-01-28,55,76,126,2,7
INV0002954,PROD00247,2025-02-28,7,76,85,2,0
INV0002955,PROD00247,2025-03-28,0,76,78,2,0
INV0002956,PROD00247,2025-04-28,0,76,78,2,0
INV0002957,PROD00247,2025-05-28,0,76,78,2,0
INV0002958,PROD00247,2025-06-28,0,76,78,2,0
INV0002959,PROD00247,2025-07-28,0,76,78,2,0
INV0002960,PROD00247,2025-08-28,0,76,78,2,0
INV0002961,PROD00247,2025-09-28,0,76,78,2,0
INV0002962,PROD00247,2025-10-28,0,76,78,2,0
INV0002963,PROD00247,2025-11-28,0,76,78,2,0
INV0002964,PROD00247,2025-12-28,0,85,89,4,0
INV0002965,PROD00248,2025-01-28,215,19,107,4,131
INV0002966,PROD00248,2025-02-28,131,19,107,4,47
INV0002967,PROD00248,2025-03-28,47,19,70,4,0
INV0002968,PROD00248,2025-04-28,0,19,23,4,0
INV0002969,PROD00248,2025-05-28,0,19,23,4,0
INV0002970,PROD00248,2025-06-28,0,19,23,4,0
INV0002971,PROD00248,2025-07-28,0,19,23,4,0
INV0002972,PROD00248,2025-08-28,0,19,23,4,0
INV0002973,PROD00248,2025-09-28,0,19,23,4,0
INV0002974,PROD00248,2025-10-28,0,19,23,4,0
INV0002975,PROD00248,2025-11-28,0,19,23,4,0
INV0002976,PROD00248,2025-12-28,0,28,32,4,0
INV0002977,PROD00249,2025-01-28,185,69,110,1,145
INV0002978,PROD00249,2025-02-28,145,69,110,1,105
INV0002979,PROD00249,2025-03-28,105,69,110,1,65
INV0002980,PROD00249,2025-04-28,65,69,110,1,25
INV0002981,PROD00249,2025-05-28,25,69,95,1,0
INV0002982,PROD00249,2025-06-28,0,69,70,1,0
INV0002983,PROD00249,2025-07-28,0,69,70,1,0
INV0002984,PROD00249,2025-08-28,0,69,70,1,0
INV0002985,PROD00249,2025-09-28,0,69,70,1,0
INV0002986,PROD00249,2025-10-28,0,69,70,1,0
INV0002987,PROD00249,2025-11-28,0,69,70,1,0
INV0002988,PROD00249,2025-12-28,0,75,85,10,0
INV0002989,PROD00250,2025-01-28,241,53,109,1,186
INV0002990,PROD00250,2025-02-28,186,53,109,1,131
INV0002991,PROD00250,2025-03-28,131,53,109,1,76
INV0002992,PROD00250,2025-04-28,76,53,109,1,21
INV0002993,PROD00250,2025-05-28,21,53,75,1,0
INV0002994,PROD00250,2025-06-28,0,53,54,1,0
INV0002995,PROD00250,2025-07-28,0,53,54,1,0
INV0002996,PROD00250,2025-08-28,0,53,54,1,0
INV0002997,PROD00250,2025-09-28,0,53,54,1,0
INV0002998,PROD00250,2025-10-28,0,53,54,1,0
INV0002999,PROD00250,2025-11-28,0,53,54,1,0
INV0003000,PROD00250,2025-12-28,0,59,66,7,0
INV0003001,PROD00251,2025-01-28,193,154,118,3,232
INV0003002,PROD00251,2025-02-28,232,154,118,3,271
INV0003003,PROD00251,2025-03-28,271,154,118,3,310
INV0003004,PROD00251,2025-04-28,310,154,118,3,349
INV0003005,PROD00251,2025-05-28,349,154,118,3,388
INV0003006,PROD00251,2025-06-28,388,154,118,3,427
INV0003007,PROD00251,2025-07-28,427,154,118,3,466
INV0003008,PROD00251,2025-08-28,466,154,118,3,505
INV0003009,PROD00251,2025-09-28,505,154,118,3,544
INV0003010,PROD00251,2025-10-28,544,154,118,3,583
INV0003011,PROD00251,2025-11-28,583,154,118,3,622
INV0003012,PROD00251,2025-12-28,622,165,125,14,676
INV0003013,PROD00252,2025-01-28,67,27,97,3,0
INV0003014,PROD00252,2025-02-28,0,27,30,3,0
INV0003015,PROD00252,2025-03-28,0,27,30,3,0
INV0003016,PROD00252,2025-04-28,0,27,30,3,0
INV0003017,PROD00252,2025-05-28,0,27,30,3,0
INV0003018,PROD00252,2025-06-28,0,27,30,3,0
INV0003019,PROD00252,2025-07-28,0,27,30,3,0
INV0003020,PROD00252,2025-08-28,0,27,30,3,0
INV0003021,PROD00252,2025-09-28,0,27,30,3,0
INV0003022,PROD00252,2025-10-28,0,27,30,3,0
INV0003023,PROD00252,2025-11-28,0,27,30,3,0
INV0003024,PROD00252,2025-12-28,0,37,40,3,0
INV0003025,PROD00253,2025-01-28,54,96,101,1,50
INV0003026,PROD00253,2025-02-28,50,96,101,1,46
INV0003027,PROD00253,2025-03-28,46,96,101,1,42
INV0003028,PROD00253,2025-04-28,42,96,101,1,38
INV0003029,PROD00253,2025-05-28,38,96,101,1,34
INV0003030,PROD00253,2025-06-28,34,96,101,1,30
INV0003031,PROD00253,2025-07-28,30,96,101,1,26
INV0003032,PROD00253,2025-08-28,26,96,101,1,22
INV0003033,PROD00253,2025-09-28,22,96,101,1,18
INV0003034,PROD00253,2025-10-28,18,96,101,1,14
INV0003035,PROD00253,2025-11-28,14,96,101,1,10
INV0003036,PROD00253,2025-12-28,10,103,108,11,16
INV0003037,PROD00254,2025-01-28,174,146,103,3,220
INV0003038,PROD00254,2025-02-28,220,146,103,3,266
INV0003039,PROD00254,2025-03-28,266,146,103,3,312
INV0003040,PROD00254,2025-04-28,312,146,103,3,358
INV0003041,PROD00254,2025-05-28,358,146,103,3,404
INV0003042,PROD00254,2025-06-28,404,146,103,3,450
INV0003043,PROD00254,2025-07-28,450,146,103,3,496
INV0003044,PROD00254,2025-08-28,496,146,103,3,542
INV0003045,PROD00254,2025-09-28,542,146,103,3,588
INV0003046,PROD00254,2025-10-28,588,146,103,3,634
INV0003047,PROD00254,2025-11-28,634,146,103,3,680
INV0003048,PROD00254,2025-12-28,680,155,108,3,730
INV0003049,PROD00255,2025-01-28,67,14,83,2,0
INV0003050,PROD00255,2025-02-28,0,14,16,2,0
INV0003051,PROD00255,2025-03-28,0,14,16,2,0
INV0003052,PROD00255,2025-04-28,0,14,16,2,0
INV0003053,PROD00255,2025-05-28,0,14,16,2,0
INV0003054,PROD00255,2025-06-28,0,14,16,2,0
INV0003055,PROD00255,2025-07-28,0,14,16,2,0
INV0003056,PROD00255,2025-08-28,0,14,16,2,0
INV0003057,PROD00255,2025-09-28,0,14,16,2,0
INV0003058,PROD00255,2025-10-28,0,14,16,2,0
INV0003059,PROD00255,2025-11-28,0,14,16,2,0
INV0003060,PROD00255,2025-12-28,0,19,21,2,0
INV0003061,PROD00256,2025-01-28,184,161,132,1,214
INV0003062,PROD00256,2025-02-28,214,161,132,1,244
INV0003063,PROD00256,2025-03-28,244,161,132,1,274
INV0003064,PROD00256,2025-04-28,274,161,132,1,304
INV0003065,PROD00256,2025-05-28,304,161,132,1,334
INV0003066,PROD00256,2025-06-28,334,161,132,1,364
INV0003067,PROD00256,2025-07-28,364,161,132,1,394
INV0003068,PROD00256,2025-08-28,394,161,132,1,424
INV0003069,PROD00256,2025-09-28,424,161,132,1,454
INV0003070,PROD00256,2025-10-28,454,161,132,1,484
INV0003071,PROD00256,2025-11-28,484,161,132,1,514
INV0003072,PROD00256,2025-12-28,514,165,138,8,549
INV0003073,PROD00257,2025-01-28,236,40,105,2,173
INV0003074,PROD00257,2025-02-28,173,40,105,2,110
INV0003075,PROD00257,2025-03-28,110,40,105,2,47
INV0003076,PROD00257,2025-04-28,47,40,89,2,0
INV0003077,PROD00257,2025-05-28,0,40,42,2,0
INV0003078,PROD00257,2025-06-28,0,40,42,2,0
INV0003079,PROD00257,2025-07-28,0,40,42,2,0
INV0003080,PROD00257,2025-08-28,0,40,42,2,0
INV0003081,PROD00257,2025-09-28,0,40,42,2,0
INV0003082,PROD00257,2025-10-28,0,40,42,2,0
INV0003083,PROD00257,2025-11-28,0,40,42,2,0
INV0003084,PROD00257,2025-12-28,0,51,53,2,0
INV0003085,PROD00258,2025-01-28,115,149,119,3,148
INV0003086,PROD00258,2025-02-28,148,149,119,3,181
INV0003087,PROD00258,2025-03-28,181,149,119,3,214
INV0003088,PROD00258,2025-04-28,214,149,119,3,247
INV0003089,PROD00258,2025-05-28,247,149,119,3,280
INV0003090,PROD00258,2025-06-28,280,149,119,3,313
INV0003091,PROD00258,2025-07-28,313,149,119,3,346
INV0003092,PROD00258,2025-08-28,346,149,119,3,379
INV0003093,PROD00258,2025-09-28,379,149,119,3,412
INV0003094,PROD00258,2025-10-28,412,149,119,3,445
INV0003095,PROD00258,2025-11-28,445,149,119,3,478
INV0003096,PROD00258,2025-12-28,478,158,129,7,514
INV0003097,PROD00259,2025-01-28,131,68,114,4,89
INV0003098,PROD00259,2025-02-28,89,68,114,4,47
INV0003099,PROD00259,2025-03-28,47,68,114,4,5
INV0003100,PROD00259,2025-04-28,5,68,77,4,0
INV0003101,PROD00259,2025-05-28,0,68,72,4,0
INV0003102,PROD00259,2025-06-28,0,68,72,4,0
INV0003103,PROD00259,2025-07-28,0,68,72,4,0
INV0003104,PROD00259,2025-08-28,0,68,72,4,0
INV0003105,PROD00259,2025-09-28,0,68,72,4,0
INV0003106,PROD00259,2025-10-28,0,68,72,4,0
INV0003107,PROD00259,2025-11-28,0,68,72,4,0
INV0003108,PROD00259,2025-12-28,0,69,84,15,0
INV0003109,PROD00260,2025-01-28,190,185,109,2,268
INV0003110,PROD00260,2025-02-28,268,185,109,2,346
INV0003111,PROD00260,2025-03-28,346,185,109,2,424
INV0003112,PROD00260,2025-04-28,424,185,109,2,502
INV0003113,PROD00260,2025-05-28,502,185,109,2,580
INV0003114,PROD00260,2025-06-28,580,185,109,2,658
INV0003115,PROD00260,2025-07-28,658,185,109,2,736
INV0003116,PROD00260,2025-08-28,736,185,109,2,814
INV0003117,PROD00260,2025-09-28,814,185,109,2,892
INV0003118,PROD00260,2025-10-28,892,185,109,2,970
INV0003119,PROD00260,2025-11-28,970,185,109,2,1048
INV0003120,PROD00260,2025-12-28,1048,195,112,7,1138
INV0003121,PROD00261,2025-01-28,110,125,104,1,132
INV0003122,PROD00261,2025-02-28,132,125,104,1,154
INV0003123,PROD00261,2025-03-28,154,125,104,1,176
INV0003124,PROD00261,2025-04-28,176,125,104,1,198
INV0003125,PROD00261,2025-05-28,198,125,104,1,220
INV0003126,PROD00261,2025-06-28,220,125,104,1,242
INV0003127,PROD00261,2025-07-28,242,125,104,1,264
INV0003128,PROD00261,2025-08-28,264,125,104,1,286
INV0003129,PROD00261,2025-09-28,286,125,104,1,308
INV0003130,PROD00261,2025-10-28,308,125,104,1,330
INV0003131,PROD00261,2025-11-28,330,125,104,1,352
INV0003132,PROD00261,2025-12-28,352,129,106,6,381
INV0003133,PROD00262,2025-01-28,243,158,109,4,296
INV0003134,PROD00262,2025-02-28,296,158,109,4,349
INV0003135,PROD00262,2025-03-28,349,158,109,4,402
INV0003136,PROD00262,2025-04-28,402,158,109,4,455
INV0003137,PROD00262,2025-05-28,455,158,109,4,508
INV0003138,PROD00262,2025-06-28,508,158,109,4,561
INV0003139,PROD00262,2025-07-28,561,158,109,4,614
INV0003140,PROD00262,2025-08-28,614,158,109,4,667
INV0003141,PROD00262,2025-09-28,667,158,109,4,720
INV0003142,PROD00262,2025-10-28,720,158,109,4,773
INV0003143,PROD00262,2025-11-28,773,158,109,4,826
INV0003144,PROD00262,2025-12-28,826,166,114,8,886
INV0003145,PROD00263,2025-01-28,220,200,93,1,328
INV0003146,PROD00263,2025-02-28,328,200,93,1,436
INV0003147,PROD00263,2025-03-28,436,200,93,1,544
INV0003148,PROD00263,2025-04-28,544,200,93,1,652
INV0003149,PROD00263,2025-05-28,652,200,93,1,760
INV0003150,PROD00263,2025-06-28,760,200,93,1,868
INV0003151,PROD00263,2025-07-28,868,200,93,1,976
INV0003152,PROD00263,2025-08-28,976,200,93,1,1084
INV0003153,PROD00263,2025-09-28,1084,200,93,1,1192
INV0003154,PROD00263,2025-10-28,1192,200,93,1,1300
INV0003155,PROD00263,2025-11-28,1300,200,93,1,1408
INV0003156,PROD00263,2025-12-28,1408,201,98,8,1519
INV0003157,PROD00264,2025-01-28,239,246,110,2,377
INV0003158,PROD00264,2025-02-28,377,246,110,2,515
INV0003159,PROD00264,2025-03-28,515,246,110,2,653
INV0003160,PROD00264,2025-04-28,653,246,110,2,791
INV0003161,PROD00264,2025-05-28,791,246,110,2,929
INV0003162,PROD00264,2025-06-28,929,246,110,2,1067
INV0003163,PROD00264,2025-07-28,1067,246,110,2,1205
INV0003164,PROD00264,2025-08-28,1205,246,110,2,1343
INV0003165,PROD00264,2025-09-28,1343,246,110,2,1481
INV0003166,PROD00264,2025-10-28,1481,246,110,2,1619
INV0003167,PROD00264,2025-11-28,1619,246,110,2,1757
INV0003168,PROD00264,2025-12-28,1757,248,121,4,1888
INV0003169,PROD00265,2025-01-28,195,136,97,2,236
INV0003170,PROD00265,2025-02-28,236,136,97,2,277
INV0003171,PROD00265,2025-03-28,277,136,97,2,318
INV0003172,PROD00265,2025-04-28,318,136,97,2,359
INV0003173,PROD00265,2025-05-28,359,136,97,2,400
INV0003174,PROD00265,2025-06-28,400,136,97,2,441
INV0003175,PROD00265,2025-07-28,441,136,97,2,482
INV0003176,PROD00265,2025-08-28,482,136,97,2,523
INV0003177,PROD00265,2025-09-28,523,136,97,2,564
INV0003178,PROD00265,2025-10-28,564,136,97,2,605
INV0003179,PROD00265,2025-11-28,605,136,97,2,646
INV0003180,PROD00265,2025-12-28,646,140,106,12,692
INV0003181,PROD00266,2025-01-28,88,116,111,2,95
INV0003182,PROD00266,2025-02-28,95,116,111,2,102
INV0003183,PROD00266,2025-03-28,102,116,111,2,109
INV0003184,PROD00266,2025-04-28,109,116,111,2,116
INV0003185,PROD00266,2025-05-28,116,116,111,2,123
INV0003186,PROD00266,2025-06-28,123,116,111,2,130
INV0003187,PROD00266,2025-07-28,130,116,111,2,137
INV0003188,PROD00266,2025-08-28,137,116,111,2,144
INV0003189,PROD00266,2025-09-28,144,116,111,2,151
INV0003190,PROD00266,2025-10-28,151,116,111,2,158
INV0003191,PROD00266,2025-11-28,158,116,111,2,165
INV0003192,PROD00266,2025-12-28,165,127,122,4,174
INV0003193,PROD00267,2025-01-28,191,181,105,1,268
INV0003194,PROD00267,2025-02-28,268,181,105,1,345
INV0003195,PROD00267,2025-03-28,345,181,105,1,422
INV0003196,PROD00267,2025-04-28,422,181,105,1,499
INV0003197,PROD00267,2025-05-28,499,181,105,1,576
INV0003198,PROD00267,2025-06-28,576,181,105,1,653
INV0003199,PROD00267,2025-07-28,653,181,105,1,730
INV0003200,PROD00267,2025-08-28,730,181,105,1,807
INV0003201,PROD00267,2025-09-28,807,181,105,1,884
INV0003202,PROD00267,2025-10-28,884,181,105,1,961
INV0003203,PROD00267,2025-11-28,961,181,105,1,1038
INV0003204,PROD00267,2025-12-28,1038,185,114,3,1112
INV0003205,PROD00268,2025-01-28,219,100,115,1,205
INV0003206,PROD00268,2025-02-28,205,100,115,1,191
INV0003207,PROD00268,2025-03-28,191,100,115,1,177
INV0003208,PROD00268,2025-04-28,177,100,115,1,163
INV0003209,PROD00268,2025-05-28,163,100,115,1,149
INV0003210,PROD00268,2025-06-28,149,100,115,1,135
INV0003211,PROD00268,2025-07-28,135,100,115,1,121
INV0003212,PROD00268,2025-08-28,121,100,115,1,107
INV0003213,PROD00268,2025-09-28,107,100,115,1,93
INV0003214,PROD00268,2025-10-28,93,100,115,1,79
INV0003215,PROD00268,2025-11-28,79,100,115,1,65
INV0003216,PROD00268,2025-12-28,65,104,121,12,60
INV0003217,PROD00269,2025-01-28,168,104,99,2,175
INV0003218,PROD00269,2025-02-28,175,104,99,2,182
INV0003219,PROD00269,2025-03-28,182,104,99,2,189
INV0003220,PROD00269,2025-04-28,189,104,99,2,196
INV0003221,PROD00269,2025-05-28,196,104,99,2,203
INV0003222,PROD00269,2025-06-28,203,104,99,2,210
INV0003223,PROD00269,2025-07-28,210,104,99,2,217
INV0003224,PROD00269,2025-08-28,217,104,99,2,224
INV0003225,PROD00269,2025-09-28,224,104,99,2,231
INV0003226,PROD00269,2025-10-28,231,104,99,2,238
INV0003227,PROD00269,2025-11-28,238,104,99,2,245
INV0003228,PROD00269,2025-12-28,245,107,104,9,257
INV0003229,PROD00270,2025-01-28,235,169,105,1,300
INV0003230,PROD00270,2025-02-28,300,169,105,1,365
INV0003231,PROD00270,2025-03-28,365,169,105,1,430
INV0003232,PROD00270,2025-04-28,430,169,105,1,495
INV0003233,PROD00270,2025-05-28,495,169,105,1,560
INV0003234,PROD00270,2025-06-28,560,169,105,1,625
INV0003235,PROD00270,2025-07-28,625,169,105,1,690
INV0003236,PROD00270,2025-08-28,690,169,105,1,755
INV0003237,PROD00270,2025-09-28,755,169,105,1,820
INV0003238,PROD00270,2025-10-28,820,169,105,1,885
INV0003239,PROD00270,2025-11-28,885,169,105,1,950
INV0003240,PROD00270,2025-12-28,950,175,111,11,1025
INV0003241,PROD00271,2025-01-28,245,125,113,1,258
INV0003242,PROD00271,2025-02-28,258,125,113,1,271
INV0003243,PROD00271,2025-03-28,271,125,113,1,284
INV0003244,PROD00271,2025-04-28,284,125,113,1,297
INV0003245,PROD00271,2025-05-28,297,125,113,1,310
INV0003246,PROD00271,2025-06-28,310,125,113,1,323
INV0003247,PROD00271,2025-07-28,323,125,113,1,336
INV0003248,PROD00271,2025-08-28,336,125,113,1,349
INV0003249,PROD00271,2025-09-28,349,125,113,1,362
INV0003250,PROD00271,2025-10-28,362,125,113,1,375
INV0003251,PROD00271,2025-11-28,375,125,113,1,388
INV0003252,PROD00271,2025-12-28,388,128,121,5,400
INV0003253,PROD00272,2025-01-28,140,180,108,2,214
INV0003254,PROD00272,2025-02-28,214,180,108,2,288
INV0003255,PROD00272,2025-03-28,288,180,108,2,362
INV0003256,PROD00272,2025-04-28,362,180,108,2,436
INV0003257,PROD00272,2025-05-28,436,180,108,2,510
INV0003258,PROD00272,2025-06-28,510,180,108,2,584
INV0003259,PROD00272,2025-07-28,584,180,108,2,658
INV0003260,PROD00272,2025-08-28,658,180,108,2,732
INV0003261,PROD00272,2025-09-28,732,180,108,2,806
INV0003262,PROD00272,2025-10-28,806,180,108,2,880
INV0003263,PROD00272,2025-11-28,880,180,108,2,954
INV0003264,PROD00272,2025-12-28,954,186,115,11,1036
INV0003265,PROD00273,2025-01-28,154,133,115,4,176
INV0003266,PROD00273,2025-02-28,176,133,115,4,198
INV0003267,PROD00273,2025-03-28,198,133,115,4,220
INV0003268,PROD00273,2025-04-28,220,133,115,4,242
INV0003269,PROD00273,2025-05-28,242,133,115,4,264
INV0003270,PROD00273,2025-06-28,264,133,115,4,286
INV0003271,PROD00273,2025-07-28,286,133,115,4,308
INV0003272,PROD00273,2025-08-28,308,133,115,4,330
INV0003273,PROD00273,2025-09-28,330,133,115,4,352
INV0003274,PROD00273,2025-10-28,352,133,115,4,374
INV0003275,PROD00273,2025-11-28,374,133,115,4,396
INV0003276,PROD00273,2025-12-28,396,144,124,7,423
INV0003277,PROD00274,2025-01-28,78,128,115,1,92
INV0003278,PROD00274,2025-02-28,92,128,115,1,106
INV0003279,PROD00274,2025-03-28,106,128,115,1,120
INV0003280,PROD00274,2025-04-28,120,128,115,1,134
INV0003281,PROD00274,2025-05-28,134,128,115,1,148
INV0003282,PROD00274,2025-06-28,148,128,115,1,162
INV0003283,PROD00274,2025-07-28,162,128,115,1,176
INV0003284,PROD00274,2025-08-28,176,128,115,1,190
INV0003285,PROD00274,2025-09-28,190,128,115,1,204
INV0003286,PROD00274,2025-10-28,204,128,115,1,218
INV0003287,PROD00274,2025-11-28,218,128,115,1,232
INV0003288,PROD00274,2025-12-28,232,132,118,7,253
INV0003289,PROD00275,2025-01-28,243,51,107,0,187
INV0003290,PROD00275,2025-02-28,187,51,107,0,131
INV0003291,PROD00275,2025-03-28,131,51,107,0,75
INV0003292,PROD00275,2025-04-28,75,51,107,0,19
INV0003293,PROD00275,2025-05-28,19,51,70,0,0
INV0003294,PROD00275,2025-06-28,0,51,51,0,0
INV0003295,PROD00275,2025-07-28,0,51,51,0,0
INV0003296,PROD00275,2025-08-28,0,51,51,0,0
INV0003297,PROD00275,2025-09-28,0,51,51,0,0
INV0003298,PROD00275,2025-10-28,0,51,51,0,0
INV0003299,PROD00275,2025-11-28,0,51,51,0,0
INV0003300,PROD00275,2025-12-28,0,59,70,11,0
INV0003301,PROD00276,2025-01-28,100,124,112,4,116
INV0003302,PROD00276,2025-02-28,116,124,112,4,132
INV0003303,PROD00276,2025-03-28,132,124,112,4,148
INV0003304,PROD00276,2025-04-28,148,124,112,4,164
INV0003305,PROD00276,2025-05-28,164,124,112,4,180
INV0003306,PROD00276,2025-06-28,180,124,112,4,196
INV0003307,PROD00276,2025-07-28,196,124,112,4,212
INV0003308,PROD00276,2025-08-28,212,124,112,4,228
INV0003309,PROD00276,2025-09-28,228,124,112,4,244
INV0003310,PROD00276,2025-10-28,244,124,112,4,260
INV0003311,PROD00276,2025-11-28,260,124,112,4,276
INV0003312,PROD00276,2025-12-28,276,134,116,4,298
INV0003313,PROD00277,2025-01-28,222,136,110,2,250
INV0003314,PROD00277,2025-02-28,250,136,110,2,278
INV0003315,PROD00277,2025-03-28,278,136,110,2,306
INV0003316,PROD00277,2025-04-28,306,136,110,2,334
INV0003317,PROD00277,2025-05-28,334,136,110,2,362
INV0003318,PROD00277,2025-06-28,362,136,110,2,390
INV0003319,PROD00277,2025-07-28,390,136,110,2,418
INV0003320,PROD00277,2025-08-28,418,136,110,2,446
INV0003321,PROD00277,2025-09-28,446,136,110,2,474
INV0003322,PROD00277,2025-10-28,474,136,110,2,502
INV0003323,PROD00277,2025-11-28,502,136,110,2,530
INV0003324,PROD00277,2025-12-28,530,145,117,9,567
INV0003325,PROD00278,2025-01-28,248,168,110,2,308
INV0003326,PROD00278,2025-02-28,308,168,110,2,368
INV0003327,PROD00278,2025-03-28,368,168,110,2,428
INV0003328,PROD00278,2025-04-28,428,168,110,2,488
INV0003329,PROD00278,2025-05-28,488,168,110,2,548
INV0003330,PROD00278,2025-06-28,548,168,110,2,608
INV0003331,PROD00278,2025-07-28,608,168,110,2,668
INV0003332,PROD00278,2025-08-28,668,168,110,2,728
INV0003333,PROD00278,2025-09-28,728,168,110,2,788
INV0003334,PROD00278,2025-10-28,788,168,110,2,848
INV0003335,PROD00278,2025-11-28,848,168,110,2,908
INV0003336,PROD00278,2025-12-28,908,173,119,3,965
INV0003337,PROD00279,2025-01-28,69,186,106,1,150
INV0003338,PROD00279,2025-02-28,150,186,106,1,231
INV0003339,PROD00279,2025-03-28,231,186,106,1,312
INV0003340,PROD00279,2025-04-28,312,186,106,1,393
INV0003341,PROD00279,2025-05-28,393,186,106,1,474
INV0003342,PROD00279,2025-06-28,474,186,106,1,555
INV0003343,PROD00279,2025-07-28,555,186,106,1,636
INV0003344,PROD00279,2025-08-28,636,186,106,1,717
INV0003345,PROD00279,2025-09-28,717,186,106,1,798
INV0003346,PROD00279,2025-10-28,798,186,106,1,879
INV0003347,PROD00279,2025-11-28,879,186,106,1,960
INV0003348,PROD00279,2025-12-28,960,187,113,2,1036
INV0003349,PROD00280,2025-01-28,142,130,111,2,163
INV0003350,PROD00280,2025-02-28,163,130,111,2,184
INV0003351,PROD00280,2025-03-28,184,130,111,2,205
INV0003352,PROD00280,2025-04-28,205,130,111,2,226
INV0003353,PROD00280,2025-05-28,226,130,111,2,247
INV0003354,PROD00280,2025-06-28,247,130,111,2,268
INV0003355,PROD00280,2025-07-28,268,130,111,2,289
INV0003356,PROD00280,2025-08-28,289,130,111,2,310
INV0003357,PROD00280,2025-09-28,310,130,111,2,331
INV0003358,PROD00280,2025-10-28,331,130,111,2,352
INV0003359,PROD00280,2025-11-28,352,130,111,2,373
INV0003360,PROD00280,2025-12-28,373,136,112,8,405
INV0003361,PROD00281,2025-01-28,250,188,106,3,335
INV0003362,PROD00281,2025-02-28,335,188,106,3,420
INV0003363,PROD00281,2025-03-28,420,188,106,3,505
INV0003364,PROD00281,2025-04-28,505,188,106,3,590
INV0003365,PROD00281,2025-05-28,590,188,106,3,675
INV0003366,PROD00281,2025-06-28,675,188,106,3,760
INV0003367,PROD00281,2025-07-28,760,188,106,3,845
INV0003368,PROD00281,2025-08-28,845,188,106,3,930
INV0003369,PROD00281,2025-09-28,930,188,106,3,1015
INV0003370,PROD00281,2025-10-28,1015,188,106,3,1100
INV0003371,PROD00281,2025-11-28,1100,188,106,3,1185
INV0003372,PROD00281,2025-12-28,1185,189,113,7,1268
INV0003373,PROD00282,2025-01-28,72,266,114,3,227
INV0003374,PROD00282,2025-02-28,227,266,114,3,382
INV0003375,PROD00282,2025-03-28,382,266,114,3,537
INV0003376,PROD00282,2025-04-28,537,266,114,3,692
INV0003377,PROD00282,2025-05-28,692,266,114,3,847
INV0003378,PROD00282,2025-06-28,847,266,114,3,1002
INV0003379,PROD00282,2025-07-28,1002,266,114,3,1157
INV0003380,PROD00282,2025-08-28,1157,266,114,3,1312
INV0003381,PROD00282,2025-09-28,1312,266,114,3,1467
INV0003382,PROD00282,2025-10-28,1467,266,114,3,1622
INV0003383,PROD00282,2025-11-28,1622,266,114,3,1777
INV0003384,PROD00282,2025-12-28,1777,268,115,6,1936
INV0003385,PROD00283,2025-01-28,118,43,107,3,57
INV0003386,PROD00283,2025-02-28,57,43,103,3,0
INV0003387,PROD00283,2025-03-28,0,43,46,3,0
INV0003388,PROD00283,2025-04-28,0,43,46,3,0
INV0003389,PROD00283,2025-05-28,0,43,46,3,0
INV0003390,PROD00283,2025-06-28,0,43,46,3,0
INV0003391,PROD00283,2025-07-28,0,43,46,3,0
INV0003392,PROD00283,2025-08-28,0,43,46,3,0
INV0003393,PROD00283,2025-09-28,0,43,46,3,0
INV0003394,PROD00283,2025-10-28,0,43,46,3,0
INV0003395,PROD00283,2025-11-28,0,43,46,3,0
INV0003396,PROD00283,2025-12-28,0,54,68,14,0
INV0003397,PROD00284,2025-01-28,203,94,105,2,194
INV0003398,PROD00284,2025-02-28,194,94,105,2,185
INV0003399,PROD00284,2025-03-28,185,94,105,2,176
INV0003400,PROD00284,2025-04-28,176,94,105,2,167
INV0003401,PROD00284,2025-05-28,167,94,105,2,158
INV0003402,PROD00284,2025-06-28,158,94,105,2,149
INV0003403,PROD00284,2025-07-28,149,94,105,2,140
INV0003404,PROD00284,2025-08-28,140,94,105,2,131
INV0003405,PROD00284,2025-09-28,131,94,105,2,122
INV0003406,PROD00284,2025-10-28,122,94,105,2,113
INV0003407,PROD00284,2025-11-28,113,94,105,2,104
INV0003408,PROD00284,2025-12-28,104,104,110,8,106
INV0003409,PROD00285,2025-01-28,182,39,108,3,116
INV0003410,PROD00285,2025-02-28,116,39,108,3,50
INV0003411,PROD00285,2025-03-28,50,39,92,3,0
INV0003412,PROD00285,2025-04-28,0,39,42,3,0
INV0003413,PROD00285,2025-05-28,0,39,42,3,0
INV0003414,PROD00285,2025-06-28,0,39,42,3,0
INV0003415,PROD00285,2025-07-28,0,39,42,3,0
INV0003416,PROD00285,2025-08-28,0,39,42,3,0
INV0003417,PROD00285,2025-09-28,0,39,42,3,0
INV0003418,PROD00285,2025-10-28,0,39,42,3,0
INV0003419,PROD00285,2025-11-28,0,39,42,3,0
INV0003420,PROD00285,2025-12-28,0,40,54,14,0
INV0003421,PROD00286,2025-01-28,123,102,115,2,112
INV0003422,PROD00286,2025-02-28,112,102,115,2,101
INV0003423,PROD00286,2025-03-28,101,102,115,2,90
INV0003424,PROD00286,2025-04-28,90,102,115,2,79
INV0003425,PROD00286,2025-05-28,79,102,115,2,68
INV0003426,PROD00286,2025-06-28,68,102,115,2,57
INV0003427,PROD00286,2025-07-28,57,102,115,2,46
INV0003428,PROD00286,2025-08-28,46,102,115,2,35
INV0003429,PROD00286,2025-09-28,35,102,115,2,24
INV0003430,PROD00286,2025-10-28,24,102,115,2,13
INV0003431,PROD00286,2025-11-28,13,102,115,2,2
INV0003432,PROD00286,2025-12-28,2,102,117,13,0
INV0003433,PROD00287,2025-01-28,214,94,105,2,205
INV0003434,PROD00287,2025-02-28,205,94,105,2,196
INV0003435,PROD00287,2025-03-28,196,94,105,2,187
INV0003436,PROD00287,2025-04-28,187,94,105,2,178
INV0003437,PROD00287,2025-05-28,178,94,105,2,169
INV0003438,PROD00287,2025-06-28,169,94,105,2,160
INV0003439,PROD00287,2025-07-28,160,94,105,2,151
INV0003440,PROD00287,2025-08-28,151,94,105,2,142
INV0003441,PROD00287,2025-09-28,142,94,105,2,133
INV0003442,PROD00287,2025-10-28,133,94,105,2,124
INV0003443,PROD00287,2025-11-28,124,94,105,2,115
INV0003444,PROD00287,2025-12-28,115,99,106,6,114
INV0003445,PROD00288,2025-01-28,61,43,105,1,0
INV0003446,PROD00288,2025-02-28,0,43,44,1,0
INV0003447,PROD00288,2025-03-28,0,43,44,1,0
INV0003448,PROD00288,2025-04-28,0,43,44,1,0
INV0003449,PROD00288,2025-05-28,0,43,44,1,0
INV0003450,PROD00288,2025-06-28,0,43,44,1,0
INV0003451,PROD00288,2025-07-28,0,43,44,1,0
INV0003452,PROD00288,2025-08-28,0,43,44,1,0
INV0003453,PROD00288,2025-09-28,0,43,44,1,0
INV0003454,PROD00288,2025-10-28,0,43,44,1,0
INV0003455,PROD00288,2025-11-28,0,43,44,1,0
INV0003456,PROD00288,2025-12-28,0,49,58,9,0
INV0003457,PROD00289,2025-01-28,81,135,128,2,90
INV0003458,PROD00289,2025-02-28,90,135,128,2,99
INV0003459,PROD00289,2025-03-28,99,135,128,2,108
INV0003460,PROD00289,2025-04-28,108,135,128,2,117
INV0003461,PROD00289,2025-05-28,117,135,128,2,126
INV0003462,PROD00289,2025-06-28,126,135,128,2,135
INV0003463,PROD00289,2025-07-28,135,135,128,2,144
INV0003464,PROD00289,2025-08-28,144,135,128,2,153
INV0003465,PROD00289,2025-09-28,153,135,128,2,162
INV0003466,PROD00289,2025-10-28,162,135,128,2,171
INV0003467,PROD00289,2025-11-28,171,135,128,2,180
INV0003468,PROD00289,2025-12-28,180,135,139,3,179
INV0003469,PROD00290,2025-01-28,169,212,113,1,269
INV0003470,PROD00290,2025-02-28,269,212,113,1,369
INV0003471,PROD00290,2025-03-28,369,212,113,1,469
INV0003472,PROD00290,2025-04-28,469,212,113,1,569
INV0003473,PROD00290,2025-05-28,569,212,113,1,669
INV0003474,PROD00290,2025-06-28,669,212,113,1,769
INV0003475,PROD00290,2025-07-28,769,212,113,1,869
INV0003476,PROD00290,2025-08-28,869,212,113,1,969
INV0003477,PROD00290,2025-09-28,969,212,113,1,1069
INV0003478,PROD00290,2025-10-28,1069,212,113,1,1169
INV0003479,PROD00290,2025-11-28,1169,212,113,1,1269
INV0003480,PROD00290,2025-12-28,1269,223,116,1,1377
INV0003481,PROD00291,2025-01-28,181,9,118,4,76
INV0003482,PROD00291,2025-02-28,76,9,89,4,0
INV0003483,PROD00291,2025-03-28,0,9,13,4,0
INV0003484,PROD00291,2025-04-28,0,9,13,4,0
INV0003485,PROD00291,2025-05-28,0,9,13,4,0
INV0003486,PROD00291,2025-06-28,0,9,13,4,0
INV0003487,PROD00291,2025-07-28,0,9,13,4,0
INV0003488,PROD00291,2025-08-28,0,9,13,4,0
INV0003489,PROD00291,2025-09-28,0,9,13,4,0
INV0003490,PROD00291,2025-10-28,0,9,13,4,0
INV0003491,PROD00291,2025-11-28,0,9,13,4,0
INV0003492,PROD00291,2025-12-28,0,13,21,8,0
INV0003493,PROD00292,2025-01-28,70,47,117,2,2
INV0003494,PROD00292,2025-02-28,2,47,51,2,0
INV0003495,PROD00292,2025-03-28,0,47,49,2,0
INV0003496,PROD00292,2025-04-28,0,47,49,2,0
INV0003497,PROD00292,2025-05-28,0,47,49,2,0
INV0003498,PROD00292,2025-06-28,0,47,49,2,0
INV0003499,PROD00292,2025-07-28,0,47,49,2,0
INV0003500,PROD00292,2025-08-28,0,47,49,2,0
INV0003501,PROD00292,2025-09-28,0,47,49,2,0
INV0003502,PROD00292,2025-10-28,0,47,49,2,0
INV0003503,PROD00292,2025-11-28,0,47,49,2,0
INV0003504,PROD00292,2025-12-28,0,50,60,10,0
INV0003505,PROD00293,2025-01-28,86,114,105,2,97
INV0003506,PROD00293,2025-02-28,97,114,105,2,108
INV0003507,PROD00293,2025-03-28,108,114,105,2,119
INV0003508,PROD00293,2025-04-28,119,114,105,2,130
INV0003509,PROD00293,2025-05-28,130,114,105,2,141
INV0003510,PROD00293,2025-06-28,141,114,105,2,152
INV0003511,PROD00293,2025-07-28,152,114,105,2,163
INV0003512,PROD00293,2025-08-28,163,114,105,2,174
INV0003513,PROD00293,2025-09-28,174,114,105,2,185
INV0003514,PROD00293,2025-10-28,185,114,105,2,196
INV0003515,PROD00293,2025-11-28,196,114,105,2,207
INV0003516,PROD00293,2025-12-28,207,118,106,3,222
INV0003517,PROD00294,2025-01-28,125,19,107,3,40
INV0003518,PROD00294,2025-02-28,40,19,62,3,0
INV0003519,PROD00294,2025-03-28,0,19,22,3,0
INV0003520,PROD00294,2025-04-28,0,19,22,3,0
INV0003521,PROD00294,2025-05-28,0,19,22,3,0
INV0003522,PROD00294,2025-06-28,0,19,22,3,0
INV0003523,PROD00294,2025-07-28,0,19,22,3,0
INV0003524,PROD00294,2025-08-28,0,19,22,3,0
INV0003525,PROD00294,2025-09-28,0,19,22,3,0
INV0003526,PROD00294,2025-10-28,0,19,22,3,0
INV0003527,PROD00294,2025-11-28,0,19,22,3,0
INV0003528,PROD00294,2025-12-28,0,24,31,7,0
INV0003529,PROD00295,2025-01-28,120,157,115,1,163
INV0003530,PROD00295,2025-02-28,163,157,115,1,206
INV0003531,PROD00295,2025-03-28,206,157,115,1,249
INV0003532,PROD00295,2025-04-28,249,157,115,1,292
INV0003533,PROD00295,2025-05-28,292,157,115,1,335
INV0003534,PROD00295,2025-06-28,335,157,115,1,378
INV0003535,PROD00295,2025-07-28,378,157,115,1,421
INV0003536,PROD00295,2025-08-28,421,157,115,1,464
INV0003537,PROD00295,2025-09-28,464,157,115,1,507
INV0003538,PROD00295,2025-10-28,507,157,115,1,550
INV0003539,PROD00295,2025-11-28,550,157,115,1,593
INV0003540,PROD00295,2025-12-28,593,162,125,5,635
INV0003541,PROD00296,2025-01-28,154,169,108,3,218
INV0003542,PROD00296,2025-02-28,218,169,108,3,282
INV0003543,PROD00296,2025-03-28,282,169,108,3,346
INV0003544,PROD00296,2025-04-28,346,169,108,3,410
INV0003545,PROD00296,2025-05-28,410,169,108,3,474
INV0003546,PROD00296,2025-06-28,474,169,108,3,538
INV0003547,PROD00296,2025-07-28,538,169,108,3,602
INV0003548,PROD00296,2025-08-28,602,169,108,3,666
INV0003549,PROD00296,2025-09-28,666,169,108,3,730
INV0003550,PROD00296,2025-10-28,730,169,108,3,794
INV0003551,PROD00296,2025-11-28,794,169,108,3,858
INV0003552,PROD00296,2025-12-28,858,177,119,5,921
INV0003553,PROD00297,2025-01-28,208,50,125,3,136
INV0003554,PROD00297,2025-02-28,136,50,125,3,64
INV0003555,PROD00297,2025-03-28,64,50,117,3,0
INV0003556,PROD00297,2025-04-28,0,50,53,3,0
INV0003557,PROD00297,2025-05-28,0,50,53,3,0
INV0003558,PROD00297,2025-06-28,0,50,53,3,0
INV0003559,PROD00297,2025-07-28,0,50,53,3,0
INV0003560,PROD00297,2025-08-28,0,50,53,3,0
INV0003561,PROD00297,2025-09-28,0,50,53,3,0
INV0003562,PROD00297,2025-10-28,0,50,53,3,0
INV0003563,PROD00297,2025-11-28,0,50,53,3,0
INV0003564,PROD00297,2025-12-28,0,55,63,8,0
INV0003565,PROD00298,2025-01-28,95,147,106,1,137
INV0003566,PROD00298,2025-02-28,137,147,106,1,179
INV0003567,PROD00298,2025-03-28,179,147,106,1,221
INV0003568,PROD00298,2025-04-28,221,147,106,1,263
INV0003569,PROD00298,2025-05-28,263,147,106,1,305
INV0003570,PROD00298,2025-06-28,305,147,106,1,347
INV0003571,PROD00298,2025-07-28,347,147,106,1,389
INV0003572,PROD00298,2025-08-28,389,147,106,1,431
INV0003573,PROD00298,2025-09-28,431,147,106,1,473
INV0003574,PROD00298,2025-10-28,473,147,106,1,515
INV0003575,PROD00298,2025-11-28,515,147,106,1,557
INV0003576,PROD00298,2025-12-28,557,153,113,1,598
INV0003577,PROD00299,2025-01-28,220,109,117,2,214
INV0003578,PROD00299,2025-02-28,214,109,117,2,208
INV0003579,PROD00299,2025-03-28,208,109,117,2,202
INV0003580,PROD00299,2025-04-28,202,109,117,2,196
INV0003581,PROD00299,2025-05-28,196,109,117,2,190
INV0003582,PROD00299,2025-06-28,190,109,117,2,184
INV0003583,PROD00299,2025-07-28,184,109,117,2,178
INV0003584,PROD00299,2025-08-28,178,109,117,2,172
INV0003585,PROD00299,2025-09-28,172,109,117,2,166
INV0003586,PROD00299,2025-10-28,166,109,117,2,160
INV0003587,PROD00299,2025-11-28,160,109,117,2,154
INV0003588,PROD00299,2025-12-28,154,116,123,12,159
INV0003589,PROD00300,2025-01-28,240,228,122,2,348
INV0003590,PROD00300,2025-02-28,348,228,122,2,456
INV0003591,PROD00300,2025-03-28,456,228,122,2,564
INV0003592,PROD00300,2025-04-28,564,228,122,2,672
INV0003593,PROD00300,2025-05-28,672,228,122,2,780
INV0003594,PROD00300,2025-06-28,780,228,122,2,888
INV0003595,PROD00300,2025-07-28,888,228,122,2,996
INV0003596,PROD00300,2025-08-28,996,228,122,2,1104
INV0003597,PROD00300,2025-09-28,1104,228,122,2,1212
INV0003598,PROD00300,2025-10-28,1212,228,122,2,1320
INV0003599,PROD00300,2025-11-28,1320,228,122,2,1428
INV0003600,PROD00300,2025-12-28,1428,239,128,8,1547
INV0003601,PROD00301,2025-01-28,222,200,115,2,309
INV0003602,PROD00301,2025-02-28,309,200,115,2,396
INV0003603,PROD00301,2025-03-28,396,200,115,2,483
INV0003604,PROD00301,2025-04-28,483,200,115,2,570
INV0003605,PROD00301,2025-05-28,570,200,115,2,657
INV0003606,PROD00301,2025-06-28,657,200,115,2,744
INV0003607,PROD00301,2025-07-28,744,200,115,2,831
INV0003608,PROD00301,2025-08-28,831,200,115,2,918
INV0003609,PROD00301,2025-09-28,918,200,115,2,1005
INV0003610,PROD00301,2025-10-28,1005,200,115,2,1092
INV0003611,PROD00301,2025-11-28,1092,200,115,2,1179
INV0003612,PROD00301,2025-12-28,1179,201,121,5,1264
INV0003613,PROD00302,2025-01-28,93,130,112,1,112
INV0003614,PROD00302,2025-02-28,112,130,112,1,131
INV0003615,PROD00302,2025-03-28,131,130,112,1,150
INV0003616,PROD00302,2025-04-28,150,130,112,1,169
INV0003617,PROD00302,2025-05-28,169,130,112,1,188
INV0003618,PROD00302,2025-06-28,188,130,112,1,207
INV0003619,PROD00302,2025-07-28,207,130,112,1,226
INV0003620,PROD00302,2025-08-28,226,130,112,1,245
INV0003621,PROD00302,2025-09-28,245,130,112,1,264
INV0003622,PROD00302,2025-10-28,264,130,112,1,283
INV0003623,PROD00302,2025-11-28,283,130,112,1,302
INV0003624,PROD00302,2025-12-28,302,134,112,2,326
INV0003625,PROD00303,2025-01-28,250,29,109,3,173
INV0003626,PROD00303,2025-02-28,173,29,109,3,96
INV0003627,PROD00303,2025-03-28,96,29,109,3,19
INV0003628,PROD00303,2025-04-28,19,29,51,3,0
INV0003629,PROD00303,2025-05-28,0,29,32,3,0
INV0003630,PROD00303,2025-06-28,0,29,32,3,0
INV0003631,PROD00303,2025-07-28,0,29,32,3,0
INV0003632,PROD00303,2025-08-28,0,29,32,3,0
INV0003633,PROD00303,2025-09-28,0,29,32,3,0
INV0003634,PROD00303,2025-10-28,0,29,32,3,0
INV0003635,PROD00303,2025-11-28,0,29,32,3,0
INV0003636,PROD00303,2025-12-28,0,29,39,10,0
INV0003637,PROD00304,2025-01-28,88,169,120,3,140
INV0003638,PROD00304,2025-02-28,140,169,120,3,192
INV0003639,PROD00304,2025-03-28,192,169,120,3,244
INV0003640,PROD00304,2025-04-28,244,169,120,3,296
INV0003641,PROD00304,2025-05-28,296,169,120,3,348
INV0003642,PROD00304,2025-06-28,348,169,120,3,400
INV0003643,PROD00304,2025-07-28,400,169,120,3,452
INV0003644,PROD00304,2025-08-28,452,169,120,3,504
INV0003645,PROD00304,2025-09-28,504,169,120,3,556
INV0003646,PROD00304,2025-10-28,556,169,120,3,608
INV0003647,PROD00304,2025-11-28,608,169,120,3,660
INV0003648,PROD00304,2025-12-28,660,174,130,6,710
INV0003649,PROD00305,2025-01-28,237,43,118,5,167
INV0003650,PROD00305,2025-02-28,167,43,118,5,97
INV0003651,PROD00305,2025-03-28,97,43,118,5,27
INV0003652,PROD00305,2025-04-28,27,43,75,5,0
INV0003653,PROD00305,2025-05-28,0,43,48,5,0
INV0003654,PROD00305,2025-06-28,0,43,48,5,0
INV0003655,PROD00305,2025-07-28,0,43,48,5,0
INV0003656,PROD00305,2025-08-28,0,43,48,5,0
INV0003657,PROD00305,2025-09-28,0,43,48,5,0
INV0003658,PROD00305,2025-10-28,0,43,48,5,0
INV0003659,PROD00305,2025-11-28,0,43,48,5,0
INV0003660,PROD00305,2025-12-28,0,45,50,5,0
INV0003661,PROD00306,2025-01-28,250,189,124,4,319
INV0003662,PROD00306,2025-02-28,319,189,124,4,388
INV0003663,PROD00306,2025-03-28,388,189,124,4,457
INV0003664,PROD00306,2025-04-28,457,189,124,4,526
INV0003665,PROD00306,2025-05-28,526,189,124,4,595
INV0003666,PROD00306,2025-06-28,595,189,124,4,664
INV0003667,PROD00306,2025-07-28,664,189,124,4,733
INV0003668,PROD00306,2025-08-28,733,189,124,4,802
INV0003669,PROD00306,2025-09-28,802,189,124,4,871
INV0003670,PROD00306,2025-10-28,871,189,124,4,940
INV0003671,PROD00306,2025-11-28,940,189,124,4,1009
INV0003672,PROD00306,2025-12-28,1009,190,126,8,1081
INV0003673,PROD00307,2025-01-28,112,248,106,5,259
INV0003674,PROD00307,2025-02-28,259,248,106,5,406
INV0003675,PROD00307,2025-03-28,406,248,106,5,553
INV0003676,PROD00307,2025-04-28,553,248,106,5,700
INV0003677,PROD00307,2025-05-28,700,248,106,5,847
INV0003678,PROD00307,2025-06-28,847,248,106,5,994
INV0003679,PROD00307,2025-07-28,994,248,106,5,1141
INV0003680,PROD00307,2025-08-28,1141,248,106,5,1288
INV0003681,PROD00307,2025-09-28,1288,248,106,5,1435
INV0003682,PROD00307,2025-10-28,1435,248,106,5,1582
INV0003683,PROD00307,2025-11-28,1582,248,106,5,1729
INV0003684,PROD00307,2025-12-28,1729,255,114,6,1876
INV0003685,PROD00308,2025-01-28,120,119,121,3,121
INV0003686,PROD00308,2025-02-28,121,119,121,3,122
INV0003687,PROD00308,2025-03-28,122,119,121,3,123
INV0003688,PROD00308,2025-04-28,123,119,121,3,124
INV0003689,PROD00308,2025-05-28,124,119,121,3,125
INV0003690,PROD00308,2025-06-28,125,119,121,3,126
INV0003691,PROD00308,2025-07-28,126,119,121,3,127
INV0003692,PROD00308,2025-08-28,127,119,121,3,128
INV0003693,PROD00308,2025-09-28,128,119,121,3,129
INV0003694,PROD00308,2025-10-28,129,119,121,3,130
INV0003695,PROD00308,2025-11-28,130,119,121,3,131
INV0003696,PROD00308,2025-12-28,131,128,121,8,146
INV0003697,PROD00309,2025-01-28,186,25,109,4,106
INV0003698,PROD00309,2025-02-28,106,25,109,4,26
INV0003699,PROD00309,2025-03-28,26,25,55,4,0
INV0003700,PROD00309,2025-04-28,0,25,29,4,0
INV0003701,PROD00309,2025-05-28,0,25,29,4,0
INV0003702,PROD00309,2025-06-28,0,25,29,4,0
INV0003703,PROD00309,2025-07-28,0,25,29,4,0
INV0003704,PROD00309,2025-08-28,0,25,29,4,0
INV0003705,PROD00309,2025-09-28,0,25,29,4,0
INV0003706,PROD00309,2025-10-28,0,25,29,4,0
INV0003707,PROD00309,2025-11-28,0,25,29,4,0
INV0003708,PROD00309,2025-12-28,0,33,46,13,0
INV0003709,PROD00310,2025-01-28,63,65,122,2,8
INV0003710,PROD00310,2025-02-28,8,65,75,2,0
INV0003711,PROD00310,2025-03-28,0,65,67,2,0
INV0003712,PROD00310,2025-04-28,0,65,67,2,0
INV0003713,PROD00310,2025-05-28,0,65,67,2,0
INV0003714,PROD00310,2025-06-28,0,65,67,2,0
INV0003715,PROD00310,2025-07-28,0,65,67,2,0
INV0003716,PROD00310,2025-08-28,0,65,67,2,0
INV0003717,PROD00310,2025-09-28,0,65,67,2,0
INV0003718,PROD00310,2025-10-28,0,65,67,2,0
INV0003719,PROD00310,2025-11-28,0,65,67,2,0
INV0003720,PROD00310,2025-12-28,0,73,79,6,0
INV0003721,PROD00311,2025-01-28,120,135,108,3,150
INV0003722,PROD00311,2025-02-28,150,135,108,3,180
INV0003723,PROD00311,2025-03-28,180,135,108,3,210
INV0003724,PROD00311,2025-04-28,210,135,108,3,240
INV0003725,PROD00311,2025-05-28,240,135,108,3,270
INV0003726,PROD00311,2025-06-28,270,135,108,3,300
INV0003727,PROD00311,2025-07-28,300,135,108,3,330
INV0003728,PROD00311,2025-08-28,330,135,108,3,360
INV0003729,PROD00311,2025-09-28,360,135,108,3,390
INV0003730,PROD00311,2025-10-28,390,135,108,3,420
INV0003731,PROD00311,2025-11-28,420,135,108,3,450
INV0003732,PROD00311,2025-12-28,450,141,113,7,485
INV0003733,PROD00312,2025-01-28,75,50,102,3,26
INV0003734,PROD00312,2025-02-28,26,50,79,3,0
INV0003735,PROD00312,2025-03-28,0,50,53,3,0
INV0003736,PROD00312,2025-04-28,0,50,53,3,0
INV0003737,PROD00312,2025-05-28,0,50,53,3,0
INV0003738,PROD00312,2025-06-28,0,50,53,3,0
INV0003739,PROD00312,2025-07-28,0,50,53,3,0
INV0003740,PROD00312,2025-08-28,0,50,53,3,0
INV0003741,PROD00312,2025-09-28,0,50,53,3,0
INV0003742,PROD00312,2025-10-28,0,50,53,3,0
INV0003743,PROD00312,2025-11-28,0,50,53,3,0
INV0003744,PROD00312,2025-12-28,0,61,74,13,0
INV0003745,PROD00313,2025-01-28,60,223,109,2,176
INV0003746,PROD00313,2025-02-28,176,223,109,2,292
INV0003747,PROD00313,2025-03-28,292,223,109,2,408
INV0003748,PROD00313,2025-04-28,408,223,109,2,524
INV0003749,PROD00313,2025-05-28,524,223,109,2,640
INV0003750,PROD00313,2025-06-28,640,223,109,2,756
INV0003751,PROD00313,2025-07-28,756,223,109,2,872
INV0003752,PROD00313,2025-08-28,872,223,109,2,988
INV0003753,PROD00313,2025-09-28,988,223,109,2,1104
INV0003754,PROD00313,2025-10-28,1104,223,109,2,1220
INV0003755,PROD00313,2025-11-28,1220,223,109,2,1336
INV0003756,PROD00313,2025-12-28,1336,227,109,5,1459
INV0003757,PROD00314,2025-01-28,198,175,125,3,251
INV0003758,PROD00314,2025-02-28,251,175,125,3,304
INV0003759,PROD00314,2025-03-28,304,175,125,3,357
INV0003760,PROD00314,2025-04-28,357,175,125,3,410
INV0003761,PROD00314,2025-05-28,410,175,125,3,463
INV0003762,PROD00314,2025-06-28,463,175,125,3,516
INV0003763,PROD00314,2025-07-28,516,175,125,3,569
INV0003764,PROD00314,2025-08-28,569,175,125,3,622
INV0003765,PROD00314,2025-09-28,622,175,125,3,675
INV0003766,PROD00314,2025-10-28,675,175,125,3,728
INV0003767,PROD00314,2025-11-28,728,175,125,3,781
INV0003768,PROD00314,2025-12-28,781,177,132,3,829
INV0003769,PROD00315,2025-01-28,68,0,69,1,0
INV0003770,PROD00315,2025-02-28,0,0,1,1,0
INV0003771,PROD00315,2025-03-28,0,0,1,1,0
INV0003772,PROD00315,2025-04-28,0,0,1,1,0
INV0003773,PROD00315,2025-05-28,0,0,1,1,0
INV0003774,PROD00315,2025-06-28,0,0,1,1,0
INV0003775,PROD00315,2025-07-28,0,0,1,1,0
INV0003776,PROD00315,2025-08-28,0,0,1,1,0
INV0003777,PROD00315,2025-09-28,0,0,1,1,0
INV0003778,PROD00315,2025-10-28,0,0,1,1,0
INV0003779,PROD00315,2025-11-28,0,0,1,1,0
INV0003780,PROD00315,2025-12-28,0,0,7,7,0
INV0003781,PROD00316,2025-01-28,223,159,119,1,264
INV0003782,PROD00316,2025-02-28,264,159,119,1,305
INV0003783,PROD00316,2025-03-28,305,159,119,1,346
INV0003784,PROD00316,2025-04-28,346,159,119,1,387
INV0003785,PROD00316,2025-05-28,387,159,119,1,428
INV0003786,PROD00316,2025-06-28,428,159,119,1,469
INV0003787,PROD00316,2025-07-28,469,159,119,1,510
INV0003788,PROD00316,2025-08-28,510,159,119,1,551
INV0003789,PROD00316,2025-09-28,551,159,119,1,592
INV0003790,PROD00316,2025-10-28,592,159,119,1,633
INV0003791,PROD00316,2025-11-28,633,159,119,1,674
INV0003792,PROD00316,2025-12-28,674,160,119,1,716
INV0003793,PROD00317,2025-01-28,100,275,120,1,256
INV0003794,PROD00317,2025-02-28,256,275,120,1,412
INV0003795,PROD00317,2025-03-28,412,275,120,1,568
INV0003796,PROD00317,2025-04-28,568,275,120,1,724
INV0003797,PROD00317,2025-05-28,724,275,120,1,880
INV0003798,PROD00317,2025-06-28,880,275,120,1,1036
INV0003799,PROD00317,2025-07-28,1036,275,120,1,1192
INV0003800,PROD00317,2025-08-28,1192,275,120,1,1348
INV0003801,PROD00317,2025-09-28,1348,275,120,1,1504
INV0003802,PROD00317,2025-10-28,1504,275,120,1,1660
INV0003803,PROD00317,2025-11-28,1660,275,120,1,1816
INV0003804,PROD00317,2025-12-28,1816,286,122,6,1986
INV0003805,PROD00318,2025-01-28,78,37,112,4,7
INV0003806,PROD00318,2025-02-28,7,37,48,4,0
INV0003807,PROD00318,2025-03-28,0,37,41,4,0
INV0003808,PROD00318,2025-04-28,0,37,41,4,0
INV0003809,PROD00318,2025-05-28,0,37,41,4,0
INV0003810,PROD00318,2025-06-28,0,37,41,4,0
INV0003811,PROD00318,2025-07-28,0,37,41,4,0
INV0003812,PROD00318,2025-08-28,0,37,41,4,0
INV0003813,PROD00318,2025-09-28,0,37,41,4,0
INV0003814,PROD00318,2025-10-28,0,37,41,4,0
INV0003815,PROD00318,2025-11-28,0,37,41,4,0
INV0003816,PROD00318,2025-12-28,0,46,56,10,0
INV0003817,PROD00319,2025-01-28,81,37,113,2,7
INV0003818,PROD00319,2025-02-28,7,37,46,2,0
INV0003819,PROD00319,2025-03-28,0,37,39,2,0
INV0003820,PROD00319,2025-04-28,0,37,39,2,0
INV0003821,PROD00319,2025-05-28,0,37,39,2,0
INV0003822,PROD00319,2025-06-28,0,37,39,2,0
INV0003823,PROD00319,2025-07-28,0,37,39,2,0
INV0003824,PROD00319,2025-08-28,0,37,39,2,0
INV0003825,PROD00319,2025-09-28,0,37,39,2,0
INV0003826,PROD00319,2025-10-28,0,37,39,2,0
INV0003827,PROD00319,2025-11-28,0,37,39,2,0
INV0003828,PROD00319,2025-12-28,0,39,42,3,0
INV0003829,PROD00320,2025-01-28,75,124,102,1,98
INV0003830,PROD00320,2025-02-28,98,124,102,1,121
INV0003831,PROD00320,2025-03-28,121,124,102,1,144
INV0003832,PROD00320,2025-04-28,144,124,102,1,167
INV0003833,PROD00320,2025-05-28,167,124,102,1,190
INV0003834,PROD00320,2025-06-28,190,124,102,1,213
INV0003835,PROD00320,2025-07-28,213,124,102,1,236
INV0003836,PROD00320,2025-08-28,236,124,102,1,259
INV0003837,PROD00320,2025-09-28,259,124,102,1,282
INV0003838,PROD00320,2025-10-28,282,124,102,1,305
INV0003839,PROD00320,2025-11-28,305,124,102,1,328
INV0003840,PROD00320,2025-12-28,328,132,110,2,352
INV0003841,PROD00321,2025-01-28,121,102,124,3,102
INV0003842,PROD00321,2025-02-28,102,102,124,3,83
INV0003843,PROD00321,2025-03-28,83,102,124,3,64
INV0003844,PROD00321,2025-04-28,64,102,124,3,45
INV0003845,PROD00321,2025-05-28,45,102,124,3,26
INV0003846,PROD00321,2025-06-28,26,102,124,3,7
INV0003847,PROD00321,2025-07-28,7,102,112,3,0
INV0003848,PROD00321,2025-08-28,0,102,105,3,0
INV0003849,PROD00321,2025-09-28,0,102,105,3,0
INV0003850,PROD00321,2025-10-28,0,102,105,3,0
INV0003851,PROD00321,2025-11-28,0,102,105,3,0
INV0003852,PROD00321,2025-12-28,0,105,109,4,0
INV0003853,PROD00322,2025-01-28,198,71,126,2,145
INV0003854,PROD00322,2025-02-28,145,71,126,2,92
INV0003855,PROD00322,2025-03-28,92,71,126,2,39
INV0003856,PROD00322,2025-04-28,39,71,112,2,0
INV0003857,PROD00322,2025-05-28,0,71,73,2,0
INV0003858,PROD00322,2025-06-28,0,71,73,2,0
INV0003859,PROD00322,2025-07-28,0,71,73,2,0
INV0003860,PROD00322,2025-08-28,0,71,73,2,0
INV0003861,PROD00322,2025-09-28,0,71,73,2,0
INV0003862,PROD00322,2025-10-28,0,71,73,2,0
INV0003863,PROD00322,2025-11-28,0,71,73,2,0
INV0003864,PROD00322,2025-12-28,0,74,87,13,0
INV0003865,PROD00323,2025-01-28,194,78,117,2,157
INV0003866,PROD00323,2025-02-28,157,78,117,2,120
INV0003867,PROD00323,2025-03-28,120,78,117,2,83
INV0003868,PROD00323,2025-04-28,83,78,117,2,46
INV0003869,PROD00323,2025-05-28,46,78,117,2,9
INV0003870,PROD00323,2025-06-28,9,78,89,2,0
INV0003871,PROD00323,2025-07-28,0,78,80,2,0
INV0003872,PROD00323,2025-08-28,0,78,80,2,0
INV0003873,PROD00323,2025-09-28,0,78,80,2,0
INV0003874,PROD00323,2025-10-28,0,78,80,2,0
INV0003875,PROD00323,2025-11-28,0,78,80,2,0
INV0003876,PROD00323,2025-12-28,0,81,90,9,0
INV0003877,PROD00324,2025-01-28,182,81,99,2,166
INV0003878,PROD00324,2025-02-28,166,81,99,2,150
INV0003879,PROD00324,2025-03-28,150,81,99,2,134
INV0003880,PROD00324,2025-04-28,134,81,99,2,118
INV0003881,PROD00324,2025-05-28,118,81,99,2,102
INV0003882,PROD00324,2025-06-28,102,81,99,2,86
INV0003883,PROD00324,2025-07-28,86,81,99,2,70
INV0003884,PROD00324,2025-08-28,70,81,99,2,54
INV0003885,PROD00324,2025-09-28,54,81,99,2,38
INV0003886,PROD00324,2025-10-28,38,81,99,2,22
INV0003887,PROD00324,2025-11-28,22,81,99,2,6
INV0003888,PROD00324,2025-12-28,6,87,100,8,1
INV0003889,PROD00325,2025-01-28,221,101,121,2,203
INV0003890,PROD00325,2025-02-28,203,101,121,2,185
INV0003891,PROD00325,2025-03-28,185,101,121,2,167
INV0003892,PROD00325,2025-04-28,167,101,121,2,149
INV0003893,PROD00325,2025-05-28,149,101,121,2,131
INV0003894,PROD00325,2025-06-28,131,101,121,2,113
INV0003895,PROD00325,2025-07-28,113,101,121,2,95
INV0003896,PROD00325,2025-08-28,95,101,121,2,77
INV0003897,PROD00325,2025-09-28,77,101,121,2,59
INV0003898,PROD00325,2025-10-28,59,101,121,2,41
INV0003899,PROD00325,2025-11-28,41,101,121,2,23
INV0003900,PROD00325,2025-12-28,23,106,122,7,14
INV0003901,PROD00326,2025-01-28,214,152,121,3,248
INV0003902,PROD00326,2025-02-28,248,152,121,3,282
INV0003903,PROD00326,2025-03-28,282,152,121,3,316
INV0003904,PROD00326,2025-04-28,316,152,121,3,350
INV0003905,PROD00326,2025-05-28,350,152,121,3,384
INV0003906,PROD00326,2025-06-28,384,152,121,3,418
INV0003907,PROD00326,2025-07-28,418,152,121,3,452
INV0003908,PROD00326,2025-08-28,452,152,121,3,486
INV0003909,PROD00326,2025-09-28,486,152,121,3,520
INV0003910,PROD00326,2025-10-28,520,152,121,3,554
INV0003911,PROD00326,2025-11-28,554,152,121,3,588
INV0003912,PROD00326,2025-12-28,588,152,132,8,616
INV0003913,PROD00327,2025-01-28,189,209,107,2,293
INV0003914,PROD00327,2025-02-28,293,209,107,2,397
INV0003915,PROD00327,2025-03-28,397,209,107,2,501
INV0003916,PROD00327,2025-04-28,501,209,107,2,605
INV0003917,PROD00327,2025-05-28,605,209,107,2,709
INV0003918,PROD00327,2025-06-28,709,209,107,2,813
INV0003919,PROD00327,2025-07-28,813,209,107,2,917
INV0003920,PROD00327,2025-08-28,917,209,107,2,1021
INV0003921,PROD00327,2025-09-28,1021,209,107,2,1125
INV0003922,PROD00327,2025-10-28,1125,209,107,2,1229
INV0003923,PROD00327,2025-11-28,1229,209,107,2,1333
INV0003924,PROD00327,2025-12-28,1333,220,112,4,1445
INV0003925,PROD00328,2025-01-28,215,83,105,2,195
INV0003926,PROD00328,2025-02-28,195,83,105,2,175
INV0003927,PROD00328,2025-03-28,175,83,105,2,155
INV0003928,PROD00328,2025-04-28,155,83,105,2,135
INV0003929,PROD00328,2025-05-28,135,83,105,2,115
INV0003930,PROD00328,2025-06-28,115,83,105,2,95
INV0003931,PROD00328,2025-07-28,95,83,105,2,75
INV0003932,PROD00328,2025-08-28,75,83,105,2,55
INV0003933,PROD00328,2025-09-28,55,83,105,2,35
INV0003934,PROD00328,2025-10-28,35,83,105,2,15
INV0003935,PROD00328,2025-11-28,15,83,100,2,0
INV0003936,PROD00328,2025-12-28,0,93,103,10,0
INV0003937,PROD00329,2025-01-28,121,218,107,3,235
INV0003938,PROD00329,2025-02-28,235,218,107,3,349
INV0003939,PROD00329,2025-03-28,349,218,107,3,463
INV0003940,PROD00329,2025-04-28,463,218,107,3,577
INV0003941,PROD00329,2025-05-28,577,218,107,3,691
INV0003942,PROD00329,2025-06-28,691,218,107,3,805
INV0003943,PROD00329,2025-07-28,805,218,107,3,919
INV0003944,PROD00329,2025-08-28,919,218,107,3,1033
INV0003945,PROD00329,2025-09-28,1033,218,107,3,1147
INV0003946,PROD00329,2025-10-28,1147,218,107,3,1261
INV0003947,PROD00329,2025-11-28,1261,218,107,3,1375
INV0003948,PROD00329,2025-12-28,1375,220,113,8,1490
INV0003949,PROD00330,2025-01-28,71,267,128,3,213
INV0003950,PROD00330,2025-02-28,213,267,128,3,355
INV0003951,PROD00330,2025-03-28,355,267,128,3,497
INV0003952,PROD00330,2025-04-28,497,267,128,3,639
INV0003953,PROD00330,2025-05-28,639,267,128,3,781
INV0003954,PROD00330,2025-06-28,781,267,128,3,923
INV0003955,PROD00330,2025-07-28,923,267,128,3,1065
INV0003956,PROD00330,2025-08-28,1065,267,128,3,1207
INV0003957,PROD00330,2025-09-28,1207,267,128,3,1349
INV0003958,PROD00330,2025-10-28,1349,267,128,3,1491
INV0003959,PROD00330,2025-11-28,1491,267,128,3,1633
INV0003960,PROD00330,2025-12-28,1633,275,135,7,1780
INV0003961,PROD00331,2025-01-28,143,89,101,4,135
INV0003962,PROD00331,2025-02-28,135,89,101,4,127
INV0003963,PROD00331,2025-03-28,127,89,101,4,119
INV0003964,PROD00331,2025-04-28,119,89,101,4,111
INV0003965,PROD00331,2025-05-28,111,89,101,4,103
INV0003966,PROD00331,2025-06-28,103,89,101,4,95
INV0003967,PROD00331,2025-07-28,95,89,101,4,87
INV0003968,PROD00331,2025-08-28,87,89,101,4,79
INV0003969,PROD00331,2025-09-28,79,89,101,4,71
INV0003970,PROD00331,2025-10-28,71,89,101,4,63
INV0003971,PROD00331,2025-11-28,63,89,101,4,55
INV0003972,PROD00331,2025-12-28,55,94,102,7,54
INV0003973,PROD00332,2025-01-28,206,80,139,3,150
INV0003974,PROD00332,2025-02-28,150,80,139,3,94
INV0003975,PROD00332,2025-03-28,94,80,139,3,38
INV0003976,PROD00332,2025-04-28,38,80,121,3,0
INV0003977,PROD00332,2025-05-28,0,80,83,3,0
INV0003978,PROD00332,2025-06-28,0,80,83,3,0
INV0003979,PROD00332,2025-07-28,0,80,83,3,0
INV0003980,PROD00332,2025-08-28,0,80,83,3,0
INV0003981,PROD00332,2025-09-28,0,80,83,3,0
INV0003982,PROD00332,2025-10-28,0,80,83,3,0
INV0003983,PROD00332,2025-11-28,0,80,83,3,0
INV0003984,PROD00332,2025-12-28,0,88,98,10,0
INV0003985,PROD00333,2025-01-28,231,85,94,3,225
INV0003986,PROD00333,2025-02-28,225,85,94,3,219
INV0003987,PROD00333,2025-03-28,219,85,94,3,213
INV0003988,PROD00333,2025-04-28,213,85,94,3,207
INV0003989,PROD00333,2025-05-28,207,85,94,3,201
INV0003990,PROD00333,2025-06-28,201,85,94,3,195
INV0003991,PROD00333,2025-07-28,195,85,94,3,189
INV0003992,PROD00333,2025-08-28,189,85,94,3,183
INV0003993,PROD00333,2025-09-28,183,85,94,3,177
INV0003994,PROD00333,2025-10-28,177,85,94,3,171
INV0003995,PROD00333,2025-11-28,171,85,94,3,165
INV0003996,PROD00333,2025-12-28,165,87,94,7,165
INV0003997,PROD00334,2025-01-28,184,44,112,3,119
INV0003998,PROD00334,2025-02-28,119,44,112,3,54
INV0003999,PROD00334,2025-03-28,54,44,101,3,0
INV0004000,PROD00334,2025-04-28,0,44,47,3,0
INV0004001,PROD00334,2025-05-28,0,44,47,3,0
INV0004002,PROD00334,2025-06-28,0,44,47,3,0
INV0004003,PROD00334,2025-07-28,0,44,47,3,0
INV0004004,PROD00334,2025-08-28,0,44,47,3,0
INV0004005,PROD00334,2025-09-28,0,44,47,3,0
INV0004006,PROD00334,2025-10-28,0,44,47,3,0
INV0004007,PROD00334,2025-11-28,0,44,47,3,0
INV0004008,PROD00334,2025-12-28,0,53,57,4,0
INV0004009,PROD00335,2025-01-28,83,49,110,4,26
INV0004010,PROD00335,2025-02-28,26,49,79,4,0
INV0004011,PROD00335,2025-03-28,0,49,53,4,0
INV0004012,PROD00335,2025-04-28,0,49,53,4,0
INV0004013,PROD00335,2025-05-28,0,49,53,4,0
INV0004014,PROD00335,2025-06-28,0,49,53,4,0
INV0004015,PROD00335,2025-07-28,0,49,53,4,0
INV0004016,PROD00335,2025-08-28,0,49,53,4,0
INV0004017,PROD00335,2025-09-28,0,49,53,4,0
INV0004018,PROD00335,2025-10-28,0,49,53,4,0
INV0004019,PROD00335,2025-11-28,0,49,53,4,0
INV0004020,PROD00335,2025-12-28,0,59,63,4,0
INV0004021,PROD00336,2025-01-28,214,169,109,2,276
INV0004022,PROD00336,2025-02-28,276,169,109,2,338
INV0004023,PROD00336,2025-03-28,338,169,109,2,400
INV0004024,PROD00336,2025-04-28,400,169,109,2,462
INV0004025,PROD00336,2025-05-28,462,169,109,2,524
INV0004026,PROD00336,2025-06-28,524,169,109,2,586
INV0004027,PROD00336,2025-07-28,586,169,109,2,648
INV0004028,PROD00336,2025-08-28,648,169,109,2,710
INV0004029,PROD00336,2025-09-28,710,169,109,2,772
INV0004030,PROD00336,2025-10-28,772,169,109,2,834
INV0004031,PROD00336,2025-11-28,834,169,109,2,896
INV0004032,PROD00336,2025-12-28,896,178,113,9,970
INV0004033,PROD00337,2025-01-28,90,167,103,1,155
INV0004034,PROD00337,2025-02-28,155,167,103,1,220
INV0004035,PROD00337,2025-03-28,220,167,103,1,285
INV0004036,PROD00337,2025-04-28,285,167,103,1,350
INV0004037,PROD00337,2025-05-28,350,167,103,1,415
INV0004038,PROD00337,2025-06-28,415,167,103,1,480
INV0004039,PROD00337,2025-07-28,480,167,103,1,545
INV0004040,PROD00337,2025-08-28,545,167,103,1,610
INV0004041,PROD00337,2025-09-28,610,167,103,1,675
INV0004042,PROD00337,2025-10-28,675,167,103,1,740
INV0004043,PROD00337,2025-11-28,740,167,103,1,805
INV0004044,PROD00337,2025-12-28,805,173,113,5,870
INV0004045,PROD00338,2025-01-28,92,156,111,4,141
INV0004046,PROD00338,2025-02-28,141,156,111,4,190
INV0004047,PROD00338,2025-03-28,190,156,111,4,239
INV0004048,PROD00338,2025-04-28,239,156,111,4,288
INV0004049,PROD00338,2025-05-28,288,156,111,4,337
INV0004050,PROD00338,2025-06-28,337,156,111,4,386
INV0004051,PROD00338,2025-07-28,386,156,111,4,435
INV0004052,PROD00338,2025-08-28,435,156,111,4,484
INV0004053,PROD00338,2025-09-28,484,156,111,4,533
INV0004054,PROD00338,2025-10-28,533,156,111,4,582
INV0004055,PROD00338,2025-11-28,582,156,111,4,631
INV0004056,PROD00338,2025-12-28,631,164,111,7,691
INV0004057,PROD00339,2025-01-28,72,128,120,2,82
INV0004058,PROD00339,2025-02-28,82,128,120,2,92
INV0004059,PROD00339,2025-03-28,92,128,120,2,102
INV0004060,PROD00339,2025-04-28,102,128,120,2,112
INV0004061,PROD00339,2025-05-28,112,128,120,2,122
INV0004062,PROD00339,2025-06-28,122,128,120,2,132
INV0004063,PROD00339,2025-07-28,132,128,120,2,142
INV0004064,PROD00339,2025-08-28,142,128,120,2,152
INV0004065,PROD00339,2025-09-28,152,128,120,2,162
INV0004066,PROD00339,2025-10-28,162,128,120,2,172
INV0004067,PROD00339,2025-11-28,172,128,120,2,182
INV0004068,PROD00339,2025-12-28,182,132,128,13,199
INV0004069,PROD00340,2025-01-28,209,248,116,2,343
INV0004070,PROD00340,2025-02-28,343,248,116,2,477
INV0004071,PROD00340,2025-03-28,477,248,116,2,611
INV0004072,PROD00340,2025-04-28,611,248,116,2,745
INV0004073,PROD00340,2025-05-28,745,248,116,2,879
INV0004074,PROD00340,2025-06-28,879,248,116,2,1013
INV0004075,PROD00340,2025-07-28,1013,248,116,2,1147
INV0004076,PROD00340,2025-08-28,1147,248,116,2,1281
INV0004077,PROD00340,2025-09-28,1281,248,116,2,1415
INV0004078,PROD00340,2025-10-28,1415,248,116,2,1549
INV0004079,PROD00340,2025-11-28,1549,248,116,2,1683
INV0004080,PROD00340,2025-12-28,1683,252,118,4,1821
INV0004081,PROD00341,2025-01-28,138,72,112,2,100
INV0004082,PROD00341,2025-02-28,100,72,112,2,62
INV0004083,PROD00341,2025-03-28,62,72,112,2,24
INV0004084,PROD00341,2025-04-28,24,72,98,2,0
INV0004085,PROD00341,2025-05-28,0,72,74,2,0
INV0004086,PROD00341,2025-06-28,0,72,74,2,0
INV0004087,PROD00341,2025-07-28,0,72,74,2,0
INV0004088,PROD00341,2025-08-28,0,72,74,2,0
INV0004089,PROD00341,2025-09-28,0,72,74,2,0
INV0004090,PROD00341,2025-10-28,0,72,74,2,0
INV0004091,PROD00341,2025-11-28,0,72,74,2,0
INV0004092,PROD00341,2025-12-28,0,81,93,12,0
INV0004093,PROD00342,2025-01-28,189,64,127,2,128
INV0004094,PROD00342,2025-02-28,128,64,127,2,67
INV0004095,PROD00342,2025-03-28,67,64,127,2,6
INV0004096,PROD00342,2025-04-28,6,64,72,2,0
INV0004097,PROD00342,2025-05-28,0,64,66,2,0
INV0004098,PROD00342,2025-06-28,0,64,66,2,0
INV0004099,PROD00342,2025-07-28,0,64,66,2,0
INV0004100,PROD00342,2025-08-28,0,64,66,2,0
INV0004101,PROD00342,2025-09-28,0,64,66,2,0
INV0004102,PROD00342,2025-10-28,0,64,66,2,0
INV0004103,PROD00342,2025-11-28,0,64,66,2,0
INV0004104,PROD00342,2025-12-28,0,67,70,3,0
INV0004105,PROD00343,2025-01-28,177,128,125,0,180
INV0004106,PROD00343,2025-02-28,180,128,125,0,183
INV0004107,PROD00343,2025-03-28,183,128,125,0,186
INV0004108,PROD00343,2025-04-28,186,128,125,0,189
INV0004109,PROD00343,2025-05-28,189,128,125,0,192
INV0004110,PROD00343,2025-06-28,192,128,125,0,195
INV0004111,PROD00343,2025-07-28,195,128,125,0,198
INV0004112,PROD00343,2025-08-28,198,128,125,0,201
INV0004113,PROD00343,2025-09-28,201,128,125,0,204
INV0004114,PROD00343,2025-10-28,204,128,125,0,207
INV0004115,PROD00343,2025-11-28,207,128,125,0,210
INV0004116,PROD00343,2025-12-28,210,128,136,10,212
INV0004117,PROD00344,2025-01-28,136,159,111,3,187
INV0004118,PROD00344,2025-02-28,187,159,111,3,238
INV0004119,PROD00344,2025-03-28,238,159,111,3,289
INV0004120,PROD00344,2025-04-28,289,159,111,3,340
INV0004121,PROD00344,2025-05-28,340,159,111,3,391
INV0004122,PROD00344,2025-06-28,391,159,111,3,442
INV0004123,PROD00344,2025-07-28,442,159,111,3,493
INV0004124,PROD00344,2025-08-28,493,159,111,3,544
INV0004125,PROD00344,2025-09-28,544,159,111,3,595
INV0004126,PROD00344,2025-10-28,595,159,111,3,646
INV0004127,PROD00344,2025-11-28,646,159,111,3,697
INV0004128,PROD00344,2025-12-28,697,166,116,3,750
INV0004129,PROD00345,2025-01-28,61,118,110,0,69
INV0004130,PROD00345,2025-02-28,69,118,110,0,77
INV0004131,PROD00345,2025-03-28,77,118,110,0,85
INV0004132,PROD00345,2025-04-28,85,118,110,0,93
INV0004133,PROD00345,2025-05-28,93,118,110,0,101
INV0004134,PROD00345,2025-06-28,101,118,110,0,109
INV0004135,PROD00345,2025-07-28,109,118,110,0,117
INV0004136,PROD00345,2025-08-28,117,118,110,0,125
INV0004137,PROD00345,2025-09-28,125,118,110,0,133
INV0004138,PROD00345,2025-10-28,133,118,110,0,141
INV0004139,PROD00345,2025-11-28,141,118,110,0,149
INV0004140,PROD00345,2025-12-28,149,119,117,11,162
INV0004141,PROD00346,2025-01-28,99,108,111,3,99
INV0004142,PROD00346,2025-02-28,99,108,111,3,99
INV0004143,PROD00346,2025-03-28,99,108,111,3,99
INV0004144,PROD00346,2025-04-28,99,108,111,3,99
INV0004145,PROD00346,2025-05-28,99,108,111,3,99
INV0004146,PROD00346,2025-06-28,99,108,111,3,99
INV0004147,PROD00346,2025-07-28,99,108,111,3,99
INV0004148,PROD00346,2025-08-28,99,108,111,3,99
INV0004149,PROD00346,2025-09-28,99,108,111,3,99
INV0004150,PROD00346,2025-10-28,99,108,111,3,99
INV0004151,PROD00346,2025-11-28,99,108,111,3,99
INV0004152,PROD00346,2025-12-28,99,108,113,3,97
INV0004153,PROD00347,2025-01-28,127,147,125,2,151
INV0004154,PROD00347,2025-02-28,151,147,125,2,175
INV0004155,PROD00347,2025-03-28,175,147,125,2,199
INV0004156,PROD00347,2025-04-28,199,147,125,2,223
INV0004157,PROD00347,2025-05-28,223,147,125,2,247
INV0004158,PROD00347,2025-06-28,247,147,125,2,271
INV0004159,PROD00347,2025-07-28,271,147,125,2,295
INV0004160,PROD00347,2025-08-28,295,147,125,2,319
INV0004161,PROD00347,2025-09-28,319,147,125,2,343
INV0004162,PROD00347,2025-10-28,343,147,125,2,367
INV0004163,PROD00347,2025-11-28,367,147,125,2,391
INV0004164,PROD00347,2025-12-28,391,155,130,3,419
INV0004165,PROD00348,2025-01-28,54,216,115,3,158
INV0004166,PROD00348,2025-02-28,158,216,115,3,262
INV0004167,PROD00348,2025-03-28,262,216,115,3,366
INV0004168,PROD00348,2025-04-28,366,216,115,3,470
INV0004169,PROD00348,2025-05-28,470,216,115,3,574
INV0004170,PROD00348,2025-06-28,574,216,115,3,678
INV0004171,PROD00348,2025-07-28,678,216,115,3,782
INV0004172,PROD00348,2025-08-28,782,216,115,3,886
INV0004173,PROD00348,2025-09-28,886,216,115,3,990
INV0004174,PROD00348,2025-10-28,990,216,115,3,1094
INV0004175,PROD00348,2025-11-28,1094,216,115,3,1198
INV0004176,PROD00348,2025-12-28,1198,218,120,14,1310
INV0004177,PROD00349,2025-01-28,223,110,129,2,206
INV0004178,PROD00349,2025-02-28,206,110,129,2,189
INV0004179,PROD00349,2025-03-28,189,110,129,2,172
INV0004180,PROD00349,2025-04-28,172,110,129,2,155
INV0004181,PROD00349,2025-05-28,155,110,129,2,138
INV0004182,PROD00349,2025-06-28,138,110,129,2,121
INV0004183,PROD00349,2025-07-28,121,110,129,2,104
INV0004184,PROD00349,2025-08-28,104,110,129,2,87
INV0004185,PROD00349,2025-09-28,87,110,129,2,70
INV0004186,PROD00349,2025-10-28,70,110,129,2,53
INV0004187,PROD00349,2025-11-28,53,110,129,2,36
INV0004188,PROD00349,2025-12-28,36,110,130,2,18
INV0004189,PROD00350,2025-01-28,50,240,102,2,190
INV0004190,PROD00350,2025-02-28,190,240,102,2,330
INV0004191,PROD00350,2025-03-28,330,240,102,2,470
INV0004192,PROD00350,2025-04-28,470,240,102,2,610
INV0004193,PROD00350,2025-05-28,610,240,102,2,750
INV0004194,PROD00350,2025-06-28,750,240,102,2,890
INV0004195,PROD00350,2025-07-28,890,240,102,2,1030
INV0004196,PROD00350,2025-08-28,1030,240,102,2,1170
INV0004197,PROD00350,2025-09-28,1170,240,102,2,1310
INV0004198,PROD00350,2025-10-28,1310,240,102,2,1450
INV0004199,PROD00350,2025-11-28,1450,240,102,2,1590
INV0004200,PROD00350,2025-12-28,1590,247,109,9,1737
INV0004201,PROD00351,2025-01-28,72,90,122,2,42
INV0004202,PROD00351,2025-02-28,42,90,122,2,12
INV0004203,PROD00351,2025-03-28,12,90,104,2,0
INV0004204,PROD00351,2025-04-28,0,90,92,2,0
INV0004205,PROD00351,2025-05-28,0,90,92,2,0
INV0004206,PROD00351,2025-06-28,0,90,92,2,0
INV0004207,PROD00351,2025-07-28,0,90,92,2,0
INV0004208,PROD00351,2025-08-28,0,90,92,2,0
INV0004209,PROD00351,2025-09-28,0,90,92,2,0
INV0004210,PROD00351,2025-10-28,0,90,92,2,0
INV0004211,PROD00351,2025-11-28,0,90,92,2,0
INV0004212,PROD00351,2025-12-28,0,98,110,12,0
INV0004213,PROD00352,2025-01-28,207,113,111,3,212
INV0004214,PROD00352,2025-02-28,212,113,111,3,217
INV0004215,PROD00352,2025-03-28,217,113,111,3,222
INV0004216,PROD00352,2025-04-28,222,113,111,3,227
INV0004217,PROD00352,2025-05-28,227,113,111,3,232
INV0004218,PROD00352,2025-06-28,232,113,111,3,237
INV0004219,PROD00352,2025-07-28,237,113,111,3,242
INV0004220,PROD00352,2025-08-28,242,113,111,3,247
INV0004221,PROD00352,2025-09-28,247,113,111,3,252
INV0004222,PROD00352,2025-10-28,252,113,111,3,257
INV0004223,PROD00352,2025-11-28,257,113,111,3,262
INV0004224,PROD00352,2025-12-28,262,118,117,5,268
INV0004225,PROD00353,2025-01-28,92,290,115,3,270
INV0004226,PROD00353,2025-02-28,270,290,115,3,448
INV0004227,PROD00353,2025-03-28,448,290,115,3,626
INV0004228,PROD00353,2025-04-28,626,290,115,3,804
INV0004229,PROD00353,2025-05-28,804,290,115,3,982
INV0004230,PROD00353,2025-06-28,982,290,115,3,1160
INV0004231,PROD00353,2025-07-28,1160,290,115,3,1338
INV0004232,PROD00353,2025-08-28,1338,290,115,3,1516
INV0004233,PROD00353,2025-09-28,1516,290,115,3,1694
INV0004234,PROD00353,2025-10-28,1694,290,115,3,1872
INV0004235,PROD00353,2025-11-28,1872,290,115,3,2050
INV0004236,PROD00353,2025-12-28,2050,296,116,10,2240
INV0004237,PROD00354,2025-01-28,171,156,114,2,215
INV0004238,PROD00354,2025-02-28,215,156,114,2,259
INV0004239,PROD00354,2025-03-28,259,156,114,2,303
INV0004240,PROD00354,2025-04-28,303,156,114,2,347
INV0004241,PROD00354,2025-05-28,347,156,114,2,391
INV0004242,PROD00354,2025-06-28,391,156,114,2,435
INV0004243,PROD00354,2025-07-28,435,156,114,2,479
INV0004244,PROD00354,2025-08-28,479,156,114,2,523
INV0004245,PROD00354,2025-09-28,523,156,114,2,567
INV0004246,PROD00354,2025-10-28,567,156,114,2,611
INV0004247,PROD00354,2025-11-28,611,156,114,2,655
INV0004248,PROD00354,2025-12-28,655,164,114,8,713
INV0004249,PROD00355,2025-01-28,219,130,125,2,226
INV0004250,PROD00355,2025-02-28,226,130,125,2,233
INV0004251,PROD00355,2025-03-28,233,130,125,2,240
INV0004252,PROD00355,2025-04-28,240,130,125,2,247
INV0004253,PROD00355,2025-05-28,247,130,125,2,254
INV0004254,PROD00355,2025-06-28,254,130,125,2,261
INV0004255,PROD00355,2025-07-28,261,130,125,2,268
INV0004256,PROD00355,2025-08-28,268,130,125,2,275
INV0004257,PROD00355,2025-09-28,275,130,125,2,282
INV0004258,PROD00355,2025-10-28,282,130,125,2,289
INV0004259,PROD00355,2025-11-28,289,130,125,2,296
INV0004260,PROD00355,2025-12-28,296,130,133,12,305
INV0004261,PROD00356,2025-01-28,248,49,102,3,198
INV0004262,PROD00356,2025-02-28,198,49,102,3,148
INV0004263,PROD00356,2025-03-28,148,49,102,3,98
INV0004264,PROD00356,2025-04-28,98,49,102,3,48
INV0004265,PROD00356,2025-05-28,48,49,100,3,0
INV0004266,PROD00356,2025-06-28,0,49,52,3,0
INV0004267,PROD00356,2025-07-28,0,49,52,3,0
INV0004268,PROD00356,2025-08-28,0,49,52,3,0
INV0004269,PROD00356,2025-09-28,0,49,52,3,0
INV0004270,PROD00356,2025-10-28,0,49,52,3,0
INV0004271,PROD00356,2025-11-28,0,49,52,3,0
INV0004272,PROD00356,2025-12-28,0,51,64,13,0
INV0004273,PROD00357,2025-01-28,123,67,125,2,67
INV0004274,PROD00357,2025-02-28,67,67,125,2,11
INV0004275,PROD00357,2025-03-28,11,67,80,2,0
INV0004276,PROD00357,2025-04-28,0,67,69,2,0
INV0004277,PROD00357,2025-05-28,0,67,69,2,0
INV0004278,PROD00357,2025-06-28,0,67,69,2,0
INV0004279,PROD00357,2025-07-28,0,67,69,2,0
INV0004280,PROD00357,2025-08-28,0,67,69,2,0
INV0004281,PROD00357,2025-09-28,0,67,69,2,0
INV0004282,PROD00357,2025-10-28,0,67,69,2,0
INV0004283,PROD00357,2025-11-28,0,67,69,2,0
INV0004284,PROD00357,2025-12-28,0,71,76,5,0
INV0004285,PROD00358,2025-01-28,122,57,108,2,73
INV0004286,PROD00358,2025-02-28,73,57,108,2,24
INV0004287,PROD00358,2025-03-28,24,57,83,2,0
INV0004288,PROD00358,2025-04-28,0,57,59,2,0
INV0004289,PROD00358,2025-05-28,0,57,59,2,0
INV0004290,PROD00358,2025-06-28,0,57,59,2,0
INV0004291,PROD00358,2025-07-28,0,57,59,2,0
INV0004292,PROD00358,2025-08-28,0,57,59,2,0
INV0004293,PROD00358,2025-09-28,0,57,59,2,0
INV0004294,PROD00358,2025-10-28,0,57,59,2,0
INV0004295,PROD00358,2025-11-28,0,57,59,2,0
INV0004296,PROD00358,2025-12-28,0,60,63,3,0
INV0004297,PROD00359,2025-01-28,145,93,117,3,124
INV0004298,PROD00359,2025-02-28,124,93,117,3,103
INV0004299,PROD00359,2025-03-28,103,93,117,3,82
INV0004300,PROD00359,2025-04-28,82,93,117,3,61
INV0004301,PROD00359,2025-05-28,61,93,117,3,40
INV0004302,PROD00359,2025-06-28,40,93,117,3,19
INV0004303,PROD00359,2025-07-28,19,93,115,3,0
INV0004304,PROD00359,2025-08-28,0,93,96,3,0
INV0004305,PROD00359,2025-09-28,0,93,96,3,0
INV0004306,PROD00359,2025-10-28,0,93,96,3,0
INV0004307,PROD00359,2025-11-28,0,93,96,3,0
INV0004308,PROD00359,2025-12-28,0,103,110,7,0
INV0004309,PROD00360,2025-01-28,130,20,110,2,42
INV0004310,PROD00360,2025-02-28,42,20,64,2,0
INV0004311,PROD00360,2025-03-28,0,20,22,2,0
INV0004312,PROD00360,2025-04-28,0,20,22,2,0
INV0004313,PROD00360,2025-05-28,0,20,22,2,0
INV0004314,PROD00360,2025-06-28,0,20,22,2,0
INV0004315,PROD00360,2025-07-28,0,20,22,2,0
INV0004316,PROD00360,2025-08-28,0,20,22,2,0
INV0004317,PROD00360,2025-09-28,0,20,22,2,0
INV0004318,PROD00360,2025-10-28,0,20,22,2,0
INV0004319,PROD00360,2025-11-28,0,20,22,2,0
INV0004320,PROD00360,2025-12-28,0,28,32,4,0
INV0004321,PROD00361,2025-01-28,139,106,119,2,128
INV0004322,PROD00361,2025-02-28,128,106,119,2,117
INV0004323,PROD00361,2025-03-28,117,106,119,2,106
INV0004324,PROD00361,2025-04-28,106,106,119,2,95
INV0004325,PROD00361,2025-05-28,95,106,119,2,84
INV0004326,PROD00361,2025-06-28,84,106,119,2,73
INV0004327,PROD00361,2025-07-28,73,106,119,2,62
INV0004328,PROD00361,2025-08-28,62,106,119,2,51
INV0004329,PROD00361,2025-09-28,51,106,119,2,40
INV0004330,PROD00361,2025-10-28,40,106,119,2,29
INV0004331,PROD00361,2025-11-28,29,106,119,2,18
INV0004332,PROD00361,2025-12-28,18,116,120,5,19
INV0004333,PROD00362,2025-01-28,245,135,106,3,277
INV0004334,PROD00362,2025-02-28,277,135,106,3,309
INV0004335,PROD00362,2025-03-28,309,135,106,3,341
INV0004336,PROD00362,2025-04-28,341,135,106,3,373
INV0004337,PROD00362,2025-05-28,373,135,106,3,405
INV0004338,PROD00362,2025-06-28,405,135,106,3,437
INV0004339,PROD00362,2025-07-28,437,135,106,3,469
INV0004340,PROD00362,2025-08-28,469,135,106,3,501
INV0004341,PROD00362,2025-09-28,501,135,106,3,533
INV0004342,PROD00362,2025-10-28,533,135,106,3,565
INV0004343,PROD00362,2025-11-28,565,135,106,3,597
INV0004344,PROD00362,2025-12-28,597,141,115,4,627
INV0004345,PROD00363,2025-01-28,236,21,109,4,152
INV0004346,PROD00363,2025-02-28,152,21,109,4,68
INV0004347,PROD00363,2025-03-28,68,21,93,4,0
INV0004348,PROD00363,2025-04-28,0,21,25,4,0
INV0004349,PROD00363,2025-05-28,0,21,25,4,0
INV0004350,PROD00363,2025-06-28,0,21,25,4,0
INV0004351,PROD00363,2025-07-28,0,21,25,4,0
INV0004352,PROD00363,2025-08-28,0,21,25,4,0
INV0004353,PROD00363,2025-09-28,0,21,25,4,0
INV0004354,PROD00363,2025-10-28,0,21,25,4,0
INV0004355,PROD00363,2025-11-28,0,21,25,4,0
INV0004356,PROD00363,2025-12-28,0,32,41,9,0
INV0004357,PROD00364,2025-01-28,84,131,105,2,112
INV0004358,PROD00364,2025-02-28,112,131,105,2,140
INV0004359,PROD00364,2025-03-28,140,131,105,2,168
INV0004360,PROD00364,2025-04-28,168,131,105,2,196
INV0004361,PROD00364,2025-05-28,196,131,105,2,224
INV0004362,PROD00364,2025-06-28,224,131,105,2,252
INV0004363,PROD00364,2025-07-28,252,131,105,2,280
INV0004364,PROD00364,2025-08-28,280,131,105,2,308
INV0004365,PROD00364,2025-09-28,308,131,105,2,336
INV0004366,PROD00364,2025-10-28,336,131,105,2,364
INV0004367,PROD00364,2025-11-28,364,131,105,2,392
INV0004368,PROD00364,2025-12-28,392,140,106,12,438
INV0004369,PROD00365,2025-01-28,167,132,114,2,187
INV0004370,PROD00365,2025-02-28,187,132,114,2,207
INV0004371,PROD00365,2025-03-28,207,132,114,2,227
INV0004372,PROD00365,2025-04-28,227,132,114,2,247
INV0004373,PROD00365,2025-05-28,247,132,114,2,267
INV0004374,PROD00365,2025-06-28,267,132,114,2,287
INV0004375,PROD00365,2025-07-28,287,132,114,2,307
INV0004376,PROD00365,2025-08-28,307,132,114,2,327
INV0004377,PROD00365,2025-09-28,327,132,114,2,347
INV0004378,PROD00365,2025-10-28,347,132,114,2,367
INV0004379,PROD00365,2025-11-28,367,132,114,2,387
INV0004380,PROD00365,2025-12-28,387,134,120,12,413
INV0004381,PROD00366,2025-01-28,228,163,116,2,277
INV0004382,PROD00366,2025-02-28,277,163,116,2,326
INV0004383,PROD00366,2025-03-28,326,163,116,2,375
INV0004384,PROD00366,2025-04-28,375,163,116,2,424
INV0004385,PROD00366,2025-05-28,424,163,116,2,473
INV0004386,PROD00366,2025-06-28,473,163,116,2,522
INV0004387,PROD00366,2025-07-28,522,163,116,2,571
INV0004388,PROD00366,2025-08-28,571,163,116,2,620
INV0004389,PROD00366,2025-09-28,620,163,116,2,669
INV0004390,PROD00366,2025-10-28,669,163,116,2,718
INV0004391,PROD00366,2025-11-28,718,163,116,2,767
INV0004392,PROD00366,2025-12-28,767,172,118,8,829
INV0004393,PROD00367,2025-01-28,200,55,120,2,137
INV0004394,PROD00367,2025-02-28,137,55,120,2,74
INV0004395,PROD00367,2025-03-28,74,55,120,2,11
INV0004396,PROD00367,2025-04-28,11,55,68,2,0
INV0004397,PROD00367,2025-05-28,0,55,57,2,0
INV0004398,PROD00367,2025-06-28,0,55,57,2,0
INV0004399,PROD00367,2025-07-28,0,55,57,2,0
INV0004400,PROD00367,2025-08-28,0,55,57,2,0
INV0004401,PROD00367,2025-09-28,0,55,57,2,0
INV0004402,PROD00367,2025-10-28,0,55,57,2,0
INV0004403,PROD00367,2025-11-28,0,55,57,2,0
INV0004404,PROD00367,2025-12-28,0,56,68,12,0
INV0004405,PROD00368,2025-01-28,150,98,117,3,134
INV0004406,PROD00368,2025-02-28,134,98,117,3,118
INV0004407,PROD00368,2025-03-28,118,98,117,3,102
INV0004408,PROD00368,2025-04-28,102,98,117,3,86
INV0004409,PROD00368,2025-05-28,86,98,117,3,70
INV0004410,PROD00368,2025-06-28,70,98,117,3,54
INV0004411,PROD00368,2025-07-28,54,98,117,3,38
INV0004412,PROD00368,2025-08-28,38,98,117,3,22
INV0004413,PROD00368,2025-09-28,22,98,117,3,6
INV0004414,PROD00368,2025-10-28,6,98,107,3,0
INV0004415,PROD00368,2025-11-28,0,98,101,3,0
INV0004416,PROD00368,2025-12-28,0,108,113,5,0
INV0004417,PROD00369,2025-01-28,176,104,110,2,172
INV0004418,PROD00369,2025-02-28,172,104,110,2,168
INV0004419,PROD00369,2025-03-28,168,104,110,2,164
INV0004420,PROD00369,2025-04-28,164,104,110,2,160
INV0004421,PROD00369,2025-05-28,160,104,110,2,156
INV0004422,PROD00369,2025-06-28,156,104,110,2,152
INV0004423,PROD00369,2025-07-28,152,104,110,2,148
INV0004424,PROD00369,2025-08-28,148,104,110,2,144
INV0004425,PROD00369,2025-09-28,144,104,110,2,140
INV0004426,PROD00369,2025-10-28,140,104,110,2,136
INV0004427,PROD00369,2025-11-28,136,104,110,2,132
INV0004428,PROD00369,2025-12-28,132,104,115,8,129
INV0004429,PROD00370,2025-01-28,107,82,110,2,81
INV0004430,PROD00370,2025-02-28,81,82,110,2,55
INV0004431,PROD00370,2025-03-28,55,82,110,2,29
INV0004432,PROD00370,2025-04-28,29,82,110,2,3
INV0004433,PROD00370,2025-05-28,3,82,87,2,0
INV0004434,PROD00370,2025-06-28,0,82,84,2,0
INV0004435,PROD00370,2025-07-28,0,82,84,2,0
INV0004436,PROD00370,2025-08-28,0,82,84,2,0
INV0004437,PROD00370,2025-09-28,0,82,84,2,0
INV0004438,PROD00370,2025-10-28,0,82,84,2,0
INV0004439,PROD00370,2025-11-28,0,82,84,2,0
INV0004440,PROD00370,2025-12-28,0,91,99,8,0
INV0004441,PROD00371,2025-01-28,232,570,113,4,693
INV0004442,PROD00371,2025-02-28,693,570,113,4,1154
INV0004443,PROD00371,2025-03-28,1154,570,113,4,1615
INV0004444,PROD00371,2025-04-28,1615,570,113,4,2076
INV0004445,PROD00371,2025-05-28,2076,570,113,4,2537
INV0004446,PROD00371,2025-06-28,2537,570,113,4,2998
INV0004447,PROD00371,2025-07-28,2998,570,113,4,3459
INV0004448,PROD00371,2025-08-28,3459,570,113,4,3920
INV0004449,PROD00371,2025-09-28,3920,570,113,4,4381
INV0004450,PROD00371,2025-10-28,4381,570,113,4,4842
INV0004451,PROD00371,2025-11-28,4842,570,113,4,5303
INV0004452,PROD00371,2025-12-28,5303,577,113,5,5772
INV0004453,PROD00372,2025-01-28,76,116,113,3,82
INV0004454,PROD00372,2025-02-28,82,116,113,3,88
INV0004455,PROD00372,2025-03-28,88,116,113,3,94
INV0004456,PROD00372,2025-04-28,94,116,113,3,100
INV0004457,PROD00372,2025-05-28,100,116,113,3,106
INV0004458,PROD00372,2025-06-28,106,116,113,3,112
INV0004459,PROD00372,2025-07-28,112,116,113,3,118
INV0004460,PROD00372,2025-08-28,118,116,113,3,124
INV0004461,PROD00372,2025-09-28,124,116,113,3,130
INV0004462,PROD00372,2025-10-28,130,116,113,3,136
INV0004463,PROD00372,2025-11-28,136,116,113,3,142
INV0004464,PROD00372,2025-12-28,142,122,124,3,143
INV0004465,PROD00373,2025-01-28,151,197,100,2,250
INV0004466,PROD00373,2025-02-28,250,197,100,2,349
INV0004467,PROD00373,2025-03-28,349,197,100,2,448
INV0004468,PROD00373,2025-04-28,448,197,100,2,547
INV0004469,PROD00373,2025-05-28,547,197,100,2,646
INV0004470,PROD00373,2025-06-28,646,197,100,2,745
INV0004471,PROD00373,2025-07-28,745,197,100,2,844
INV0004472,PROD00373,2025-08-28,844,197,100,2,943
INV0004473,PROD00373,2025-09-28,943,197,100,2,1042
INV0004474,PROD00373,2025-10-28,1042,197,100,2,1141
INV0004475,PROD00373,2025-11-28,1141,197,100,2,1240
INV0004476,PROD00373,2025-12-28,1240,208,107,3,1344
INV0004477,PROD00374,2025-01-28,131,27,109,2,51
INV0004478,PROD00374,2025-02-28,51,27,80,2,0
INV0004479,PROD00374,2025-03-28,0,27,29,2,0
INV0004480,PROD00374,2025-04-28,0,27,29,2,0
INV0004481,PROD00374,2025-05-28,0,27,29,2,0
INV0004482,PROD00374,2025-06-28,0,27,29,2,0
INV0004483,PROD00374,2025-07-28,0,27,29,2,0
INV0004484,PROD00374,2025-08-28,0,27,29,2,0
INV0004485,PROD00374,2025-09-28,0,27,29,2,0
INV0004486,PROD00374,2025-10-28,0,27,29,2,0
INV0004487,PROD00374,2025-11-28,0,27,29,2,0
INV0004488,PROD00374,2025-12-28,0,35,47,12,0
INV0004489,PROD00375,2025-01-28,210,212,107,2,317
INV0004490,PROD00375,2025-02-28,317,212,107,2,424
INV0004491,PROD00375,2025-03-28,424,212,107,2,531
INV0004492,PROD00375,2025-04-28,531,212,107,2,638
INV0004493,PROD00375,2025-05-28,638,212,107,2,745
INV0004494,PROD00375,2025-06-28,745,212,107,2,852
INV0004495,PROD00375,2025-07-28,852,212,107,2,959
INV0004496,PROD00375,2025-08-28,959,212,107,2,1066
INV0004497,PROD00375,2025-09-28,1066,212,107,2,1173
INV0004498,PROD00375,2025-10-28,1173,212,107,2,1280
INV0004499,PROD00375,2025-11-28,1280,212,107,2,1387
INV0004500,PROD00375,2025-12-28,1387,220,112,6,1501
INV0004501,PROD00376,2025-01-28,154,179,106,3,230
INV0004502,PROD00376,2025-02-28,230,179,106,3,306
INV0004503,PROD00376,2025-03-28,306,179,106,3,382
INV0004504,PROD00376,2025-04-28,382,179,106,3,458
INV0004505,PROD00376,2025-05-28,458,179,106,3,534
INV0004506,PROD00376,2025-06-28,534,179,106,3,610
INV0004507,PROD00376,2025-07-28,610,179,106,3,686
INV0004508,PROD00376,2025-08-28,686,179,106,3,762
INV0004509,PROD00376,2025-09-28,762,179,106,3,838
INV0004510,PROD00376,2025-10-28,838,179,106,3,914
INV0004511,PROD00376,2025-11-28,914,179,106,3,990
INV0004512,PROD00376,2025-12-28,990,182,111,11,1072
INV0004513,PROD00377,2025-01-28,214,47,111,2,152
INV0004514,PROD00377,2025-02-28,152,47,111,2,90
INV0004515,PROD00377,2025-03-28,90,47,111,2,28
INV0004516,PROD00377,2025-04-28,28,47,77,2,0
INV0004517,PROD00377,2025-05-28,0,47,49,2,0
INV0004518,PROD00377,2025-06-28,0,47,49,2,0
INV0004519,PROD00377,2025-07-28,0,47,49,2,0
INV0004520,PROD00377,2025-08-28,0,47,49,2,0
INV0004521,PROD00377,2025-09-28,0,47,49,2,0
INV0004522,PROD00377,2025-10-28,0,47,49,2,0
INV0004523,PROD00377,2025-11-28,0,47,49,2,0
INV0004524,PROD00377,2025-12-28,0,50,54,4,0
INV0004525,PROD00378,2025-01-28,79,201,121,3,162
INV0004526,PROD00378,2025-02-28,162,201,121,3,245
INV0004527,PROD00378,2025-03-28,245,201,121,3,328
INV0004528,PROD00378,2025-04-28,328,201,121,3,411
INV0004529,PROD00378,2025-05-28,411,201,121,3,494
INV0004530,PROD00378,2025-06-28,494,201,121,3,577
INV0004531,PROD00378,2025-07-28,577,201,121,3,660
INV0004532,PROD00378,2025-08-28,660,201,121,3,743
INV0004533,PROD00378,2025-09-28,743,201,121,3,826
INV0004534,PROD00378,2025-10-28,826,201,121,3,909
INV0004535,PROD00378,2025-11-28,909,201,121,3,992
INV0004536,PROD00378,2025-12-28,992,202,121,8,1081
INV0004537,PROD00379,2025-01-28,202,45,111,2,138
INV0004538,PROD00379,2025-02-28,138,45,111,2,74
INV0004539,PROD00379,2025-03-28,74,45,111,2,10
INV0004540,PROD00379,2025-04-28,10,45,57,2,0
INV0004541,PROD00379,2025-05-28,0,45,47,2,0
INV0004542,PROD00379,2025-06-28,0,45,47,2,0
INV0004543,PROD00379,2025-07-28,0,45,47,2,0
INV0004544,PROD00379,2025-08-28,0,45,47,2,0
INV0004545,PROD00379,2025-09-28,0,45,47,2,0
INV0004546,PROD00379,2025-10-28,0,45,47,2,0
INV0004547,PROD00379,2025-11-28,0,45,47,2,0
INV0004548,PROD00379,2025-12-28,0,45,57,12,0
INV0004549,PROD00380,2025-01-28,112,118,129,2,103
INV0004550,PROD00380,2025-02-28,103,118,129,2,94
INV0004551,PROD00380,2025-03-28,94,118,129,2,85
INV0004552,PROD00380,2025-04-28,85,118,129,2,76
INV0004553,PROD00380,2025-05-28,76,118,129,2,67
INV0004554,PROD00380,2025-06-28,67,118,129,2,58
INV0004555,PROD00380,2025-07-28,58,118,129,2,49
INV0004556,PROD00380,2025-08-28,49,118,129,2,40
INV0004557,PROD00380,2025-09-28,40,118,129,2,31
INV0004558,PROD00380,2025-10-28,31,118,129,2,22
INV0004559,PROD00380,2025-11-28,22,118,129,2,13
INV0004560,PROD00380,2025-12-28,13,126,140,4,3
INV0004561,PROD00381,2025-01-28,159,209,119,3,252
INV0004562,PROD00381,2025-02-28,252,209,119,3,345
INV0004563,PROD00381,2025-03-28,345,209,119,3,438
INV0004564,PROD00381,2025-04-28,438,209,119,3,531
INV0004565,PROD00381,2025-05-28,531,209,119,3,624
INV0004566,PROD00381,2025-06-28,624,209,119,3,717
INV0004567,PROD00381,2025-07-28,717,209,119,3,810
INV0004568,PROD00381,2025-08-28,810,209,119,3,903
INV0004569,PROD00381,2025-09-28,903,209,119,3,996
INV0004570,PROD00381,2025-10-28,996,209,119,3,1089
INV0004571,PROD00381,2025-11-28,1089,209,119,3,1182
INV0004572,PROD00381,2025-12-28,1182,220,122,13,1293
INV0004573,PROD00382,2025-01-28,130,147,107,4,174
INV0004574,PROD00382,2025-02-28,174,147,107,4,218
INV0004575,PROD00382,2025-03-28,218,147,107,4,262
INV0004576,PROD00382,2025-04-28,262,147,107,4,306
INV0004577,PROD00382,2025-05-28,306,147,107,4,350
INV0004578,PROD00382,2025-06-28,350,147,107,4,394
INV0004579,PROD00382,2025-07-28,394,147,107,4,438
INV0004580,PROD00382,2025-08-28,438,147,107,4,482
INV0004581,PROD00382,2025-09-28,482,147,107,4,526
INV0004582,PROD00382,2025-10-28,526,147,107,4,570
INV0004583,PROD00382,2025-11-28,570,147,107,4,614
INV0004584,PROD00382,2025-12-28,614,153,118,8,657
INV0004585,PROD00383,2025-01-28,169,36,125,3,83
INV0004586,PROD00383,2025-02-28,83,36,122,3,0
INV0004587,PROD00383,2025-03-28,0,36,39,3,0
INV0004588,PROD00383,2025-04-28,0,36,39,3,0
INV0004589,PROD00383,2025-05-28,0,36,39,3,0
INV0004590,PROD00383,2025-06-28,0,36,39,3,0
INV0004591,PROD00383,2025-07-28,0,36,39,3,0
INV0004592,PROD00383,2025-08-28,0,36,39,3,0
INV0004593,PROD00383,2025-09-28,0,36,39,3,0
INV0004594,PROD00383,2025-10-28,0,36,39,3,0
INV0004595,PROD00383,2025-11-28,0,36,39,3,0
INV0004596,PROD00383,2025-12-28,0,39,51,12,0
INV0004597,PROD00384,2025-01-28,57,0,60,3,0
INV0004598,PROD00384,2025-02-28,0,0,3,3,0
INV0004599,PROD00384,2025-03-28,0,0,3,3,0
INV0004600,PROD00384,2025-04-28,0,0,3,3,0
INV0004601,PROD00384,2025-05-28,0,0,3,3,0
INV0004602,PROD00384,2025-06-28,0,0,3,3,0
INV0004603,PROD00384,2025-07-28,0,0,3,3,0
INV0004604,PROD00384,2025-08-28,0,0,3,3,0
INV0004605,PROD00384,2025-09-28,0,0,3,3,0
INV0004606,PROD00384,2025-10-28,0,0,3,3,0
INV0004607,PROD00384,2025-11-28,0,0,3,3,0
INV0004608,PROD00384,2025-12-28,0,0,13,13,0
INV0004609,PROD00385,2025-01-28,140,194,128,1,207
INV0004610,PROD00385,2025-02-28,207,194,128,1,274
INV0004611,PROD00385,2025-03-28,274,194,128,1,341
INV0004612,PROD00385,2025-04-28,341,194,128,1,408
INV0004613,PROD00385,2025-05-28,408,194,128,1,475
INV0004614,PROD00385,2025-06-28,475,194,128,1,542
INV0004615,PROD00385,2025-07-28,542,194,128,1,609
INV0004616,PROD00385,2025-08-28,609,194,128,1,676
INV0004617,PROD00385,2025-09-28,676,194,128,1,743
INV0004618,PROD00385,2025-10-28,743,194,128,1,810
INV0004619,PROD00385,2025-11-28,810,194,128,1,877
INV0004620,PROD00385,2025-12-28,877,205,136,10,956
INV0004621,PROD00386,2025-01-28,154,96,116,1,135
INV0004622,PROD00386,2025-02-28,135,96,116,1,116
INV0004623,PROD00386,2025-03-28,116,96,116,1,97
INV0004624,PROD00386,2025-04-28,97,96,116,1,78
INV0004625,PROD00386,2025-05-28,78,96,116,1,59
INV0004626,PROD00386,2025-06-28,59,96,116,1,40
INV0004627,PROD00386,2025-07-28,40,96,116,1,21
INV0004628,PROD00386,2025-08-28,21,96,116,1,2
INV0004629,PROD00386,2025-09-28,2,96,99,1,0
INV0004630,PROD00386,2025-10-28,0,96,97,1,0
INV0004631,PROD00386,2025-11-28,0,96,97,1,0
INV0004632,PROD00386,2025-12-28,0,104,116,12,0
INV0004633,PROD00387,2025-01-28,165,198,106,2,259
INV0004634,PROD00387,2025-02-28,259,198,106,2,353
INV0004635,PROD00387,2025-03-28,353,198,106,2,447
INV0004636,PROD00387,2025-04-28,447,198,106,2,541
INV0004637,PROD00387,2025-05-28,541,198,106,2,635
INV0004638,PROD00387,2025-06-28,635,198,106,2,729
INV0004639,PROD00387,2025-07-28,729,198,106,2,823
INV0004640,PROD00387,2025-08-28,823,198,106,2,917
INV0004641,PROD00387,2025-09-28,917,198,106,2,1011
INV0004642,PROD00387,2025-10-28,1011,198,106,2,1105
INV0004643,PROD00387,2025-11-28,1105,198,106,2,1199
INV0004644,PROD00387,2025-12-28,1199,206,117,8,1296
INV0004645,PROD00388,2025-01-28,241,107,110,3,241
INV0004646,PROD00388,2025-02-28,241,107,110,3,241
INV0004647,PROD00388,2025-03-28,241,107,110,3,241
INV0004648,PROD00388,2025-04-28,241,107,110,3,241
INV0004649,PROD00388,2025-05-28,241,107,110,3,241
INV0004650,PROD00388,2025-06-28,241,107,110,3,241
INV0004651,PROD00388,2025-07-28,241,107,110,3,241
INV0004652,PROD00388,2025-08-28,241,107,110,3,241
INV0004653,PROD00388,2025-09-28,241,107,110,3,241
INV0004654,PROD00388,2025-10-28,241,107,110,3,241
INV0004655,PROD00388,2025-11-28,241,107,110,3,241
INV0004656,PROD00388,2025-12-28,241,117,111,12,259
INV0004657,PROD00389,2025-01-28,173,118,95,3,199
INV0004658,PROD00389,2025-02-28,199,118,95,3,225
INV0004659,PROD00389,2025-03-28,225,118,95,3,251
INV0004660,PROD00389,2025-04-28,251,118,95,3,277
INV0004661,PROD00389,2025-05-28,277,118,95,3,303
INV0004662,PROD00389,2025-06-28,303,118,95,3,329
INV0004663,PROD00389,2025-07-28,329,118,95,3,355
INV0004664,PROD00389,2025-08-28,355,118,95,3,381
INV0004665,PROD00389,2025-09-28,381,118,95,3,407
INV0004666,PROD00389,2025-10-28,407,118,95,3,433
INV0004667,PROD00389,2025-11-28,433,118,95,3,459
INV0004668,PROD00389,2025-12-28,459,120,95,3,487
INV0004669,PROD00390,2025-01-28,138,129,121,1,147
INV0004670,PROD00390,2025-02-28,147,129,121,1,156
INV0004671,PROD00390,2025-03-28,156,129,121,1,165
INV0004672,PROD00390,2025-04-28,165,129,121,1,174
INV0004673,PROD00390,2025-05-28,174,129,121,1,183
INV0004674,PROD00390,2025-06-28,183,129,121,1,192
INV0004675,PROD00390,2025-07-28,192,129,121,1,201
INV0004676,PROD00390,2025-08-28,201,129,121,1,210
INV0004677,PROD00390,2025-09-28,210,129,121,1,219
INV0004678,PROD00390,2025-10-28,219,129,121,1,228
INV0004679,PROD00390,2025-11-28,228,129,121,1,237
INV0004680,PROD00390,2025-12-28,237,129,125,9,250
INV0004681,PROD00391,2025-01-28,118,0,115,2,5
INV0004682,PROD00391,2025-02-28,5,0,7,2,0
INV0004683,PROD00391,2025-03-28,0,0,2,2,0
INV0004684,PROD00391,2025-04-28,0,0,2,2,0
INV0004685,PROD00391,2025-05-28,0,0,2,2,0
INV0004686,PROD00391,2025-06-28,0,0,2,2,0
INV0004687,PROD00391,2025-07-28,0,0,2,2,0
INV0004688,PROD00391,2025-08-28,0,0,2,2,0
INV0004689,PROD00391,2025-09-28,0,0,2,2,0
INV0004690,PROD00391,2025-10-28,0,0,2,2,0
INV0004691,PROD00391,2025-11-28,0,0,2,2,0
INV0004692,PROD00391,2025-12-28,0,0,12,12,0
INV0004693,PROD00392,2025-01-28,139,37,108,3,71
INV0004694,PROD00392,2025-02-28,71,37,108,3,3
INV0004695,PROD00392,2025-03-28,3,37,43,3,0
INV0004696,PROD00392,2025-04-28,0,37,40,3,0
INV0004697,PROD00392,2025-05-28,0,37,40,3,0
INV0004698,PROD00392,2025-06-28,0,37,40,3,0
INV0004699,PROD00392,2025-07-28,0,37,40,3,0
INV0004700,PROD00392,2025-08-28,0,37,40,3,0
INV0004701,PROD00392,2025-09-28,0,37,40,3,0
INV0004702,PROD00392,2025-10-28,0,37,40,3,0
INV0004703,PROD00392,2025-11-28,0,37,40,3,0
INV0004704,PROD00392,2025-12-28,0,47,50,3,0
INV0004705,PROD00393,2025-01-28,169,159,110,2,220
INV0004706,PROD00393,2025-02-28,220,159,110,2,271
INV0004707,PROD00393,2025-03-28,271,159,110,2,322
INV0004708,PROD00393,2025-04-28,322,159,110,2,373
INV0004709,PROD00393,2025-05-28,373,159,110,2,424
INV0004710,PROD00393,2025-06-28,424,159,110,2,475
INV0004711,PROD00393,2025-07-28,475,159,110,2,526
INV0004712,PROD00393,2025-08-28,526,159,110,2,577
INV0004713,PROD00393,2025-09-28,577,159,110,2,628
INV0004714,PROD00393,2025-10-28,628,159,110,2,679
INV0004715,PROD00393,2025-11-28,679,159,110,2,730
INV0004716,PROD00393,2025-12-28,730,162,114,13,791
INV0004717,PROD00394,2025-01-28,188,192,122,3,261
INV0004718,PROD00394,2025-02-28,261,192,122,3,334
INV0004719,PROD00394,2025-03-28,334,192,122,3,407
INV0004720,PROD00394,2025-04-28,407,192,122,3,480
INV0004721,PROD00394,2025-05-28,480,192,122,3,553
INV0004722,PROD00394,2025-06-28,553,192,122,3,626
INV0004723,PROD00394,2025-07-28,626,192,122,3,699
INV0004724,PROD00394,2025-08-28,699,192,122,3,772
INV0004725,PROD00394,2025-09-28,772,192,122,3,845
INV0004726,PROD00394,2025-10-28,845,192,122,3,918
INV0004727,PROD00394,2025-11-28,918,192,122,3,991
INV0004728,PROD00394,2025-12-28,991,199,128,13,1075
INV0004729,PROD00395,2025-01-28,207,281,110,1,379
INV0004730,PROD00395,2025-02-28,379,281,110,1,551
INV0004731,PROD00395,2025-03-28,551,281,110,1,723
INV0004732,PROD00395,2025-04-28,723,281,110,1,895
INV0004733,PROD00395,2025-05-28,895,281,110,1,1067
INV0004734,PROD00395,2025-06-28,1067,281,110,1,1239
INV0004735,PROD00395,2025-07-28,1239,281,110,1,1411
INV0004736,PROD00395,2025-08-28,1411,281,110,1,1583
INV0004737,PROD00395,2025-09-28,1583,281,110,1,1755
INV0004738,PROD00395,2025-10-28,1755,281,110,1,1927
INV0004739,PROD00395,2025-11-28,1927,281,110,1,2099
INV0004740,PROD00395,2025-12-28,2099,283,121,9,2270
INV0004741,PROD00396,2025-01-28,185,26,105,1,107
INV0004742,PROD00396,2025-02-28,107,26,105,1,29
INV0004743,PROD00396,2025-03-28,29,26,56,1,0
INV0004744,PROD00396,2025-04-28,0,26,27,1,0
INV0004745,PROD00396,2025-05-28,0,26,27,1,0
INV0004746,PROD00396,2025-06-28,0,26,27,1,0
INV0004747,PROD00396,2025-07-28,0,26,27,1,0
INV0004748,PROD00396,2025-08-28,0,26,27,1,0
INV0004749,PROD00396,2025-09-28,0,26,27,1,0
INV0004750,PROD00396,2025-10-28,0,26,27,1,0
INV0004751,PROD00396,2025-11-28,0,26,27,1,0
INV0004752,PROD00396,2025-12-28,0,35,43,8,0
INV0004753,PROD00397,2025-01-28,176,188,99,3,268
INV0004754,PROD00397,2025-02-28,268,188,99,3,360
INV0004755,PROD00397,2025-03-28,360,188,99,3,452
INV0004756,PROD00397,2025-04-28,452,188,99,3,544
INV0004757,PROD00397,2025-05-28,544,188,99,3,636
INV0004758,PROD00397,2025-06-28,636,188,99,3,728
INV0004759,PROD00397,2025-07-28,728,188,99,3,820
INV0004760,PROD00397,2025-08-28,820,188,99,3,912
INV0004761,PROD00397,2025-09-28,912,188,99,3,1004
INV0004762,PROD00397,2025-10-28,1004,188,99,3,1096
INV0004763,PROD00397,2025-11-28,1096,188,99,3,1188
INV0004764,PROD00397,2025-12-28,1188,199,101,4,1290
INV0004765,PROD00398,2025-01-28,146,127,111,2,164
INV0004766,PROD00398,2025-02-28,164,127,111,2,182
INV0004767,PROD00398,2025-03-28,182,127,111,2,200
INV0004768,PROD00398,2025-04-28,200,127,111,2,218
INV0004769,PROD00398,2025-05-28,218,127,111,2,236
INV0004770,PROD00398,2025-06-28,236,127,111,2,254
INV0004771,PROD00398,2025-07-28,254,127,111,2,272
INV0004772,PROD00398,2025-08-28,272,127,111,2,290
INV0004773,PROD00398,2025-09-28,290,127,111,2,308
INV0004774,PROD00398,2025-10-28,308,127,111,2,326
INV0004775,PROD00398,2025-11-28,326,127,111,2,344
INV0004776,PROD00398,2025-12-28,344,138,121,10,371
INV0004777,PROD00399,2025-01-28,180,70,111,3,142
INV0004778,PROD00399,2025-02-28,142,70,111,3,104
INV0004779,PROD00399,2025-03-28,104,70,111,3,66
INV0004780,PROD00399,2025-04-28,66,70,111,3,28
INV0004781,PROD00399,2025-05-28,28,70,101,3,0
INV0004782,PROD00399,2025-06-28,0,70,73,3,0
INV0004783,PROD00399,2025-07-28,0,70,73,3,0
INV0004784,PROD00399,2025-08-28,0,70,73,3,0
INV0004785,PROD00399,2025-09-28,0,70,73,3,0
INV0004786,PROD00399,2025-10-28,0,70,73,3,0
INV0004787,PROD00399,2025-11-28,0,70,73,3,0
INV0004788,PROD00399,2025-12-28,0,74,78,4,0
INV0004789,PROD00400,2025-01-28,240,318,118,2,442
INV0004790,PROD00400,2025-02-28,442,318,118,2,644
INV0004791,PROD00400,2025-03-28,644,318,118,2,846
INV0004792,PROD00400,2025-04-28,846,318,118,2,1048
INV0004793,PROD00400,2025-05-28,1048,318,118,2,1250
INV0004794,PROD00400,2025-06-28,1250,318,118,2,1452
INV0004795,PROD00400,2025-07-28,1452,318,118,2,1654
INV0004796,PROD00400,2025-08-28,1654,318,118,2,1856
INV0004797,PROD00400,2025-09-28,1856,318,118,2,2058
INV0004798,PROD00400,2025-10-28,2058,318,118,2,2260
INV0004799,PROD00400,2025-11-28,2260,318,118,2,2462
INV0004800,PROD00400,2025-12-28,2462,323,125,8,2668
INV0004801,PROD00401,2025-01-28,71,197,114,2,156
INV0004802,PROD00401,2025-02-28,156,197,114,2,241
INV0004803,PROD00401,2025-03-28,241,197,114,2,326
INV0004804,PROD00401,2025-04-28,326,197,114,2,411
INV0004805,PROD00401,2025-05-28,411,197,114,2,496
INV0004806,PROD00401,2025-06-28,496,197,114,2,581
INV0004807,PROD00401,2025-07-28,581,197,114,2,666
INV0004808,PROD00401,2025-08-28,666,197,114,2,751
INV0004809,PROD00401,2025-09-28,751,197,114,2,836
INV0004810,PROD00401,2025-10-28,836,197,114,2,921
INV0004811,PROD00401,2025-11-28,921,197,114,2,1006
INV0004812,PROD00401,2025-12-28,1006,198,119,8,1093
INV0004813,PROD00402,2025-01-28,171,89,99,2,163
INV0004814,PROD00402,2025-02-28,163,89,99,2,155
INV0004815,PROD00402,2025-03-28,155,89,99,2,147
INV0004816,PROD00402,2025-04-28,147,89,99,2,139
INV0004817,PROD00402,2025-05-28,139,89,99,2,131
INV0004818,PROD00402,2025-06-28,131,89,99,2,123
INV0004819,PROD00402,2025-07-28,123,89,99,2,115
INV0004820,PROD00402,2025-08-28,115,89,99,2,107
INV0004821,PROD00402,2025-09-28,107,89,99,2,99
INV0004822,PROD00402,2025-10-28,99,89,99,2,91
INV0004823,PROD00402,2025-11-28,91,89,99,2,83
INV0004824,PROD00402,2025-12-28,83,96,99,2,82
INV0004825,PROD00403,2025-01-28,57,239,106,3,193
INV0004826,PROD00403,2025-02-28,193,239,106,3,329
INV0004827,PROD00403,2025-03-28,329,239,106,3,465
INV0004828,PROD00403,2025-04-28,465,239,106,3,601
INV0004829,PROD00403,2025-05-28,601,239,106,3,737
INV0004830,PROD00403,2025-06-28,737,239,106,3,873
INV0004831,PROD00403,2025-07-28,873,239,106,3,1009
INV0004832,PROD00403,2025-08-28,1009,239,106,3,1145
INV0004833,PROD00403,2025-09-28,1145,239,106,3,1281
INV0004834,PROD00403,2025-10-28,1281,239,106,3,1417
INV0004835,PROD00403,2025-11-28,1417,239,106,3,1553
INV0004836,PROD00403,2025-12-28,1553,239,110,7,1689
INV0004837,PROD00404,2025-01-28,226,213,109,3,333
INV0004838,PROD00404,2025-02-28,333,213,109,3,440
INV0004839,PROD00404,2025-03-28,440,213,109,3,547
INV0004840,PROD00404,2025-04-28,547,213,109,3,654
INV0004841,PROD00404,2025-05-28,654,213,109,3,761
INV0004842,PROD00404,2025-06-28,761,213,109,3,868
INV0004843,PROD00404,2025-07-28,868,213,109,3,975
INV0004844,PROD00404,2025-08-28,975,213,109,3,1082
INV0004845,PROD00404,2025-09-28,1082,213,109,3,1189
INV0004846,PROD00404,2025-10-28,1189,213,109,3,1296
INV0004847,PROD00404,2025-11-28,1296,213,109,3,1403
INV0004848,PROD00404,2025-12-28,1403,215,114,12,1516
INV0004849,PROD00405,2025-01-28,137,150,118,3,172
INV0004850,PROD00405,2025-02-28,172,150,118,3,207
INV0004851,PROD00405,2025-03-28,207,150,118,3,242
INV0004852,PROD00405,2025-04-28,242,150,118,3,277
INV0004853,PROD00405,2025-05-28,277,150,118,3,312
INV0004854,PROD00405,2025-06-28,312,150,118,3,347
INV0004855,PROD00405,2025-07-28,347,150,118,3,382
INV0004856,PROD00405,2025-08-28,382,150,118,3,417
INV0004857,PROD00405,2025-09-28,417,150,118,3,452
INV0004858,PROD00405,2025-10-28,452,150,118,3,487
INV0004859,PROD00405,2025-11-28,487,150,118,3,522
INV0004860,PROD00405,2025-12-28,522,161,118,11,576
INV0004861,PROD00406,2025-01-28,178,112,118,3,175
INV0004862,PROD00406,2025-02-28,175,112,118,3,172
INV0004863,PROD00406,2025-03-28,172,112,118,3,169
INV0004864,PROD00406,2025-04-28,169,112,118,3,166
INV0004865,PROD00406,2025-05-28,166,112,118,3,163
INV0004866,PROD00406,2025-06-28,163,112,118,3,160
INV0004867,PROD00406,2025-07-28,160,112,118,3,157
INV0004868,PROD00406,2025-08-28,157,112,118,3,154
INV0004869,PROD00406,2025-09-28,154,112,118,3,151
INV0004870,PROD00406,2025-10-28,151,112,118,3,148
INV0004871,PROD00406,2025-11-28,148,112,118,3,145
INV0004872,PROD00406,2025-12-28,145,123,120,13,161
INV0004873,PROD00407,2025-01-28,225,123,105,3,246
INV0004874,PROD00407,2025-02-28,246,123,105,3,267
INV0004875,PROD00407,2025-03-28,267,123,105,3,288
INV0004876,PROD00407,2025-04-28,288,123,105,3,309
INV0004877,PROD00407,2025-05-28,309,123,105,3,330
INV0004878,PROD00407,2025-06-28,330,123,105,3,351
INV0004879,PROD00407,2025-07-28,351,123,105,3,372
INV0004880,PROD00407,2025-08-28,372,123,105,3,393
INV0004881,PROD00407,2025-09-28,393,123,105,3,414
INV0004882,PROD00407,2025-10-28,414,123,105,3,435
INV0004883,PROD00407,2025-11-28,435,123,105,3,456
INV0004884,PROD00407,2025-12-28,456,134,115,5,480
INV0004885,PROD00408,2025-01-28,242,37,127,2,154
INV0004886,PROD00408,2025-02-28,154,37,127,2,66
INV0004887,PROD00408,2025-03-28,66,37,105,2,0
INV0004888,PROD00408,2025-04-28,0,37,39,2,0
INV0004889,PROD00408,2025-05-28,0,37,39,2,0
INV0004890,PROD00408,2025-06-28,0,37,39,2,0
INV0004891,PROD00408,2025-07-28,0,37,39,2,0
INV0004892,PROD00408,2025-08-28,0,37,39,2,0
INV0004893,PROD00408,2025-09-28,0,37,39,2,0
INV0004894,PROD00408,2025-10-28,0,37,39,2,0
INV0004895,PROD00408,2025-11-28,0,37,39,2,0
INV0004896,PROD00408,2025-12-28,0,41,51,10,0
INV0004897,PROD00409,2025-01-28,185,80,105,2,162
INV0004898,PROD00409,2025-02-28,162,80,105,2,139
INV0004899,PROD00409,2025-03-28,139,80,105,2,116
INV0004900,PROD00409,2025-04-28,116,80,105,2,93
INV0004901,PROD00409,2025-05-28,93,80,105,2,70
INV0004902,PROD00409,2025-06-28,70,80,105,2,47
INV0004903,PROD00409,2025-07-28,47,80,105,2,24
INV0004904,PROD00409,2025-08-28,24,80,105,2,1
INV0004905,PROD00409,2025-09-28,1,80,83,2,0
INV0004906,PROD00409,2025-10-28,0,80,82,2,0
INV0004907,PROD00409,2025-11-28,0,80,82,2,0
INV0004908,PROD00409,2025-12-28,0,82,87,5,0
INV0004909,PROD00410,2025-01-28,80,56,100,3,39
INV0004910,PROD00410,2025-02-28,39,56,98,3,0
INV0004911,PROD00410,2025-03-28,0,56,59,3,0
INV0004912,PROD00410,2025-04-28,0,56,59,3,0
INV0004913,PROD00410,2025-05-28,0,56,59,3,0
INV0004914,PROD00410,2025-06-28,0,56,59,3,0
INV0004915,PROD00410,2025-07-28,0,56,59,3,0
INV0004916,PROD00410,2025-08-28,0,56,59,3,0
INV0004917,PROD00410,2025-09-28,0,56,59,3,0
INV0004918,PROD00410,2025-10-28,0,56,59,3,0
INV0004919,PROD00410,2025-11-28,0,56,59,3,0
INV0004920,PROD00410,2025-12-28,0,57,60,3,0
INV0004921,PROD00411,2025-01-28,87,211,99,4,203
INV0004922,PROD00411,2025-02-28,203,211,99,4,319
INV0004923,PROD00411,2025-03-28,319,211,99,4,435
INV0004924,PROD00411,2025-04-28,435,211,99,4,551
INV0004925,PROD00411,2025-05-28,551,211,99,4,667
INV0004926,PROD00411,2025-06-28,667,211,99,4,783
INV0004927,PROD00411,2025-07-28,783,211,99,4,899
INV0004928,PROD00411,2025-08-28,899,211,99,4,1015
INV0004929,PROD00411,2025-09-28,1015,211,99,4,1131
INV0004930,PROD00411,2025-10-28,1131,211,99,4,1247
INV0004931,PROD00411,2025-11-28,1247,211,99,4,1363
INV0004932,PROD00411,2025-12-28,1363,222,108,7,1484
INV0004933,PROD00412,2025-01-28,139,57,114,1,83
INV0004934,PROD00412,2025-02-28,83,57,114,1,27
INV0004935,PROD00412,2025-03-28,27,57,85,1,0
INV0004936,PROD00412,2025-04-28,0,57,58,1,0
INV0004937,PROD00412,2025-05-28,0,57,58,1,0
INV0004938,PROD00412,2025-06-28,0,57,58,1,0
INV0004939,PROD00412,2025-07-28,0,57,58,1,0
INV0004940,PROD00412,2025-08-28,0,57,58,1,0
INV0004941,PROD00412,2025-09-28,0,57,58,1,0
INV0004942,PROD00412,2025-10-28,0,57,58,1,0
INV0004943,PROD00412,2025-11-28,0,57,58,1,0
INV0004944,PROD00412,2025-12-28,0,57,63,6,0
INV0004945,PROD00413,2025-01-28,90,265,115,2,242
INV0004946,PROD00413,2025-02-28,242,265,115,2,394
INV0004947,PROD00413,2025-03-28,394,265,115,2,546
INV0004948,PROD00413,2025-04-28,546,265,115,2,698
INV0004949,PROD00413,2025-05-28,698,265,115,2,850
INV0004950,PROD00413,2025-06-28,850,265,115,2,1002
INV0004951,PROD00413,2025-07-28,1002,265,115,2,1154
INV0004952,PROD00413,2025-08-28,1154,265,115,2,1306
INV0004953,PROD00413,2025-09-28,1306,265,115,2,1458
INV0004954,PROD00413,2025-10-28,1458,265,115,2,1610
INV0004955,PROD00413,2025-11-28,1610,265,115,2,1762
INV0004956,PROD00413,2025-12-28,1762,276,126,4,1916
INV0004957,PROD00414,2025-01-28,243,173,118,2,300
INV0004958,PROD00414,2025-02-28,300,173,118,2,357
INV0004959,PROD00414,2025-03-28,357,173,118,2,414
INV0004960,PROD00414,2025-04-28,414,173,118,2,471
INV0004961,PROD00414,2025-05-28,471,173,118,2,528
INV0004962,PROD00414,2025-06-28,528,173,118,2,585
INV0004963,PROD00414,2025-07-28,585,173,118,2,642
INV0004964,PROD00414,2025-08-28,642,173,118,2,699
INV0004965,PROD00414,2025-09-28,699,173,118,2,756
INV0004966,PROD00414,2025-10-28,756,173,118,2,813
INV0004967,PROD00414,2025-11-28,813,173,118,2,870
INV0004968,PROD00414,2025-12-28,870,184,120,10,944
INV0004969,PROD00415,2025-01-28,118,10,108,1,21
INV0004970,PROD00415,2025-02-28,21,10,32,1,0
INV0004971,PROD00415,2025-03-28,0,10,11,1,0
INV0004972,PROD00415,2025-04-28,0,10,11,1,0
INV0004973,PROD00415,2025-05-28,0,10,11,1,0
INV0004974,PROD00415,2025-06-28,0,10,11,1,0
INV0004975,PROD00415,2025-07-28,0,10,11,1,0
INV0004976,PROD00415,2025-08-28,0,10,11,1,0
INV0004977,PROD00415,2025-09-28,0,10,11,1,0
INV0004978,PROD00415,2025-10-28,0,10,11,1,0
INV0004979,PROD00415,2025-11-28,0,10,11,1,0
INV0004980,PROD00415,2025-12-28,0,19,26,7,0
INV0004981,PROD00416,2025-01-28,135,229,101,2,265
INV0004982,PROD00416,2025-02-28,265,229,101,2,395
INV0004983,PROD00416,2025-03-28,395,229,101,2,525
INV0004984,PROD00416,2025-04-28,525,229,101,2,655
INV0004985,PROD00416,2025-05-28,655,229,101,2,785
INV0004986,PROD00416,2025-06-28,785,229,101,2,915
INV0004987,PROD00416,2025-07-28,915,229,101,2,1045
INV0004988,PROD00416,2025-08-28,1045,229,101,2,1175
INV0004989,PROD00416,2025-09-28,1175,229,101,2,1305
INV0004990,PROD00416,2025-10-28,1305,229,101,2,1435
INV0004991,PROD00416,2025-11-28,1435,229,101,2,1565
INV0004992,PROD00416,2025-12-28,1565,232,108,3,1692
INV0004993,PROD00417,2025-01-28,59,150,130,2,81
INV0004994,PROD00417,2025-02-28,81,150,130,2,103
INV0004995,PROD00417,2025-03-28,103,150,130,2,125
INV0004996,PROD00417,2025-04-28,125,150,130,2,147
INV0004997,PROD00417,2025-05-28,147,150,130,2,169
INV0004998,PROD00417,2025-06-28,169,150,130,2,191
INV0004999,PROD00417,2025-07-28,191,150,130,2,213
INV0005000,PROD00417,2025-08-28,213,150,130,2,235
INV0005001,PROD00417,2025-09-28,235,150,130,2,257
INV0005002,PROD00417,2025-10-28,257,150,130,2,279
INV0005003,PROD00417,2025-11-28,279,150,130,2,301
INV0005004,PROD00417,2025-12-28,301,151,137,13,328
INV0005005,PROD00418,2025-01-28,159,64,104,2,121
INV0005006,PROD00418,2025-02-28,121,64,104,2,83
INV0005007,PROD00418,2025-03-28,83,64,104,2,45
INV0005008,PROD00418,2025-04-28,45,64,104,2,7
INV0005009,PROD00418,2025-05-28,7,64,73,2,0
INV0005010,PROD00418,2025-06-28,0,64,66,2,0
INV0005011,PROD00418,2025-07-28,0,64,66,2,0
INV0005012,PROD00418,2025-08-28,0,64,66,2,0
INV0005013,PROD00418,2025-09-28,0,64,66,2,0
INV0005014,PROD00418,2025-10-28,0,64,66,2,0
INV0005015,PROD00418,2025-11-28,0,64,66,2,0
INV0005016,PROD00418,2025-12-28,0,69,75,6,0
INV0005017,PROD00419,2025-01-28,59,103,114,1,49
INV0005018,PROD00419,2025-02-28,49,103,114,1,39
INV0005019,PROD00419,2025-03-28,39,103,114,1,29
INV0005020,PROD00419,2025-04-28,29,103,114,1,19
INV0005021,PROD00419,2025-05-28,19,103,114,1,9
INV0005022,PROD00419,2025-06-28,9,103,113,1,0
INV0005023,PROD00419,2025-07-28,0,103,104,1,0
INV0005024,PROD00419,2025-08-28,0,103,104,1,0
INV0005025,PROD00419,2025-09-28,0,103,104,1,0
INV0005026,PROD00419,2025-10-28,0,103,104,1,0
INV0005027,PROD00419,2025-11-28,0,103,104,1,0
INV0005028,PROD00419,2025-12-28,0,104,109,5,0
INV0005029,PROD00420,2025-01-28,163,131,118,1,177
INV0005030,PROD00420,2025-02-28,177,131,118,1,191
INV0005031,PROD00420,2025-03-28,191,131,118,1,205
INV0005032,PROD00420,2025-04-28,205,131,118,1,219
INV0005033,PROD00420,2025-05-28,219,131,118,1,233
INV0005034,PROD00420,2025-06-28,233,131,118,1,247
INV0005035,PROD00420,2025-07-28,247,131,118,1,261
INV0005036,PROD00420,2025-08-28,261,131,118,1,275
INV0005037,PROD00420,2025-09-28,275,131,118,1,289
INV0005038,PROD00420,2025-10-28,289,131,118,1,303
INV0005039,PROD00420,2025-11-28,303,131,118,1,317
INV0005040,PROD00420,2025-12-28,317,136,129,6,330
INV0005041,PROD00421,2025-01-28,167,65,112,4,124
INV0005042,PROD00421,2025-02-28,124,65,112,4,81
INV0005043,PROD00421,2025-03-28,81,65,112,4,38
INV0005044,PROD00421,2025-04-28,38,65,107,4,0
INV0005045,PROD00421,2025-05-28,0,65,69,4,0
INV0005046,PROD00421,2025-06-28,0,65,69,4,0
INV0005047,PROD00421,2025-07-28,0,65,69,4,0
INV0005048,PROD00421,2025-08-28,0,65,69,4,0
INV0005049,PROD00421,2025-09-28,0,65,69,4,0
INV0005050,PROD00421,2025-10-28,0,65,69,4,0
INV0005051,PROD00421,2025-11-28,0,65,69,4,0
INV0005052,PROD00421,2025-12-28,0,69,77,8,0
INV0005053,PROD00422,2025-01-28,124,195,116,4,207
INV0005054,PROD00422,2025-02-28,207,195,116,4,290
INV0005055,PROD00422,2025-03-28,290,195,116,4,373
INV0005056,PROD00422,2025-04-28,373,195,116,4,456
INV0005057,PROD00422,2025-05-28,456,195,116,4,539
INV0005058,PROD00422,2025-06-28,539,195,116,4,622
INV0005059,PROD00422,2025-07-28,622,195,116,4,705
INV0005060,PROD00422,2025-08-28,705,195,116,4,788
INV0005061,PROD00422,2025-09-28,788,195,116,4,871
INV0005062,PROD00422,2025-10-28,871,195,116,4,954
INV0005063,PROD00422,2025-11-28,954,195,116,4,1037
INV0005064,PROD00422,2025-12-28,1037,197,124,7,1117
INV0005065,PROD00423,2025-01-28,125,47,121,2,53
INV0005066,PROD00423,2025-02-28,53,47,102,2,0
INV0005067,PROD00423,2025-03-28,0,47,49,2,0
INV0005068,PROD00423,2025-04-28,0,47,49,2,0
INV0005069,PROD00423,2025-05-28,0,47,49,2,0
INV0005070,PROD00423,2025-06-28,0,47,49,2,0
INV0005071,PROD00423,2025-07-28,0,47,49,2,0
INV0005072,PROD00423,2025-08-28,0,47,49,2,0
INV0005073,PROD00423,2025-09-28,0,47,49,2,0
INV0005074,PROD00423,2025-10-28,0,47,49,2,0
INV0005075,PROD00423,2025-11-28,0,47,49,2,0
INV0005076,PROD00423,2025-12-28,0,52,60,8,0
INV0005077,PROD00424,2025-01-28,196,94,106,3,187
INV0005078,PROD00424,2025-02-28,187,94,106,3,178
INV0005079,PROD00424,2025-03-28,178,94,106,3,169
INV0005080,PROD00424,2025-04-28,169,94,106,3,160
INV0005081,PROD00424,2025-05-28,160,94,106,3,151
INV0005082,PROD00424,2025-06-28,151,94,106,3,142
INV0005083,PROD00424,2025-07-28,142,94,106,3,133
INV0005084,PROD00424,2025-08-28,133,94,106,3,124
INV0005085,PROD00424,2025-09-28,124,94,106,3,115
INV0005086,PROD00424,2025-10-28,115,94,106,3,106
INV0005087,PROD00424,2025-11-28,106,94,106,3,97
INV0005088,PROD00424,2025-12-28,97,96,116,10,87
INV0005089,PROD00425,2025-01-28,178,75,108,5,150
INV0005090,PROD00425,2025-02-28,150,75,108,5,122
INV0005091,PROD00425,2025-03-28,122,75,108,5,94
INV0005092,PROD00425,2025-04-28,94,75,108,5,66
INV0005093,PROD00425,2025-05-28,66,75,108,5,38
INV0005094,PROD00425,2025-06-28,38,75,108,5,10
INV0005095,PROD00425,2025-07-28,10,75,90,5,0
INV0005096,PROD00425,2025-08-28,0,75,80,5,0
INV0005097,PROD00425,2025-09-28,0,75,80,5,0
INV0005098,PROD00425,2025-10-28,0,75,80,5,0
INV0005099,PROD00425,2025-11-28,0,75,80,5,0
INV0005100,PROD00425,2025-12-28,0,77,82,5,0
INV0005101,PROD00426,2025-01-28,180,52,130,7,109
INV0005102,PROD00426,2025-02-28,109,52,130,7,38
INV0005103,PROD00426,2025-03-28,38,52,97,7,0
INV0005104,PROD00426,2025-04-28,0,52,59,7,0
INV0005105,PROD00426,2025-05-28,0,52,59,7,0
INV0005106,PROD00426,2025-06-28,0,52,59,7,0
INV0005107,PROD00426,2025-07-28,0,52,59,7,0
INV0005108,PROD00426,2025-08-28,0,52,59,7,0
INV0005109,PROD00426,2025-09-28,0,52,59,7,0
INV0005110,PROD00426,2025-10-28,0,52,59,7,0
INV0005111,PROD00426,2025-11-28,0,52,59,7,0
INV0005112,PROD00426,2025-12-28,0,52,59,7,0
INV0005113,PROD00427,2025-01-28,207,113,110,4,214
INV0005114,PROD00427,2025-02-28,214,113,110,4,221
INV0005115,PROD00427,2025-03-28,221,113,110,4,228
INV0005116,PROD00427,2025-04-28,228,113,110,4,235
INV0005117,PROD00427,2025-05-28,235,113,110,4,242
INV0005118,PROD00427,2025-06-28,242,113,110,4,249
INV0005119,PROD00427,2025-07-28,249,113,110,4,256
INV0005120,PROD00427,2025-08-28,256,113,110,4,263
INV0005121,PROD00427,2025-09-28,263,113,110,4,270
INV0005122,PROD00427,2025-10-28,270,113,110,4,277
INV0005123,PROD00427,2025-11-28,277,113,110,4,284
INV0005124,PROD00427,2025-12-28,284,120,121,9,292
INV0005125,PROD00428,2025-01-28,170,204,108,4,270
INV0005126,PROD00428,2025-02-28,270,204,108,4,370
INV0005127,PROD00428,2025-03-28,370,204,108,4,470
INV0005128,PROD00428,2025-04-28,470,204,108,4,570
INV0005129,PROD00428,2025-05-28,570,204,108,4,670
INV0005130,PROD00428,2025-06-28,670,204,108,4,770
INV0005131,PROD00428,2025-07-28,770,204,108,4,870
INV0005132,PROD00428,2025-08-28,870,204,108,4,970
INV0005133,PROD00428,2025-09-28,970,204,108,4,1070
INV0005134,PROD00428,2025-10-28,1070,204,108,4,1170
INV0005135,PROD00428,2025-11-28,1170,204,108,4,1270
INV0005136,PROD00428,2025-12-28,1270,210,116,15,1379
INV0005137,PROD00429,2025-01-28,153,198,117,3,237
INV0005138,PROD00429,2025-02-28,237,198,117,3,321
INV0005139,PROD00429,2025-03-28,321,198,117,3,405
INV0005140,PROD00429,2025-04-28,405,198,117,3,489
INV0005141,PROD00429,2025-05-28,489,198,117,3,573
INV0005142,PROD00429,2025-06-28,573,198,117,3,657
INV0005143,PROD00429,2025-07-28,657,198,117,3,741
INV0005144,PROD00429,2025-08-28,741,198,117,3,825
INV0005145,PROD00429,2025-09-28,825,198,117,3,909
INV0005146,PROD00429,2025-10-28,909,198,117,3,993
INV0005147,PROD00429,2025-11-28,993,198,117,3,1077
INV0005148,PROD00429,2025-12-28,1077,203,122,8,1166
INV0005149,PROD00430,2025-01-28,133,255,132,4,260
INV0005150,PROD00430,2025-02-28,260,255,132,4,387
INV0005151,PROD00430,2025-03-28,387,255,132,4,514
INV0005152,PROD00430,2025-04-28,514,255,132,4,641
INV0005153,PROD00430,2025-05-28,641,255,132,4,768
INV0005154,PROD00430,2025-06-28,768,255,132,4,895
INV0005155,PROD00430,2025-07-28,895,255,132,4,1022
INV0005156,PROD00430,2025-08-28,1022,255,132,4,1149
INV0005157,PROD00430,2025-09-28,1149,255,132,4,1276
INV0005158,PROD00430,2025-10-28,1276,255,132,4,1403
INV0005159,PROD00430,2025-11-28,1403,255,132,4,1530
INV0005160,PROD00430,2025-12-28,1530,256,137,6,1655
INV0005161,PROD00431,2025-01-28,195,154,116,3,236
INV0005162,PROD00431,2025-02-28,236,154,116,3,277
INV0005163,PROD00431,2025-03-28,277,154,116,3,318
INV0005164,PROD00431,2025-04-28,318,154,116,3,359
INV0005165,PROD00431,2025-05-28,359,154,116,3,400
INV0005166,PROD00431,2025-06-28,400,154,116,3,441
INV0005167,PROD00431,2025-07-28,441,154,116,3,482
INV0005168,PROD00431,2025-08-28,482,154,116,3,523
INV0005169,PROD00431,2025-09-28,523,154,116,3,564
INV0005170,PROD00431,2025-10-28,564,154,116,3,605
INV0005171,PROD00431,2025-11-28,605,154,116,3,646
INV0005172,PROD00431,2025-12-28,646,163,124,3,688
INV0005173,PROD00432,2025-01-28,244,0,112,3,135
INV0005174,PROD00432,2025-02-28,135,0,112,3,26
INV0005175,PROD00432,2025-03-28,26,0,29,3,0
INV0005176,PROD00432,2025-04-28,0,0,3,3,0
INV0005177,PROD00432,2025-05-28,0,0,3,3,0
INV0005178,PROD00432,2025-06-28,0,0,3,3,0
INV0005179,PROD00432,2025-07-28,0,0,3,3,0
INV0005180,PROD00432,2025-08-28,0,0,3,3,0
INV0005181,PROD00432,2025-09-28,0,0,3,3,0
INV0005182,PROD00432,2025-10-28,0,0,3,3,0
INV0005183,PROD00432,2025-11-28,0,0,3,3,0
INV0005184,PROD00432,2025-12-28,0,0,9,9,0
INV0005185,PROD00433,2025-01-28,128,226,114,3,243
INV0005186,PROD00433,2025-02-28,243,226,114,3,358
INV0005187,PROD00433,2025-03-28,358,226,114,3,473
INV0005188,PROD00433,2025-04-28,473,226,114,3,588
INV0005189,PROD00433,2025-05-28,588,226,114,3,703
INV0005190,PROD00433,2025-06-28,703,226,114,3,818
INV0005191,PROD00433,2025-07-28,818,226,114,3,933
INV0005192,PROD00433,2025-08-28,933,226,114,3,1048
INV0005193,PROD00433,2025-09-28,1048,226,114,3,1163
INV0005194,PROD00433,2025-10-28,1163,226,114,3,1278
INV0005195,PROD00433,2025-11-28,1278,226,114,3,1393
INV0005196,PROD00433,2025-12-28,1393,232,122,14,1517
INV0005197,PROD00434,2025-01-28,58,0,59,1,0
INV0005198,PROD00434,2025-02-28,0,0,1,1,0
INV0005199,PROD00434,2025-03-28,0,0,1,1,0
INV0005200,PROD00434,2025-04-28,0,0,1,1,0
INV0005201,PROD00434,2025-05-28,0,0,1,1,0
INV0005202,PROD00434,2025-06-28,0,0,1,1,0
INV0005203,PROD00434,2025-07-28,0,0,1,1,0
INV0005204,PROD00434,2025-08-28,0,0,1,1,0
INV0005205,PROD00434,2025-09-28,0,0,1,1,0
INV0005206,PROD00434,2025-10-28,0,0,1,1,0
INV0005207,PROD00434,2025-11-28,0,0,1,1,0
INV0005208,PROD00434,2025-12-28,0,0,10,10,0
INV0005209,PROD00435,2025-01-28,217,146,117,2,248
INV0005210,PROD00435,2025-02-28,248,146,117,2,279
INV0005211,PROD00435,2025-03-28,279,146,117,2,310
INV0005212,PROD00435,2025-04-28,310,146,117,2,341
INV0005213,PROD00435,2025-05-28,341,146,117,2,372
INV0005214,PROD00435,2025-06-28,372,146,117,2,403
INV0005215,PROD00435,2025-07-28,403,146,117,2,434
INV0005216,PROD00435,2025-08-28,434,146,117,2,465
INV0005217,PROD00435,2025-09-28,465,146,117,2,496
INV0005218,PROD00435,2025-10-28,496,146,117,2,527
INV0005219,PROD00435,2025-11-28,527,146,117,2,558
INV0005220,PROD00435,2025-12-28,558,147,123,6,588
INV0005221,PROD00436,2025-01-28,84,85,117,1,53
INV0005222,PROD00436,2025-02-28,53,85,117,1,22
INV0005223,PROD00436,2025-03-28,22,85,108,1,0
INV0005224,PROD00436,2025-04-28,0,85,86,1,0
INV0005225,PROD00436,2025-05-28,0,85,86,1,0
INV0005226,PROD00436,2025-06-28,0,85,86,1,0
INV0005227,PROD00436,2025-07-28,0,85,86,1,0
INV0005228,PROD00436,2025-08-28,0,85,86,1,0
INV0005229,PROD00436,2025-09-28,0,85,86,1,0
INV0005230,PROD00436,2025-10-28,0,85,86,1,0
INV0005231,PROD00436,2025-11-28,0,85,86,1,0
INV0005232,PROD00436,2025-12-28,0,85,89,4,0
INV0005233,PROD00437,2025-01-28,168,53,119,1,103
INV0005234,PROD00437,2025-02-28,103,53,119,1,38
INV0005235,PROD00437,2025-03-28,38,53,92,1,0
INV0005236,PROD00437,2025-04-28,0,53,54,1,0
INV0005237,PROD00437,2025-05-28,0,53,54,1,0
INV0005238,PROD00437,2025-06-28,0,53,54,1,0
INV0005239,PROD00437,2025-07-28,0,53,54,1,0
INV0005240,PROD00437,2025-08-28,0,53,54,1,0
INV0005241,PROD00437,2025-09-28,0,53,54,1,0
INV0005242,PROD00437,2025-10-28,0,53,54,1,0
INV0005243,PROD00437,2025-11-28,0,53,54,1,0
INV0005244,PROD00437,2025-12-28,0,53,61,8,0
INV0005245,PROD00438,2025-01-28,185,91,119,2,159
INV0005246,PROD00438,2025-02-28,159,91,119,2,133
INV0005247,PROD00438,2025-03-28,133,91,119,2,107
INV0005248,PROD00438,2025-04-28,107,91,119,2,81
INV0005249,PROD00438,2025-05-28,81,91,119,2,55
INV0005250,PROD00438,2025-06-28,55,91,119,2,29
INV0005251,PROD00438,2025-07-28,29,91,119,2,3
INV0005252,PROD00438,2025-08-28,3,91,96,2,0
INV0005253,PROD00438,2025-09-28,0,91,93,2,0
INV0005254,PROD00438,2025-10-28,0,91,93,2,0
INV0005255,PROD00438,2025-11-28,0,91,93,2,0
INV0005256,PROD00438,2025-12-28,0,101,111,10,0
INV0005257,PROD00439,2025-01-28,130,192,115,3,210
INV0005258,PROD00439,2025-02-28,210,192,115,3,290
INV0005259,PROD00439,2025-03-28,290,192,115,3,370
INV0005260,PROD00439,2025-04-28,370,192,115,3,450
INV0005261,PROD00439,2025-05-28,450,192,115,3,530
INV0005262,PROD00439,2025-06-28,530,192,115,3,610
INV0005263,PROD00439,2025-07-28,610,192,115,3,690
INV0005264,PROD00439,2025-08-28,690,192,115,3,770
INV0005265,PROD00439,2025-09-28,770,192,115,3,850
INV0005266,PROD00439,2025-10-28,850,192,115,3,930
INV0005267,PROD00439,2025-11-28,930,192,115,3,1010
INV0005268,PROD00439,2025-12-28,1010,193,115,3,1091
INV0005269,PROD00440,2025-01-28,87,101,110,1,79
INV0005270,PROD00440,2025-02-28,79,101,110,1,71
INV0005271,PROD00440,2025-03-28,71,101,110,1,63
INV0005272,PROD00440,2025-04-28,63,101,110,1,55
INV0005273,PROD00440,2025-05-28,55,101,110,1,47
INV0005274,PROD00440,2025-06-28,47,101,110,1,39
INV0005275,PROD00440,2025-07-28,39,101,110,1,31
INV0005276,PROD00440,2025-08-28,31,101,110,1,23
INV0005277,PROD00440,2025-09-28,23,101,110,1,15
INV0005278,PROD00440,2025-10-28,15,101,110,1,7
INV0005279,PROD00440,2025-11-28,7,101,109,1,0
INV0005280,PROD00440,2025-12-28,0,111,112,10,9
INV0005281,PROD00441,2025-01-28,109,34,101,4,46
INV0005282,PROD00441,2025-02-28,46,34,84,4,0
INV0005283,PROD00441,2025-03-28,0,34,38,4,0
INV0005284,PROD00441,2025-04-28,0,34,38,4,0
INV0005285,PROD00441,2025-05-28,0,34,38,4,0
INV0005286,PROD00441,2025-06-28,0,34,38,4,0
INV0005287,PROD00441,2025-07-28,0,34,38,4,0
INV0005288,PROD00441,2025-08-28,0,34,38,4,0
INV0005289,PROD00441,2025-09-28,0,34,38,4,0
INV0005290,PROD00441,2025-10-28,0,34,38,4,0
INV0005291,PROD00441,2025-11-28,0,34,38,4,0
INV0005292,PROD00441,2025-12-28,0,37,42,5,0
INV0005293,PROD00442,2025-01-28,208,7,93,2,124
INV0005294,PROD00442,2025-02-28,124,7,93,2,40
INV0005295,PROD00442,2025-03-28,40,7,49,2,0
INV0005296,PROD00442,2025-04-28,0,7,9,2,0
INV0005297,PROD00442,2025-05-28,0,7,9,2,0
INV0005298,PROD00442,2025-06-28,0,7,9,2,0
INV0005299,PROD00442,2025-07-28,0,7,9,2,0
INV0005300,PROD00442,2025-08-28,0,7,9,2,0
INV0005301,PROD00442,2025-09-28,0,7,9,2,0
INV0005302,PROD00442,2025-10-28,0,7,9,2,0
INV0005303,PROD00442,2025-11-28,0,7,9,2,0
INV0005304,PROD00442,2025-12-28,0,18,24,6,0
INV0005305,PROD00443,2025-01-28,118,206,101,3,226
INV0005306,PROD00443,2025-02-28,226,206,101,3,334
INV0005307,PROD00443,2025-03-28,334,206,101,3,442
INV0005308,PROD00443,2025-04-28,442,206,101,3,550
INV0005309,PROD00443,2025-05-28,550,206,101,3,658
INV0005310,PROD00443,2025-06-28,658,206,101,3,766
INV0005311,PROD00443,2025-07-28,766,206,101,3,874
INV0005312,PROD00443,2025-08-28,874,206,101,3,982
INV0005313,PROD00443,2025-09-28,982,206,101,3,1090
INV0005314,PROD00443,2025-10-28,1090,206,101,3,1198
INV0005315,PROD00443,2025-11-28,1198,206,101,3,1306
INV0005316,PROD00443,2025-12-28,1306,209,103,7,1419
INV0005317,PROD00444,2025-01-28,191,309,107,2,395
INV0005318,PROD00444,2025-02-28,395,309,107,2,599
INV0005319,PROD00444,2025-03-28,599,309,107,2,803
INV0005320,PROD00444,2025-04-28,803,309,107,2,1007
INV0005321,PROD00444,2025-05-28,1007,309,107,2,1211
INV0005322,PROD00444,2025-06-28,1211,309,107,2,1415
INV0005323,PROD00444,2025-07-28,1415,309,107,2,1619
INV0005324,PROD00444,2025-08-28,1619,309,107,2,1823
INV0005325,PROD00444,2025-09-28,1823,309,107,2,2027
INV0005326,PROD00444,2025-10-28,2027,309,107,2,2231
INV0005327,PROD00444,2025-11-28,2231,309,107,2,2435
INV0005328,PROD00444,2025-12-28,2435,312,116,10,2641
INV0005329,PROD00445,2025-01-28,118,124,118,3,127
INV0005330,PROD00445,2025-02-28,127,124,118,3,136
INV0005331,PROD00445,2025-03-28,136,124,118,3,145
INV0005332,PROD00445,2025-04-28,145,124,118,3,154
INV0005333,PROD00445,2025-05-28,154,124,118,3,163
INV0005334,PROD00445,2025-06-28,163,124,118,3,172
INV0005335,PROD00445,2025-07-28,172,124,118,3,181
INV0005336,PROD00445,2025-08-28,181,124,118,3,190
INV0005337,PROD00445,2025-09-28,190,124,118,3,199
INV0005338,PROD00445,2025-10-28,199,124,118,3,208
INV0005339,PROD00445,2025-11-28,208,124,118,3,217
INV0005340,PROD00445,2025-12-28,217,129,127,3,222
INV0005341,PROD00446,2025-01-28,194,123,117,2,202
INV0005342,PROD00446,2025-02-28,202,123,117,2,210
INV0005343,PROD00446,2025-03-28,210,123,117,2,218
INV0005344,PROD00446,2025-04-28,218,123,117,2,226
INV0005345,PROD00446,2025-05-28,226,123,117,2,234
INV0005346,PROD00446,2025-06-28,234,123,117,2,242
INV0005347,PROD00446,2025-07-28,242,123,117,2,250
INV0005348,PROD00446,2025-08-28,250,123,117,2,258
INV0005349,PROD00446,2025-09-28,258,123,117,2,266
INV0005350,PROD00446,2025-10-28,266,123,117,2,274
INV0005351,PROD00446,2025-11-28,274,123,117,2,282
INV0005352,PROD00446,2025-12-28,282,134,127,10,299
INV0005353,PROD00447,2025-01-28,216,291,101,1,407
INV0005354,PROD00447,2025-02-28,407,291,101,1,598
INV0005355,PROD00447,2025-03-28,598,291,101,1,789
INV0005356,PROD00447,2025-04-28,789,291,101,1,980
INV0005357,PROD00447,2025-05-28,980,291,101,1,1171
INV0005358,PROD00447,2025-06-28,1171,291,101,1,1362
INV0005359,PROD00447,2025-07-28,1362,291,101,1,1553
INV0005360,PROD00447,2025-08-28,1553,291,101,1,1744
INV0005361,PROD00447,2025-09-28,1744,291,101,1,1935
INV0005362,PROD00447,2025-10-28,1935,291,101,1,2126
INV0005363,PROD00447,2025-11-28,2126,291,101,1,2317
INV0005364,PROD00447,2025-12-28,2317,294,112,1,2500
INV0005365,PROD00448,2025-01-28,102,187,116,1,174
INV0005366,PROD00448,2025-02-28,174,187,116,1,246
INV0005367,PROD00448,2025-03-28,246,187,116,1,318
INV0005368,PROD00448,2025-04-28,318,187,116,1,390
INV0005369,PROD00448,2025-05-28,390,187,116,1,462
INV0005370,PROD00448,2025-06-28,462,187,116,1,534
INV0005371,PROD00448,2025-07-28,534,187,116,1,606
INV0005372,PROD00448,2025-08-28,606,187,116,1,678
INV0005373,PROD00448,2025-09-28,678,187,116,1,750
INV0005374,PROD00448,2025-10-28,750,187,116,1,822
INV0005375,PROD00448,2025-11-28,822,187,116,1,894
INV0005376,PROD00448,2025-12-28,894,191,126,4,963
INV0005377,PROD00449,2025-01-28,125,120,100,3,148
INV0005378,PROD00449,2025-02-28,148,120,100,3,171
INV0005379,PROD00449,2025-03-28,171,120,100,3,194
INV0005380,PROD00449,2025-04-28,194,120,100,3,217
INV0005381,PROD00449,2025-05-28,217,120,100,3,240
INV0005382,PROD00449,2025-06-28,240,120,100,3,263
INV0005383,PROD00449,2025-07-28,263,120,100,3,286
INV0005384,PROD00449,2025-08-28,286,120,100,3,309
INV0005385,PROD00449,2025-09-28,309,120,100,3,332
INV0005386,PROD00449,2025-10-28,332,120,100,3,355
INV0005387,PROD00449,2025-11-28,355,120,100,3,378
INV0005388,PROD00449,2025-12-28,378,125,109,3,397
INV0005389,PROD00450,2025-01-28,119,219,110,4,232
INV0005390,PROD00450,2025-02-28,232,219,110,4,345
INV0005391,PROD00450,2025-03-28,345,219,110,4,458
INV0005392,PROD00450,2025-04-28,458,219,110,4,571
INV0005393,PROD00450,2025-05-28,571,219,110,4,684
INV0005394,PROD00450,2025-06-28,684,219,110,4,797
INV0005395,PROD00450,2025-07-28,797,219,110,4,910
INV0005396,PROD00450,2025-08-28,910,219,110,4,1023
INV0005397,PROD00450,2025-09-28,1023,219,110,4,1136
INV0005398,PROD00450,2025-10-28,1136,219,110,4,1249
INV0005399,PROD00450,2025-11-28,1249,219,110,4,1362
INV0005400,PROD00450,2025-12-28,1362,230,118,4,1478
INV0005401,PROD00451,2025-01-28,90,65,100,2,57
INV0005402,PROD00451,2025-02-28,57,65,100,2,24
INV0005403,PROD00451,2025-03-28,24,65,91,2,0
INV0005404,PROD00451,2025-04-28,0,65,67,2,0
INV0005405,PROD00451,2025-05-28,0,65,67,2,0
INV0005406,PROD00451,2025-06-28,0,65,67,2,0
INV0005407,PROD00451,2025-07-28,0,65,67,2,0
INV0005408,PROD00451,2025-08-28,0,65,67,2,0
INV0005409,PROD00451,2025-09-28,0,65,67,2,0
INV0005410,PROD00451,2025-10-28,0,65,67,2,0
INV0005411,PROD00451,2025-11-28,0,65,67,2,0
INV0005412,PROD00451,2025-12-28,0,68,79,11,0
INV0005413,PROD00452,2025-01-28,91,135,105,1,122
INV0005414,PROD00452,2025-02-28,122,135,105,1,153
INV0005415,PROD00452,2025-03-28,153,135,105,1,184
INV0005416,PROD00452,2025-04-28,184,135,105,1,215
INV0005417,PROD00452,2025-05-28,215,135,105,1,246
INV0005418,PROD00452,2025-06-28,246,135,105,1,277
INV0005419,PROD00452,2025-07-28,277,135,105,1,308
INV0005420,PROD00452,2025-08-28,308,135,105,1,339
INV0005421,PROD00452,2025-09-28,339,135,105,1,370
INV0005422,PROD00452,2025-10-28,370,135,105,1,401
INV0005423,PROD00452,2025-11-28,401,135,105,1,432
INV0005424,PROD00452,2025-12-28,432,141,114,10,469
INV0005425,PROD00453,2025-01-28,127,125,108,2,146
INV0005426,PROD00453,2025-02-28,146,125,108,2,165
INV0005427,PROD00453,2025-03-28,165,125,108,2,184
INV0005428,PROD00453,2025-04-28,184,125,108,2,203
INV0005429,PROD00453,2025-05-28,203,125,108,2,222
INV0005430,PROD00453,2025-06-28,222,125,108,2,241
INV0005431,PROD00453,2025-07-28,241,125,108,2,260
INV0005432,PROD00453,2025-08-28,260,125,108,2,279
INV0005433,PROD00453,2025-09-28,279,125,108,2,298
INV0005434,PROD00453,2025-10-28,298,125,108,2,317
INV0005435,PROD00453,2025-11-28,317,125,108,2,336
INV0005436,PROD00453,2025-12-28,336,133,117,10,362
INV0005437,PROD00454,2025-01-28,96,112,106,2,104
INV0005438,PROD00454,2025-02-28,104,112,106,2,112
INV0005439,PROD00454,2025-03-28,112,112,106,2,120
INV0005440,PROD00454,2025-04-28,120,112,106,2,128
INV0005441,PROD00454,2025-05-28,128,112,106,2,136
INV0005442,PROD00454,2025-06-28,136,112,106,2,144
INV0005443,PROD00454,2025-07-28,144,112,106,2,152
INV0005444,PROD00454,2025-08-28,152,112,106,2,160
INV0005445,PROD00454,2025-09-28,160,112,106,2,168
INV0005446,PROD00454,2025-10-28,168,112,106,2,176
INV0005447,PROD00454,2025-11-28,176,112,106,2,184
INV0005448,PROD00454,2025-12-28,184,122,107,11,210
INV0005449,PROD00455,2025-01-28,169,0,103,1,67
INV0005450,PROD00455,2025-02-28,67,0,68,1,0
INV0005451,PROD00455,2025-03-28,0,0,1,1,0
INV0005452,PROD00455,2025-04-28,0,0,1,1,0
INV0005453,PROD00455,2025-05-28,0,0,1,1,0
INV0005454,PROD00455,2025-06-28,0,0,1,1,0
INV0005455,PROD00455,2025-07-28,0,0,1,1,0
INV0005456,PROD00455,2025-08-28,0,0,1,1,0
INV0005457,PROD00455,2025-09-28,0,0,1,1,0
INV0005458,PROD00455,2025-10-28,0,0,1,1,0
INV0005459,PROD00455,2025-11-28,0,0,1,1,0
INV0005460,PROD00455,2025-12-28,0,0,5,5,0
INV0005461,PROD00456,2025-01-28,146,81,109,4,122
INV0005462,PROD00456,2025-02-28,122,81,109,4,98
INV0005463,PROD00456,2025-03-28,98,81,109,4,74
INV0005464,PROD00456,2025-04-28,74,81,109,4,50
INV0005465,PROD00456,2025-05-28,50,81,109,4,26
INV0005466,PROD00456,2025-06-28,26,81,109,4,2
INV0005467,PROD00456,2025-07-28,2,81,87,4,0
INV0005468,PROD00456,2025-08-28,0,81,85,4,0
INV0005469,PROD00456,2025-09-28,0,81,85,4,0
INV0005470,PROD00456,2025-10-28,0,81,85,4,0
INV0005471,PROD00456,2025-11-28,0,81,85,4,0
INV0005472,PROD00456,2025-12-28,0,86,92,6,0
INV0005473,PROD00457,2025-01-28,83,184,100,5,172
INV0005474,PROD00457,2025-02-28,172,184,100,5,261
INV0005475,PROD00457,2025-03-28,261,184,100,5,350
INV0005476,PROD00457,2025-04-28,350,184,100,5,439
INV0005477,PROD00457,2025-05-28,439,184,100,5,528
INV0005478,PROD00457,2025-06-28,528,184,100,5,617
INV0005479,PROD00457,2025-07-28,617,184,100,5,706
INV0005480,PROD00457,2025-08-28,706,184,100,5,795
INV0005481,PROD00457,2025-09-28,795,184,100,5,884
INV0005482,PROD00457,2025-10-28,884,184,100,5,973
INV0005483,PROD00457,2025-11-28,973,184,100,5,1062
INV0005484,PROD00457,2025-12-28,1062,192,105,10,1159
INV0005485,PROD00458,2025-01-28,162,166,123,2,207
INV0005486,PROD00458,2025-02-28,207,166,123,2,252
INV0005487,PROD00458,2025-03-28,252,166,123,2,297
INV0005488,PROD00458,2025-04-28,297,166,123,2,342
INV0005489,PROD00458,2025-05-28,342,166,123,2,387
INV0005490,PROD00458,2025-06-28,387,166,123,2,432
INV0005491,PROD00458,2025-07-28,432,166,123,2,477
INV0005492,PROD00458,2025-08-28,477,166,123,2,522
INV0005493,PROD00458,2025-09-28,522,166,123,2,567
INV0005494,PROD00458,2025-10-28,567,166,123,2,612
INV0005495,PROD00458,2025-11-28,612,166,123,2,657
INV0005496,PROD00458,2025-12-28,657,170,132,3,698
INV0005497,PROD00459,2025-01-28,188,158,122,2,226
INV0005498,PROD00459,2025-02-28,226,158,122,2,264
INV0005499,PROD00459,2025-03-28,264,158,122,2,302
INV0005500,PROD00459,2025-04-28,302,158,122,2,340
INV0005501,PROD00459,2025-05-28,340,158,122,2,378
INV0005502,PROD00459,2025-06-28,378,158,122,2,416
INV0005503,PROD00459,2025-07-28,416,158,122,2,454
INV0005504,PROD00459,2025-08-28,454,158,122,2,492
INV0005505,PROD00459,2025-09-28,492,158,122,2,530
INV0005506,PROD00459,2025-10-28,530,158,122,2,568
INV0005507,PROD00459,2025-11-28,568,158,122,2,606
INV0005508,PROD00459,2025-12-28,606,162,126,9,651
INV0005509,PROD00460,2025-01-28,120,95,103,0,112
INV0005510,PROD00460,2025-02-28,112,95,103,0,104
INV0005511,PROD00460,2025-03-28,104,95,103,0,96
INV0005512,PROD00460,2025-04-28,96,95,103,0,88
INV0005513,PROD00460,2025-05-28,88,95,103,0,80
INV0005514,PROD00460,2025-06-28,80,95,103,0,72
INV0005515,PROD00460,2025-07-28,72,95,103,0,64
INV0005516,PROD00460,2025-08-28,64,95,103,0,56
INV0005517,PROD00460,2025-09-28,56,95,103,0,48
INV0005518,PROD00460,2025-10-28,48,95,103,0,40
INV0005519,PROD00460,2025-11-28,40,95,103,0,32
INV0005520,PROD00460,2025-12-28,32,106,104,11,45
INV0005521,PROD00461,2025-01-28,63,178,118,2,125
INV0005522,PROD00461,2025-02-28,125,178,118,2,187
INV0005523,PROD00461,2025-03-28,187,178,118,2,249
INV0005524,PROD00461,2025-04-28,249,178,118,2,311
INV0005525,PROD00461,2025-05-28,311,178,118,2,373
INV0005526,PROD00461,2025-06-28,373,178,118,2,435
INV0005527,PROD00461,2025-07-28,435,178,118,2,497
INV0005528,PROD00461,2025-08-28,497,178,118,2,559
INV0005529,PROD00461,2025-09-28,559,178,118,2,621
INV0005530,PROD00461,2025-10-28,621,178,118,2,683
INV0005531,PROD00461,2025-11-28,683,178,118,2,745
INV0005532,PROD00461,2025-12-28,745,187,128,10,814
INV0005533,PROD00462,2025-01-28,174,82,107,2,151
INV0005534,PROD00462,2025-02-28,151,82,107,2,128
INV0005535,PROD00462,2025-03-28,128,82,107,2,105
INV0005536,PROD00462,2025-04-28,105,82,107,2,82
INV0005537,PROD00462,2025-05-28,82,82,107,2,59
INV0005538,PROD00462,2025-06-28,59,82,107,2,36
INV0005539,PROD00462,2025-07-28,36,82,107,2,13
INV0005540,PROD00462,2025-08-28,13,82,97,2,0
INV0005541,PROD00462,2025-09-28,0,82,84,2,0
INV0005542,PROD00462,2025-10-28,0,82,84,2,0
INV0005543,PROD00462,2025-11-28,0,82,84,2,0
INV0005544,PROD00462,2025-12-28,0,83,89,6,0
INV0005545,PROD00463,2025-01-28,184,36,123,2,99
INV0005546,PROD00463,2025-02-28,99,36,123,2,14
INV0005547,PROD00463,2025-03-28,14,36,52,2,0
INV0005548,PROD00463,2025-04-28,0,36,38,2,0
INV0005549,PROD00463,2025-05-28,0,36,38,2,0
INV0005550,PROD00463,2025-06-28,0,36,38,2,0
INV0005551,PROD00463,2025-07-28,0,36,38,2,0
INV0005552,PROD00463,2025-08-28,0,36,38,2,0
INV0005553,PROD00463,2025-09-28,0,36,38,2,0
INV0005554,PROD00463,2025-10-28,0,36,38,2,0
INV0005555,PROD00463,2025-11-28,0,36,38,2,0
INV0005556,PROD00463,2025-12-28,0,39,46,7,0
INV0005557,PROD00464,2025-01-28,128,96,104,3,123
INV0005558,PROD00464,2025-02-28,123,96,104,3,118
INV0005559,PROD00464,2025-03-28,118,96,104,3,113
INV0005560,PROD00464,2025-04-28,113,96,104,3,108
INV0005561,PROD00464,2025-05-28,108,96,104,3,103
INV0005562,PROD00464,2025-06-28,103,96,104,3,98
INV0005563,PROD00464,2025-07-28,98,96,104,3,93
INV0005564,PROD00464,2025-08-28,93,96,104,3,88
INV0005565,PROD00464,2025-09-28,88,96,104,3,83
INV0005566,PROD00464,2025-10-28,83,96,104,3,78
INV0005567,PROD00464,2025-11-28,78,96,104,3,73
INV0005568,PROD00464,2025-12-28,73,96,106,7,70
INV0005569,PROD00465,2025-01-28,51,143,105,2,91
INV0005570,PROD00465,2025-02-28,91,143,105,2,131
INV0005571,PROD00465,2025-03-28,131,143,105,2,171
INV0005572,PROD00465,2025-04-28,171,143,105,2,211
INV0005573,PROD00465,2025-05-28,211,143,105,2,251
INV0005574,PROD00465,2025-06-28,251,143,105,2,291
INV0005575,PROD00465,2025-07-28,291,143,105,2,331
INV0005576,PROD00465,2025-08-28,331,143,105,2,371
INV0005577,PROD00465,2025-09-28,371,143,105,2,411
INV0005578,PROD00465,2025-10-28,411,143,105,2,451
INV0005579,PROD00465,2025-11-28,451,143,105,2,491
INV0005580,PROD00465,2025-12-28,491,147,111,13,540
INV0005581,PROD00466,2025-01-28,53,176,113,3,119
INV0005582,PROD00466,2025-02-28,119,176,113,3,185
INV0005583,PROD00466,2025-03-28,185,176,113,3,251
INV0005584,PROD00466,2025-04-28,251,176,113,3,317
INV0005585,PROD00466,2025-05-28,317,176,113,3,383
INV0005586,PROD00466,2025-06-28,383,176,113,3,449
INV0005587,PROD00466,2025-07-28,449,176,113,3,515
INV0005588,PROD00466,2025-08-28,515,176,113,3,581
INV0005589,PROD00466,2025-09-28,581,176,113,3,647
INV0005590,PROD00466,2025-10-28,647,176,113,3,713
INV0005591,PROD00466,2025-11-28,713,176,113,3,779
INV0005592,PROD00466,2025-12-28,779,179,123,6,841
INV0005593,PROD00467,2025-01-28,229,397,113,4,517
INV0005594,PROD00467,2025-02-28,517,397,113,4,805
INV0005595,PROD00467,2025-03-28,805,397,113,4,1093
INV0005596,PROD00467,2025-04-28,1093,397,113,4,1381
INV0005597,PROD00467,2025-05-28,1381,397,113,4,1669
INV0005598,PROD00467,2025-06-28,1669,397,113,4,1957
INV0005599,PROD00467,2025-07-28,1957,397,113,4,2245
INV0005600,PROD00467,2025-08-28,2245,397,113,4,2533
INV0005601,PROD00467,2025-09-28,2533,397,113,4,2821
INV0005602,PROD00467,2025-10-28,2821,397,113,4,3109
INV0005603,PROD00467,2025-11-28,3109,397,113,4,3397
INV0005604,PROD00467,2025-12-28,3397,402,116,4,3687
INV0005605,PROD00468,2025-01-28,160,322,108,4,378
INV0005606,PROD00468,2025-02-28,378,322,108,4,596
INV0005607,PROD00468,2025-03-28,596,322,108,4,814
INV0005608,PROD00468,2025-04-28,814,322,108,4,1032
INV0005609,PROD00468,2025-05-28,1032,322,108,4,1250
INV0005610,PROD00468,2025-06-28,1250,322,108,4,1468
INV0005611,PROD00468,2025-07-28,1468,322,108,4,1686
INV0005612,PROD00468,2025-08-28,1686,322,108,4,1904
INV0005613,PROD00468,2025-09-28,1904,322,108,4,2122
INV0005614,PROD00468,2025-10-28,2122,322,108,4,2340
INV0005615,PROD00468,2025-11-28,2340,322,108,4,2558
INV0005616,PROD00468,2025-12-28,2558,330,114,13,2787
INV0005617,PROD00469,2025-01-28,131,17,117,3,34
INV0005618,PROD00469,2025-02-28,34,17,54,3,0
INV0005619,PROD00469,2025-03-28,0,17,20,3,0
INV0005620,PROD00469,2025-04-28,0,17,20,3,0
INV0005621,PROD00469,2025-05-28,0,17,20,3,0
INV0005622,PROD00469,2025-06-28,0,17,20,3,0
INV0005623,PROD00469,2025-07-28,0,17,20,3,0
INV0005624,PROD00469,2025-08-28,0,17,20,3,0
INV0005625,PROD00469,2025-09-28,0,17,20,3,0
INV0005626,PROD00469,2025-10-28,0,17,20,3,0
INV0005627,PROD00469,2025-11-28,0,17,20,3,0
INV0005628,PROD00469,2025-12-28,0,19,28,9,0
INV0005629,PROD00470,2025-01-28,80,66,109,2,39
INV0005630,PROD00470,2025-02-28,39,66,107,2,0
INV0005631,PROD00470,2025-03-28,0,66,68,2,0
INV0005632,PROD00470,2025-04-28,0,66,68,2,0
INV0005633,PROD00470,2025-05-28,0,66,68,2,0
INV0005634,PROD00470,2025-06-28,0,66,68,2,0
INV0005635,PROD00470,2025-07-28,0,66,68,2,0
INV0005636,PROD00470,2025-08-28,0,66,68,2,0
INV0005637,PROD00470,2025-09-28,0,66,68,2,0
INV0005638,PROD00470,2025-10-28,0,66,68,2,0
INV0005639,PROD00470,2025-11-28,0,66,68,2,0
INV0005640,PROD00470,2025-12-28,0,68,72,4,0
INV0005641,PROD00471,2025-01-28,220,77,118,1,180
INV0005642,PROD00471,2025-02-28,180,77,118,1,140
INV0005643,PROD00471,2025-03-28,140,77,118,1,100
INV0005644,PROD00471,2025-04-28,100,77,118,1,60
INV0005645,PROD00471,2025-05-28,60,77,118,1,20
INV0005646,PROD00471,2025-06-28,20,77,98,1,0
INV0005647,PROD00471,2025-07-28,0,77,78,1,0
INV0005648,PROD00471,2025-08-28,0,77,78,1,0
INV0005649,PROD00471,2025-09-28,0,77,78,1,0
INV0005650,PROD00471,2025-10-28,0,77,78,1,0
INV0005651,PROD00471,2025-11-28,0,77,78,1,0
INV0005652,PROD00471,2025-12-28,0,82,88,6,0
INV0005653,PROD00472,2025-01-28,129,135,97,1,168
INV0005654,PROD00472,2025-02-28,168,135,97,1,207
INV0005655,PROD00472,2025-03-28,207,135,97,1,246
INV0005656,PROD00472,2025-04-28,246,135,97,1,285
INV0005657,PROD00472,2025-05-28,285,135,97,1,324
INV0005658,PROD00472,2025-06-28,324,135,97,1,363
INV0005659,PROD00472,2025-07-28,363,135,97,1,402
INV0005660,PROD00472,2025-08-28,402,135,97,1,441
INV0005661,PROD00472,2025-09-28,441,135,97,1,480
INV0005662,PROD00472,2025-10-28,480,135,97,1,519
INV0005663,PROD00472,2025-11-28,519,135,97,1,558
INV0005664,PROD00472,2025-12-28,558,143,103,4,602
INV0005665,PROD00473,2025-01-28,69,241,114,1,197
INV0005666,PROD00473,2025-02-28,197,241,114,1,325
INV0005667,PROD00473,2025-03-28,325,241,114,1,453
INV0005668,PROD00473,2025-04-28,453,241,114,1,581
INV0005669,PROD00473,2025-05-28,581,241,114,1,709
INV0005670,PROD00473,2025-06-28,709,241,114,1,837
INV0005671,PROD00473,2025-07-28,837,241,114,1,965
INV0005672,PROD00473,2025-08-28,965,241,114,1,1093
INV0005673,PROD00473,2025-09-28,1093,241,114,1,1221
INV0005674,PROD00473,2025-10-28,1221,241,114,1,1349
INV0005675,PROD00473,2025-11-28,1349,241,114,1,1477
INV0005676,PROD00473,2025-12-28,1477,245,116,5,1611
INV0005677,PROD00474,2025-01-28,191,132,122,3,204
INV0005678,PROD00474,2025-02-28,204,132,122,3,217
INV0005679,PROD00474,2025-03-28,217,132,122,3,230
INV0005680,PROD00474,2025-04-28,230,132,122,3,243
INV0005681,PROD00474,2025-05-28,243,132,122,3,256
INV0005682,PROD00474,2025-06-28,256,132,122,3,269
INV0005683,PROD00474,2025-07-28,269,132,122,3,282
INV0005684,PROD00474,2025-08-28,282,132,122,3,295
INV0005685,PROD00474,2025-09-28,295,132,122,3,308
INV0005686,PROD00474,2025-10-28,308,132,122,3,321
INV0005687,PROD00474,2025-11-28,321,132,122,3,334
INV0005688,PROD00474,2025-12-28,334,141,128,14,361
INV0005689,PROD00475,2025-01-28,235,154,116,3,276
INV0005690,PROD00475,2025-02-28,276,154,116,3,317
INV0005691,PROD00475,2025-03-28,317,154,116,3,358
INV0005692,PROD00475,2025-04-28,358,154,116,3,399
INV0005693,PROD00475,2025-05-28,399,154,116,3,440
INV0005694,PROD00475,2025-06-28,440,154,116,3,481
INV0005695,PROD00475,2025-07-28,481,154,116,3,522
INV0005696,PROD00475,2025-08-28,522,154,116,3,563
INV0005697,PROD00475,2025-09-28,563,154,116,3,604
INV0005698,PROD00475,2025-10-28,604,154,116,3,645
INV0005699,PROD00475,2025-11-28,645,154,116,3,686
INV0005700,PROD00475,2025-12-28,686,160,120,8,734
INV0005701,PROD00476,2025-01-28,53,111,106,3,61
INV0005702,PROD00476,2025-02-28,61,111,106,3,69
INV0005703,PROD00476,2025-03-28,69,111,106,3,77
INV0005704,PROD00476,2025-04-28,77,111,106,3,85
INV0005705,PROD00476,2025-05-28,85,111,106,3,93
INV0005706,PROD00476,2025-06-28,93,111,106,3,101
INV0005707,PROD00476,2025-07-28,101,111,106,3,109
INV0005708,PROD00476,2025-08-28,109,111,106,3,117
INV0005709,PROD00476,2025-09-28,117,111,106,3,125
INV0005710,PROD00476,2025-10-28,125,111,106,3,133
INV0005711,PROD00476,2025-11-28,133,111,106,3,141
INV0005712,PROD00476,2025-12-28,141,117,108,4,154
INV0005713,PROD00477,2025-01-28,176,116,110,4,186
INV0005714,PROD00477,2025-02-28,186,116,110,4,196
INV0005715,PROD00477,2025-03-28,196,116,110,4,206
INV0005716,PROD00477,2025-04-28,206,116,110,4,216
INV0005717,PROD00477,2025-05-28,216,116,110,4,226
INV0005718,PROD00477,2025-06-28,226,116,110,4,236
INV0005719,PROD00477,2025-07-28,236,116,110,4,246
INV0005720,PROD00477,2025-08-28,246,116,110,4,256
INV0005721,PROD00477,2025-09-28,256,116,110,4,266
INV0005722,PROD00477,2025-10-28,266,116,110,4,276
INV0005723,PROD00477,2025-11-28,276,116,110,4,286
INV0005724,PROD00477,2025-12-28,286,124,116,15,309
INV0005725,PROD00478,2025-01-28,109,342,125,2,328
INV0005726,PROD00478,2025-02-28,328,342,125,2,547
INV0005727,PROD00478,2025-03-28,547,342,125,2,766
INV0005728,PROD00478,2025-04-28,766,342,125,2,985
INV0005729,PROD00478,2025-05-28,985,342,125,2,1204
INV0005730,PROD00478,2025-06-28,1204,342,125,2,1423
INV0005731,PROD00478,2025-07-28,1423,342,125,2,1642
INV0005732,PROD00478,2025-08-28,1642,342,125,2,1861
INV0005733,PROD00478,2025-09-28,1861,342,125,2,2080
INV0005734,PROD00478,2025-10-28,2080,342,125,2,2299
INV0005735,PROD00478,2025-11-28,2299,342,125,2,2518
INV0005736,PROD00478,2025-12-28,2518,343,126,5,2740
INV0005737,PROD00479,2025-01-28,55,131,119,3,70
INV0005738,PROD00479,2025-02-28,70,131,119,3,85
INV0005739,PROD00479,2025-03-28,85,131,119,3,100
INV0005740,PROD00479,2025-04-28,100,131,119,3,115
INV0005741,PROD00479,2025-05-28,115,131,119,3,130
INV0005742,PROD00479,2025-06-28,130,131,119,3,145
INV0005743,PROD00479,2025-07-28,145,131,119,3,160
INV0005744,PROD00479,2025-08-28,160,131,119,3,175
INV0005745,PROD00479,2025-09-28,175,131,119,3,190
INV0005746,PROD00479,2025-10-28,190,131,119,3,205
INV0005747,PROD00479,2025-11-28,205,131,119,3,220
INV0005748,PROD00479,2025-12-28,220,141,126,6,241
INV0005749,PROD00480,2025-01-28,227,147,100,4,278
INV0005750,PROD00480,2025-02-28,278,147,100,4,329
INV0005751,PROD00480,2025-03-28,329,147,100,4,380
INV0005752,PROD00480,2025-04-28,380,147,100,4,431
INV0005753,PROD00480,2025-05-28,431,147,100,4,482
INV0005754,PROD00480,2025-06-28,482,147,100,4,533
INV0005755,PROD00480,2025-07-28,533,147,100,4,584
INV0005756,PROD00480,2025-08-28,584,147,100,4,635
INV0005757,PROD00480,2025-09-28,635,147,100,4,686
INV0005758,PROD00480,2025-10-28,686,147,100,4,737
INV0005759,PROD00480,2025-11-28,737,147,100,4,788
INV0005760,PROD00480,2025-12-28,788,155,111,9,841
INV0005761,PROD00481,2025-01-28,127,171,123,4,179
INV0005762,PROD00481,2025-02-28,179,171,123,4,231
INV0005763,PROD00481,2025-03-28,231,171,123,4,283
INV0005764,PROD00481,2025-04-28,283,171,123,4,335
INV0005765,PROD00481,2025-05-28,335,171,123,4,387
INV0005766,PROD00481,2025-06-28,387,171,123,4,439
INV0005767,PROD00481,2025-07-28,439,171,123,4,491
INV0005768,PROD00481,2025-08-28,491,171,123,4,543
INV0005769,PROD00481,2025-09-28,543,171,123,4,595
INV0005770,PROD00481,2025-10-28,595,171,123,4,647
INV0005771,PROD00481,2025-11-28,647,171,123,4,699
INV0005772,PROD00481,2025-12-28,699,171,134,8,744
INV0005773,PROD00482,2025-01-28,172,35,105,4,106
INV0005774,PROD00482,2025-02-28,106,35,105,4,40
INV0005775,PROD00482,2025-03-28,40,35,79,4,0
INV0005776,PROD00482,2025-04-28,0,35,39,4,0
INV0005777,PROD00482,2025-05-28,0,35,39,4,0
INV0005778,PROD00482,2025-06-28,0,35,39,4,0
INV0005779,PROD00482,2025-07-28,0,35,39,4,0
INV0005780,PROD00482,2025-08-28,0,35,39,4,0
INV0005781,PROD00482,2025-09-28,0,35,39,4,0
INV0005782,PROD00482,2025-10-28,0,35,39,4,0
INV0005783,PROD00482,2025-11-28,0,35,39,4,0
INV0005784,PROD00482,2025-12-28,0,44,54,10,0
INV0005785,PROD00483,2025-01-28,113,57,103,3,70
INV0005786,PROD00483,2025-02-28,70,57,103,3,27
INV0005787,PROD00483,2025-03-28,27,57,87,3,0
INV0005788,PROD00483,2025-04-28,0,57,60,3,0
INV0005789,PROD00483,2025-05-28,0,57,60,3,0
INV0005790,PROD00483,2025-06-28,0,57,60,3,0
INV0005791,PROD00483,2025-07-28,0,57,60,3,0
INV0005792,PROD00483,2025-08-28,0,57,60,3,0
INV0005793,PROD00483,2025-09-28,0,57,60,3,0
INV0005794,PROD00483,2025-10-28,0,57,60,3,0
INV0005795,PROD00483,2025-11-28,0,57,60,3,0
INV0005796,PROD00483,2025-12-28,0,67,72,5,0
INV0005797,PROD00484,2025-01-28,144,56,110,2,92
INV0005798,PROD00484,2025-02-28,92,56,110,2,40
INV0005799,PROD00484,2025-03-28,40,56,98,2,0
INV0005800,PROD00484,2025-04-28,0,56,58,2,0
INV0005801,PROD00484,2025-05-28,0,56,58,2,0
INV0005802,PROD00484,2025-06-28,0,56,58,2,0
INV0005803,PROD00484,2025-07-28,0,56,58,2,0
INV0005804,PROD00484,2025-08-28,0,56,58,2,0
INV0005805,PROD00484,2025-09-28,0,56,58,2,0
INV0005806,PROD00484,2025-10-28,0,56,58,2,0
INV0005807,PROD00484,2025-11-28,0,56,58,2,0
INV0005808,PROD00484,2025-12-28,0,56,60,4,0
INV0005809,PROD00485,2025-01-28,114,22,98,2,40
INV0005810,PROD00485,2025-02-28,40,22,64,2,0
INV0005811,PROD00485,2025-03-28,0,22,24,2,0
INV0005812,PROD00485,2025-04-28,0,22,24,2,0
INV0005813,PROD00485,2025-05-28,0,22,24,2,0
INV0005814,PROD00485,2025-06-28,0,22,24,2,0
INV0005815,PROD00485,2025-07-28,0,22,24,2,0
INV0005816,PROD00485,2025-08-28,0,22,24,2,0
INV0005817,PROD00485,2025-09-28,0,22,24,2,0
INV0005818,PROD00485,2025-10-28,0,22,24,2,0
INV0005819,PROD00485,2025-11-28,0,22,24,2,0
INV0005820,PROD00485,2025-12-28,0,27,30,3,0
INV0005821,PROD00486,2025-01-28,214,80,106,3,191
INV0005822,PROD00486,2025-02-28,191,80,106,3,168
INV0005823,PROD00486,2025-03-28,168,80,106,3,145
INV0005824,PROD00486,2025-04-28,145,80,106,3,122
INV0005825,PROD00486,2025-05-28,122,80,106,3,99
INV0005826,PROD00486,2025-06-28,99,80,106,3,76
INV0005827,PROD00486,2025-07-28,76,80,106,3,53
INV0005828,PROD00486,2025-08-28,53,80,106,3,30
INV0005829,PROD00486,2025-09-28,30,80,106,3,7
INV0005830,PROD00486,2025-10-28,7,80,90,3,0
INV0005831,PROD00486,2025-11-28,0,80,83,3,0
INV0005832,PROD00486,2025-12-28,0,83,94,11,0
INV0005833,PROD00487,2025-01-28,103,145,130,4,122
INV0005834,PROD00487,2025-02-28,122,145,130,4,141
INV0005835,PROD00487,2025-03-28,141,145,130,4,160
INV0005836,PROD00487,2025-04-28,160,145,130,4,179
INV0005837,PROD00487,2025-05-28,179,145,130,4,198
INV0005838,PROD00487,2025-06-28,198,145,130,4,217
INV0005839,PROD00487,2025-07-28,217,145,130,4,236
INV0005840,PROD00487,2025-08-28,236,145,130,4,255
INV0005841,PROD00487,2025-09-28,255,145,130,4,274
INV0005842,PROD00487,2025-10-28,274,145,130,4,293
INV0005843,PROD00487,2025-11-28,293,145,130,4,312
INV0005844,PROD00487,2025-12-28,312,146,132,6,332
INV0005845,PROD00488,2025-01-28,59,34,96,3,0
INV0005846,PROD00488,2025-02-28,0,34,37,3,0
INV0005847,PROD00488,2025-03-28,0,34,37,3,0
INV0005848,PROD00488,2025-04-28,0,34,37,3,0
INV0005849,PROD00488,2025-05-28,0,34,37,3,0
INV0005850,PROD00488,2025-06-28,0,34,37,3,0
INV0005851,PROD00488,2025-07-28,0,34,37,3,0
INV0005852,PROD00488,2025-08-28,0,34,37,3,0
INV0005853,PROD00488,2025-09-28,0,34,37,3,0
INV0005854,PROD00488,2025-10-28,0,34,37,3,0
INV0005855,PROD00488,2025-11-28,0,34,37,3,0
INV0005856,PROD00488,2025-12-28,0,41,50,9,0
INV0005857,PROD00489,2025-01-28,98,279,109,2,270
INV0005858,PROD00489,2025-02-28,270,279,109,2,442
INV0005859,PROD00489,2025-03-28,442,279,109,2,614
INV0005860,PROD00489,2025-04-28,614,279,109,2,786
INV0005861,PROD00489,2025-05-28,786,279,109,2,958
INV0005862,PROD00489,2025-06-28,958,279,109,2,1130
INV0005863,PROD00489,2025-07-28,1130,279,109,2,1302
INV0005864,PROD00489,2025-08-28,1302,279,109,2,1474
INV0005865,PROD00489,2025-09-28,1474,279,109,2,1646
INV0005866,PROD00489,2025-10-28,1646,279,109,2,1818
INV0005867,PROD00489,2025-11-28,1818,279,109,2,1990
INV0005868,PROD00489,2025-12-28,1990,284,113,4,2165
INV0005869,PROD00490,2025-01-28,192,0,135,4,61
INV0005870,PROD00490,2025-02-28,61,0,65,4,0
INV0005871,PROD00490,2025-03-28,0,0,4,4,0
INV0005872,PROD00490,2025-04-28,0,0,4,4,0
INV0005873,PROD00490,2025-05-28,0,0,4,4,0
INV0005874,PROD00490,2025-06-28,0,0,4,4,0
INV0005875,PROD00490,2025-07-28,0,0,4,4,0
INV0005876,PROD00490,2025-08-28,0,0,4,4,0
INV0005877,PROD00490,2025-09-28,0,0,4,4,0
INV0005878,PROD00490,2025-10-28,0,0,4,4,0
INV0005879,PROD00490,2025-11-28,0,0,4,4,0
INV0005880,PROD00490,2025-12-28,0,0,11,11,0
INV0005881,PROD00491,2025-01-28,213,47,114,2,148
INV0005882,PROD00491,2025-02-28,148,47,114,2,83
INV0005883,PROD00491,2025-03-28,83,47,114,2,18
INV0005884,PROD00491,2025-04-28,18,47,67,2,0
INV0005885,PROD00491,2025-05-28,0,47,49,2,0
INV0005886,PROD00491,2025-06-28,0,47,49,2,0
INV0005887,PROD00491,2025-07-28,0,47,49,2,0
INV0005888,PROD00491,2025-08-28,0,47,49,2,0
INV0005889,PROD00491,2025-09-28,0,47,49,2,0
INV0005890,PROD00491,2025-10-28,0,47,49,2,0
INV0005891,PROD00491,2025-11-28,0,47,49,2,0
INV0005892,PROD00491,2025-12-28,0,54,56,2,0
INV0005893,PROD00492,2025-01-28,227,155,104,1,279
INV0005894,PROD00492,2025-02-28,279,155,104,1,331
INV0005895,PROD00492,2025-03-28,331,155,104,1,383
INV0005896,PROD00492,2025-04-28,383,155,104,1,435
INV0005897,PROD00492,2025-05-28,435,155,104,1,487
INV0005898,PROD00492,2025-06-28,487,155,104,1,539
INV0005899,PROD00492,2025-07-28,539,155,104,1,591
INV0005900,PROD00492,2025-08-28,591,155,104,1,643
INV0005901,PROD00492,2025-09-28,643,155,104,1,695
INV0005902,PROD00492,2025-10-28,695,155,104,1,747
INV0005903,PROD00492,2025-11-28,747,155,104,1,799
INV0005904,PROD00492,2025-12-28,799,163,108,12,866
INV0005905,PROD00493,2025-01-28,141,90,113,1,119
INV0005906,PROD00493,2025-02-28,119,90,113,1,97
INV0005907,PROD00493,2025-03-28,97,90,113,1,75
INV0005908,PROD00493,2025-04-28,75,90,113,1,53
INV0005909,PROD00493,2025-05-28,53,90,113,1,31
INV0005910,PROD00493,2025-06-28,31,90,113,1,9
INV0005911,PROD00493,2025-07-28,9,90,100,1,0
INV0005912,PROD00493,2025-08-28,0,90,91,1,0
INV0005913,PROD00493,2025-09-28,0,90,91,1,0
INV0005914,PROD00493,2025-10-28,0,90,91,1,0
INV0005915,PROD00493,2025-11-28,0,90,91,1,0
INV0005916,PROD00493,2025-12-28,0,99,100,1,0
INV0005917,PROD00494,2025-01-28,89,87,122,3,57
INV0005918,PROD00494,2025-02-28,57,87,122,3,25
INV0005919,PROD00494,2025-03-28,25,87,115,3,0
INV0005920,PROD00494,2025-04-28,0,87,90,3,0
INV0005921,PROD00494,2025-05-28,0,87,90,3,0
INV0005922,PROD00494,2025-06-28,0,87,90,3,0
INV0005923,PROD00494,2025-07-28,0,87,90,3,0
INV0005924,PROD00494,2025-08-28,0,87,90,3,0
INV0005925,PROD00494,2025-09-28,0,87,90,3,0
INV0005926,PROD00494,2025-10-28,0,87,90,3,0
INV0005927,PROD00494,2025-11-28,0,87,90,3,0
INV0005928,PROD00494,2025-12-28,0,93,104,11,0
INV0005929,PROD00495,2025-01-28,57,20,79,2,0
INV0005930,PROD00495,2025-02-28,0,20,22,2,0
INV0005931,PROD00495,2025-03-28,0,20,22,2,0
INV0005932,PROD00495,2025-04-28,0,20,22,2,0
INV0005933,PROD00495,2025-05-28,0,20,22,2,0
INV0005934,PROD00495,2025-06-28,0,20,22,2,0
INV0005935,PROD00495,2025-07-28,0,20,22,2,0
INV0005936,PROD00495,2025-08-28,0,20,22,2,0
INV0005937,PROD00495,2025-09-28,0,20,22,2,0
INV0005938,PROD00495,2025-10-28,0,20,22,2,0
INV0005939,PROD00495,2025-11-28,0,20,22,2,0
INV0005940,PROD00495,2025-12-28,0,26,35,9,0
INV0005941,PROD00496,2025-01-28,191,87,103,1,176
INV0005942,PROD00496,2025-02-28,176,87,103,1,161
INV0005943,PROD00496,2025-03-28,161,87,103,1,146
INV0005944,PROD00496,2025-04-28,146,87,103,1,131
INV0005945,PROD00496,2025-05-28,131,87,103,1,116
INV0005946,PROD00496,2025-06-28,116,87,103,1,101
INV0005947,PROD00496,2025-07-28,101,87,103,1,86
INV0005948,PROD00496,2025-08-28,86,87,103,1,71
INV0005949,PROD00496,2025-09-28,71,87,103,1,56
INV0005950,PROD00496,2025-10-28,56,87,103,1,41
INV0005951,PROD00496,2025-11-28,41,87,103,1,26
INV0005952,PROD00496,2025-12-28,26,92,109,10,19
INV0005953,PROD00497,2025-01-28,70,85,117,3,41
INV0005954,PROD00497,2025-02-28,41,85,117,3,12
INV0005955,PROD00497,2025-03-28,12,85,100,3,0
INV0005956,PROD00497,2025-04-28,0,85,88,3,0
INV0005957,PROD00497,2025-05-28,0,85,88,3,0
INV0005958,PROD00497,2025-06-28,0,85,88,3,0
INV0005959,PROD00497,2025-07-28,0,85,88,3,0
INV0005960,PROD00497,2025-08-28,0,85,88,3,0
INV0005961,PROD00497,2025-09-28,0,85,88,3,0
INV0005962,PROD00497,2025-10-28,0,85,88,3,0
INV0005963,PROD00497,2025-11-28,0,85,88,3,0
INV0005964,PROD00497,2025-12-28,0,85,89,4,0
INV0005965,PROD00498,2025-01-28,80,17,98,1,0
INV0005966,PROD00498,2025-02-28,0,17,18,1,0
INV0005967,PROD00498,2025-03-28,0,17,18,1,0
INV0005968,PROD00498,2025-04-28,0,17,18,1,0
INV0005969,PROD00498,2025-05-28,0,17,18,1,0
INV0005970,PROD00498,2025-06-28,0,17,18,1,0
INV0005971,PROD00498,2025-07-28,0,17,18,1,0
INV0005972,PROD00498,2025-08-28,0,17,18,1,0
INV0005973,PROD00498,2025-09-28,0,17,18,1,0
INV0005974,PROD00498,2025-10-28,0,17,18,1,0
INV0005975,PROD00498,2025-11-28,0,17,18,1,0
INV0005976,PROD00498,2025-12-28,0,28,37,9,0
INV0005977,PROD00499,2025-01-28,159,133,135,5,162
INV0005978,PROD00499,2025-02-28,162,133,135,5,165
INV0005979,PROD00499,2025-03-28,165,133,135,5,168
INV0005980,PROD00499,2025-04-28,168,133,135,5,171
INV0005981,PROD00499,2025-05-28,171,133,135,5,174
INV0005982,PROD00499,2025-06-28,174,133,135,5,177
INV0005983,PROD00499,2025-07-28,177,133,135,5,180
INV0005984,PROD00499,2025-08-28,180,133,135,5,183
INV0005985,PROD00499,2025-09-28,183,133,135,5,186
INV0005986,PROD00499,2025-10-28,186,133,135,5,189
INV0005987,PROD00499,2025-11-28,189,133,135,5,192
INV0005988,PROD00499,2025-12-28,192,138,137,11,204
INV0005989,PROD00500,2025-01-28,246,241,124,4,367
INV0005990,PROD00500,2025-02-28,367,241,124,4,488
INV0005991,PROD00500,2025-03-28,488,241,124,4,609
INV0005992,PROD00500,2025-04-28,609,241,124,4,730
INV0005993,PROD00500,2025-05-28,730,241,124,4,851
INV0005994,PROD00500,2025-06-28,851,241,124,4,972
INV0005995,PROD00500,2025-07-28,972,241,124,4,1093
INV0005996,PROD00500,2025-08-28,1093,241,124,4,1214
INV0005997,PROD00500,2025-09-28,1214,241,124,4,1335
INV0005998,PROD00500,2025-10-28,1335,241,124,4,1456
INV0005999,PROD00500,2025-11-28,1456,241,124,4,1577
INV0006000,PROD00500,2025-12-28,1577,243,133,6,1693
