purchase_order_id,supplier_id,product_id,order_date,expected_delivery_date,quantity_ordered,unit_cost,purchase_order_status
PO000001,SUP00014,PROD00029,2025-11-03,2025-12-29,418,51.68,In Transit
PO000002,SUP00003,PROD00121,2025-03-03,2025-04-07,911,72.97,Received
PO000003,SUP00034,PROD00227,2025-04-30,2025-05-02,507,17.79,Received
PO000004,SUP00031,PROD00300,2025-02-18,2025-03-22,702,70.93,Received
PO000005,SUP00014,PROD00138,2026-04-14,2026-06-09,727,97.02,Received
PO000006,SUP00016,PROD00051,2025-08-08,2025-09-27,439,34.94,Received
PO000007,SUP00037,PROD00128,2025-06-01,2025-06-07,876,104.87,Received
PO000008,SUP00001,PROD00126,2026-05-05,2026-06-10,330,93.41,Received
PO000009,SUP00032,PROD00053,2026-02-07,2026-03-12,76,7.39,Received
PO000010,SUP00031,PROD00008,2026-02-12,2026-03-16,882,82.27,Received
PO000011,SUP00035,PROD00381,2025-11-29,2025-12-02,421,41.86,Cancelled
PO000012,SUP00022,PROD00314,2025-10-03,2025-11-03,853,40.55,Received
PO000013,SUP00014,PROD00396,2026-03-04,2026-04-29,581,56.43,Cancelled
PO000014,SUP00007,PROD00454,2026-05-23,2026-07-05,491,83.65,Received
PO000015,SUP00018,PROD00257,2025-12-28,2026-02-04,282,71.31,Received
PO000016,SUP00005,PROD00402,2025-04-18,2025-06-05,562,25.74,In Transit
PO000017,SUP00004,PROD00456,2025-09-29,2025-11-14,977,89.96,Received
PO000018,SUP00011,PROD00449,2025-10-22,2025-12-02,112,117.78,Received
PO000019,SUP00031,PROD00008,2025-09-19,2025-10-21,589,82.27,Received
PO000020,SUP00010,PROD00105,2026-06-28,2026-08-15,870,68.47,Cancelled
PO000021,SUP00029,PROD00418,2025-04-26,2025-05-25,333,64.11,Cancelled
PO000022,SUP00032,PROD00279,2025-10-07,2025-11-09,774,24.11,Received
PO000023,SUP00034,PROD00227,2025-11-04,2025-11-06,136,17.79,Received
PO000024,SUP00014,PROD00096,2025-08-27,2025-10-22,921,28.02,Received
PO000025,SUP00025,PROD00385,2026-05-25,2026-07-02,651,54.67,Cancelled
PO000026,SUP00007,PROD00454,2026-03-05,2026-04-17,132,83.65,Received
PO000027,SUP00001,PROD00376,2025-09-05,2025-10-11,218,54.85,Received
PO000028,SUP00039,PROD00247,2026-06-26,2026-07-01,552,83.95,Received
PO000029,SUP00019,PROD00066,2025-05-10,2025-07-08,673,72.1,In Transit
PO000030,SUP00039,PROD00050,2026-07-02,2026-07-07,221,41.44,In Transit
PO000031,SUP00012,PROD00114,2026-07-25,2026-09-05,490,39.01,Received
PO000032,SUP00025,PROD00272,2026-02-27,2026-04-06,94,100.94,Received
PO000033,SUP00005,PROD00217,2025-08-11,2025-09-28,530,68.1,Received
PO000034,SUP00036,PROD00201,2025-06-02,2025-06-10,614,77.04,In Transit
PO000035,SUP00020,PROD00333,2025-06-01,2025-07-24,713,105.32,Received
PO000036,SUP00024,PROD00265,2026-02-22,2026-03-28,790,108.21,Received
PO000037,SUP00016,PROD00487,2025-08-12,2025-10-01,916,39.95,Received
PO000038,SUP00023,PROD00353,2025-07-14,2025-08-11,735,110.39,Received
PO000039,SUP00029,PROD00482,2026-04-11,2026-05-10,78,104.72,Received
PO000040,SUP00040,PROD00329,2026-05-27,2026-06-03,864,11.94,Received
PO000041,SUP00011,PROD00316,2025-10-21,2025-12-01,441,16.56,In Transit
PO000042,SUP00023,PROD00359,2025-01-24,2025-02-21,526,119.24,In Transit
PO000043,SUP00039,PROD00076,2026-07-07,2026-07-12,241,93.93,Received
PO000044,SUP00001,PROD00175,2026-06-13,2026-07-19,420,17.42,Received
PO000045,SUP00014,PROD00033,2025-11-25,2026-01-20,542,115.17,Received
PO000046,SUP00007,PROD00371,2025-09-13,2025-10-26,950,75.2,Received
PO000047,SUP00023,PROD00345,2026-07-21,2026-08-18,110,115.31,Received
PO000048,SUP00007,PROD00462,2025-03-09,2025-04-21,985,92.41,Received
PO000049,SUP00033,PROD00184,2025-04-11,2025-04-13,369,72.08,Received
PO000050,SUP00018,PROD00148,2026-05-22,2026-06-29,431,40.81,Received
PO000051,SUP00014,PROD00131,2025-06-30,2025-08-25,225,18.56,Received
PO000052,SUP00010,PROD00082,2025-08-20,2025-10-07,75,91.06,Received
PO000053,SUP00006,PROD00167,2026-04-12,2026-05-30,607,113.33,Received
PO000054,SUP00040,PROD00256,2025-09-01,2025-09-08,876,46.23,Received
PO000055,SUP00028,PROD00395,2026-04-14,2026-05-10,736,52.64,Received
PO000056,SUP00032,PROD00328,2026-04-18,2026-05-21,953,46.99,In Transit
PO000057,SUP00004,PROD00174,2025-05-04,2025-06-19,860,101.09,In Transit
PO000058,SUP00019,PROD00467,2026-04-11,2026-06-09,737,32.21,Received
PO000059,SUP00031,PROD00300,2025-06-20,2025-07-22,534,70.93,Received
PO000060,SUP00017,PROD00022,2025-05-29,2025-07-24,97,69.7,Received
PO000061,SUP00017,PROD00094,2026-01-05,2026-03-02,745,82.1,Received
PO000062,SUP00019,PROD00191,2025-01-05,2025-03-05,842,45.16,In Transit
PO000063,SUP00020,PROD00074,2025-05-08,2025-06-30,165,20.22,Received
PO000064,SUP00018,PROD00238,2025-04-18,2025-05-26,618,84.52,Received
PO000065,SUP00022,PROD00470,2026-01-28,2026-02-28,249,103.24,Received
PO000066,SUP00035,PROD00444,2026-07-13,2026-07-16,807,109.39,Received
PO000067,SUP00022,PROD00006,2025-09-23,2025-10-24,711,61.56,In Transit
PO000068,SUP00036,PROD00179,2025-07-24,2025-08-01,604,97.28,Received
PO000069,SUP00016,PROD00443,2025-06-15,2025-08-04,798,79.89,Received
PO000070,SUP00002,PROD00028,2025-12-31,2026-02-22,257,19.07,Received
PO000071,SUP00010,PROD00034,2025-09-19,2025-11-06,234,4.51,Received
PO000072,SUP00018,PROD00463,2025-06-12,2025-07-20,30,17.04,Received
PO000073,SUP00009,PROD00455,2026-02-16,2026-03-27,210,73.64,In Transit
PO000074,SUP00011,PROD00449,2026-04-16,2026-05-27,121,117.78,Received
PO000075,SUP00002,PROD00060,2025-12-28,2026-02-19,20,28.14,Received
PO000076,SUP00029,PROD00446,2026-03-27,2026-04-25,580,49.49,Received
PO000077,SUP00030,PROD00439,2025-09-08,2025-10-08,483,35.85,In Transit
PO000078,SUP00032,PROD00146,2026-01-03,2026-02-05,209,119.82,In Transit
PO000079,SUP00037,PROD00055,2025-11-10,2025-11-16,215,26.05,Received
PO000080,SUP00003,PROD00254,2025-04-25,2025-05-30,681,25.18,Received
PO000081,SUP00024,PROD00265,2026-04-14,2026-05-18,846,108.21,Received
PO000082,SUP00009,PROD00340,2026-05-24,2026-07-02,911,70.3,Received
PO000083,SUP00024,PROD00130,2026-07-08,2026-08-11,968,50.93,Received
PO000084,SUP00017,PROD00022,2026-02-21,2026-04-18,357,69.7,Received
PO000085,SUP00006,PROD00167,2026-04-10,2026-05-28,743,113.33,Received
PO000086,SUP00013,PROD00186,2025-07-11,2025-08-15,539,91.13,In Transit
PO000087,SUP00032,PROD00286,2026-04-20,2026-05-23,221,90.58,Received
PO000088,SUP00035,PROD00447,2025-08-30,2025-09-02,758,92.72,Received
PO000089,SUP00001,PROD00175,2025-07-29,2025-09-03,858,17.42,Received
PO000090,SUP00033,PROD00349,2025-07-31,2025-08-02,588,114.5,Received
PO000091,SUP00010,PROD00082,2026-03-24,2026-05-11,303,91.06,Received
PO000092,SUP00031,PROD00404,2026-02-01,2026-03-05,980,98.2,Received
PO000093,SUP00008,PROD00250,2025-02-08,2025-03-29,549,109.34,Received
PO000094,SUP00019,PROD00191,2026-06-08,2026-08-06,63,45.16,Received
PO000095,SUP00001,PROD00014,2025-10-20,2025-11-25,332,101.63,Received
PO000096,SUP00008,PROD00073,2025-02-05,2025-03-26,803,43.32,Received
PO000097,SUP00015,PROD00097,2025-04-10,2025-06-06,644,115.57,Received
PO000098,SUP00011,PROD00327,2026-02-23,2026-04-05,572,117.3,In Transit
PO000099,SUP00026,PROD00231,2025-02-06,2025-03-03,478,19.42,In Transit
PO000100,SUP00005,PROD00351,2026-03-26,2026-05-13,754,106.17,Cancelled
PO000101,SUP00026,PROD00161,2026-03-31,2026-04-25,107,108.79,Received
PO000102,SUP00039,PROD00116,2025-10-16,2025-10-21,615,17.71,Received
PO000103,SUP00017,PROD00451,2026-07-22,2026-09-16,640,77.45,In Transit
PO000104,SUP00032,PROD00206,2025-09-26,2025-10-29,297,22.85,Received
PO000105,SUP00017,PROD00224,2025-03-25,2025-05-20,753,51.76,Received
PO000106,SUP00016,PROD00443,2026-01-20,2026-03-11,572,79.89,In Transit
PO000107,SUP00038,PROD00417,2025-02-03,2025-02-09,311,33.0,Received
PO000108,SUP00007,PROD00015,2025-02-03,2025-03-18,131,59.5,In Transit
PO000109,SUP00024,PROD00038,2025-08-17,2025-09-20,286,38.59,In Transit
PO000110,SUP00038,PROD00377,2025-11-22,2025-11-28,42,27.59,Received
PO000111,SUP00005,PROD00068,2026-05-15,2026-07-02,802,34.3,Received
PO000112,SUP00023,PROD00242,2025-01-14,2025-02-11,837,72.81,Received
PO000113,SUP00017,PROD00022,2025-09-29,2025-11-24,791,69.7,Received
PO000114,SUP00004,PROD00234,2025-04-06,2025-05-22,227,90.25,Received
PO000115,SUP00032,PROD00146,2025-04-18,2025-05-21,374,119.82,In Transit
PO000116,SUP00023,PROD00459,2026-06-11,2026-07-09,993,25.39,Received
PO000117,SUP00035,PROD00381,2025-06-22,2025-06-25,136,41.86,Received
PO000118,SUP00040,PROD00445,2026-04-23,2026-04-30,604,111.16,Received
PO000119,SUP00035,PROD00331,2025-06-29,2025-07-02,657,90.19,Received
PO000120,SUP00018,PROD00238,2025-09-03,2025-10-11,221,84.52,Received
PO000121,SUP00038,PROD00354,2025-10-08,2025-10-14,747,79.11,Received
PO000122,SUP00005,PROD00301,2026-05-16,2026-07-03,963,38.81,Received
PO000123,SUP00008,PROD00178,2025-01-06,2025-02-24,267,8.42,Received
PO000124,SUP00030,PROD00471,2025-12-28,2026-01-27,68,15.12,Received
PO000125,SUP00016,PROD00369,2026-02-10,2026-04-01,227,72.28,Received
PO000126,SUP00002,PROD00350,2025-03-01,2025-04-23,452,62.26,Received
PO000127,SUP00002,PROD00325,2026-01-07,2026-03-01,776,42.02,Received
PO000128,SUP00024,PROD00019,2026-01-11,2026-02-14,861,53.42,In Transit
PO000129,SUP00012,PROD00438,2025-01-06,2025-02-17,744,29.08,Received
PO000130,SUP00013,PROD00422,2026-04-28,2026-06-02,241,75.77,In Transit
PO000131,SUP00015,PROD00023,2025-12-09,2026-02-04,499,45.42,Received
PO000132,SUP00003,PROD00165,2025-06-15,2025-07-20,447,6.67,Received
PO000133,SUP00026,PROD00490,2025-07-22,2025-08-16,353,119.83,In Transit
PO000134,SUP00018,PROD00062,2025-07-07,2025-08-14,405,2.83,Received
PO000135,SUP00039,PROD00479,2026-04-17,2026-04-22,770,42.52,Received
PO000136,SUP00007,PROD00245,2026-06-23,2026-08-05,614,62.66,In Transit
PO000137,SUP00029,PROD00307,2026-05-18,2026-06-16,978,115.49,Received
PO000138,SUP00008,PROD00379,2025-07-26,2025-09-13,318,81.91,Received
PO000139,SUP00003,PROD00091,2025-04-12,2025-05-17,373,35.39,Cancelled
PO000140,SUP00035,PROD00447,2025-03-05,2025-03-08,340,92.72,Received
PO000141,SUP00003,PROD00254,2026-06-27,2026-08-01,432,25.18,Received
PO000142,SUP00014,PROD00468,2025-10-10,2025-12-05,740,95.69,Received
PO000143,SUP00017,PROD00094,2025-04-30,2025-06-25,332,82.1,Received
PO000144,SUP00031,PROD00464,2025-09-20,2025-10-22,300,91.99,Received
PO000145,SUP00026,PROD00161,2025-04-04,2025-04-29,494,108.79,Cancelled
PO000146,SUP00011,PROD00449,2025-06-08,2025-07-19,724,117.78,Received
PO000147,SUP00032,PROD00279,2026-02-09,2026-03-14,647,24.11,Received
PO000148,SUP00027,PROD00063,2025-03-17,2025-04-26,172,83.07,In Transit
PO000149,SUP00033,PROD00196,2025-09-24,2025-09-26,959,71.31,Received
PO000150,SUP00036,PROD00201,2025-05-13,2025-05-21,841,77.04,Received
PO000151,SUP00014,PROD00267,2025-05-15,2025-07-10,697,91.02,Received
PO000152,SUP00007,PROD00245,2026-04-15,2026-05-28,438,62.66,In Transit
PO000153,SUP00010,PROD00034,2025-06-26,2025-08-13,499,4.51,Received
PO000154,SUP00039,PROD00338,2025-02-27,2025-03-04,365,103.48,Received
PO000155,SUP00038,PROD00187,2025-12-07,2025-12-13,596,11.35,Received
PO000156,SUP00021,PROD00370,2026-03-18,2026-04-15,154,13.56,In Transit
PO000157,SUP00037,PROD00403,2026-06-01,2026-06-07,581,90.52,Received
PO000158,SUP00027,PROD00419,2026-06-17,2026-07-27,233,100.69,Received
PO000159,SUP00005,PROD00301,2025-03-29,2025-05-16,701,38.81,In Transit
PO000160,SUP00019,PROD00162,2025-10-08,2025-12-06,662,114.6,Received
PO000161,SUP00025,PROD00272,2025-05-17,2025-06-24,930,100.94,Received
PO000162,SUP00027,PROD00419,2026-05-10,2026-06-19,790,100.69,In Transit
PO000163,SUP00023,PROD00359,2025-01-13,2025-02-10,68,119.24,Received
PO000164,SUP00007,PROD00352,2025-07-17,2025-08-29,742,42.83,Received
PO000165,SUP00037,PROD00334,2026-02-19,2026-02-25,537,98.35,Received
PO000166,SUP00004,PROD00306,2025-03-14,2025-04-29,332,93.92,Received
PO000167,SUP00004,PROD00001,2026-01-12,2026-02-27,379,96.92,Received
PO000168,SUP00037,PROD00220,2025-09-18,2025-09-24,997,56.26,In Transit
PO000169,SUP00039,PROD00319,2025-03-13,2025-03-18,933,24.36,In Transit
PO000170,SUP00008,PROD00489,2025-07-01,2025-08-19,289,20.0,Received
PO000171,SUP00035,PROD00447,2025-10-09,2025-10-12,444,92.72,Received
PO000172,SUP00034,PROD00004,2025-06-01,2025-06-03,79,67.28,Received
PO000173,SUP00017,PROD00451,2025-02-13,2025-04-10,822,77.45,In Transit
PO000174,SUP00018,PROD00243,2026-05-30,2026-07-07,444,85.88,In Transit
PO000175,SUP00010,PROD00105,2025-02-22,2025-04-11,32,68.47,Received
PO000176,SUP00008,PROD00178,2026-07-04,2026-08-22,110,8.42,Received
PO000177,SUP00024,PROD00265,2025-12-16,2026-01-19,649,108.21,In Transit
PO000178,SUP00021,PROD00198,2026-06-26,2026-07-24,321,29.48,Received
PO000179,SUP00016,PROD00287,2025-10-06,2025-11-25,842,92.82,Received
PO000180,SUP00040,PROD00054,2026-05-02,2026-05-09,919,119.87,In Transit
PO000181,SUP00009,PROD00358,2026-04-04,2026-05-13,687,114.31,Received
PO000182,SUP00014,PROD00280,2026-02-22,2026-04-19,243,74.62,Received
PO000183,SUP00023,PROD00273,2026-07-11,2026-08-08,655,57.25,Received
PO000184,SUP00037,PROD00156,2025-06-14,2025-06-20,269,88.3,In Transit
PO000185,SUP00004,PROD00478,2025-09-15,2025-10-31,524,38.38,Received
PO000186,SUP00040,PROD00065,2026-06-09,2026-06-16,468,40.42,Received
PO000187,SUP00021,PROD00120,2025-09-19,2025-10-17,25,109.58,Received
PO000188,SUP00028,PROD00173,2025-03-07,2025-04-02,968,23.74,Received
PO000189,SUP00032,PROD00146,2025-06-29,2025-08-01,399,119.82,Received
PO000190,SUP00023,PROD00353,2025-01-19,2025-02-16,344,110.39,Received
PO000191,SUP00032,PROD00206,2026-03-25,2026-04-27,891,22.85,Received
PO000192,SUP00010,PROD00308,2025-07-19,2025-09-05,111,6.64,In Transit
PO000193,SUP00018,PROD00238,2026-01-26,2026-03-05,260,84.52,Received
PO000194,SUP00011,PROD00316,2025-05-01,2025-06-11,885,16.56,In Transit
PO000195,SUP00033,PROD00475,2026-05-30,2026-06-01,167,15.46,Received
PO000196,SUP00006,PROD00291,2026-06-11,2026-07-29,290,119.54,In Transit
PO000197,SUP00012,PROD00492,2026-01-05,2026-02-16,892,31.38,Received
PO000198,SUP00012,PROD00438,2025-11-23,2026-01-04,176,29.08,Cancelled
PO000199,SUP00010,PROD00082,2026-05-26,2026-07-13,761,91.06,Received
PO000200,SUP00018,PROD00472,2026-03-02,2026-04-09,803,85.1,Received
PO000201,SUP00035,PROD00381,2025-09-26,2025-09-29,239,41.86,Received
PO000202,SUP00033,PROD00500,2025-05-19,2025-05-21,180,5.13,Received
PO000203,SUP00036,PROD00201,2026-05-14,2026-05-22,798,77.04,In Transit
PO000204,SUP00022,PROD00497,2025-09-01,2025-10-02,448,27.32,In Transit
PO000205,SUP00010,PROD00465,2025-12-09,2026-01-26,331,117.7,Received
PO000206,SUP00033,PROD00255,2025-11-03,2025-11-05,265,51.06,Cancelled
PO000207,SUP00003,PROD00067,2025-11-26,2025-12-31,293,90.57,Received
PO000208,SUP00033,PROD00085,2025-08-05,2025-08-07,906,92.8,Received
PO000209,SUP00004,PROD00136,2025-05-08,2025-06-23,576,7.39,Received
PO000210,SUP00030,PROD00425,2025-10-12,2025-11-11,309,107.73,In Transit
PO000211,SUP00013,PROD00186,2026-05-01,2026-06-05,38,91.13,Received
PO000212,SUP00004,PROD00024,2025-12-27,2026-02-11,300,76.24,Received
PO000213,SUP00022,PROD00104,2026-03-14,2026-04-14,513,97.35,In Transit
PO000214,SUP00007,PROD00454,2026-03-12,2026-04-24,233,83.65,Received
PO000215,SUP00032,PROD00328,2025-09-22,2025-10-25,836,46.99,Received
PO000216,SUP00025,PROD00442,2025-03-23,2025-04-30,95,93.16,Received
PO000217,SUP00015,PROD00077,2026-05-04,2026-06-30,683,55.28,Received
PO000218,SUP00003,PROD00144,2026-04-10,2026-05-15,144,69.23,Received
PO000219,SUP00023,PROD00382,2026-06-12,2026-07-10,744,77.26,Received
PO000220,SUP00029,PROD00183,2025-08-15,2025-09-13,763,72.05,Received
PO000221,SUP00018,PROD00463,2025-07-04,2025-08-11,405,17.04,Received
PO000222,SUP00023,PROD00357,2026-06-23,2026-07-21,233,99.69,In Transit
PO000223,SUP00002,PROD00028,2026-06-30,2026-08-22,819,19.07,Received
PO000224,SUP00040,PROD00239,2026-07-22,2026-07-29,460,29.73,Received
PO000225,SUP00003,PROD00091,2026-02-08,2026-03-15,781,35.39,Received
PO000226,SUP00012,PROD00132,2025-12-27,2026-02-07,568,75.66,Cancelled
PO000227,SUP00009,PROD00160,2025-03-22,2025-04-30,254,107.39,Received
PO000228,SUP00032,PROD00039,2026-03-27,2026-04-29,66,91.95,Received
PO000229,SUP00004,PROD00174,2025-04-19,2025-06-04,772,101.09,In Transit
PO000230,SUP00019,PROD00368,2025-06-24,2025-08-22,802,8.19,In Transit
PO000231,SUP00008,PROD00379,2025-04-28,2025-06-16,42,81.91,Received
PO000232,SUP00040,PROD00065,2025-11-01,2025-11-08,624,40.42,Received
PO000233,SUP00033,PROD00475,2025-05-28,2025-05-30,718,15.46,Received
PO000234,SUP00001,PROD00126,2025-07-30,2025-09-04,893,93.41,Received
PO000235,SUP00026,PROD00298,2025-04-11,2025-05-06,703,97.84,Received
PO000236,SUP00023,PROD00098,2025-07-26,2025-08-23,122,65.43,Received
PO000237,SUP00004,PROD00293,2026-05-10,2026-06-25,173,16.96,Received
PO000238,SUP00040,PROD00445,2025-12-26,2026-01-02,558,111.16,Received
PO000239,SUP00008,PROD00390,2025-03-24,2025-05-12,495,84.33,Received
PO000240,SUP00014,PROD00131,2025-05-08,2025-07-03,973,18.56,Received
PO000241,SUP00014,PROD00131,2026-03-07,2026-05-02,935,18.56,Received
PO000242,SUP00014,PROD00389,2025-09-27,2025-11-22,929,20.88,Received
PO000243,SUP00040,PROD00445,2026-01-02,2026-01-09,720,111.16,In Transit
PO000244,SUP00009,PROD00340,2025-06-27,2025-08-05,867,70.3,Received
PO000245,SUP00032,PROD00244,2026-01-09,2026-02-11,311,106.44,Cancelled
PO000246,SUP00040,PROD00499,2026-02-12,2026-02-19,368,77.93,Received
PO000247,SUP00033,PROD00332,2025-09-12,2025-09-14,844,42.21,Received
PO000248,SUP00021,PROD00021,2025-03-15,2025-04-12,1000,34.52,In Transit
PO000249,SUP00012,PROD00132,2026-04-11,2026-05-23,79,75.66,Received
PO000250,SUP00030,PROD00150,2025-10-09,2025-11-08,859,113.6,Received
PO000251,SUP00021,PROD00370,2025-02-06,2025-03-06,534,13.56,Received
PO000252,SUP00024,PROD00019,2025-08-14,2025-09-17,96,53.42,Cancelled
PO000253,SUP00039,PROD00441,2025-11-05,2025-11-10,411,59.28,Received
PO000254,SUP00026,PROD00185,2025-07-03,2025-07-28,162,21.74,Received
PO000255,SUP00009,PROD00160,2026-04-20,2026-05-29,714,107.39,Received
PO000256,SUP00019,PROD00436,2025-05-15,2025-07-13,954,25.77,In Transit
PO000257,SUP00001,PROD00014,2026-03-26,2026-05-01,603,101.63,Received
PO000258,SUP00032,PROD00466,2025-03-28,2025-04-30,577,43.75,Received
PO000259,SUP00024,PROD00373,2026-07-08,2026-08-11,692,39.83,In Transit
PO000260,SUP00010,PROD00258,2025-11-11,2025-12-29,815,29.11,Received
PO000261,SUP00030,PROD00460,2025-05-19,2025-06-18,128,85.83,Received
PO000262,SUP00038,PROD00378,2026-06-07,2026-06-13,264,45.57,Received
PO000263,SUP00024,PROD00265,2025-02-05,2025-03-11,278,108.21,Cancelled
PO000264,SUP00017,PROD00081,2025-11-04,2025-12-30,995,81.15,Received
PO000265,SUP00026,PROD00208,2025-04-28,2025-05-23,180,103.96,Received
PO000266,SUP00019,PROD00145,2025-03-10,2025-05-08,770,51.41,In Transit
PO000267,SUP00017,PROD00224,2026-06-16,2026-08-11,950,51.76,Received
PO000268,SUP00004,PROD00010,2025-04-19,2025-06-04,411,35.43,Received
PO000269,SUP00035,PROD00337,2025-08-31,2025-09-03,902,105.76,Received
PO000270,SUP00007,PROD00429,2025-10-16,2025-11-28,351,92.65,In Transit
PO000271,SUP00011,PROD00083,2025-09-14,2025-10-25,437,95.92,Received
PO000272,SUP00016,PROD00086,2025-12-20,2026-02-08,388,102.57,Received
PO000273,SUP00039,PROD00338,2025-03-21,2025-03-26,82,103.48,Received
PO000274,SUP00002,PROD00123,2025-05-13,2025-07-05,389,10.5,Received
PO000275,SUP00002,PROD00366,2025-08-16,2025-10-08,957,51.94,Received
PO000276,SUP00032,PROD00157,2026-03-11,2026-04-13,775,10.04,In Transit
PO000277,SUP00002,PROD00152,2025-02-13,2025-04-07,891,45.6,Received
PO000278,SUP00004,PROD00001,2025-06-20,2025-08-05,44,96.92,Received
PO000279,SUP00032,PROD00153,2026-01-16,2026-02-18,612,59.19,Received
PO000280,SUP00029,PROD00482,2026-03-22,2026-04-20,233,104.72,Received
PO000281,SUP00007,PROD00015,2026-02-23,2026-04-07,874,59.5,Received
PO000282,SUP00008,PROD00178,2026-04-09,2026-05-28,460,8.42,Received
PO000283,SUP00032,PROD00387,2025-10-20,2025-11-22,455,19.4,Received
PO000284,SUP00010,PROD00042,2025-11-27,2026-01-14,588,37.62,Received
PO000285,SUP00037,PROD00055,2026-02-19,2026-02-25,74,26.05,Received
PO000286,SUP00037,PROD00383,2025-12-31,2026-01-06,318,11.61,Received
PO000287,SUP00030,PROD00137,2025-07-02,2025-08-01,875,20.2,Received
PO000288,SUP00004,PROD00478,2025-06-09,2025-07-25,545,38.38,Received
PO000289,SUP00014,PROD00197,2025-08-30,2025-10-25,354,82.63,Received
PO000290,SUP00010,PROD00105,2026-01-17,2026-03-06,295,68.47,Received
PO000291,SUP00035,PROD00269,2026-05-03,2026-05-06,690,78.61,Received
PO000292,SUP00005,PROD00003,2025-05-31,2025-07-18,496,91.15,Cancelled
PO000293,SUP00003,PROD00254,2025-04-17,2025-05-22,222,25.18,In Transit
PO000294,SUP00009,PROD00106,2025-08-31,2025-10-09,505,28.46,Received
PO000295,SUP00035,PROD00447,2026-04-21,2026-04-24,985,92.72,Received
PO000296,SUP00024,PROD00229,2025-04-11,2025-05-15,610,85.21,Received
PO000297,SUP00006,PROD00113,2025-09-03,2025-10-21,103,56.91,Received
PO000298,SUP00006,PROD00112,2025-04-01,2025-05-19,380,15.08,Received
PO000299,SUP00029,PROD00307,2026-02-11,2026-03-12,941,115.49,Received
PO000300,SUP00018,PROD00434,2025-01-14,2025-02-21,544,76.05,In Transit
PO000301,SUP00036,PROD00264,2026-01-13,2026-01-21,300,76.58,Received
PO000302,SUP00001,PROD00147,2025-12-03,2026-01-08,508,77.82,Received
PO000303,SUP00023,PROD00242,2026-03-22,2026-04-19,685,72.81,Received
PO000304,SUP00025,PROD00385,2025-02-13,2025-03-23,88,54.67,Received
PO000305,SUP00033,PROD00070,2025-07-23,2025-07-25,403,92.79,Received
PO000306,SUP00014,PROD00400,2025-01-19,2025-03-16,575,62.68,Received
PO000307,SUP00030,PROD00137,2025-07-11,2025-08-10,635,20.2,In Transit
PO000308,SUP00032,PROD00405,2025-09-18,2025-10-21,311,53.12,Received
PO000309,SUP00002,PROD00210,2026-05-04,2026-06-26,771,11.86,Received
PO000310,SUP00024,PROD00172,2025-08-25,2025-09-28,450,26.31,Received
PO000311,SUP00034,PROD00048,2026-05-09,2026-05-11,590,81.98,Received
PO000312,SUP00014,PROD00138,2025-03-21,2025-05-16,299,97.02,Received
PO000313,SUP00004,PROD00432,2026-03-18,2026-05-03,399,50.33,In Transit
PO000314,SUP00010,PROD00465,2025-06-14,2025-08-01,215,117.7,Received
PO000315,SUP00022,PROD00284,2025-06-13,2025-07-14,558,49.6,Received
PO000316,SUP00017,PROD00093,2025-12-25,2026-02-19,861,47.1,Cancelled
PO000317,SUP00019,PROD00467,2025-08-21,2025-10-19,282,32.21,Received
PO000318,SUP00026,PROD00052,2025-01-12,2025-02-06,882,26.45,In Transit
PO000319,SUP00003,PROD00121,2025-04-17,2025-05-22,903,72.97,Received
PO000320,SUP00017,PROD00093,2025-07-10,2025-09-04,870,47.1,Received
PO000321,SUP00033,PROD00349,2026-03-26,2026-03-28,732,114.5,Received
PO000322,SUP00024,PROD00019,2025-12-19,2026-01-22,515,53.42,Received
PO000323,SUP00034,PROD00048,2025-11-08,2025-11-10,905,81.98,In Transit
PO000324,SUP00013,PROD00045,2025-10-18,2025-11-22,680,116.52,Received
PO000325,SUP00022,PROD00413,2026-02-23,2026-03-26,325,29.36,Received
PO000326,SUP00025,PROD00473,2026-01-18,2026-02-25,878,43.16,Received
PO000327,SUP00019,PROD00204,2025-12-13,2026-02-10,274,77.04,Received
PO000328,SUP00005,PROD00494,2025-08-28,2025-10-15,399,80.89,Received
PO000329,SUP00002,PROD00123,2026-05-15,2026-07-07,251,10.5,Cancelled
PO000330,SUP00030,PROD00392,2025-08-16,2025-09-15,454,53.69,Received
PO000331,SUP00003,PROD00165,2025-05-14,2025-06-18,842,6.67,Received
PO000332,SUP00014,PROD00396,2025-04-11,2025-06-06,181,56.43,Received
PO000333,SUP00030,PROD00439,2025-05-03,2025-06-02,609,35.85,Received
PO000334,SUP00002,PROD00060,2025-02-21,2025-04-15,634,28.14,Received
PO000335,SUP00005,PROD00003,2025-07-10,2025-08-27,979,91.15,Received
PO000336,SUP00023,PROD00353,2026-07-11,2026-08-08,367,110.39,Received
PO000337,SUP00023,PROD00353,2025-12-26,2026-01-23,80,110.39,Received
PO000338,SUP00007,PROD00411,2025-02-24,2025-04-08,136,91.38,Received
PO000339,SUP00028,PROD00356,2025-04-27,2025-05-23,590,65.6,Received
PO000340,SUP00040,PROD00270,2026-06-02,2026-06-09,583,60.49,Received
PO000341,SUP00022,PROD00104,2025-04-14,2025-05-15,487,97.35,Received
PO000342,SUP00014,PROD00400,2026-06-06,2026-08-01,466,62.68,Received
PO000343,SUP00005,PROD00351,2025-09-01,2025-10-19,333,106.17,Received
PO000344,SUP00023,PROD00155,2026-03-03,2026-03-31,168,2.98,Received
PO000345,SUP00008,PROD00379,2025-05-23,2025-07-11,180,81.91,Received
PO000346,SUP00015,PROD00343,2026-01-05,2026-03-03,406,60.25,Received
PO000347,SUP00006,PROD00481,2025-08-06,2025-09-23,976,100.19,Received
PO000348,SUP00036,PROD00346,2026-03-19,2026-03-27,223,104.62,Received
PO000349,SUP00002,PROD00152,2025-11-20,2026-01-12,846,45.6,Received
PO000350,SUP00012,PROD00384,2025-03-09,2025-04-20,88,51.58,In Transit
PO000351,SUP00004,PROD00234,2026-06-27,2026-08-12,338,90.25,Received
PO000352,SUP00032,PROD00420,2026-06-14,2026-07-17,311,66.43,Received
PO000353,SUP00027,PROD00419,2025-04-26,2025-06-05,268,100.69,Received
PO000354,SUP00030,PROD00423,2025-08-10,2025-09-09,342,30.14,Received
PO000355,SUP00015,PROD00077,2025-05-31,2025-07-27,531,55.28,Received
PO000356,SUP00026,PROD00249,2025-09-14,2025-10-09,238,100.69,In Transit
PO000357,SUP00005,PROD00402,2025-07-14,2025-08-31,390,25.74,Received
PO000358,SUP00020,PROD00154,2026-03-08,2026-04-30,141,41.63,Received
PO000359,SUP00033,PROD00200,2025-04-23,2025-04-25,32,51.64,Received
PO000360,SUP00023,PROD00353,2025-09-07,2025-10-05,195,110.39,Received
PO000361,SUP00024,PROD00071,2026-01-07,2026-02-10,763,97.95,In Transit
PO000362,SUP00011,PROD00119,2025-06-16,2025-07-27,922,11.82,Received
PO000363,SUP00040,PROD00397,2025-10-14,2025-10-21,844,64.22,Received
PO000364,SUP00008,PROD00073,2025-03-04,2025-04-22,576,43.32,Received
PO000365,SUP00017,PROD00304,2025-01-25,2025-03-22,961,4.48,Received
PO000366,SUP00034,PROD00408,2026-01-14,2026-01-16,59,16.36,Received
PO000367,SUP00021,PROD00120,2026-06-10,2026-07-08,38,109.58,Received
PO000368,SUP00006,PROD00112,2025-09-25,2025-11-12,653,15.08,Received
PO000369,SUP00012,PROD00492,2025-08-28,2025-10-09,612,31.38,Received
PO000370,SUP00010,PROD00258,2025-08-14,2025-10-01,424,29.11,Received
PO000371,SUP00011,PROD00163,2026-06-21,2026-08-01,268,73.67,Received
PO000372,SUP00038,PROD00448,2025-06-26,2025-07-02,350,31.6,Received
PO000373,SUP00037,PROD00394,2026-07-04,2026-07-10,611,106.26,Received
PO000374,SUP00026,PROD00122,2025-08-25,2025-09-19,854,60.08,Received
PO000375,SUP00021,PROD00120,2026-05-01,2026-05-29,561,109.58,Received
PO000376,SUP00003,PROD00057,2025-08-15,2025-09-19,847,20.35,Received
PO000377,SUP00012,PROD00367,2025-10-30,2025-12-11,607,93.45,Received
PO000378,SUP00019,PROD00035,2026-07-10,2026-09-07,919,27.86,Cancelled
PO000379,SUP00004,PROD00214,2025-02-21,2025-04-08,494,61.41,Received
PO000380,SUP00018,PROD00472,2026-07-22,2026-08-29,174,85.1,Received
PO000381,SUP00008,PROD00489,2025-12-01,2026-01-19,292,20.0,In Transit
PO000382,SUP00038,PROD00417,2026-04-02,2026-04-08,465,33.0,Received
PO000383,SUP00039,PROD00209,2025-02-11,2025-02-16,440,55.14,Received
PO000384,SUP00006,PROD00167,2025-11-03,2025-12-21,907,113.33,Received
PO000385,SUP00030,PROD00137,2026-07-22,2026-08-21,159,20.2,Received
PO000386,SUP00019,PROD00204,2025-08-22,2025-10-20,867,77.04,Received
PO000387,SUP00038,PROD00378,2026-07-22,2026-07-28,890,45.57,Received
PO000388,SUP00003,PROD00407,2025-10-03,2025-11-07,208,8.33,Cancelled
PO000389,SUP00040,PROD00329,2026-07-10,2026-07-17,729,11.94,Received
PO000390,SUP00032,PROD00146,2025-04-08,2025-05-11,552,119.82,In Transit
PO000391,SUP00003,PROD00246,2026-06-30,2026-08-04,679,43.68,Received
PO000392,SUP00001,PROD00014,2026-01-27,2026-03-04,911,101.63,Received
PO000393,SUP00007,PROD00371,2025-05-28,2025-07-10,877,75.2,Received
PO000394,SUP00015,PROD00343,2026-05-14,2026-07-10,918,60.25,In Transit
PO000395,SUP00032,PROD00146,2026-05-09,2026-06-11,366,119.82,Received
PO000396,SUP00023,PROD00170,2025-04-19,2025-05-17,604,116.77,Received
PO000397,SUP00025,PROD00473,2026-03-09,2026-04-16,467,43.16,Received
PO000398,SUP00016,PROD00369,2025-10-30,2025-12-19,22,72.28,Received
PO000399,SUP00034,PROD00046,2026-06-10,2026-06-12,971,26.62,Received
PO000400,SUP00005,PROD00217,2026-04-13,2026-05-31,108,68.1,Cancelled
PO000401,SUP00027,PROD00285,2026-04-16,2026-05-26,65,113.07,Received
PO000402,SUP00023,PROD00235,2026-05-18,2026-06-15,365,73.07,Received
PO000403,SUP00023,PROD00357,2025-02-02,2025-03-02,808,99.69,Received
PO000404,SUP00025,PROD00259,2025-05-07,2025-06-14,403,90.55,In Transit
PO000405,SUP00037,PROD00305,2025-08-19,2025-08-25,518,17.13,Received
PO000406,SUP00002,PROD00210,2026-03-15,2026-05-07,465,11.86,In Transit
PO000407,SUP00023,PROD00098,2026-03-01,2026-03-29,882,65.43,Received
PO000408,SUP00031,PROD00464,2025-12-19,2026-01-20,124,91.99,Received
PO000409,SUP00023,PROD00235,2025-02-22,2025-03-22,81,73.07,Received
PO000410,SUP00031,PROD00203,2026-02-01,2026-03-05,332,38.68,Received
PO000411,SUP00017,PROD00093,2025-11-13,2026-01-08,668,47.1,Received
PO000412,SUP00007,PROD00429,2025-05-18,2025-06-30,900,92.65,Received
PO000413,SUP00016,PROD00110,2025-09-11,2025-10-31,298,38.98,Received
PO000414,SUP00016,PROD00321,2025-01-29,2025-03-20,198,35.33,Received
PO000415,SUP00028,PROD00461,2026-07-16,2026-08-11,320,26.16,Received
PO000416,SUP00010,PROD00225,2025-10-22,2025-12-09,689,67.86,Received
PO000417,SUP00009,PROD00106,2026-01-23,2026-03-03,519,28.46,Received
PO000418,SUP00018,PROD00164,2025-03-23,2025-04-30,335,84.53,Received
PO000419,SUP00030,PROD00439,2025-09-28,2025-10-28,991,35.85,In Transit
PO000420,SUP00037,PROD00092,2025-11-01,2025-11-07,62,75.09,Received
PO000421,SUP00015,PROD00097,2025-06-29,2025-08-25,767,115.57,Received
PO000422,SUP00010,PROD00223,2026-06-12,2026-07-30,51,117.44,Received
PO000423,SUP00037,PROD00032,2025-02-16,2025-02-22,223,24.19,Received
PO000424,SUP00020,PROD00241,2025-02-08,2025-04-02,356,68.68,Received
PO000425,SUP00026,PROD00298,2025-04-21,2025-05-16,509,97.84,Received
PO000426,SUP00003,PROD00121,2025-02-12,2025-03-19,105,72.97,In Transit
PO000427,SUP00022,PROD00253,2025-02-06,2025-03-09,572,12.72,Received
PO000428,SUP00008,PROD00069,2026-07-20,2026-09-07,362,99.18,In Transit
PO000429,SUP00015,PROD00151,2025-03-29,2025-05-25,396,89.58,Received
PO000430,SUP00014,PROD00400,2025-03-15,2025-05-10,669,62.68,Received
PO000431,SUP00019,PROD00049,2025-08-25,2025-10-23,865,47.31,Received
PO000432,SUP00039,PROD00226,2026-07-05,2026-07-10,779,104.64,Received
PO000433,SUP00032,PROD00218,2026-02-10,2026-03-15,259,94.35,In Transit
PO000434,SUP00038,PROD00417,2025-03-06,2025-03-12,495,33.0,Cancelled
PO000435,SUP00031,PROD00008,2026-02-18,2026-03-22,506,82.27,Received
PO000436,SUP00024,PROD00373,2026-01-20,2026-02-23,773,39.83,Received
PO000437,SUP00032,PROD00328,2026-05-13,2026-06-15,170,46.99,Received
PO000438,SUP00029,PROD00274,2026-04-03,2026-05-02,586,116.04,Received
PO000439,SUP00029,PROD00393,2025-08-03,2025-09-01,941,83.05,Cancelled
PO000440,SUP00033,PROD00255,2025-02-21,2025-02-23,173,51.06,Received
PO000441,SUP00012,PROD00416,2025-08-04,2025-09-15,705,68.25,Received
PO000442,SUP00021,PROD00276,2025-08-26,2025-09-23,417,104.11,Received
PO000443,SUP00004,PROD00320,2025-03-20,2025-05-05,628,85.25,Received
PO000444,SUP00019,PROD00368,2026-06-07,2026-08-05,624,8.19,Cancelled
PO000445,SUP00032,PROD00387,2026-02-15,2026-03-20,329,19.4,Received
PO000446,SUP00010,PROD00258,2025-08-31,2025-10-18,558,29.11,Received
PO000447,SUP00007,PROD00371,2025-09-01,2025-10-14,308,75.2,Received
PO000448,SUP00008,PROD00318,2025-09-29,2025-11-17,20,84.03,In Transit
PO000449,SUP00023,PROD00205,2025-03-24,2025-04-21,959,97.15,Received
PO000450,SUP00019,PROD00035,2026-03-08,2026-05-06,691,27.86,Received
PO000451,SUP00032,PROD00053,2026-01-27,2026-03-01,701,7.39,Received
PO000452,SUP00014,PROD00007,2025-12-09,2026-02-03,270,117.98,Received
PO000453,SUP00005,PROD00188,2026-02-24,2026-04-13,196,97.66,Received
PO000454,SUP00019,PROD00480,2025-01-20,2025-03-20,526,64.5,Received
PO000455,SUP00005,PROD00496,2025-07-21,2025-09-07,191,85.41,Received
PO000456,SUP00009,PROD00340,2025-01-25,2025-03-05,696,70.3,Received
PO000457,SUP00014,PROD00267,2026-04-23,2026-06-18,813,91.02,Received
PO000458,SUP00033,PROD00196,2025-06-02,2025-06-04,617,71.31,Received
PO000459,SUP00032,PROD00466,2025-11-23,2025-12-26,749,43.75,Received
PO000460,SUP00018,PROD00257,2025-09-26,2025-11-03,209,71.31,Received
PO000461,SUP00012,PROD00140,2025-09-09,2025-10-21,366,75.98,Received
PO000462,SUP00037,PROD00156,2025-02-26,2025-03-04,586,88.3,Received
PO000463,SUP00020,PROD00282,2025-08-13,2025-10-05,969,11.64,Received
PO000464,SUP00010,PROD00101,2026-07-21,2026-09-07,463,119.35,Received
PO000465,SUP00002,PROD00123,2026-04-04,2026-05-27,189,10.5,Received
PO000466,SUP00004,PROD00478,2025-11-05,2025-12-21,866,38.38,Received
PO000467,SUP00010,PROD00399,2025-02-26,2025-04-15,703,86.44,In Transit
PO000468,SUP00029,PROD00183,2025-08-20,2025-09-18,569,72.05,Cancelled
PO000469,SUP00007,PROD00454,2025-11-18,2025-12-31,498,83.65,Received
PO000470,SUP00010,PROD00465,2026-04-29,2026-06-16,262,117.7,Received
PO000471,SUP00007,PROD00411,2025-02-23,2025-04-07,778,91.38,Received
PO000472,SUP00019,PROD00049,2026-02-02,2026-04-02,425,47.31,Received
PO000473,SUP00013,PROD00335,2026-02-05,2026-03-12,172,116.36,In Transit
PO000474,SUP00005,PROD00294,2025-09-29,2025-11-16,89,37.38,Received
PO000475,SUP00038,PROD00417,2025-05-31,2025-06-06,223,33.0,Received
PO000476,SUP00015,PROD00251,2025-04-05,2025-06-01,120,90.83,Received
PO000477,SUP00033,PROD00317,2025-10-15,2025-10-17,746,108.02,Received
PO000478,SUP00024,PROD00166,2025-11-11,2025-12-15,622,89.62,Received
PO000479,SUP00028,PROD00159,2026-03-02,2026-03-28,747,23.22,Received
PO000480,SUP00012,PROD00207,2025-10-30,2025-12-11,48,16.15,Received
PO000481,SUP00032,PROD00420,2026-06-05,2026-07-08,744,66.43,Received
PO000482,SUP00040,PROD00313,2025-07-03,2025-07-10,609,57.58,Received
PO000483,SUP00040,PROD00329,2026-02-07,2026-02-14,272,11.94,Received
PO000484,SUP00023,PROD00353,2025-09-20,2025-10-18,529,110.39,In Transit
PO000485,SUP00027,PROD00063,2025-01-18,2025-02-27,130,83.07,Received
PO000486,SUP00010,PROD00399,2025-01-17,2025-03-06,197,86.44,Received
PO000487,SUP00031,PROD00300,2026-04-05,2026-05-07,997,70.93,Received
PO000488,SUP00038,PROD00417,2025-03-22,2025-03-28,487,33.0,In Transit
PO000489,SUP00004,PROD00498,2025-02-17,2025-04-04,121,119.16,Received
PO000490,SUP00015,PROD00107,2025-10-10,2025-12-06,512,74.34,Received
PO000491,SUP00022,PROD00470,2025-12-27,2026-01-27,545,103.24,Received
PO000492,SUP00005,PROD00188,2025-05-27,2025-07-14,869,97.66,Received
PO000493,SUP00015,PROD00233,2025-06-12,2025-08-08,632,68.6,Received
PO000494,SUP00032,PROD00236,2025-03-08,2025-04-10,269,68.5,Received
PO000495,SUP00036,PROD00485,2025-06-03,2025-06-11,321,69.0,In Transit
PO000496,SUP00031,PROD00211,2025-01-29,2025-03-02,467,15.04,Received
PO000497,SUP00003,PROD00246,2025-09-24,2025-10-29,460,43.68,Received
PO000498,SUP00024,PROD00019,2025-11-11,2025-12-15,642,53.42,Received
PO000499,SUP00014,PROD00400,2026-07-04,2026-08-29,185,62.68,Cancelled
PO000500,SUP00019,PROD00290,2026-03-15,2026-05-13,741,95.94,Received
PO000501,SUP00035,PROD00323,2026-06-23,2026-06-26,24,17.07,Received
PO000502,SUP00028,PROD00013,2025-09-07,2025-10-03,385,31.44,Received
PO000503,SUP00004,PROD00234,2026-07-09,2026-08-24,561,90.25,Received
PO000504,SUP00023,PROD00213,2026-04-17,2026-05-15,340,45.71,Received
PO000505,SUP00040,PROD00397,2025-05-17,2025-05-24,291,64.22,Received
PO000506,SUP00006,PROD00113,2025-01-25,2025-03-14,50,56.91,Received
PO000507,SUP00024,PROD00117,2026-02-26,2026-04-01,285,97.57,Received
PO000508,SUP00016,PROD00483,2026-04-22,2026-06-11,694,50.4,Received
PO000509,SUP00004,PROD00136,2026-02-08,2026-03-26,230,7.39,Received
PO000510,SUP00030,PROD00409,2026-01-12,2026-02-11,159,44.2,In Transit
PO000511,SUP00003,PROD00165,2025-08-23,2025-09-27,1000,6.67,In Transit
PO000512,SUP00005,PROD00431,2025-02-07,2025-03-27,949,39.69,Received
PO000513,SUP00037,PROD00128,2026-05-06,2026-05-12,327,104.87,Received
PO000514,SUP00005,PROD00414,2025-06-08,2025-07-26,70,34.42,Received
PO000515,SUP00036,PROD00179,2025-04-12,2025-04-20,156,97.28,Received
PO000516,SUP00018,PROD00238,2025-09-30,2025-11-07,749,84.52,In Transit
PO000517,SUP00034,PROD00004,2025-12-25,2025-12-27,561,67.28,In Transit
PO000518,SUP00040,PROD00445,2025-03-10,2025-03-17,778,111.16,In Transit
PO000519,SUP00022,PROD00271,2026-05-22,2026-06-22,648,117.4,Received
PO000520,SUP00040,PROD00397,2025-11-22,2025-11-29,67,64.22,Received
PO000521,SUP00014,PROD00400,2026-01-09,2026-03-06,161,62.68,In Transit
PO000522,SUP00022,PROD00006,2025-12-08,2026-01-08,304,61.56,Received
PO000523,SUP00005,PROD00431,2026-03-10,2026-04-27,932,39.69,In Transit
PO000524,SUP00032,PROD00286,2025-11-12,2025-12-15,508,90.58,Received
PO000525,SUP00005,PROD00068,2025-05-31,2025-07-18,837,34.3,Received
PO000526,SUP00018,PROD00148,2025-09-29,2025-11-06,574,40.81,Received
PO000527,SUP00036,PROD00450,2025-07-19,2025-07-27,39,47.9,Received
PO000528,SUP00022,PROD00176,2025-02-20,2025-03-23,367,37.79,In Transit
PO000529,SUP00011,PROD00083,2026-03-14,2026-04-24,80,95.92,In Transit
PO000530,SUP00011,PROD00316,2025-04-23,2025-06-03,903,16.56,Received
PO000531,SUP00028,PROD00452,2025-01-30,2025-02-25,292,29.83,Received
PO000532,SUP00024,PROD00019,2026-03-08,2026-04-11,273,53.42,Received
PO000533,SUP00023,PROD00359,2025-11-21,2025-12-19,98,119.24,Received
PO000534,SUP00040,PROD00239,2026-04-12,2026-04-19,293,29.73,Received
PO000535,SUP00031,PROD00168,2025-03-31,2025-05-02,633,56.39,Received
PO000536,SUP00019,PROD00290,2025-10-27,2025-12-25,656,95.94,Received
PO000537,SUP00014,PROD00090,2025-12-26,2026-02-20,265,65.54,In Transit
PO000538,SUP00037,PROD00156,2025-06-30,2025-07-06,168,88.3,Received
PO000539,SUP00023,PROD00345,2025-04-24,2025-05-22,930,115.31,Received
PO000540,SUP00023,PROD00155,2026-06-16,2026-07-14,887,2.98,Received
PO000541,SUP00023,PROD00235,2025-11-12,2025-12-10,945,73.07,Received
PO000542,SUP00029,PROD00182,2025-04-05,2025-05-04,917,44.65,Received
PO000543,SUP00033,PROD00085,2025-10-09,2025-10-11,844,92.8,Received
PO000544,SUP00023,PROD00235,2026-07-09,2026-08-06,932,73.07,In Transit
PO000545,SUP00033,PROD00184,2025-04-08,2025-04-10,984,72.08,In Transit
PO000546,SUP00012,PROD00416,2026-03-26,2026-05-07,410,68.25,Received
PO000547,SUP00001,PROD00059,2025-05-12,2025-06-17,604,29.89,In Transit
PO000548,SUP00020,PROD00241,2025-09-13,2025-11-05,557,68.68,Received
PO000549,SUP00005,PROD00068,2026-04-21,2026-06-08,973,34.3,Received
PO000550,SUP00027,PROD00078,2025-12-29,2026-02-07,885,17.58,In Transit
PO000551,SUP00016,PROD00086,2026-04-25,2026-06-14,107,102.57,Received
PO000552,SUP00004,PROD00234,2025-08-04,2025-09-19,947,90.25,Received
PO000553,SUP00035,PROD00323,2025-05-05,2025-05-08,653,17.07,Received
PO000554,SUP00035,PROD00444,2025-02-23,2025-02-26,815,109.39,Received
PO000555,SUP00005,PROD00414,2025-08-13,2025-09-30,676,34.42,Received
PO000556,SUP00031,PROD00266,2025-05-02,2025-06-03,155,107.04,Received
PO000557,SUP00008,PROD00355,2026-03-12,2026-04-30,998,61.75,Received
PO000558,SUP00022,PROD00497,2026-04-18,2026-05-19,531,27.32,Received
PO000559,SUP00007,PROD00429,2025-03-11,2025-04-23,61,92.65,Received
PO000560,SUP00015,PROD00077,2025-07-09,2025-09-04,277,55.28,Cancelled
PO000561,SUP00035,PROD00444,2026-07-11,2026-07-14,608,109.39,Received
PO000562,SUP00021,PROD00021,2025-11-02,2025-11-30,813,34.52,Received
PO000563,SUP00021,PROD00198,2025-02-21,2025-03-21,415,29.48,Received
PO000564,SUP00031,PROD00095,2025-10-19,2025-11-20,493,110.22,Received
PO000565,SUP00021,PROD00302,2025-10-29,2025-11-26,749,106.49,Received
PO000566,SUP00009,PROD00018,2026-03-29,2026-05-07,395,25.78,Received
PO000567,SUP00039,PROD00050,2025-02-21,2025-02-26,389,41.44,Received
PO000568,SUP00009,PROD00435,2025-08-08,2025-09-16,418,17.84,Received
PO000569,SUP00004,PROD00024,2026-05-12,2026-06-27,760,76.24,Received
PO000570,SUP00023,PROD00353,2026-01-06,2026-02-03,148,110.39,Cancelled
PO000571,SUP00014,PROD00029,2025-06-26,2025-08-21,607,51.68,Received
PO000572,SUP00019,PROD00361,2026-02-16,2026-04-16,349,41.12,Received
PO000573,SUP00009,PROD00018,2025-04-14,2025-05-23,933,25.78,In Transit
PO000574,SUP00010,PROD00399,2025-02-19,2025-04-08,245,86.44,Received
PO000575,SUP00023,PROD00098,2025-11-16,2025-12-14,845,65.43,Received
PO000576,SUP00024,PROD00172,2025-08-19,2025-09-22,284,26.31,Received
PO000577,SUP00025,PROD00348,2025-08-26,2025-10-03,922,66.3,Received
PO000578,SUP00027,PROD00386,2025-12-30,2026-02-08,214,27.16,Received
PO000579,SUP00003,PROD00194,2026-04-11,2026-05-16,274,79.58,In Transit
PO000580,SUP00007,PROD00352,2025-01-08,2025-02-20,99,42.83,Received
PO000581,SUP00007,PROD00388,2025-12-04,2026-01-16,317,32.55,Received
PO000582,SUP00002,PROD00060,2026-03-13,2026-05-05,826,28.14,Received
PO000583,SUP00020,PROD00115,2025-12-31,2026-02-22,188,93.81,Received
PO000584,SUP00010,PROD00042,2025-05-28,2025-07-15,613,37.62,Received
PO000585,SUP00034,PROD00004,2025-07-25,2025-07-27,120,67.28,Received
PO000586,SUP00032,PROD00244,2026-02-10,2026-03-15,434,106.44,Received
PO000587,SUP00019,PROD00066,2026-05-14,2026-07-12,441,72.1,Received
PO000588,SUP00018,PROD00238,2025-02-07,2025-03-17,837,84.52,Received
PO000589,SUP00013,PROD00401,2025-07-01,2025-08-05,953,89.18,Received
PO000590,SUP00032,PROD00339,2025-09-24,2025-10-27,853,104.7,Received
PO000591,SUP00017,PROD00304,2025-06-14,2025-08-09,72,4.48,Received
PO000592,SUP00005,PROD00217,2025-10-03,2025-11-20,923,68.1,In Transit
PO000593,SUP00028,PROD00452,2025-12-27,2026-01-22,749,29.83,Received
PO000594,SUP00034,PROD00275,2025-08-14,2025-08-16,766,48.24,Cancelled
PO000595,SUP00005,PROD00002,2025-08-30,2025-10-17,944,98.54,Received
PO000596,SUP00033,PROD00085,2026-01-10,2026-01-12,587,92.8,Received
PO000597,SUP00016,PROD00109,2025-01-10,2025-03-01,999,63.48,Received
PO000598,SUP00033,PROD00252,2025-09-01,2025-09-03,693,25.37,In Transit
PO000599,SUP00014,PROD00389,2025-10-08,2025-12-03,525,20.88,In Transit
PO000600,SUP00020,PROD00115,2025-04-10,2025-06-02,696,93.81,In Transit
PO000601,SUP00016,PROD00321,2025-09-05,2025-10-25,915,35.33,Received
PO000602,SUP00033,PROD00070,2025-07-02,2025-07-04,906,92.79,Received
PO000603,SUP00023,PROD00345,2026-04-19,2026-05-17,350,115.31,Received
PO000604,SUP00024,PROD00130,2026-01-13,2026-02-16,906,50.93,Received
PO000605,SUP00025,PROD00374,2025-03-25,2025-05-02,332,7.02,Received
PO000606,SUP00019,PROD00480,2025-11-21,2026-01-19,321,64.5,Received
PO000607,SUP00040,PROD00445,2026-01-28,2026-02-04,331,111.16,Received
PO000608,SUP00022,PROD00104,2026-02-23,2026-03-26,302,97.35,In Transit
PO000609,SUP00004,PROD00056,2026-02-22,2026-04-09,291,54.22,Received
PO000610,SUP00020,PROD00282,2025-09-03,2025-10-26,51,11.64,Received
PO000611,SUP00011,PROD00289,2026-02-27,2026-04-09,501,10.53,In Transit
PO000612,SUP00009,PROD00299,2025-08-04,2025-09-12,965,64.68,In Transit
PO000613,SUP00015,PROD00134,2026-02-23,2026-04-21,37,13.23,Received
PO000614,SUP00009,PROD00457,2026-06-24,2026-08-02,789,110.24,Received
PO000615,SUP00015,PROD00143,2025-10-22,2025-12-18,659,64.12,Received
PO000616,SUP00040,PROD00065,2026-02-21,2026-02-28,814,40.42,Received
PO000617,SUP00040,PROD00256,2025-08-06,2025-08-13,719,46.23,Received
PO000618,SUP00025,PROD00259,2025-05-26,2025-07-03,504,90.55,In Transit
PO000619,SUP00024,PROD00071,2026-03-09,2026-04-12,226,97.95,Cancelled
PO000620,SUP00040,PROD00397,2025-06-10,2025-06-17,86,64.22,Received
PO000621,SUP00019,PROD00049,2026-01-06,2026-03-06,167,47.31,Received
PO000622,SUP00011,PROD00316,2026-01-01,2026-02-11,598,16.56,Received
PO000623,SUP00003,PROD00067,2026-04-22,2026-05-27,542,90.57,Received
PO000624,SUP00027,PROD00099,2026-06-07,2026-07-17,918,10.55,Received
PO000625,SUP00021,PROD00370,2026-05-08,2026-06-05,737,13.56,Cancelled
PO000626,SUP00017,PROD00081,2026-04-08,2026-06-03,191,81.15,Received
PO000627,SUP00039,PROD00226,2025-06-05,2025-06-10,367,104.64,In Transit
PO000628,SUP00018,PROD00257,2025-12-25,2026-02-01,704,71.31,In Transit
PO000629,SUP00019,PROD00204,2025-02-14,2025-04-14,408,77.04,Received
PO000630,SUP00012,PROD00114,2026-03-24,2026-05-05,54,39.01,Received
PO000631,SUP00004,PROD00478,2026-03-20,2026-05-05,547,38.38,Received
PO000632,SUP00022,PROD00025,2025-01-25,2025-02-25,493,107.98,Received
PO000633,SUP00004,PROD00136,2025-01-05,2025-02-20,212,7.39,Received
PO000634,SUP00026,PROD00208,2025-12-31,2026-01-25,704,103.96,In Transit
PO000635,SUP00002,PROD00350,2025-07-08,2025-08-30,299,62.26,Received
PO000636,SUP00022,PROD00219,2025-12-18,2026-01-18,390,43.1,Received
PO000637,SUP00007,PROD00352,2025-02-22,2025-04-06,492,42.83,Received
PO000638,SUP00038,PROD00187,2026-06-07,2026-06-13,970,11.35,In Transit
PO000639,SUP00029,PROD00036,2025-04-27,2025-05-26,543,76.48,Received
PO000640,SUP00023,PROD00016,2026-03-30,2026-04-27,66,17.31,Received
PO000641,SUP00024,PROD00071,2025-08-12,2025-09-15,138,97.95,Received
PO000642,SUP00015,PROD00089,2025-03-28,2025-05-24,241,62.91,Received
PO000643,SUP00009,PROD00135,2026-01-18,2026-02-26,933,34.12,Received
PO000644,SUP00017,PROD00341,2025-01-17,2025-03-14,78,63.74,Received
PO000645,SUP00010,PROD00465,2025-12-04,2026-01-21,543,117.7,Cancelled
PO000646,SUP00012,PROD00207,2026-02-26,2026-04-09,465,16.15,Received
PO000647,SUP00031,PROD00266,2025-02-01,2025-03-05,930,107.04,Received
PO000648,SUP00012,PROD00416,2026-04-14,2026-05-26,667,68.25,Received
PO000649,SUP00021,PROD00021,2026-03-07,2026-04-04,161,34.52,Received
PO000650,SUP00022,PROD00284,2026-02-05,2026-03-08,580,49.6,Received
PO000651,SUP00028,PROD00013,2025-06-03,2025-06-29,390,31.44,Received
PO000652,SUP00030,PROD00476,2026-01-25,2026-02-24,141,23.1,Received
PO000653,SUP00015,PROD00107,2025-05-25,2025-07-21,259,74.34,Received
PO000654,SUP00019,PROD00480,2025-04-14,2025-06-12,693,64.5,Cancelled
PO000655,SUP00007,PROD00371,2025-01-11,2025-02-23,623,75.2,Received
PO000656,SUP00018,PROD00472,2026-06-01,2026-07-09,651,85.1,Received
PO000657,SUP00036,PROD00201,2026-03-17,2026-03-25,387,77.04,Received
PO000658,SUP00006,PROD00481,2026-01-10,2026-02-27,328,100.19,Received
PO000659,SUP00026,PROD00185,2025-03-29,2025-04-23,529,21.74,In Transit
PO000660,SUP00002,PROD00210,2026-01-15,2026-03-09,267,11.86,Received
PO000661,SUP00020,PROD00216,2025-03-20,2025-05-12,476,99.55,Received
PO000662,SUP00034,PROD00424,2025-06-15,2025-06-17,985,81.81,Received
PO000663,SUP00023,PROD00242,2025-12-21,2026-01-18,380,72.81,Received
PO000664,SUP00014,PROD00033,2025-06-13,2025-08-08,750,115.17,Received
PO000665,SUP00016,PROD00288,2025-03-18,2025-05-07,493,19.89,Received
PO000666,SUP00004,PROD00320,2026-06-14,2026-07-30,868,85.25,Received
PO000667,SUP00034,PROD00275,2025-10-09,2025-10-11,620,48.24,Received
PO000668,SUP00019,PROD00162,2025-10-07,2025-12-05,800,114.6,Received
PO000669,SUP00026,PROD00231,2025-03-22,2025-04-16,219,19.42,Received
PO000670,SUP00029,PROD00183,2025-12-10,2026-01-08,130,72.05,In Transit
PO000671,SUP00005,PROD00431,2025-05-21,2025-07-08,656,39.69,Received
PO000672,SUP00011,PROD00111,2025-09-15,2025-10-26,381,93.28,Received
PO000673,SUP00010,PROD00223,2025-05-14,2025-07-01,234,117.44,Received
PO000674,SUP00035,PROD00323,2025-02-27,2025-03-02,262,17.07,Received
PO000675,SUP00014,PROD00138,2026-06-05,2026-07-31,144,97.02,Received
PO000676,SUP00021,PROD00020,2025-08-24,2025-09-21,779,46.64,In Transit
PO000677,SUP00039,PROD00041,2026-01-17,2026-01-22,192,11.05,Received
PO000678,SUP00019,PROD00290,2025-07-21,2025-09-18,664,95.94,Received
PO000679,SUP00011,PROD00327,2025-07-22,2025-09-01,760,117.3,Received
PO000680,SUP00034,PROD00004,2025-03-28,2025-03-30,890,67.28,Received
PO000681,SUP00038,PROD00193,2026-04-20,2026-04-26,941,58.58,Received
PO000682,SUP00012,PROD00207,2025-10-25,2025-12-06,115,16.15,Received
PO000683,SUP00030,PROD00476,2026-05-16,2026-06-15,307,23.1,Received
PO000684,SUP00028,PROD00013,2026-03-30,2026-04-25,780,31.44,In Transit
PO000685,SUP00008,PROD00489,2025-12-26,2026-02-13,522,20.0,Received
PO000686,SUP00024,PROD00019,2025-10-24,2025-11-27,975,53.42,Received
PO000687,SUP00029,PROD00312,2025-09-23,2025-10-22,611,113.76,Received
PO000688,SUP00019,PROD00145,2025-04-28,2025-06-26,799,51.41,Received
PO000689,SUP00035,PROD00337,2025-05-10,2025-05-13,78,105.76,Received
PO000690,SUP00003,PROD00165,2025-12-26,2026-01-30,345,6.67,In Transit
PO000691,SUP00001,PROD00376,2025-08-17,2025-09-22,481,54.85,Received
PO000692,SUP00028,PROD00173,2025-01-07,2025-02-02,838,23.74,Received
PO000693,SUP00019,PROD00204,2026-05-14,2026-07-12,824,77.04,Received
PO000694,SUP00020,PROD00030,2026-03-29,2026-05-21,674,67.27,Received
PO000695,SUP00019,PROD00436,2025-11-17,2026-01-15,524,25.77,In Transit
PO000696,SUP00007,PROD00311,2026-05-31,2026-07-13,591,20.86,Received
PO000697,SUP00006,PROD00458,2025-10-30,2025-12-17,553,95.79,Received
PO000698,SUP00007,PROD00474,2025-02-19,2025-04-03,681,30.16,Received
PO000699,SUP00009,PROD00135,2026-07-25,2026-09-02,596,34.12,In Transit
PO000700,SUP00011,PROD00083,2025-09-10,2025-10-21,343,95.92,Received
PO000701,SUP00014,PROD00197,2025-02-09,2025-04-06,916,82.63,Received
PO000702,SUP00019,PROD00303,2026-06-30,2026-08-28,80,110.75,Received
PO000703,SUP00029,PROD00393,2025-01-16,2025-02-14,349,83.05,Received
PO000704,SUP00024,PROD00365,2026-02-09,2026-03-15,679,26.95,Received
PO000705,SUP00036,PROD00017,2025-06-05,2025-06-13,989,5.45,In Transit
PO000706,SUP00020,PROD00241,2026-06-22,2026-08-14,813,68.68,Received
PO000707,SUP00010,PROD00042,2025-02-02,2025-03-22,807,37.62,Received
PO000708,SUP00031,PROD00266,2025-12-10,2026-01-11,318,107.04,Received
PO000709,SUP00006,PROD00481,2026-05-26,2026-07-13,699,100.19,Received
PO000710,SUP00023,PROD00242,2025-01-08,2025-02-05,189,72.81,Received
PO000711,SUP00032,PROD00387,2025-05-11,2025-06-13,376,19.4,Received
PO000712,SUP00002,PROD00028,2025-10-27,2025-12-19,237,19.07,Received
PO000713,SUP00029,PROD00281,2025-06-03,2025-07-02,555,16.69,Received
PO000714,SUP00029,PROD00274,2026-01-25,2026-02-23,407,116.04,Received
PO000715,SUP00004,PROD00174,2026-05-16,2026-07-01,950,101.09,In Transit
PO000716,SUP00040,PROD00065,2025-01-28,2025-02-04,289,40.42,Received
PO000717,SUP00009,PROD00262,2025-10-20,2025-11-28,933,50.87,Received
PO000718,SUP00031,PROD00464,2026-02-23,2026-03-27,230,91.99,Received
PO000719,SUP00013,PROD00422,2025-01-04,2025-02-08,632,75.77,Received
PO000720,SUP00008,PROD00169,2026-03-01,2026-04-19,253,109.98,Received
PO000721,SUP00007,PROD00311,2025-05-07,2025-06-19,25,20.86,Received
PO000722,SUP00015,PROD00143,2026-06-18,2026-08-14,83,64.12,In Transit
PO000723,SUP00028,PROD00395,2025-08-09,2025-09-04,521,52.64,Received
PO000724,SUP00027,PROD00285,2025-01-14,2025-02-23,404,113.07,Received
PO000725,SUP00039,PROD00050,2025-10-03,2025-10-08,810,41.44,Received
PO000726,SUP00022,PROD00413,2025-02-28,2025-03-31,747,29.36,Received
PO000727,SUP00004,PROD00306,2025-10-16,2025-12-01,134,93.92,Received
PO000728,SUP00036,PROD00264,2025-05-14,2025-05-22,125,76.58,In Transit
PO000729,SUP00003,PROD00246,2025-02-17,2025-03-24,309,43.68,In Transit
PO000730,SUP00004,PROD00456,2026-05-30,2026-07-15,478,89.96,In Transit
PO000731,SUP00029,PROD00281,2026-06-12,2026-07-11,146,16.69,Received
PO000732,SUP00038,PROD00448,2025-11-07,2025-11-13,955,31.6,Received
PO000733,SUP00008,PROD00069,2025-05-10,2025-06-28,994,99.18,Received
PO000734,SUP00019,PROD00467,2026-07-24,2026-09-21,804,32.21,In Transit
PO000735,SUP00025,PROD00260,2025-12-13,2026-01-20,596,116.38,Received
PO000736,SUP00029,PROD00418,2026-05-01,2026-05-30,665,64.11,In Transit
PO000737,SUP00016,PROD00109,2026-02-28,2026-04-19,265,63.48,Received
PO000738,SUP00009,PROD00135,2026-05-01,2026-06-09,896,34.12,In Transit
PO000739,SUP00023,PROD00155,2025-01-03,2025-01-31,860,2.98,Received
PO000740,SUP00008,PROD00248,2025-02-12,2025-04-02,237,15.43,Received
PO000741,SUP00025,PROD00348,2026-02-02,2026-03-12,338,66.3,In Transit
PO000742,SUP00009,PROD00262,2025-01-04,2025-02-12,630,50.87,In Transit
PO000743,SUP00015,PROD00134,2025-06-09,2025-08-05,42,13.23,Received
PO000744,SUP00020,PROD00241,2025-11-27,2026-01-19,196,68.68,Received
PO000745,SUP00002,PROD00027,2025-09-11,2025-11-03,777,36.11,Received
PO000746,SUP00009,PROD00160,2026-01-09,2026-02-17,661,107.39,In Transit
PO000747,SUP00036,PROD00017,2026-02-27,2026-03-07,163,5.45,Cancelled
PO000748,SUP00006,PROD00167,2025-10-31,2025-12-18,791,113.33,Received
PO000749,SUP00029,PROD00393,2025-09-04,2025-10-03,983,83.05,Received
PO000750,SUP00038,PROD00354,2025-08-12,2025-08-18,791,79.11,Received
PO000751,SUP00014,PROD00389,2025-02-02,2025-03-30,489,20.88,Received
PO000752,SUP00037,PROD00092,2025-01-10,2025-01-16,493,75.09,In Transit
PO000753,SUP00009,PROD00127,2025-03-03,2025-04-11,523,71.25,Received
PO000754,SUP00032,PROD00053,2025-09-11,2025-10-14,394,7.39,Cancelled
PO000755,SUP00025,PROD00385,2026-03-12,2026-04-19,695,54.67,Received
PO000756,SUP00037,PROD00305,2025-08-05,2025-08-11,312,17.13,In Transit
PO000757,SUP00032,PROD00428,2025-05-28,2025-06-30,172,50.97,Received
PO000758,SUP00032,PROD00146,2025-05-11,2025-06-13,476,119.82,Received
PO000759,SUP00018,PROD00243,2025-11-18,2025-12-26,638,85.88,Cancelled
PO000760,SUP00038,PROD00354,2026-05-28,2026-06-03,635,79.11,In Transit
PO000761,SUP00026,PROD00231,2025-01-23,2025-02-17,828,19.42,Received
PO000762,SUP00010,PROD00088,2025-10-09,2025-11-26,931,21.56,Received
PO000763,SUP00017,PROD00426,2026-06-27,2026-08-22,624,61.07,Received
PO000764,SUP00039,PROD00116,2026-04-17,2026-04-22,138,17.71,Received
PO000765,SUP00012,PROD00438,2026-05-23,2026-07-04,484,29.08,In Transit
PO000766,SUP00013,PROD00372,2025-10-01,2025-11-05,165,68.94,Received
PO000767,SUP00038,PROD00354,2026-05-27,2026-06-02,342,79.11,Received
PO000768,SUP00037,PROD00383,2026-04-28,2026-05-04,117,11.61,Received
PO000769,SUP00013,PROD00335,2025-06-16,2025-07-21,389,116.36,Received
PO000770,SUP00038,PROD00354,2026-01-29,2026-02-04,991,79.11,In Transit
PO000771,SUP00025,PROD00080,2025-06-02,2025-07-10,397,40.12,Received
PO000772,SUP00038,PROD00193,2025-08-31,2025-09-06,815,58.58,Received
PO000773,SUP00027,PROD00063,2025-12-21,2026-01-30,661,83.07,In Transit
PO000774,SUP00004,PROD00330,2025-03-02,2025-04-17,548,49.9,Received
PO000775,SUP00015,PROD00089,2026-07-21,2026-09-16,698,62.91,Cancelled
PO000776,SUP00032,PROD00146,2025-10-31,2025-12-03,286,119.82,Received
PO000777,SUP00005,PROD00496,2026-01-01,2026-02-18,858,85.41,Received
PO000778,SUP00021,PROD00020,2025-03-14,2025-04-11,401,46.64,Received
PO000779,SUP00025,PROD00473,2026-04-30,2026-06-07,122,43.16,Received
PO000780,SUP00029,PROD00393,2025-04-12,2025-05-11,204,83.05,In Transit
PO000781,SUP00029,PROD00183,2026-06-25,2026-07-24,193,72.05,Received
PO000782,SUP00003,PROD00254,2025-05-11,2025-06-15,193,25.18,Received
PO000783,SUP00011,PROD00327,2025-12-18,2026-01-28,493,117.3,Received
PO000784,SUP00022,PROD00124,2025-07-15,2025-08-15,714,32.58,In Transit
PO000785,SUP00007,PROD00371,2026-02-21,2026-04-05,34,75.2,Received
PO000786,SUP00032,PROD00466,2026-05-26,2026-06-28,789,43.75,Received
PO000787,SUP00006,PROD00113,2025-08-14,2025-10-01,555,56.91,Received
PO000788,SUP00017,PROD00189,2025-01-10,2025-03-07,689,8.19,Received
PO000789,SUP00018,PROD00062,2026-04-13,2026-05-21,641,2.83,Received
PO000790,SUP00040,PROD00054,2026-04-18,2026-04-25,646,119.87,Received
PO000791,SUP00006,PROD00491,2026-07-12,2026-08-29,688,40.56,Cancelled
PO000792,SUP00011,PROD00083,2026-04-13,2026-05-24,403,95.92,Received
PO000793,SUP00028,PROD00427,2025-03-24,2025-04-19,706,96.22,Received
PO000794,SUP00032,PROD00279,2025-05-04,2025-06-06,312,24.11,In Transit
PO000795,SUP00010,PROD00082,2025-06-04,2025-07-22,282,91.06,Received
PO000796,SUP00029,PROD00182,2026-02-27,2026-03-28,916,44.65,In Transit
PO000797,SUP00022,PROD00271,2025-10-03,2025-11-03,855,117.4,Received
PO000798,SUP00011,PROD00327,2025-06-01,2025-07-12,613,117.3,Received
PO000799,SUP00039,PROD00342,2025-10-28,2025-11-02,771,93.19,Received
PO000800,SUP00025,PROD00374,2025-05-18,2025-06-25,981,7.02,In Transit
PO000801,SUP00026,PROD00052,2025-01-30,2025-02-24,730,26.45,Received
PO000802,SUP00010,PROD00082,2025-04-18,2025-06-05,174,91.06,Received
PO000803,SUP00012,PROD00309,2025-03-10,2025-04-21,138,24.49,Received
PO000804,SUP00008,PROD00390,2025-01-10,2025-02-28,83,84.33,Received
PO000805,SUP00001,PROD00059,2025-07-17,2025-08-22,232,29.89,Received
PO000806,SUP00039,PROD00103,2025-08-29,2025-09-03,500,24.71,Received
PO000807,SUP00039,PROD00319,2025-12-31,2026-01-05,182,24.36,Received
PO000808,SUP00038,PROD00448,2025-03-18,2025-03-24,943,31.6,Received
PO000809,SUP00039,PROD00041,2026-05-21,2026-05-26,856,11.05,Received
PO000810,SUP00015,PROD00362,2025-09-05,2025-11-01,272,62.8,Received
PO000811,SUP00009,PROD00102,2025-05-14,2025-06-22,844,83.97,Received
PO000812,SUP00024,PROD00430,2025-09-05,2025-10-09,260,60.46,Received
PO000813,SUP00031,PROD00118,2026-04-19,2026-05-21,766,50.99,Received
PO000814,SUP00006,PROD00481,2025-02-06,2025-03-26,897,100.19,Cancelled
PO000815,SUP00019,PROD00467,2025-01-01,2025-03-01,862,32.21,Received
PO000816,SUP00009,PROD00044,2025-10-23,2025-12-01,161,85.11,Received
PO000817,SUP00033,PROD00184,2026-05-16,2026-05-18,388,72.08,Received
PO000818,SUP00037,PROD00092,2025-01-15,2025-01-21,129,75.09,Received
PO000819,SUP00010,PROD00101,2025-09-08,2025-10-26,48,119.35,In Transit
PO000820,SUP00009,PROD00127,2025-05-01,2025-06-09,515,71.25,Received
PO000821,SUP00032,PROD00157,2025-11-05,2025-12-08,183,10.04,Received
PO000822,SUP00009,PROD00457,2026-02-01,2026-03-12,56,110.24,Received
PO000823,SUP00023,PROD00098,2025-01-19,2025-02-16,603,65.43,Received
PO000824,SUP00040,PROD00087,2026-05-15,2026-05-22,961,69.7,Received
PO000825,SUP00020,PROD00282,2026-02-26,2026-04-20,254,11.64,Received
PO000826,SUP00026,PROD00364,2026-03-18,2026-04-12,534,70.53,Received
PO000827,SUP00003,PROD00194,2025-05-23,2025-06-27,710,79.58,In Transit
PO000828,SUP00031,PROD00008,2025-11-29,2025-12-31,523,82.27,Received
PO000829,SUP00004,PROD00174,2025-02-26,2025-04-13,553,101.09,Received
PO000830,SUP00026,PROD00344,2026-03-14,2026-04-08,316,42.74,Received
PO000831,SUP00020,PROD00115,2025-11-05,2025-12-28,667,93.81,Received
PO000832,SUP00036,PROD00264,2026-03-24,2026-04-01,869,76.58,Received
PO000833,SUP00015,PROD00143,2026-01-30,2026-03-28,510,64.12,Received
PO000834,SUP00029,PROD00307,2025-02-24,2025-03-25,330,115.49,In Transit
PO000835,SUP00014,PROD00090,2025-12-11,2026-02-05,474,65.54,Received
PO000836,SUP00017,PROD00081,2026-05-28,2026-07-23,795,81.15,In Transit
PO000837,SUP00003,PROD00091,2026-07-12,2026-08-16,998,35.39,In Transit
PO000838,SUP00010,PROD00225,2026-06-29,2026-08-16,185,67.86,Received
PO000839,SUP00030,PROD00326,2025-05-31,2025-06-30,964,87.14,Received
PO000840,SUP00019,PROD00361,2026-07-19,2026-09-16,229,41.12,Received
PO000841,SUP00031,PROD00095,2026-04-17,2026-05-19,377,110.22,In Transit
PO000842,SUP00032,PROD00339,2025-05-17,2025-06-19,631,104.7,Received
PO000843,SUP00021,PROD00020,2025-08-11,2025-09-08,109,46.64,In Transit
PO000844,SUP00014,PROD00090,2025-01-28,2025-03-25,985,65.54,Received
PO000845,SUP00006,PROD00180,2025-03-28,2025-05-15,632,44.98,In Transit
PO000846,SUP00020,PROD00282,2025-05-13,2025-07-05,635,11.64,Received
PO000847,SUP00034,PROD00408,2026-04-16,2026-04-18,178,16.36,Received
PO000848,SUP00028,PROD00461,2026-03-28,2026-04-23,505,26.16,Received
PO000849,SUP00001,PROD00014,2026-01-28,2026-03-05,78,101.63,Received
PO000850,SUP00022,PROD00100,2025-01-09,2025-02-09,40,76.08,Received
PO000851,SUP00035,PROD00381,2026-05-25,2026-05-28,66,41.86,Received
PO000852,SUP00002,PROD00028,2025-04-01,2025-05-24,234,19.07,In Transit
PO000853,SUP00019,PROD00263,2025-08-03,2025-10-01,41,19.29,Received
PO000854,SUP00013,PROD00372,2026-03-17,2026-04-21,834,68.94,Received
PO000855,SUP00039,PROD00050,2026-03-03,2026-03-08,724,41.44,Cancelled
PO000856,SUP00026,PROD00185,2025-05-12,2025-06-06,273,21.74,Received
PO000857,SUP00039,PROD00116,2025-08-05,2025-08-10,428,17.71,Received
PO000858,SUP00039,PROD00338,2025-04-08,2025-04-13,35,103.48,Cancelled
PO000859,SUP00016,PROD00321,2026-01-18,2026-03-09,394,35.33,In Transit
PO000860,SUP00010,PROD00308,2025-12-14,2026-01-31,531,6.64,Received
PO000861,SUP00003,PROD00075,2025-05-23,2025-06-27,913,20.02,Cancelled
PO000862,SUP00030,PROD00137,2026-07-22,2026-08-21,787,20.2,Received
PO000863,SUP00008,PROD00248,2025-08-02,2025-09-20,539,15.43,Cancelled
PO000864,SUP00019,PROD00480,2025-05-30,2025-07-28,822,64.5,In Transit
PO000865,SUP00012,PROD00132,2025-11-29,2026-01-10,354,75.66,Received
PO000866,SUP00040,PROD00221,2025-03-11,2025-03-18,775,15.25,Received
PO000867,SUP00032,PROD00339,2025-04-20,2025-05-23,56,104.7,Received
PO000868,SUP00031,PROD00168,2025-01-04,2025-02-05,512,56.39,Received
PO000869,SUP00022,PROD00100,2026-01-15,2026-02-15,230,76.08,Received
PO000870,SUP00039,PROD00226,2026-02-26,2026-03-03,723,104.64,In Transit
PO000871,SUP00002,PROD00495,2026-03-13,2026-05-05,587,54.45,In Transit
PO000872,SUP00003,PROD00165,2025-04-12,2025-05-17,360,6.67,Received
PO000873,SUP00027,PROD00149,2026-06-22,2026-08-01,499,113.69,Received
PO000874,SUP00009,PROD00044,2025-02-15,2025-03-26,729,85.11,Received
PO000875,SUP00034,PROD00408,2025-12-12,2025-12-14,68,16.36,In Transit
PO000876,SUP00006,PROD00167,2025-04-13,2025-05-31,413,113.33,Received
PO000877,SUP00035,PROD00381,2025-04-17,2025-04-20,267,41.86,Received
PO000878,SUP00015,PROD00143,2026-06-10,2026-08-06,481,64.12,Received
PO000879,SUP00035,PROD00269,2025-05-25,2025-05-28,433,78.61,Received
PO000880,SUP00030,PROD00476,2025-06-02,2025-07-02,373,23.1,Received
PO000881,SUP00020,PROD00375,2025-11-06,2025-12-29,695,107.45,Received
PO000882,SUP00016,PROD00047,2025-03-10,2025-04-29,218,69.13,Received
PO000883,SUP00037,PROD00220,2026-04-03,2026-04-09,249,56.26,Received
PO000884,SUP00035,PROD00031,2026-05-14,2026-05-17,413,20.11,Cancelled
PO000885,SUP00007,PROD00245,2025-07-11,2025-08-23,265,62.66,Received
PO000886,SUP00020,PROD00241,2025-10-11,2025-12-03,150,68.68,Received
PO000887,SUP00022,PROD00253,2025-03-16,2025-04-16,587,12.72,Received
PO000888,SUP00033,PROD00317,2025-08-24,2025-08-26,416,108.02,Received
PO000889,SUP00012,PROD00132,2025-05-29,2025-07-10,182,75.66,Received
PO000890,SUP00040,PROD00313,2025-06-15,2025-06-22,927,57.58,Received
PO000891,SUP00006,PROD00458,2025-05-13,2025-06-30,490,95.79,Received
PO000892,SUP00016,PROD00051,2025-03-05,2025-04-24,942,34.94,Received
PO000893,SUP00020,PROD00333,2025-10-22,2025-12-14,309,105.32,Received
PO000894,SUP00018,PROD00324,2025-12-17,2026-01-24,608,119.9,Received
PO000895,SUP00024,PROD00117,2025-05-13,2025-06-16,265,97.57,Cancelled
PO000896,SUP00019,PROD00066,2025-01-18,2025-03-18,37,72.1,Received
PO000897,SUP00025,PROD00385,2025-02-14,2025-03-24,819,54.67,Received
PO000898,SUP00028,PROD00452,2025-08-23,2025-09-18,446,29.83,Cancelled
PO000899,SUP00017,PROD00224,2025-07-31,2025-09-25,56,51.76,In Transit
PO000900,SUP00016,PROD00110,2025-06-23,2025-08-12,425,38.98,In Transit
PO000901,SUP00012,PROD00132,2025-01-12,2025-02-23,828,75.66,Received
PO000902,SUP00007,PROD00015,2025-05-28,2025-07-10,702,59.5,Received
PO000903,SUP00028,PROD00013,2025-04-29,2025-05-25,264,31.44,In Transit
PO000904,SUP00007,PROD00072,2026-04-10,2026-05-23,795,21.1,Received
PO000905,SUP00011,PROD00289,2026-06-13,2026-07-24,544,10.53,Received
PO000906,SUP00016,PROD00287,2025-03-16,2025-05-05,289,92.82,In Transit
PO000907,SUP00008,PROD00318,2026-03-27,2026-05-15,929,84.03,In Transit
PO000908,SUP00001,PROD00147,2025-12-31,2026-02-05,329,77.82,Received
PO000909,SUP00040,PROD00329,2025-04-30,2025-05-07,42,11.94,Received
PO000910,SUP00004,PROD00330,2025-06-27,2025-08-12,570,49.9,Received
PO000911,SUP00039,PROD00076,2026-06-19,2026-06-24,737,93.93,Received
PO000912,SUP00019,PROD00467,2025-12-13,2026-02-10,823,32.21,Received
PO000913,SUP00024,PROD00166,2025-09-13,2025-10-17,994,89.62,Received
PO000914,SUP00032,PROD00405,2025-07-14,2025-08-16,339,53.12,Received
PO000915,SUP00005,PROD00294,2025-10-22,2025-12-09,144,37.38,Received
PO000916,SUP00035,PROD00493,2025-09-24,2025-09-27,561,53.9,Received
PO000917,SUP00038,PROD00199,2025-05-09,2025-05-15,251,45.13,Received
PO000918,SUP00027,PROD00469,2025-05-26,2025-07-05,595,29.54,Cancelled
PO000919,SUP00014,PROD00033,2025-11-23,2026-01-18,691,115.17,In Transit
PO000920,SUP00016,PROD00321,2025-07-30,2025-09-18,610,35.33,Cancelled
PO000921,SUP00014,PROD00090,2026-01-16,2026-03-13,615,65.54,Received
PO000922,SUP00003,PROD00268,2025-10-11,2025-11-15,362,88.14,Received
PO000923,SUP00009,PROD00435,2025-11-20,2025-12-29,981,17.84,Received
PO000924,SUP00019,PROD00467,2025-04-09,2025-06-07,341,32.21,In Transit
PO000925,SUP00014,PROD00396,2025-12-10,2026-02-04,140,56.43,Received
PO000926,SUP00033,PROD00085,2025-04-28,2025-04-30,995,92.8,Received
PO000927,SUP00033,PROD00070,2025-05-17,2025-05-19,162,92.79,Received
PO000928,SUP00022,PROD00433,2025-09-28,2025-10-29,547,66.7,Cancelled
PO000929,SUP00012,PROD00114,2025-02-02,2025-03-16,890,39.01,Received
PO000930,SUP00006,PROD00481,2026-04-12,2026-05-30,49,100.19,Received
PO000931,SUP00004,PROD00139,2025-02-09,2025-03-27,194,22.75,Received
PO000932,SUP00018,PROD00472,2025-12-12,2026-01-19,441,85.1,In Transit
PO000933,SUP00036,PROD00179,2025-01-08,2025-01-16,641,97.28,Received
PO000934,SUP00003,PROD00075,2026-01-16,2026-02-20,663,20.02,Received
PO000935,SUP00032,PROD00297,2026-02-08,2026-03-13,960,43.07,In Transit
PO000936,SUP00020,PROD00282,2026-07-05,2026-08-27,682,11.64,Received
PO000937,SUP00035,PROD00447,2025-07-31,2025-08-03,231,92.72,Cancelled
PO000938,SUP00016,PROD00109,2026-03-10,2026-04-29,575,63.48,Received
PO000939,SUP00010,PROD00082,2025-10-21,2025-12-08,415,91.06,Received
PO000940,SUP00040,PROD00221,2025-05-01,2025-05-08,83,15.25,In Transit
PO000941,SUP00020,PROD00347,2025-10-21,2025-12-13,416,54.96,Received
PO000942,SUP00031,PROD00203,2025-03-23,2025-04-24,39,38.68,Received
PO000943,SUP00002,PROD00028,2026-03-24,2026-05-16,132,19.07,Received
PO000944,SUP00036,PROD00201,2026-06-07,2026-06-15,209,77.04,Received
PO000945,SUP00033,PROD00332,2025-03-04,2025-03-06,124,42.21,Received
PO000946,SUP00024,PROD00365,2025-04-25,2025-05-29,134,26.95,Received
PO000947,SUP00012,PROD00367,2025-03-10,2025-04-21,54,93.45,Received
PO000948,SUP00037,PROD00032,2025-02-09,2025-02-15,751,24.19,Received
PO000949,SUP00033,PROD00500,2025-03-16,2025-03-18,347,5.13,Received
PO000950,SUP00002,PROD00060,2026-03-22,2026-05-14,994,28.14,Received
PO000951,SUP00022,PROD00284,2026-02-05,2026-03-08,343,49.6,In Transit
PO000952,SUP00019,PROD00436,2025-07-22,2025-09-19,996,25.77,Received
PO000953,SUP00036,PROD00264,2026-05-20,2026-05-28,624,76.58,Received
PO000954,SUP00040,PROD00087,2025-06-06,2025-06-13,802,69.7,Received
PO000955,SUP00011,PROD00133,2025-10-28,2025-12-08,593,8.02,Received
PO000956,SUP00004,PROD00330,2025-02-19,2025-04-06,515,49.9,Received
PO000957,SUP00019,PROD00361,2025-09-29,2025-11-27,73,41.12,Received
PO000958,SUP00028,PROD00173,2026-03-14,2026-04-09,647,23.74,Received
PO000959,SUP00001,PROD00014,2025-12-03,2026-01-08,887,101.63,Received
PO000960,SUP00028,PROD00452,2026-07-13,2026-08-08,585,29.83,Received
PO000961,SUP00039,PROD00116,2026-05-15,2026-05-20,192,17.71,Received
PO000962,SUP00020,PROD00241,2025-11-07,2025-12-30,136,68.68,Received
PO000963,SUP00018,PROD00062,2026-04-15,2026-05-23,634,2.83,Received
PO000964,SUP00003,PROD00144,2026-02-13,2026-03-20,205,69.23,Cancelled
PO000965,SUP00028,PROD00395,2026-02-23,2026-03-21,84,52.64,Received
PO000966,SUP00008,PROD00069,2025-03-13,2025-05-01,613,99.18,Received
PO000967,SUP00005,PROD00301,2026-03-05,2026-04-22,370,38.81,Received
PO000968,SUP00015,PROD00107,2026-07-12,2026-09-07,58,74.34,Received
PO000969,SUP00010,PROD00296,2026-05-20,2026-07-07,785,5.44,In Transit
PO000970,SUP00038,PROD00009,2026-01-14,2026-01-20,116,56.81,In Transit
PO000971,SUP00010,PROD00034,2026-04-05,2026-05-23,316,4.51,Received
PO000972,SUP00014,PROD00400,2025-03-29,2025-05-24,530,62.68,Received
PO000973,SUP00030,PROD00392,2025-11-03,2025-12-03,792,53.69,In Transit
PO000974,SUP00025,PROD00348,2025-03-01,2025-04-08,620,66.3,Cancelled
PO000975,SUP00036,PROD00017,2025-03-30,2025-04-07,450,5.45,Received
PO000976,SUP00013,PROD00398,2026-02-07,2026-03-14,209,77.47,Received
PO000977,SUP00025,PROD00473,2025-07-16,2025-08-23,306,43.16,In Transit
PO000978,SUP00006,PROD00113,2025-03-16,2025-05-03,213,56.91,Received
PO000979,SUP00031,PROD00203,2025-02-28,2025-04-01,976,38.68,Received
PO000980,SUP00007,PROD00462,2025-08-13,2025-09-25,723,92.41,Cancelled
PO000981,SUP00039,PROD00209,2026-06-26,2026-07-01,273,55.14,Received
PO000982,SUP00032,PROD00297,2025-06-10,2025-07-13,371,43.07,Received
PO000983,SUP00019,PROD00480,2025-08-22,2025-10-20,364,64.5,Received
PO000984,SUP00014,PROD00007,2026-02-21,2026-04-18,964,117.98,Cancelled
PO000985,SUP00016,PROD00051,2026-05-02,2026-06-21,917,34.94,In Transit
PO000986,SUP00001,PROD00147,2026-05-28,2026-07-03,809,77.82,Received
PO000987,SUP00016,PROD00109,2026-06-21,2026-08-10,687,63.48,Received
PO000988,SUP00024,PROD00038,2025-06-28,2025-08-01,643,38.59,In Transit
PO000989,SUP00010,PROD00105,2026-01-30,2026-03-19,876,68.47,Received
PO000990,SUP00024,PROD00038,2026-03-01,2026-04-04,448,38.59,Received
PO000991,SUP00032,PROD00410,2025-11-21,2025-12-24,673,78.81,Received
PO000992,SUP00027,PROD00099,2025-12-01,2026-01-10,673,10.55,Received
PO000993,SUP00033,PROD00070,2026-02-24,2026-02-26,694,92.79,Received
PO000994,SUP00022,PROD00253,2026-01-07,2026-02-07,473,12.72,In Transit
PO000995,SUP00033,PROD00200,2025-10-30,2025-11-01,555,51.64,In Transit
PO000996,SUP00023,PROD00213,2025-09-06,2025-10-04,585,45.71,In Transit
PO000997,SUP00025,PROD00260,2026-05-01,2026-06-08,772,116.38,Received
PO000998,SUP00017,PROD00093,2025-03-03,2025-04-28,385,47.1,Cancelled
PO000999,SUP00029,PROD00183,2026-06-29,2026-07-28,174,72.05,Received
PO001000,SUP00007,PROD00429,2025-01-20,2025-03-04,700,92.65,Received
PO001001,SUP00028,PROD00295,2025-09-19,2025-10-15,712,73.28,Received
PO001002,SUP00002,PROD00028,2026-03-05,2026-04-27,386,19.07,Received
PO001003,SUP00023,PROD00205,2025-05-30,2025-06-27,349,97.15,Cancelled
PO001004,SUP00010,PROD00296,2026-07-02,2026-08-19,93,5.44,Received
PO001005,SUP00031,PROD00095,2025-10-08,2025-11-09,645,110.22,Received
PO001006,SUP00019,PROD00263,2025-12-05,2026-02-02,685,19.29,In Transit
PO001007,SUP00031,PROD00168,2025-06-06,2025-07-08,614,56.39,In Transit
PO001008,SUP00037,PROD00128,2025-06-14,2025-06-20,93,104.87,Received
PO001009,SUP00035,PROD00493,2025-02-14,2025-02-17,89,53.9,Received
PO001010,SUP00036,PROD00201,2025-10-15,2025-10-23,437,77.04,Received
PO001011,SUP00007,PROD00311,2026-07-02,2026-08-14,106,20.86,Received
PO001012,SUP00022,PROD00025,2026-05-22,2026-06-22,60,107.98,In Transit
PO001013,SUP00016,PROD00109,2025-08-16,2025-10-05,829,63.48,Received
PO001014,SUP00012,PROD00416,2025-07-09,2025-08-20,402,68.25,Cancelled
PO001015,SUP00015,PROD00143,2025-07-01,2025-08-27,936,64.12,Received
PO001016,SUP00002,PROD00495,2025-05-21,2025-07-13,246,54.45,Received
PO001017,SUP00021,PROD00120,2025-06-03,2025-07-01,205,109.58,In Transit
PO001018,SUP00007,PROD00388,2025-07-12,2025-08-24,977,32.55,Received
PO001019,SUP00032,PROD00405,2025-09-27,2025-10-30,213,53.12,Received
PO001020,SUP00013,PROD00422,2026-05-19,2026-06-23,756,75.77,Received
PO001021,SUP00029,PROD00312,2025-11-26,2025-12-25,218,113.76,In Transit
PO001022,SUP00023,PROD00273,2025-09-26,2025-10-24,952,57.25,Received
PO001023,SUP00023,PROD00353,2025-11-23,2025-12-21,155,110.39,Received
PO001024,SUP00023,PROD00213,2026-04-14,2026-05-12,85,45.71,Received
PO001025,SUP00029,PROD00182,2026-01-28,2026-02-26,771,44.65,Received
PO001026,SUP00009,PROD00262,2025-12-17,2026-01-25,620,50.87,In Transit
PO001027,SUP00036,PROD00346,2025-03-06,2025-03-14,753,104.62,Received
PO001028,SUP00016,PROD00443,2026-04-15,2026-06-04,595,79.89,Received
PO001029,SUP00032,PROD00236,2025-05-15,2025-06-17,845,68.5,Received
PO001030,SUP00036,PROD00450,2025-07-09,2025-07-17,907,47.9,Received
PO001031,SUP00017,PROD00341,2025-01-28,2025-03-25,430,63.74,Received
PO001032,SUP00030,PROD00476,2025-03-31,2025-04-30,180,23.1,Received
PO001033,SUP00001,PROD00059,2025-06-12,2025-07-18,671,29.89,Received
PO001034,SUP00011,PROD00289,2026-05-22,2026-07-02,649,10.53,Received
PO001035,SUP00031,PROD00008,2025-12-04,2026-01-05,739,82.27,Received
PO001036,SUP00025,PROD00348,2026-01-02,2026-02-09,426,66.3,Received
PO001037,SUP00040,PROD00087,2025-04-15,2025-04-22,719,69.7,In Transit
PO001038,SUP00035,PROD00444,2025-11-14,2025-11-17,432,109.39,Received
PO001039,SUP00022,PROD00100,2025-08-30,2025-09-30,244,76.08,Received
PO001040,SUP00027,PROD00078,2026-05-03,2026-06-12,980,17.58,Received
PO001041,SUP00010,PROD00484,2026-04-09,2026-05-27,672,4.15,Received
PO001042,SUP00029,PROD00482,2025-02-09,2025-03-10,118,104.72,Received
PO001043,SUP00005,PROD00414,2025-01-05,2025-02-22,871,34.42,Received
PO001044,SUP00018,PROD00463,2025-03-23,2025-04-30,544,17.04,In Transit
PO001045,SUP00010,PROD00225,2025-09-21,2025-11-08,596,67.86,Received
PO001046,SUP00019,PROD00368,2025-10-31,2025-12-29,523,8.19,Received
PO001047,SUP00035,PROD00493,2025-05-06,2025-05-09,439,53.9,Received
PO001048,SUP00004,PROD00330,2025-12-19,2026-02-03,556,49.9,Received
PO001049,SUP00007,PROD00474,2025-07-24,2025-09-05,912,30.16,Received
PO001050,SUP00002,PROD00152,2025-08-18,2025-10-10,194,45.6,Received
PO001051,SUP00014,PROD00192,2026-01-16,2026-03-13,564,6.0,Received
PO001052,SUP00009,PROD00262,2026-04-03,2026-05-12,762,50.87,Received
PO001053,SUP00036,PROD00264,2025-10-31,2025-11-08,680,76.58,In Transit
PO001054,SUP00022,PROD00413,2026-05-13,2026-06-13,772,29.36,Received
PO001055,SUP00034,PROD00004,2026-05-14,2026-05-16,511,67.28,Received
PO001056,SUP00017,PROD00093,2025-02-20,2025-04-17,938,47.1,In Transit
PO001057,SUP00009,PROD00044,2026-01-12,2026-02-20,282,85.11,In Transit
PO001058,SUP00015,PROD00343,2025-07-10,2025-09-05,992,60.25,Received
PO001059,SUP00032,PROD00420,2026-02-27,2026-04-01,42,66.43,Received
PO001060,SUP00032,PROD00279,2026-06-12,2026-07-15,812,24.11,Received
PO001061,SUP00032,PROD00206,2025-12-14,2026-01-16,784,22.85,Received
PO001062,SUP00034,PROD00227,2026-01-09,2026-01-11,567,17.79,Cancelled
PO001063,SUP00013,PROD00011,2026-06-25,2026-07-30,1000,102.15,Received
PO001064,SUP00021,PROD00198,2025-02-08,2025-03-08,534,29.48,Cancelled
PO001065,SUP00016,PROD00487,2025-06-04,2025-07-24,825,39.95,Received
PO001066,SUP00035,PROD00381,2026-06-16,2026-06-19,805,41.86,Received
PO001067,SUP00023,PROD00242,2025-01-25,2025-02-22,329,72.81,Received
PO001068,SUP00005,PROD00294,2025-11-20,2026-01-07,913,37.38,In Transit
PO001069,SUP00012,PROD00492,2025-09-19,2025-10-31,364,31.38,Received
PO001070,SUP00016,PROD00369,2026-04-13,2026-06-02,169,72.28,Received
PO001071,SUP00014,PROD00453,2025-03-06,2025-05-01,893,45.49,Received
PO001072,SUP00014,PROD00197,2026-02-13,2026-04-10,933,82.63,Received
PO001073,SUP00026,PROD00208,2026-03-14,2026-04-08,56,103.96,Received
PO001074,SUP00030,PROD00439,2025-11-24,2025-12-24,435,35.85,In Transit
PO001075,SUP00017,PROD00094,2026-06-24,2026-08-19,346,82.1,Cancelled
PO001076,SUP00014,PROD00007,2026-05-21,2026-07-16,408,117.98,Cancelled
PO001077,SUP00036,PROD00346,2026-01-17,2026-01-25,207,104.62,Received
PO001078,SUP00019,PROD00303,2026-05-05,2026-07-03,26,110.75,Received
PO001079,SUP00004,PROD00056,2026-02-20,2026-04-07,199,54.22,Received
PO001080,SUP00040,PROD00499,2026-06-19,2026-06-26,544,77.93,Received
PO001081,SUP00023,PROD00359,2025-04-20,2025-05-18,960,119.24,Received
PO001082,SUP00006,PROD00113,2026-02-03,2026-03-23,30,56.91,Received
PO001083,SUP00032,PROD00405,2025-12-04,2026-01-06,577,53.12,In Transit
PO001084,SUP00012,PROD00336,2026-04-20,2026-06-01,584,71.75,Received
PO001085,SUP00009,PROD00135,2026-03-24,2026-05-02,472,34.12,Received
PO001086,SUP00011,PROD00111,2026-06-17,2026-07-28,104,93.28,In Transit
PO001087,SUP00015,PROD00343,2026-04-13,2026-06-09,138,60.25,Received
PO001088,SUP00008,PROD00318,2025-12-06,2026-01-24,453,84.03,Received
PO001089,SUP00020,PROD00154,2025-04-25,2025-06-17,635,41.63,Cancelled
PO001090,SUP00032,PROD00387,2025-12-01,2026-01-03,569,19.4,Received
PO001091,SUP00003,PROD00067,2026-02-06,2026-03-13,464,90.57,Cancelled
PO001092,SUP00003,PROD00165,2026-02-07,2026-03-14,589,6.67,Received
PO001093,SUP00004,PROD00125,2025-12-05,2026-01-20,941,70.43,In Transit
PO001094,SUP00027,PROD00386,2026-02-20,2026-04-01,449,27.16,Received
PO001095,SUP00034,PROD00227,2026-07-12,2026-07-14,420,17.79,Received
PO001096,SUP00008,PROD00489,2025-03-27,2025-05-15,844,20.0,Received
PO001097,SUP00029,PROD00232,2025-05-07,2025-06-05,788,89.14,Received
PO001098,SUP00004,PROD00174,2025-03-29,2025-05-14,545,101.09,Received
PO001099,SUP00036,PROD00264,2025-01-16,2025-01-24,268,76.58,Cancelled
PO001100,SUP00005,PROD00351,2025-09-09,2025-10-27,360,106.17,Received
PO001101,SUP00037,PROD00220,2026-06-10,2026-06-16,343,56.26,In Transit
PO001102,SUP00024,PROD00430,2025-12-15,2026-01-18,593,60.46,Received
PO001103,SUP00009,PROD00435,2025-04-21,2025-05-30,843,17.84,In Transit
PO001104,SUP00014,PROD00267,2026-02-19,2026-04-16,404,91.02,Received
PO001105,SUP00023,PROD00098,2025-02-22,2025-03-22,665,65.43,Received
PO001106,SUP00034,PROD00322,2025-04-11,2025-04-13,855,70.27,Received
PO001107,SUP00022,PROD00413,2025-02-10,2025-03-13,887,29.36,In Transit
PO001108,SUP00014,PROD00280,2025-03-05,2025-04-30,574,74.62,In Transit
PO001109,SUP00012,PROD00336,2025-03-30,2025-05-11,741,71.75,In Transit
PO001110,SUP00019,PROD00290,2025-02-26,2025-04-26,661,95.94,In Transit
PO001111,SUP00037,PROD00220,2025-02-19,2025-02-25,876,56.26,Received
PO001112,SUP00012,PROD00336,2025-10-30,2025-12-11,931,71.75,Received
PO001113,SUP00030,PROD00409,2026-03-21,2026-04-20,413,44.2,Received
PO001114,SUP00013,PROD00422,2026-07-06,2026-08-10,954,75.77,Received
PO001115,SUP00003,PROD00177,2026-01-25,2026-03-01,696,111.93,Received
PO001116,SUP00019,PROD00066,2026-02-20,2026-04-20,271,72.1,Received
PO001117,SUP00036,PROD00346,2026-02-20,2026-02-28,27,104.62,Received
PO001118,SUP00033,PROD00184,2026-04-19,2026-04-21,578,72.08,Received
PO001119,SUP00029,PROD00312,2026-04-15,2026-05-14,219,113.76,In Transit
PO001120,SUP00017,PROD00189,2026-07-02,2026-08-27,851,8.19,Received
PO001121,SUP00029,PROD00274,2025-10-16,2025-11-14,378,116.04,Received
PO001122,SUP00023,PROD00380,2026-03-19,2026-04-16,733,42.19,Received
PO001123,SUP00007,PROD00371,2026-02-15,2026-03-30,953,75.2,Received
PO001124,SUP00002,PROD00027,2025-07-05,2025-08-27,501,36.11,Cancelled
PO001125,SUP00017,PROD00022,2025-05-14,2025-07-09,615,69.7,In Transit
PO001126,SUP00003,PROD00121,2025-08-03,2025-09-07,30,72.97,Received
PO001127,SUP00007,PROD00371,2026-06-24,2026-08-06,678,75.2,In Transit
PO001128,SUP00038,PROD00129,2025-05-27,2025-06-02,229,82.79,Received
PO001129,SUP00014,PROD00400,2025-08-11,2025-10-06,909,62.68,Received
PO001130,SUP00030,PROD00439,2026-02-07,2026-03-09,774,35.85,Received
PO001131,SUP00021,PROD00276,2026-07-14,2026-08-11,346,104.11,Received
PO001132,SUP00022,PROD00433,2025-11-12,2025-12-13,449,66.7,Received
PO001133,SUP00005,PROD00494,2025-05-15,2025-07-02,821,80.89,In Transit
PO001134,SUP00012,PROD00132,2026-02-09,2026-03-23,961,75.66,Cancelled
PO001135,SUP00029,PROD00418,2026-05-30,2026-06-28,875,64.11,Cancelled
PO001136,SUP00008,PROD00390,2025-06-22,2025-08-10,666,84.33,Received
PO001137,SUP00028,PROD00295,2026-01-28,2026-02-23,208,73.28,Received
PO001138,SUP00018,PROD00243,2026-04-21,2026-05-29,900,85.88,Received
PO001139,SUP00002,PROD00123,2026-06-21,2026-08-13,532,10.5,Received
PO001140,SUP00029,PROD00446,2026-02-06,2026-03-07,784,49.49,Received
PO001141,SUP00037,PROD00488,2026-01-18,2026-01-24,415,94.32,Received
PO001142,SUP00012,PROD00140,2026-05-14,2026-06-25,648,75.98,In Transit
PO001143,SUP00029,PROD00307,2025-03-27,2025-04-25,331,115.49,Received
PO001144,SUP00007,PROD00462,2025-03-03,2025-04-15,219,92.41,In Transit
PO001145,SUP00004,PROD00293,2026-03-26,2026-05-11,962,16.96,Received
PO001146,SUP00014,PROD00131,2026-03-06,2026-05-01,178,18.56,Received
PO001147,SUP00033,PROD00500,2025-03-17,2025-03-19,201,5.13,In Transit
PO001148,SUP00016,PROD00321,2025-11-04,2025-12-24,114,35.33,Received
PO001149,SUP00011,PROD00119,2026-03-13,2026-04-23,647,11.82,Received
PO001150,SUP00007,PROD00411,2025-06-28,2025-08-10,699,91.38,Received
PO001151,SUP00026,PROD00344,2025-05-07,2025-06-01,344,42.74,In Transit
PO001152,SUP00012,PROD00132,2025-07-14,2025-08-25,911,75.66,In Transit
PO001153,SUP00007,PROD00429,2026-07-08,2026-08-20,631,92.65,In Transit
PO001154,SUP00016,PROD00369,2026-01-14,2026-03-05,118,72.28,Received
PO001155,SUP00006,PROD00113,2026-05-13,2026-06-30,322,56.91,In Transit
PO001156,SUP00023,PROD00084,2025-05-16,2025-06-13,538,26.57,Cancelled
PO001157,SUP00033,PROD00058,2025-12-02,2025-12-04,747,29.99,Received
PO001158,SUP00037,PROD00394,2025-01-02,2025-01-08,918,106.26,Received
PO001159,SUP00019,PROD00162,2025-12-13,2026-02-10,392,114.6,Received
PO001160,SUP00025,PROD00272,2025-04-09,2025-05-17,456,100.94,Received
PO001161,SUP00040,PROD00256,2026-07-14,2026-07-21,492,46.23,In Transit
PO001162,SUP00029,PROD00182,2025-05-17,2025-06-15,630,44.65,Received
PO001163,SUP00030,PROD00326,2025-03-05,2025-04-04,413,87.14,Received
PO001164,SUP00018,PROD00243,2026-01-28,2026-03-07,241,85.88,Received
PO001165,SUP00020,PROD00079,2025-07-11,2025-09-02,328,35.22,In Transit
PO001166,SUP00016,PROD00443,2025-04-04,2025-05-24,180,79.89,In Transit
PO001167,SUP00002,PROD00123,2026-06-09,2026-08-01,517,10.5,Received
PO001168,SUP00013,PROD00401,2025-09-27,2025-11-01,480,89.18,Received
PO001169,SUP00033,PROD00252,2026-07-19,2026-07-21,334,25.37,Received
PO001170,SUP00028,PROD00395,2026-03-30,2026-04-25,912,52.64,Received
PO001171,SUP00015,PROD00107,2025-02-10,2025-04-08,616,74.34,Received
PO001172,SUP00013,PROD00186,2025-03-16,2025-04-20,332,91.13,Received
PO001173,SUP00001,PROD00059,2025-06-14,2025-07-20,500,29.89,In Transit
PO001174,SUP00037,PROD00055,2025-11-25,2025-12-01,383,26.05,Received
PO001175,SUP00031,PROD00228,2025-07-16,2025-08-17,651,19.85,Received
PO001176,SUP00003,PROD00177,2025-03-05,2025-04-09,795,111.93,Cancelled
PO001177,SUP00010,PROD00101,2025-10-18,2025-12-05,728,119.35,In Transit
PO001178,SUP00039,PROD00116,2025-04-07,2025-04-12,625,17.71,Received
PO001179,SUP00009,PROD00061,2025-09-18,2025-10-27,935,103.11,Received
PO001180,SUP00007,PROD00411,2025-02-10,2025-03-25,930,91.38,Received
PO001181,SUP00014,PROD00192,2026-03-25,2026-05-20,480,6.0,Received
PO001182,SUP00011,PROD00163,2025-05-05,2025-06-15,602,73.67,Received
PO001183,SUP00024,PROD00365,2025-09-12,2025-10-16,377,26.95,Received
PO001184,SUP00001,PROD00376,2025-01-15,2025-02-20,641,54.85,Received
PO001185,SUP00019,PROD00145,2026-07-15,2026-09-12,981,51.41,Cancelled
PO001186,SUP00004,PROD00456,2025-08-13,2025-09-28,926,89.96,In Transit
PO001187,SUP00011,PROD00133,2025-03-22,2025-05-02,868,8.02,Received
PO001188,SUP00003,PROD00177,2025-02-02,2025-03-09,948,111.93,Received
PO001189,SUP00024,PROD00365,2025-10-09,2025-11-12,161,26.95,Received
PO001190,SUP00023,PROD00098,2026-07-25,2026-08-22,357,65.43,Received
PO001191,SUP00032,PROD00286,2026-02-25,2026-03-30,495,90.58,Received
PO001192,SUP00025,PROD00348,2026-03-10,2026-04-17,221,66.3,Received
PO001193,SUP00026,PROD00249,2025-08-18,2025-09-12,834,100.69,Received
PO001194,SUP00027,PROD00212,2025-07-13,2025-08-22,261,26.65,Received
PO001195,SUP00033,PROD00200,2025-07-08,2025-07-10,536,51.64,Received
PO001196,SUP00033,PROD00200,2025-06-08,2025-06-10,300,51.64,Received
PO001197,SUP00014,PROD00007,2025-09-10,2025-11-05,64,117.98,Received
PO001198,SUP00038,PROD00193,2025-10-10,2025-10-16,877,58.58,Received
PO001199,SUP00002,PROD00123,2026-05-13,2026-07-05,578,10.5,Received
PO001200,SUP00037,PROD00437,2026-01-29,2026-02-04,344,61.82,Received
PO001201,SUP00039,PROD00477,2025-10-13,2025-10-18,264,106.27,In Transit
PO001202,SUP00004,PROD00001,2025-06-26,2025-08-11,316,96.92,In Transit
PO001203,SUP00038,PROD00199,2025-09-13,2025-09-19,705,45.13,Received
PO001204,SUP00014,PROD00468,2026-04-24,2026-06-19,876,95.69,Received
PO001205,SUP00040,PROD00054,2026-01-05,2026-01-12,103,119.87,Received
PO001206,SUP00025,PROD00272,2026-04-12,2026-05-20,399,100.94,In Transit
PO001207,SUP00024,PROD00172,2025-03-29,2025-05-02,707,26.31,Received
PO001208,SUP00022,PROD00433,2025-12-12,2026-01-12,501,66.7,Received
PO001209,SUP00018,PROD00257,2025-10-01,2025-11-08,56,71.31,Cancelled
PO001210,SUP00014,PROD00468,2025-05-14,2025-07-09,676,95.69,Received
PO001211,SUP00013,PROD00401,2026-04-17,2026-05-22,932,89.18,Received
PO001212,SUP00033,PROD00317,2025-04-27,2025-04-29,510,108.02,Received
PO001213,SUP00012,PROD00336,2025-04-20,2025-06-01,43,71.75,Cancelled
PO001214,SUP00023,PROD00382,2026-02-01,2026-03-01,161,77.26,In Transit
PO001215,SUP00008,PROD00178,2025-05-02,2025-06-20,40,8.42,Received
PO001216,SUP00018,PROD00472,2026-01-02,2026-02-09,903,85.1,In Transit
PO001217,SUP00011,PROD00133,2025-06-07,2025-07-18,607,8.02,Received
PO001218,SUP00004,PROD00024,2026-01-08,2026-02-23,183,76.24,Received
PO001219,SUP00037,PROD00092,2026-01-06,2026-01-12,49,75.09,Received
PO001220,SUP00040,PROD00087,2025-05-25,2025-06-01,233,69.7,In Transit
PO001221,SUP00035,PROD00269,2026-03-08,2026-03-11,128,78.61,Received
PO001222,SUP00015,PROD00077,2025-05-04,2025-06-30,512,55.28,Received
PO001223,SUP00009,PROD00299,2025-12-22,2026-01-30,386,64.68,Received
PO001224,SUP00010,PROD00105,2025-04-02,2025-05-20,490,68.47,In Transit
PO001225,SUP00004,PROD00306,2025-12-27,2026-02-11,646,93.92,Received
PO001226,SUP00037,PROD00394,2025-06-23,2025-06-29,782,106.26,Received
PO001227,SUP00002,PROD00350,2026-04-05,2026-05-28,677,62.26,Received
PO001228,SUP00011,PROD00449,2025-06-26,2025-08-06,784,117.78,In Transit
PO001229,SUP00015,PROD00097,2026-06-14,2026-08-10,667,115.57,In Transit
PO001230,SUP00003,PROD00268,2025-01-20,2025-02-24,255,88.14,Received
PO001231,SUP00038,PROD00009,2025-04-21,2025-04-27,973,56.81,Received
PO001232,SUP00002,PROD00027,2026-07-05,2026-08-27,379,36.11,Received
PO001233,SUP00010,PROD00230,2025-09-26,2025-11-13,492,27.99,Received
PO001234,SUP00009,PROD00135,2025-09-23,2025-11-01,540,34.12,Received
PO001235,SUP00005,PROD00188,2025-02-14,2025-04-03,197,97.66,Received
PO001236,SUP00005,PROD00494,2025-10-19,2025-12-06,23,80.89,Received
PO001237,SUP00033,PROD00085,2025-06-01,2025-06-03,649,92.8,Received
PO001238,SUP00003,PROD00194,2025-01-11,2025-02-15,164,79.58,Received
PO001239,SUP00013,PROD00011,2025-02-25,2025-04-01,89,102.15,Received
PO001240,SUP00015,PROD00486,2025-09-21,2025-11-17,223,89.27,Received
PO001241,SUP00009,PROD00044,2025-01-05,2025-02-13,345,85.11,Received
PO001242,SUP00026,PROD00490,2025-10-16,2025-11-10,154,119.83,In Transit
PO001243,SUP00029,PROD00183,2026-07-23,2026-08-21,132,72.05,In Transit
PO001244,SUP00003,PROD00246,2025-03-23,2025-04-27,80,43.68,Cancelled
PO001245,SUP00005,PROD00294,2026-05-10,2026-06-27,342,37.38,In Transit
PO001246,SUP00024,PROD00166,2026-07-23,2026-08-26,701,89.62,Received
PO001247,SUP00008,PROD00250,2025-05-30,2025-07-18,93,109.34,Received
PO001248,SUP00011,PROD00111,2025-06-07,2025-07-18,226,93.28,Received
PO001249,SUP00011,PROD00111,2025-12-17,2026-01-27,64,93.28,In Transit
PO001250,SUP00004,PROD00306,2026-07-14,2026-08-29,602,93.92,Received
PO001251,SUP00026,PROD00364,2025-11-08,2025-12-03,168,70.53,Received
PO001252,SUP00016,PROD00109,2025-05-08,2025-06-27,364,63.48,Received
PO001253,SUP00016,PROD00288,2026-07-07,2026-08-26,29,19.89,Received
PO001254,SUP00005,PROD00188,2026-04-11,2026-05-29,693,97.66,Received
PO001255,SUP00009,PROD00160,2025-10-15,2025-11-23,651,107.39,Received
PO001256,SUP00039,PROD00103,2026-06-16,2026-06-21,535,24.71,In Transit
PO001257,SUP00012,PROD00416,2026-01-07,2026-02-18,337,68.25,Received
PO001258,SUP00038,PROD00187,2026-02-20,2026-02-26,286,11.35,In Transit
PO001259,SUP00014,PROD00197,2026-03-27,2026-05-22,706,82.63,Received
PO001260,SUP00028,PROD00395,2025-05-30,2025-06-25,720,52.64,Received
PO001261,SUP00029,PROD00183,2025-06-02,2025-07-01,463,72.05,Received
PO001262,SUP00002,PROD00366,2025-09-02,2025-10-25,836,51.94,Received
PO001263,SUP00026,PROD00161,2025-07-16,2025-08-10,421,108.79,Received
PO001264,SUP00015,PROD00233,2025-09-30,2025-11-26,356,68.6,In Transit
PO001265,SUP00033,PROD00500,2026-07-14,2026-07-16,727,5.13,Received
PO001266,SUP00004,PROD00330,2025-06-21,2025-08-06,910,49.9,In Transit
PO001267,SUP00020,PROD00375,2026-07-17,2026-09-08,864,107.45,Received
PO001268,SUP00014,PROD00468,2025-06-17,2025-08-12,310,95.69,Received
PO001269,SUP00014,PROD00400,2025-07-02,2025-08-27,332,62.68,Received
PO001270,SUP00029,PROD00446,2025-08-03,2025-09-01,123,49.49,Received
PO001271,SUP00021,PROD00302,2025-12-11,2026-01-08,776,106.49,Received
PO001272,SUP00010,PROD00399,2026-03-13,2026-04-30,402,86.44,Received
PO001273,SUP00018,PROD00238,2026-04-16,2026-05-24,713,84.52,Received
PO001274,SUP00022,PROD00104,2026-07-21,2026-08-21,158,97.35,In Transit
PO001275,SUP00029,PROD00036,2025-01-13,2025-02-11,562,76.48,Received
PO001276,SUP00035,PROD00447,2026-04-29,2026-05-02,968,92.72,Received
PO001277,SUP00022,PROD00292,2026-06-13,2026-07-14,164,22.67,Received
PO001278,SUP00015,PROD00143,2025-03-03,2025-04-29,631,64.12,Received
PO001279,SUP00031,PROD00203,2025-06-20,2025-07-22,198,38.68,Received
PO001280,SUP00016,PROD00047,2026-01-10,2026-03-01,735,69.13,Received
PO001281,SUP00019,PROD00145,2025-02-02,2025-04-02,214,51.41,Received
PO001282,SUP00019,PROD00162,2025-08-03,2025-10-01,969,114.6,Received
PO001283,SUP00029,PROD00183,2025-02-12,2025-03-13,176,72.05,Received
PO001284,SUP00005,PROD00003,2026-06-12,2026-07-30,391,91.15,Received
PO001285,SUP00003,PROD00165,2026-02-16,2026-03-23,475,6.67,Received
PO001286,SUP00013,PROD00398,2025-08-21,2025-09-25,547,77.47,Received
PO001287,SUP00016,PROD00110,2025-12-06,2026-01-25,435,38.98,Received
PO001288,SUP00022,PROD00360,2025-02-02,2025-03-05,248,91.97,Received
PO001289,SUP00009,PROD00018,2025-10-28,2025-12-06,162,25.78,Received
PO001290,SUP00032,PROD00244,2025-07-23,2025-08-25,941,106.44,Received
PO001291,SUP00025,PROD00080,2025-07-28,2025-09-04,93,40.12,Received
PO001292,SUP00016,PROD00086,2025-11-08,2025-12-28,578,102.57,In Transit
PO001293,SUP00016,PROD00287,2026-06-08,2026-07-28,291,92.82,Received
PO001294,SUP00035,PROD00493,2026-05-08,2026-05-11,771,53.9,In Transit
PO001295,SUP00022,PROD00006,2026-03-12,2026-04-12,375,61.56,In Transit
PO001296,SUP00023,PROD00380,2025-07-04,2025-08-01,691,42.19,Received
PO001297,SUP00017,PROD00093,2026-05-01,2026-06-26,569,47.1,Received
PO001298,SUP00002,PROD00027,2025-07-01,2025-08-23,68,36.11,Received
PO001299,SUP00037,PROD00305,2026-06-03,2026-06-09,944,17.13,In Transit
PO001300,SUP00010,PROD00082,2025-03-23,2025-05-10,703,91.06,Received
PO001301,SUP00030,PROD00460,2026-02-24,2026-03-26,254,85.83,Received
PO001302,SUP00029,PROD00418,2026-02-16,2026-03-17,745,64.11,Received
PO001303,SUP00006,PROD00458,2025-12-30,2026-02-16,953,95.79,Received
PO001304,SUP00014,PROD00033,2026-04-12,2026-06-07,849,115.17,Received
PO001305,SUP00034,PROD00048,2025-06-22,2025-06-24,615,81.98,Received
PO001306,SUP00018,PROD00257,2026-03-31,2026-05-08,910,71.31,In Transit
PO001307,SUP00026,PROD00052,2025-11-13,2025-12-08,180,26.45,Received
PO001308,SUP00011,PROD00163,2025-10-03,2025-11-13,469,73.67,Received
PO001309,SUP00024,PROD00172,2025-01-06,2025-02-09,887,26.31,Received
PO001310,SUP00033,PROD00200,2025-03-19,2025-03-21,617,51.64,Received
PO001311,SUP00038,PROD00199,2025-12-27,2026-01-02,629,45.13,Received
PO001312,SUP00011,PROD00083,2025-03-06,2025-04-16,661,95.92,Received
PO001313,SUP00030,PROD00326,2026-01-23,2026-02-22,447,87.14,Received
PO001314,SUP00014,PROD00453,2025-06-05,2025-07-31,615,45.49,Received
PO001315,SUP00014,PROD00192,2026-02-09,2026-04-06,955,6.0,Received
PO001316,SUP00002,PROD00152,2026-04-10,2026-06-02,310,45.6,Received
PO001317,SUP00014,PROD00192,2026-06-09,2026-08-04,980,6.0,Received
PO001318,SUP00021,PROD00171,2025-10-23,2025-11-20,902,61.99,Cancelled
PO001319,SUP00025,PROD00348,2026-06-17,2026-07-25,292,66.3,Received
PO001320,SUP00034,PROD00424,2025-08-10,2025-08-12,854,81.81,In Transit
PO001321,SUP00010,PROD00101,2025-08-16,2025-10-03,22,119.35,In Transit
PO001322,SUP00005,PROD00494,2025-11-04,2025-12-22,877,80.89,In Transit
PO001323,SUP00008,PROD00178,2025-06-09,2025-07-28,32,8.42,Received
PO001324,SUP00016,PROD00109,2025-06-15,2025-08-04,904,63.48,Received
PO001325,SUP00031,PROD00464,2025-10-18,2025-11-19,361,91.99,In Transit
PO001326,SUP00010,PROD00225,2025-01-10,2025-02-27,935,67.86,Cancelled
PO001327,SUP00032,PROD00387,2025-03-25,2025-04-27,572,19.4,Received
PO001328,SUP00012,PROD00384,2025-02-04,2025-03-18,515,51.58,In Transit
PO001329,SUP00007,PROD00371,2025-07-06,2025-08-18,552,75.2,Received
PO001330,SUP00001,PROD00147,2026-03-09,2026-04-14,505,77.82,Received
PO001331,SUP00032,PROD00387,2026-04-08,2026-05-11,83,19.4,Received
PO001332,SUP00019,PROD00215,2025-11-11,2026-01-09,226,27.14,Received
PO001333,SUP00025,PROD00348,2025-03-12,2025-04-19,733,66.3,Received
PO001334,SUP00003,PROD00057,2025-09-01,2025-10-06,755,20.35,Received
PO001335,SUP00017,PROD00304,2025-01-07,2025-03-04,1000,4.48,Received
PO001336,SUP00024,PROD00117,2026-01-16,2026-02-19,861,97.57,Received
PO001337,SUP00006,PROD00261,2025-03-15,2025-05-02,477,108.12,Received
PO001338,SUP00002,PROD00350,2025-05-17,2025-07-09,861,62.26,Received
PO001339,SUP00028,PROD00159,2025-10-27,2025-11-22,150,23.22,Received
PO001340,SUP00015,PROD00251,2025-12-03,2026-01-29,682,90.83,Received
PO001341,SUP00031,PROD00118,2025-11-27,2025-12-29,120,50.99,Received
PO001342,SUP00006,PROD00291,2025-01-05,2025-02-22,112,119.54,Received
PO001343,SUP00030,PROD00476,2025-09-13,2025-10-13,22,23.1,In Transit
PO001344,SUP00032,PROD00236,2025-11-14,2025-12-17,488,68.5,Received
PO001345,SUP00027,PROD00149,2026-05-19,2026-06-28,297,113.69,Received
PO001346,SUP00036,PROD00346,2026-07-25,2026-08-02,86,104.62,Received
PO001347,SUP00022,PROD00219,2025-02-25,2025-03-28,876,43.1,In Transit
PO001348,SUP00019,PROD00480,2026-07-21,2026-09-18,561,64.5,Received
PO001349,SUP00027,PROD00099,2026-04-09,2026-05-19,974,10.55,Received
PO001350,SUP00029,PROD00183,2026-01-06,2026-02-04,717,72.05,Received
PO001351,SUP00040,PROD00256,2025-04-25,2025-05-02,341,46.23,Received
PO001352,SUP00038,PROD00199,2025-06-05,2025-06-11,385,45.13,Received
PO001353,SUP00005,PROD00217,2025-01-25,2025-03-14,585,68.1,In Transit
PO001354,SUP00004,PROD00306,2025-06-14,2025-07-30,555,93.92,Received
PO001355,SUP00010,PROD00308,2025-11-04,2025-12-22,906,6.64,Received
PO001356,SUP00005,PROD00003,2025-04-14,2025-06-01,556,91.15,Received
PO001357,SUP00007,PROD00311,2026-04-08,2026-05-21,231,20.86,Received
PO001358,SUP00039,PROD00158,2025-08-28,2025-09-02,722,102.67,In Transit
PO001359,SUP00022,PROD00124,2026-03-17,2026-04-17,942,32.58,Cancelled
PO001360,SUP00025,PROD00272,2025-03-02,2025-04-09,686,100.94,Received
PO001361,SUP00017,PROD00181,2025-05-16,2025-07-11,703,66.48,Received
PO001362,SUP00007,PROD00371,2025-03-30,2025-05-12,756,75.2,Received
PO001363,SUP00011,PROD00316,2025-01-27,2025-03-09,143,16.56,Received
PO001364,SUP00039,PROD00338,2025-05-28,2025-06-02,336,103.48,In Transit
PO001365,SUP00010,PROD00465,2025-11-20,2026-01-07,855,117.7,In Transit
PO001366,SUP00004,PROD00498,2025-06-04,2025-07-20,36,119.16,Received
PO001367,SUP00040,PROD00313,2025-03-30,2025-04-06,166,57.58,Received
PO001368,SUP00009,PROD00455,2025-07-02,2025-08-10,715,73.64,In Transit
PO001369,SUP00033,PROD00184,2025-09-15,2025-09-17,323,72.08,Received
PO001370,SUP00022,PROD00104,2026-04-10,2026-05-11,384,97.35,Received
PO001371,SUP00029,PROD00183,2025-01-09,2025-02-07,720,72.05,Received
PO001372,SUP00001,PROD00406,2025-10-26,2025-12-01,794,48.32,Received
PO001373,SUP00027,PROD00285,2026-02-28,2026-04-09,827,113.07,In Transit
PO001374,SUP00007,PROD00352,2025-03-12,2025-04-24,28,42.83,Received
PO001375,SUP00011,PROD00289,2026-06-14,2026-07-25,427,10.53,Received
PO001376,SUP00004,PROD00108,2025-12-11,2026-01-26,59,46.01,In Transit
PO001377,SUP00026,PROD00141,2026-01-07,2026-02-01,631,5.06,Received
PO001378,SUP00017,PROD00341,2026-03-10,2026-05-05,246,63.74,Received
PO001379,SUP00037,PROD00092,2025-10-16,2025-10-22,137,75.09,Received
PO001380,SUP00015,PROD00089,2025-02-28,2025-04-26,256,62.91,Received
PO001381,SUP00036,PROD00201,2025-04-13,2025-04-21,611,77.04,In Transit
PO001382,SUP00005,PROD00402,2025-01-25,2025-03-14,925,25.74,Cancelled
PO001383,SUP00010,PROD00465,2025-05-01,2025-06-18,879,117.7,Received
PO001384,SUP00024,PROD00430,2026-01-08,2026-02-11,777,60.46,Received
PO001385,SUP00023,PROD00084,2026-05-28,2026-06-25,870,26.57,In Transit
PO001386,SUP00039,PROD00158,2026-02-23,2026-02-28,428,102.67,Received
PO001387,SUP00015,PROD00134,2025-02-26,2025-04-24,651,13.23,Received
PO001388,SUP00031,PROD00203,2025-06-11,2025-07-13,700,38.68,Received
PO001389,SUP00035,PROD00337,2026-01-09,2026-01-12,273,105.76,Received
PO001390,SUP00010,PROD00308,2025-02-26,2025-04-15,591,6.64,In Transit
PO001391,SUP00006,PROD00180,2025-10-14,2025-12-01,21,44.98,Received
PO001392,SUP00023,PROD00205,2026-02-13,2026-03-13,840,97.15,Received
PO001393,SUP00019,PROD00204,2025-04-25,2025-06-23,602,77.04,In Transit
PO001394,SUP00012,PROD00309,2025-08-04,2025-09-15,170,24.49,Received
PO001395,SUP00029,PROD00182,2026-03-30,2026-04-28,51,44.65,In Transit
PO001396,SUP00009,PROD00044,2026-06-11,2026-07-20,642,85.11,Received
PO001397,SUP00023,PROD00213,2026-01-27,2026-02-24,570,45.71,Received
PO001398,SUP00026,PROD00298,2026-01-03,2026-01-28,293,97.84,Received
PO001399,SUP00002,PROD00325,2026-02-18,2026-04-12,632,42.02,Cancelled
PO001400,SUP00023,PROD00205,2025-12-14,2026-01-11,175,97.15,Received
PO001401,SUP00020,PROD00375,2025-02-06,2025-03-31,993,107.45,Received
PO001402,SUP00033,PROD00500,2025-03-07,2025-03-09,650,5.13,Received
PO001403,SUP00022,PROD00124,2026-07-11,2026-08-11,788,32.58,Received
PO001404,SUP00023,PROD00440,2026-04-28,2026-05-26,885,102.41,Received
PO001405,SUP00030,PROD00439,2025-07-08,2025-08-07,922,35.85,Received
PO001406,SUP00020,PROD00115,2025-07-04,2025-08-26,800,93.81,Received
PO001407,SUP00038,PROD00378,2026-03-23,2026-03-29,555,45.57,Received
PO001408,SUP00015,PROD00097,2025-10-30,2025-12-26,875,115.57,In Transit
PO001409,SUP00018,PROD00062,2025-09-07,2025-10-15,863,2.83,In Transit
PO001410,SUP00003,PROD00144,2026-07-10,2026-08-14,684,69.23,Received
PO001411,SUP00033,PROD00317,2026-03-21,2026-03-23,383,108.02,Received
PO001412,SUP00037,PROD00092,2025-08-25,2025-08-31,853,75.09,Received
PO001413,SUP00024,PROD00071,2025-12-19,2026-01-22,839,97.95,In Transit
PO001414,SUP00031,PROD00464,2025-01-12,2025-02-13,948,91.99,Cancelled
PO001415,SUP00005,PROD00494,2025-02-23,2025-04-12,628,80.89,Received
PO001416,SUP00005,PROD00294,2026-05-23,2026-07-10,376,37.38,In Transit
PO001417,SUP00040,PROD00313,2025-02-26,2025-03-05,378,57.58,Received
PO001418,SUP00029,PROD00182,2025-01-03,2025-02-01,118,44.65,Received
PO001419,SUP00028,PROD00295,2025-03-24,2025-04-19,479,73.28,In Transit
PO001420,SUP00019,PROD00066,2026-02-10,2026-04-10,618,72.1,In Transit
PO001421,SUP00010,PROD00230,2026-03-04,2026-04-21,936,27.99,Received
PO001422,SUP00034,PROD00408,2026-02-24,2026-02-26,211,16.36,Received
PO001423,SUP00036,PROD00450,2025-10-29,2025-11-06,463,47.9,Received
PO001424,SUP00040,PROD00270,2026-01-26,2026-02-02,714,60.49,Received
PO001425,SUP00019,PROD00162,2025-05-24,2025-07-22,495,114.6,In Transit
PO001426,SUP00028,PROD00159,2025-03-27,2025-04-22,518,23.22,Received
PO001427,SUP00019,PROD00263,2025-04-25,2025-06-23,663,19.29,Received
PO001428,SUP00009,PROD00457,2025-02-04,2025-03-15,60,110.24,Received
PO001429,SUP00019,PROD00263,2026-03-03,2026-05-01,83,19.29,Received
PO001430,SUP00038,PROD00129,2025-02-04,2025-02-10,437,82.79,Received
PO001431,SUP00020,PROD00375,2026-01-23,2026-03-17,923,107.45,In Transit
PO001432,SUP00036,PROD00264,2025-09-18,2025-09-26,307,76.58,In Transit
PO001433,SUP00024,PROD00019,2025-07-02,2025-08-05,367,53.42,Received
PO001434,SUP00036,PROD00450,2026-03-15,2026-03-23,514,47.9,Received
PO001435,SUP00039,PROD00103,2025-12-27,2026-01-01,766,24.71,Received
PO001436,SUP00019,PROD00467,2025-10-28,2025-12-26,439,32.21,Received
PO001437,SUP00025,PROD00260,2025-01-29,2025-03-08,545,116.38,In Transit
PO001438,SUP00004,PROD00056,2025-02-18,2025-04-05,313,54.22,In Transit
PO001439,SUP00039,PROD00209,2026-06-18,2026-06-23,252,55.14,In Transit
PO001440,SUP00025,PROD00442,2026-02-02,2026-03-12,536,93.16,In Transit
PO001441,SUP00007,PROD00371,2025-09-14,2025-10-27,738,75.2,Received
PO001442,SUP00003,PROD00067,2025-07-12,2025-08-16,294,90.57,Received
PO001443,SUP00030,PROD00471,2025-10-26,2025-11-25,778,15.12,Received
PO001444,SUP00039,PROD00076,2025-08-05,2025-08-10,698,93.93,Received
PO001445,SUP00024,PROD00430,2026-06-22,2026-07-26,643,60.46,Received
PO001446,SUP00017,PROD00093,2026-02-01,2026-03-29,299,47.1,Cancelled
PO001447,SUP00033,PROD00500,2025-09-22,2025-09-24,349,5.13,Received
PO001448,SUP00039,PROD00041,2025-09-15,2025-09-20,20,11.05,Received
PO001449,SUP00031,PROD00404,2025-12-03,2026-01-04,856,98.2,Received
PO001450,SUP00023,PROD00213,2025-04-20,2025-05-18,513,45.71,Received
PO001451,SUP00002,PROD00366,2025-06-14,2025-08-06,172,51.94,Received
PO001452,SUP00031,PROD00211,2026-01-21,2026-02-22,152,15.04,Received
PO001453,SUP00009,PROD00457,2025-09-30,2025-11-08,720,110.24,Received
PO001454,SUP00017,PROD00181,2026-06-17,2026-08-12,375,66.48,Received
PO001455,SUP00001,PROD00376,2026-05-08,2026-06-13,811,54.85,Received
PO001456,SUP00005,PROD00294,2025-11-07,2025-12-25,775,37.38,In Transit
PO001457,SUP00008,PROD00355,2025-01-30,2025-03-20,588,61.75,In Transit
PO001458,SUP00038,PROD00187,2026-03-04,2026-03-10,671,11.35,Received
PO001459,SUP00010,PROD00034,2025-11-23,2026-01-10,269,4.51,In Transit
PO001460,SUP00032,PROD00420,2025-08-29,2025-10-01,383,66.43,Received
PO001461,SUP00029,PROD00393,2025-12-10,2026-01-08,861,83.05,In Transit
PO001462,SUP00022,PROD00433,2025-05-27,2025-06-27,846,66.7,Received
PO001463,SUP00023,PROD00098,2025-09-28,2025-10-26,611,65.43,In Transit
PO001464,SUP00024,PROD00019,2025-07-01,2025-08-04,892,53.42,Received
PO001465,SUP00017,PROD00341,2025-03-21,2025-05-16,119,63.74,Received
PO001466,SUP00004,PROD00108,2025-10-06,2025-11-21,515,46.01,Received
PO001467,SUP00032,PROD00064,2025-02-03,2025-03-08,725,57.24,In Transit
PO001468,SUP00033,PROD00200,2026-04-10,2026-04-12,122,51.64,Received
PO001469,SUP00032,PROD00236,2025-07-17,2025-08-19,766,68.5,Received
PO001470,SUP00029,PROD00415,2025-04-08,2025-05-07,129,89.77,Received
PO001471,SUP00024,PROD00365,2025-05-21,2025-06-24,235,26.95,Received
PO001472,SUP00005,PROD00301,2026-04-10,2026-05-28,383,38.81,In Transit
PO001473,SUP00031,PROD00300,2026-02-02,2026-03-06,514,70.93,Received
PO001474,SUP00033,PROD00317,2025-04-19,2025-04-21,543,108.02,Received
PO001475,SUP00010,PROD00082,2026-05-26,2026-07-13,741,91.06,Received
PO001476,SUP00023,PROD00459,2025-08-03,2025-08-31,907,25.39,Received
PO001477,SUP00015,PROD00202,2025-08-22,2025-10-18,923,14.2,Received
PO001478,SUP00010,PROD00034,2026-03-15,2026-05-02,479,4.51,Cancelled
PO001479,SUP00029,PROD00182,2026-06-25,2026-07-24,395,44.65,Received
PO001480,SUP00024,PROD00430,2025-04-21,2025-05-25,543,60.46,Received
PO001481,SUP00003,PROD00194,2026-06-11,2026-07-16,546,79.58,Received
PO001482,SUP00001,PROD00126,2025-06-08,2025-07-14,43,93.41,In Transit
PO001483,SUP00020,PROD00074,2025-08-21,2025-10-13,491,20.22,In Transit
PO001484,SUP00033,PROD00475,2025-07-19,2025-07-21,622,15.46,Received
PO001485,SUP00003,PROD00075,2025-06-17,2025-07-22,157,20.02,Received
PO001486,SUP00016,PROD00421,2025-01-07,2025-02-26,784,8.9,Received
PO001487,SUP00020,PROD00282,2025-07-03,2025-08-25,151,11.64,Received
PO001488,SUP00026,PROD00185,2026-01-19,2026-02-13,93,21.74,Received
PO001489,SUP00011,PROD00449,2026-01-28,2026-03-10,488,117.78,Received
PO001490,SUP00033,PROD00317,2026-02-08,2026-02-10,713,108.02,Received
PO001491,SUP00030,PROD00460,2025-08-22,2025-09-21,769,85.83,Received
PO001492,SUP00003,PROD00246,2025-02-17,2025-03-24,837,43.68,In Transit
PO001493,SUP00024,PROD00038,2025-11-30,2026-01-03,498,38.59,Received
PO001494,SUP00020,PROD00030,2026-03-28,2026-05-20,986,67.27,Received
PO001495,SUP00024,PROD00117,2025-11-26,2025-12-30,799,97.57,In Transit
PO001496,SUP00004,PROD00136,2025-09-03,2025-10-19,651,7.39,Received
PO001497,SUP00025,PROD00260,2026-07-18,2026-08-25,423,116.38,Cancelled
PO001498,SUP00003,PROD00121,2026-06-26,2026-07-31,897,72.97,Received
PO001499,SUP00008,PROD00390,2025-04-21,2025-06-09,304,84.33,Received
PO001500,SUP00003,PROD00407,2026-03-20,2026-04-24,517,8.33,Received
PO001501,SUP00025,PROD00260,2026-03-05,2026-04-12,862,116.38,Received
PO001502,SUP00003,PROD00268,2026-04-09,2026-05-14,622,88.14,In Transit
PO001503,SUP00040,PROD00270,2025-06-09,2025-06-16,923,60.49,In Transit
PO001504,SUP00029,PROD00307,2026-03-08,2026-04-06,733,115.49,Received
PO001505,SUP00011,PROD00083,2025-12-13,2026-01-23,447,95.92,Received
PO001506,SUP00032,PROD00053,2025-02-07,2025-03-12,235,7.39,In Transit
PO001507,SUP00023,PROD00155,2025-02-26,2025-03-26,197,2.98,Received
PO001508,SUP00039,PROD00116,2025-03-28,2025-04-02,114,17.71,In Transit
PO001509,SUP00030,PROD00040,2025-11-15,2025-12-15,948,105.26,In Transit
PO001510,SUP00008,PROD00169,2025-08-29,2025-10-17,970,109.98,Received
PO001511,SUP00028,PROD00461,2026-01-12,2026-02-07,732,26.16,Received
PO001512,SUP00029,PROD00274,2026-03-05,2026-04-03,939,116.04,In Transit
PO001513,SUP00009,PROD00106,2025-10-25,2025-12-03,83,28.46,Cancelled
PO001514,SUP00028,PROD00395,2025-03-24,2025-04-19,401,52.64,Received
PO001515,SUP00010,PROD00105,2025-08-01,2025-09-18,829,68.47,Received
PO001516,SUP00003,PROD00067,2025-07-01,2025-08-05,523,90.57,In Transit
PO001517,SUP00012,PROD00114,2025-12-14,2026-01-25,455,39.01,Received
PO001518,SUP00019,PROD00368,2026-02-16,2026-04-16,172,8.19,Received
PO001519,SUP00019,PROD00215,2025-08-30,2025-10-28,459,27.14,Received
PO001520,SUP00009,PROD00018,2025-03-22,2025-04-30,738,25.78,Received
PO001521,SUP00029,PROD00281,2026-02-25,2026-03-26,938,16.69,Received
PO001522,SUP00025,PROD00259,2025-05-19,2025-06-26,51,90.55,Received
PO001523,SUP00019,PROD00263,2026-05-15,2026-07-13,88,19.29,Received
PO001524,SUP00019,PROD00145,2025-03-08,2025-05-06,660,51.41,Received
PO001525,SUP00039,PROD00050,2025-04-20,2025-04-25,468,41.44,In Transit
PO001526,SUP00002,PROD00152,2025-07-07,2025-08-29,998,45.6,Received
PO001527,SUP00012,PROD00336,2026-04-28,2026-06-09,522,71.75,Received
PO001528,SUP00009,PROD00299,2025-07-23,2025-08-31,330,64.68,Received
PO001529,SUP00015,PROD00202,2026-06-08,2026-08-04,434,14.2,In Transit
PO001530,SUP00031,PROD00464,2025-07-29,2025-08-30,104,91.99,Received
PO001531,SUP00004,PROD00136,2025-09-25,2025-11-10,665,7.39,Received
PO001532,SUP00019,PROD00263,2026-03-31,2026-05-29,575,19.29,Received
PO001533,SUP00017,PROD00022,2025-11-17,2026-01-12,221,69.7,In Transit
PO001534,SUP00031,PROD00278,2026-06-16,2026-07-18,736,13.12,Received
PO001535,SUP00008,PROD00310,2025-12-01,2026-01-19,914,56.25,In Transit
PO001536,SUP00003,PROD00057,2026-05-24,2026-06-28,317,20.35,In Transit
PO001537,SUP00011,PROD00316,2026-01-25,2026-03-07,265,16.56,Received
PO001538,SUP00040,PROD00270,2025-11-06,2025-11-13,93,60.49,Received
PO001539,SUP00001,PROD00406,2025-05-23,2025-06-28,561,48.32,Received
PO001540,SUP00003,PROD00057,2025-05-22,2025-06-26,863,20.35,Received
PO001541,SUP00002,PROD00350,2025-04-16,2025-06-08,553,62.26,Received
PO001542,SUP00038,PROD00378,2026-03-26,2026-04-01,121,45.57,Received
PO001543,SUP00030,PROD00471,2025-02-15,2025-03-17,378,15.12,In Transit
PO001544,SUP00007,PROD00311,2025-04-23,2025-06-05,673,20.86,Received
PO001545,SUP00037,PROD00437,2025-09-25,2025-10-01,292,61.82,Received
PO001546,SUP00032,PROD00153,2026-03-22,2026-04-24,572,59.19,Received
PO001547,SUP00030,PROD00425,2025-03-24,2025-04-23,873,107.73,In Transit
PO001548,SUP00019,PROD00436,2025-06-16,2025-08-14,24,25.77,Received
PO001549,SUP00014,PROD00267,2026-06-04,2026-07-30,46,91.02,Received
PO001550,SUP00020,PROD00030,2026-02-21,2026-04-15,93,67.27,Received
PO001551,SUP00015,PROD00107,2025-04-04,2025-05-31,45,74.34,Received
PO001552,SUP00017,PROD00093,2025-03-06,2025-05-01,257,47.1,In Transit
PO001553,SUP00039,PROD00338,2026-05-14,2026-05-19,550,103.48,Received
PO001554,SUP00039,PROD00116,2025-11-29,2025-12-04,479,17.71,Received
PO001555,SUP00025,PROD00259,2025-08-12,2025-09-19,766,90.55,Received
PO001556,SUP00010,PROD00465,2025-10-10,2025-11-27,33,117.7,Received
PO001557,SUP00019,PROD00145,2026-02-15,2026-04-15,179,51.41,Received
PO001558,SUP00033,PROD00058,2026-01-14,2026-01-16,796,29.99,Received
PO001559,SUP00027,PROD00412,2025-08-26,2025-10-05,684,116.97,Received
PO001560,SUP00037,PROD00403,2026-05-16,2026-05-22,522,90.52,Received
PO001561,SUP00009,PROD00262,2026-06-10,2026-07-19,209,50.87,Received
PO001562,SUP00004,PROD00478,2026-05-10,2026-06-25,827,38.38,Received
PO001563,SUP00015,PROD00251,2026-04-13,2026-06-09,483,90.83,Received
PO001564,SUP00008,PROD00489,2025-10-22,2025-12-10,821,20.0,Received
PO001565,SUP00035,PROD00337,2025-02-24,2025-02-27,845,105.76,Cancelled
PO001566,SUP00029,PROD00393,2026-01-21,2026-02-19,177,83.05,Received
PO001567,SUP00037,PROD00220,2026-06-06,2026-06-12,215,56.26,Received
PO001568,SUP00003,PROD00144,2025-06-21,2025-07-26,933,69.23,Received
PO001569,SUP00011,PROD00133,2025-03-13,2025-04-23,652,8.02,Received
PO001570,SUP00032,PROD00244,2026-04-13,2026-05-16,843,106.44,Received
PO001571,SUP00017,PROD00094,2025-08-06,2025-10-01,274,82.1,Received
PO001572,SUP00036,PROD00277,2025-04-03,2025-04-11,762,15.98,Received
PO001573,SUP00030,PROD00409,2025-05-09,2025-06-08,549,44.2,Received
PO001574,SUP00018,PROD00148,2026-05-01,2026-06-08,481,40.81,Received
PO001575,SUP00027,PROD00078,2026-04-24,2026-06-03,658,17.58,Received
PO001576,SUP00036,PROD00264,2025-12-21,2025-12-29,587,76.58,Received
PO001577,SUP00033,PROD00085,2025-12-09,2025-12-11,772,92.8,Received
PO001578,SUP00035,PROD00444,2025-08-26,2025-08-29,285,109.39,Received
PO001579,SUP00030,PROD00471,2025-09-10,2025-10-10,83,15.12,Received
PO001580,SUP00012,PROD00336,2026-02-04,2026-03-18,582,71.75,Cancelled
PO001581,SUP00007,PROD00015,2025-02-17,2025-04-01,509,59.5,Received
PO001582,SUP00036,PROD00346,2025-03-22,2025-03-30,656,104.62,Cancelled
PO001583,SUP00015,PROD00202,2025-08-13,2025-10-09,450,14.2,Received
PO001584,SUP00013,PROD00237,2025-07-01,2025-08-05,786,82.87,Received
PO001585,SUP00030,PROD00476,2025-06-13,2025-07-13,140,23.1,Received
PO001586,SUP00029,PROD00418,2025-03-12,2025-04-10,28,64.11,Received
PO001587,SUP00004,PROD00214,2026-01-04,2026-02-19,26,61.41,In Transit
PO001588,SUP00009,PROD00457,2025-10-31,2025-12-09,578,110.24,In Transit
PO001589,SUP00029,PROD00232,2025-07-11,2025-08-09,362,89.14,Received
PO001590,SUP00031,PROD00278,2026-06-14,2026-07-16,869,13.12,Received
PO001591,SUP00001,PROD00147,2025-01-05,2025-02-10,341,77.82,Received
PO001592,SUP00002,PROD00350,2026-04-03,2026-05-26,45,62.26,Received
PO001593,SUP00014,PROD00267,2026-02-03,2026-03-31,216,91.02,Received
PO001594,SUP00026,PROD00185,2025-08-10,2025-09-04,809,21.74,Cancelled
PO001595,SUP00040,PROD00221,2025-04-18,2025-04-25,212,15.25,Received
PO001596,SUP00018,PROD00238,2026-04-19,2026-05-27,863,84.52,Received
PO001597,SUP00002,PROD00210,2025-03-21,2025-05-13,517,11.86,Received
PO001598,SUP00004,PROD00214,2025-09-30,2025-11-15,164,61.41,Received
PO001599,SUP00004,PROD00010,2026-07-16,2026-08-31,711,35.43,Received
PO001600,SUP00031,PROD00404,2025-08-01,2025-09-02,265,98.2,Received
PO001601,SUP00026,PROD00190,2026-03-16,2026-04-10,179,46.44,Received
PO001602,SUP00032,PROD00012,2026-06-26,2026-07-29,913,66.1,Received
PO001603,SUP00038,PROD00378,2025-10-24,2025-10-30,583,45.57,Received
PO001604,SUP00012,PROD00438,2025-06-19,2025-07-31,358,29.08,Received
PO001605,SUP00008,PROD00248,2026-01-13,2026-03-03,584,15.43,Cancelled
PO001606,SUP00012,PROD00416,2025-08-09,2025-09-20,632,68.25,Received
PO001607,SUP00007,PROD00429,2026-06-03,2026-07-16,394,92.65,Received
PO001608,SUP00009,PROD00061,2025-04-25,2025-06-03,877,103.11,Received
PO001609,SUP00012,PROD00438,2025-04-04,2025-05-16,91,29.08,In Transit
PO001610,SUP00022,PROD00219,2025-10-12,2025-11-12,530,43.1,Cancelled
PO001611,SUP00035,PROD00337,2025-08-27,2025-08-30,757,105.76,Received
PO001612,SUP00013,PROD00011,2025-05-02,2025-06-06,275,102.15,Received
PO001613,SUP00034,PROD00048,2025-09-30,2025-10-02,370,81.98,In Transit
PO001614,SUP00025,PROD00385,2025-06-06,2025-07-14,882,54.67,In Transit
PO001615,SUP00003,PROD00407,2026-02-27,2026-04-03,970,8.33,Received
PO001616,SUP00007,PROD00454,2025-11-24,2026-01-06,216,83.65,Cancelled
PO001617,SUP00010,PROD00296,2025-01-10,2025-02-27,369,5.44,In Transit
PO001618,SUP00003,PROD00091,2026-03-02,2026-04-06,188,35.39,Received
PO001619,SUP00013,PROD00237,2025-02-26,2025-04-02,410,82.87,Received
PO001620,SUP00023,PROD00016,2026-06-22,2026-07-20,244,17.31,Received
PO001621,SUP00017,PROD00189,2025-02-04,2025-04-01,730,8.19,In Transit
PO001622,SUP00039,PROD00477,2026-03-26,2026-03-31,598,106.27,Received
PO001623,SUP00033,PROD00349,2025-08-10,2025-08-12,772,114.5,In Transit
PO001624,SUP00002,PROD00325,2026-04-28,2026-06-20,441,42.02,Received
PO001625,SUP00004,PROD00056,2025-07-11,2025-08-26,37,54.22,Received
PO001626,SUP00020,PROD00030,2025-01-26,2025-03-20,45,67.27,Received
PO001627,SUP00023,PROD00170,2025-08-09,2025-09-06,597,116.77,Received
PO001628,SUP00023,PROD00353,2026-03-02,2026-03-30,412,110.39,Received
PO001629,SUP00005,PROD00301,2025-06-28,2025-08-15,301,38.81,Received
PO001630,SUP00003,PROD00091,2026-01-21,2026-02-25,873,35.39,Received
PO001631,SUP00023,PROD00345,2025-01-03,2025-01-31,385,115.31,In Transit
PO001632,SUP00020,PROD00241,2026-01-22,2026-03-16,705,68.68,Received
PO001633,SUP00027,PROD00149,2025-10-22,2025-12-01,419,113.69,Received
PO001634,SUP00032,PROD00286,2025-04-17,2025-05-20,579,90.58,In Transit
PO001635,SUP00035,PROD00331,2025-11-09,2025-11-12,416,90.19,Received
PO001636,SUP00017,PROD00224,2025-12-17,2026-02-11,480,51.76,Received
PO001637,SUP00002,PROD00152,2025-06-10,2025-08-02,222,45.6,In Transit
PO001638,SUP00040,PROD00397,2026-03-14,2026-03-21,979,64.22,Received
PO001639,SUP00031,PROD00404,2026-04-16,2026-05-18,457,98.2,Received
PO001640,SUP00037,PROD00403,2025-05-04,2025-05-10,77,90.52,Received
PO001641,SUP00009,PROD00340,2026-01-25,2026-03-05,506,70.3,Received
PO001642,SUP00032,PROD00244,2025-09-02,2025-10-05,225,106.44,In Transit
PO001643,SUP00026,PROD00208,2025-06-05,2025-06-30,41,103.96,In Transit
PO001644,SUP00020,PROD00347,2026-03-28,2026-05-20,773,54.96,Received
PO001645,SUP00022,PROD00497,2025-05-30,2025-06-30,489,27.32,Received
PO001646,SUP00015,PROD00233,2025-11-30,2026-01-26,314,68.6,In Transit
PO001647,SUP00025,PROD00385,2026-06-12,2026-07-20,737,54.67,Received
PO001648,SUP00016,PROD00443,2025-09-24,2025-11-13,886,79.89,Received
PO001649,SUP00024,PROD00229,2025-09-01,2025-10-05,279,85.21,Received
PO001650,SUP00033,PROD00200,2025-08-28,2025-08-30,108,51.64,Received
PO001651,SUP00026,PROD00052,2026-01-31,2026-02-25,976,26.45,Received
PO001652,SUP00034,PROD00046,2025-01-10,2025-01-12,199,26.62,In Transit
PO001653,SUP00008,PROD00073,2025-03-24,2025-05-12,880,43.32,Received
PO001654,SUP00032,PROD00064,2025-08-01,2025-09-03,549,57.24,Received
PO001655,SUP00032,PROD00244,2026-06-06,2026-07-09,687,106.44,Received
PO001656,SUP00020,PROD00074,2025-10-13,2025-12-05,507,20.22,In Transit
PO001657,SUP00036,PROD00485,2025-02-10,2025-02-18,659,69.0,In Transit
PO001658,SUP00005,PROD00188,2025-09-01,2025-10-19,458,97.66,Received
PO001659,SUP00024,PROD00117,2026-06-17,2026-07-21,514,97.57,Received
PO001660,SUP00008,PROD00169,2025-01-22,2025-03-12,995,109.98,Received
PO001661,SUP00022,PROD00360,2025-01-28,2025-02-28,518,91.97,In Transit
PO001662,SUP00009,PROD00018,2026-02-24,2026-04-04,123,25.78,Received
PO001663,SUP00024,PROD00117,2025-06-13,2025-07-17,254,97.57,Received
PO001664,SUP00008,PROD00355,2025-02-06,2025-03-27,562,61.75,Received
PO001665,SUP00027,PROD00412,2026-06-27,2026-08-06,448,116.97,In Transit
PO001666,SUP00009,PROD00455,2025-04-09,2025-05-18,623,73.64,In Transit
PO001667,SUP00013,PROD00335,2025-12-04,2026-01-08,209,116.36,Received
PO001668,SUP00023,PROD00440,2026-05-13,2026-06-10,337,102.41,Received
PO001669,SUP00004,PROD00001,2026-07-16,2026-08-31,424,96.92,Received
PO001670,SUP00016,PROD00110,2025-03-07,2025-04-26,189,38.98,Received
PO001671,SUP00008,PROD00489,2026-02-15,2026-04-05,118,20.0,In Transit
PO001672,SUP00022,PROD00497,2026-02-28,2026-03-31,864,27.32,In Transit
PO001673,SUP00004,PROD00234,2025-01-25,2025-03-12,607,90.25,In Transit
PO001674,SUP00017,PROD00451,2025-01-22,2025-03-19,783,77.45,Received
PO001675,SUP00032,PROD00297,2025-02-21,2025-03-26,234,43.07,Received
PO001676,SUP00021,PROD00198,2025-08-22,2025-09-19,458,29.48,Received
PO001677,SUP00031,PROD00228,2026-06-03,2026-07-05,808,19.85,Cancelled
PO001678,SUP00005,PROD00188,2025-12-07,2026-01-24,619,97.66,Received
PO001679,SUP00016,PROD00051,2025-02-13,2025-04-04,604,34.94,Received
PO001680,SUP00027,PROD00212,2025-04-18,2025-05-28,723,26.65,In Transit
PO001681,SUP00008,PROD00178,2026-04-29,2026-06-17,781,8.42,Received
PO001682,SUP00022,PROD00292,2026-03-24,2026-04-24,403,22.67,Received
PO001683,SUP00018,PROD00257,2025-05-30,2025-07-07,506,71.31,In Transit
PO001684,SUP00031,PROD00278,2025-06-22,2025-07-24,416,13.12,Received
PO001685,SUP00033,PROD00500,2026-05-20,2026-05-22,468,5.13,In Transit
PO001686,SUP00037,PROD00128,2025-01-24,2025-01-30,497,104.87,Received
PO001687,SUP00032,PROD00039,2025-02-01,2025-03-06,389,91.95,Received
PO001688,SUP00033,PROD00196,2025-03-09,2025-03-11,801,71.31,Received
PO001689,SUP00033,PROD00500,2025-12-03,2025-12-05,170,5.13,Received
PO001690,SUP00004,PROD00478,2025-02-14,2025-04-01,796,38.38,Received
PO001691,SUP00005,PROD00414,2025-12-17,2026-02-03,470,34.42,Received
PO001692,SUP00027,PROD00149,2025-10-26,2025-12-05,345,113.69,In Transit
PO001693,SUP00019,PROD00467,2026-01-29,2026-03-29,821,32.21,Received
PO001694,SUP00031,PROD00228,2025-07-19,2025-08-20,36,19.85,Received
PO001695,SUP00023,PROD00155,2025-05-15,2025-06-12,338,2.98,Received
PO001696,SUP00029,PROD00240,2026-04-06,2026-05-05,469,13.56,Cancelled
PO001697,SUP00023,PROD00359,2025-03-03,2025-03-31,35,119.24,Cancelled
PO001698,SUP00032,PROD00405,2026-06-02,2026-07-05,948,53.12,Received
PO001699,SUP00039,PROD00041,2026-03-20,2026-03-25,156,11.05,Received
PO001700,SUP00036,PROD00450,2025-05-18,2025-05-26,716,47.9,Received
PO001701,SUP00017,PROD00181,2025-06-26,2025-08-21,834,66.48,Cancelled
PO001702,SUP00040,PROD00087,2026-06-12,2026-06-19,894,69.7,Received
PO001703,SUP00021,PROD00198,2026-04-25,2026-05-23,127,29.48,In Transit
PO001704,SUP00006,PROD00261,2026-06-30,2026-08-17,326,108.12,Received
PO001705,SUP00019,PROD00204,2026-01-15,2026-03-15,305,77.04,In Transit
PO001706,SUP00030,PROD00476,2025-03-16,2025-04-15,197,23.1,Received
PO001707,SUP00001,PROD00283,2025-11-23,2025-12-29,71,42.24,In Transit
PO001708,SUP00020,PROD00347,2026-05-19,2026-07-11,583,54.96,Received
PO001709,SUP00026,PROD00298,2026-01-09,2026-02-03,265,97.84,Received
PO001710,SUP00014,PROD00138,2025-06-13,2025-08-08,947,97.02,Received
PO001711,SUP00038,PROD00193,2025-10-08,2025-10-14,515,58.58,Received
PO001712,SUP00005,PROD00002,2026-01-02,2026-02-19,998,98.54,Received
PO001713,SUP00039,PROD00041,2025-01-16,2025-01-21,86,11.05,Received
PO001714,SUP00008,PROD00169,2026-02-23,2026-04-13,775,109.98,Received
PO001715,SUP00007,PROD00411,2026-02-01,2026-03-16,637,91.38,Cancelled
PO001716,SUP00009,PROD00299,2025-02-13,2025-03-24,89,64.68,Received
PO001717,SUP00007,PROD00371,2026-03-10,2026-04-22,347,75.2,In Transit
PO001718,SUP00026,PROD00052,2025-12-10,2026-01-04,167,26.45,Cancelled
PO001719,SUP00005,PROD00002,2025-01-02,2025-02-19,229,98.54,Received
PO001720,SUP00010,PROD00296,2025-04-01,2025-05-19,538,5.44,Received
PO001721,SUP00014,PROD00468,2026-05-05,2026-06-30,33,95.69,Received
PO001722,SUP00034,PROD00424,2025-08-13,2025-08-15,145,81.81,Received
PO001723,SUP00013,PROD00011,2025-12-02,2026-01-06,980,102.15,Cancelled
PO001724,SUP00003,PROD00254,2026-01-20,2026-02-24,455,25.18,Received
PO001725,SUP00017,PROD00094,2025-03-10,2025-05-05,592,82.1,Received
PO001726,SUP00040,PROD00087,2026-02-14,2026-02-21,295,69.7,In Transit
PO001727,SUP00006,PROD00180,2025-08-08,2025-09-25,428,44.98,Received
PO001728,SUP00026,PROD00364,2026-03-29,2026-04-23,694,70.53,Received
PO001729,SUP00005,PROD00431,2026-06-14,2026-08-01,750,39.69,In Transit
PO001730,SUP00005,PROD00301,2025-02-28,2025-04-17,767,38.81,Received
PO001731,SUP00028,PROD00461,2026-05-21,2026-06-16,511,26.16,Received
PO001732,SUP00019,PROD00467,2025-06-26,2025-08-24,805,32.21,Received
PO001733,SUP00031,PROD00168,2026-05-01,2026-06-02,626,56.39,Cancelled
PO001734,SUP00030,PROD00460,2025-08-06,2025-09-05,159,85.83,Cancelled
PO001735,SUP00014,PROD00280,2025-05-27,2025-07-22,811,74.62,Received
PO001736,SUP00007,PROD00311,2025-07-23,2025-09-04,403,20.86,In Transit
PO001737,SUP00040,PROD00499,2025-04-03,2025-04-10,689,77.93,Received
PO001738,SUP00023,PROD00205,2025-04-19,2025-05-17,551,97.15,Received
PO001739,SUP00014,PROD00138,2026-07-25,2026-09-19,840,97.02,Received
PO001740,SUP00014,PROD00096,2025-08-15,2025-10-10,783,28.02,Received
PO001741,SUP00010,PROD00088,2025-10-14,2025-12-01,916,21.56,Received
PO001742,SUP00022,PROD00176,2025-07-10,2025-08-10,648,37.79,Cancelled
PO001743,SUP00022,PROD00470,2025-09-27,2025-10-28,353,103.24,In Transit
PO001744,SUP00017,PROD00094,2025-06-29,2025-08-24,37,82.1,In Transit
PO001745,SUP00029,PROD00281,2025-05-10,2025-06-08,827,16.69,Cancelled
PO001746,SUP00035,PROD00444,2025-07-22,2025-07-25,764,109.39,Received
PO001747,SUP00021,PROD00370,2026-02-09,2026-03-09,459,13.56,Received
PO001748,SUP00023,PROD00357,2025-12-30,2026-01-27,571,99.69,In Transit
PO001749,SUP00022,PROD00314,2025-10-07,2025-11-07,279,40.55,Received
PO001750,SUP00019,PROD00145,2026-03-25,2026-05-23,793,51.41,Received
PO001751,SUP00008,PROD00069,2025-04-02,2025-05-21,105,99.18,Received
PO001752,SUP00025,PROD00385,2025-01-14,2025-02-21,377,54.67,In Transit
PO001753,SUP00009,PROD00061,2026-02-07,2026-03-18,825,103.11,Received
PO001754,SUP00034,PROD00046,2026-04-10,2026-04-12,719,26.62,In Transit
PO001755,SUP00005,PROD00351,2025-10-20,2025-12-07,395,106.17,Received
PO001756,SUP00007,PROD00429,2025-12-25,2026-02-06,346,92.65,In Transit
PO001757,SUP00040,PROD00313,2026-05-23,2026-05-30,600,57.58,Received
PO001758,SUP00040,PROD00397,2026-01-16,2026-01-23,895,64.22,In Transit
PO001759,SUP00021,PROD00021,2025-05-21,2025-06-18,915,34.52,Received
PO001760,SUP00009,PROD00135,2025-10-20,2025-11-28,458,34.12,Received
PO001761,SUP00028,PROD00159,2026-06-22,2026-07-18,995,23.22,Received
PO001762,SUP00003,PROD00268,2026-04-23,2026-05-28,587,88.14,Received
PO001763,SUP00013,PROD00372,2026-04-27,2026-06-01,332,68.94,Received
PO001764,SUP00039,PROD00209,2025-11-12,2025-11-17,403,55.14,Received
PO001765,SUP00001,PROD00059,2025-04-27,2025-06-02,448,29.89,Received
PO001766,SUP00035,PROD00381,2025-03-17,2025-03-20,132,41.86,Received
PO001767,SUP00008,PROD00178,2025-01-25,2025-03-15,561,8.42,Received
PO001768,SUP00031,PROD00211,2025-04-30,2025-06-01,181,15.04,Received
PO001769,SUP00023,PROD00345,2025-06-27,2025-07-25,27,115.31,Received
PO001770,SUP00015,PROD00151,2025-01-23,2025-03-21,175,89.58,Received
PO001771,SUP00022,PROD00271,2025-04-23,2025-05-24,319,117.4,Cancelled
PO001772,SUP00025,PROD00473,2025-04-25,2025-06-02,739,43.16,Received
PO001773,SUP00040,PROD00313,2025-07-19,2025-07-26,129,57.58,Cancelled
PO001774,SUP00028,PROD00159,2025-11-12,2025-12-08,947,23.22,Received
PO001775,SUP00006,PROD00261,2025-11-02,2025-12-20,421,108.12,Received
PO001776,SUP00039,PROD00441,2026-02-03,2026-02-08,285,59.28,In Transit
PO001777,SUP00015,PROD00097,2025-12-26,2026-02-21,23,115.57,In Transit
PO001778,SUP00031,PROD00095,2025-07-30,2025-08-31,938,110.22,Received
PO001779,SUP00004,PROD00330,2025-12-10,2026-01-25,440,49.9,Received
PO001780,SUP00011,PROD00133,2025-12-08,2026-01-18,850,8.02,Received
PO001781,SUP00038,PROD00377,2025-03-23,2025-03-29,525,27.59,Received
PO001782,SUP00023,PROD00155,2025-04-06,2025-05-04,139,2.98,Received
PO001783,SUP00014,PROD00280,2025-08-10,2025-10-05,512,74.62,Received
PO001784,SUP00015,PROD00134,2025-06-23,2025-08-19,823,13.23,Cancelled
PO001785,SUP00009,PROD00299,2025-07-07,2025-08-15,510,64.68,Received
PO001786,SUP00026,PROD00185,2026-07-22,2026-08-16,477,21.74,Received
PO001787,SUP00039,PROD00209,2025-05-15,2025-05-20,235,55.14,Cancelled
PO001788,SUP00018,PROD00148,2025-12-14,2026-01-21,817,40.81,Received
PO001789,SUP00027,PROD00386,2026-02-13,2026-03-25,497,27.16,Received
PO001790,SUP00018,PROD00324,2025-10-05,2025-11-12,370,119.9,Received
PO001791,SUP00017,PROD00426,2025-03-09,2025-05-04,525,61.07,In Transit
PO001792,SUP00019,PROD00290,2026-07-22,2026-09-19,494,95.94,Received
PO001793,SUP00023,PROD00235,2025-02-11,2025-03-11,697,73.07,Cancelled
PO001794,SUP00011,PROD00111,2025-01-28,2025-03-10,993,93.28,Received
PO001795,SUP00010,PROD00034,2026-07-03,2026-08-20,714,4.51,Received
PO001796,SUP00033,PROD00500,2025-01-30,2025-02-01,471,5.13,Received
PO001797,SUP00023,PROD00016,2026-05-01,2026-05-29,366,17.31,Received
PO001798,SUP00018,PROD00463,2026-03-31,2026-05-08,961,17.04,In Transit
PO001799,SUP00015,PROD00362,2025-10-24,2025-12-20,891,62.8,Received
PO001800,SUP00022,PROD00314,2025-05-02,2025-06-02,525,40.55,Received
PO001801,SUP00036,PROD00277,2026-03-12,2026-03-20,879,15.98,Received
PO001802,SUP00009,PROD00135,2025-08-28,2025-10-06,574,34.12,Received
PO001803,SUP00016,PROD00109,2025-04-12,2025-06-01,731,63.48,Received
PO001804,SUP00010,PROD00296,2026-04-30,2026-06-17,665,5.44,Received
PO001805,SUP00003,PROD00075,2026-07-23,2026-08-27,428,20.02,Received
PO001806,SUP00024,PROD00373,2025-04-15,2025-05-19,853,39.83,Received
PO001807,SUP00018,PROD00164,2025-05-04,2025-06-11,488,84.53,In Transit
PO001808,SUP00023,PROD00353,2025-02-07,2025-03-07,541,110.39,Received
PO001809,SUP00005,PROD00188,2026-02-06,2026-03-26,92,97.66,Received
PO001810,SUP00039,PROD00247,2026-05-03,2026-05-08,369,83.95,Received
PO001811,SUP00008,PROD00489,2025-09-18,2025-11-06,877,20.0,Received
PO001812,SUP00028,PROD00452,2025-04-30,2025-05-26,392,29.83,In Transit
PO001813,SUP00016,PROD00047,2025-03-31,2025-05-20,958,69.13,In Transit
PO001814,SUP00001,PROD00283,2026-04-26,2026-06-01,527,42.24,Received
PO001815,SUP00012,PROD00132,2025-09-12,2025-10-24,182,75.66,Received
PO001816,SUP00022,PROD00314,2026-03-02,2026-04-02,445,40.55,Received
PO001817,SUP00007,PROD00371,2025-12-18,2026-01-30,922,75.2,Received
PO001818,SUP00026,PROD00344,2025-03-16,2025-04-10,263,42.74,Received
PO001819,SUP00039,PROD00479,2025-11-26,2025-12-01,812,42.52,Received
PO001820,SUP00037,PROD00403,2026-06-18,2026-06-24,313,90.52,Received
PO001821,SUP00014,PROD00400,2025-08-05,2025-09-30,340,62.68,Received
PO001822,SUP00011,PROD00111,2026-06-04,2026-07-15,819,93.28,Received
PO001823,SUP00021,PROD00043,2025-12-02,2025-12-30,995,57.19,Received
PO001824,SUP00032,PROD00236,2026-03-05,2026-04-07,468,68.5,Received
PO001825,SUP00004,PROD00174,2025-02-22,2025-04-09,935,101.09,Received
PO001826,SUP00033,PROD00196,2025-12-11,2025-12-13,583,71.31,Received
PO001827,SUP00019,PROD00145,2025-07-17,2025-09-14,679,51.41,In Transit
PO001828,SUP00025,PROD00473,2025-04-23,2025-05-31,531,43.16,In Transit
PO001829,SUP00012,PROD00114,2025-10-19,2025-11-30,208,39.01,Received
PO001830,SUP00010,PROD00296,2026-07-13,2026-08-30,740,5.44,Received
PO001831,SUP00013,PROD00186,2026-05-09,2026-06-13,993,91.13,Received
PO001832,SUP00028,PROD00427,2025-02-07,2025-03-05,657,96.22,Received
PO001833,SUP00024,PROD00117,2026-02-15,2026-03-21,950,97.57,Cancelled
PO001834,SUP00031,PROD00008,2025-12-29,2026-01-30,720,82.27,Received
PO001835,SUP00010,PROD00042,2025-10-02,2025-11-19,426,37.62,Received
PO001836,SUP00010,PROD00105,2026-05-23,2026-07-10,591,68.47,Received
PO001837,SUP00032,PROD00279,2025-09-13,2025-10-16,782,24.11,In Transit
PO001838,SUP00006,PROD00112,2026-02-24,2026-04-13,163,15.08,Received
PO001839,SUP00026,PROD00344,2026-06-30,2026-07-25,349,42.74,Received
PO001840,SUP00029,PROD00281,2025-09-29,2025-10-28,618,16.69,Received
PO001841,SUP00010,PROD00308,2026-07-13,2026-08-30,271,6.64,In Transit
PO001842,SUP00015,PROD00362,2025-09-24,2025-11-20,748,62.8,In Transit
PO001843,SUP00026,PROD00364,2026-07-12,2026-08-06,185,70.53,Received
PO001844,SUP00026,PROD00141,2025-09-08,2025-10-03,371,5.06,Received
PO001845,SUP00032,PROD00428,2026-01-10,2026-02-12,612,50.97,Received
PO001846,SUP00032,PROD00410,2026-02-06,2026-03-11,851,78.81,In Transit
PO001847,SUP00005,PROD00496,2025-08-12,2025-09-29,503,85.41,In Transit
PO001848,SUP00035,PROD00381,2025-11-28,2025-12-01,874,41.86,Received
PO001849,SUP00026,PROD00052,2026-07-25,2026-08-19,968,26.45,Received
PO001850,SUP00020,PROD00282,2025-06-22,2025-08-14,452,11.64,Received
PO001851,SUP00019,PROD00263,2026-01-20,2026-03-20,951,19.29,Received
PO001852,SUP00011,PROD00327,2025-09-13,2025-10-24,653,117.3,Received
PO001853,SUP00024,PROD00373,2025-05-30,2025-07-03,560,39.83,Received
PO001854,SUP00029,PROD00393,2025-06-21,2025-07-20,402,83.05,Received
PO001855,SUP00023,PROD00382,2026-05-29,2026-06-26,266,77.26,Received
PO001856,SUP00036,PROD00485,2025-05-08,2025-05-16,192,69.0,Received
PO001857,SUP00037,PROD00488,2025-04-28,2025-05-04,917,94.32,In Transit
PO001858,SUP00016,PROD00109,2025-10-01,2025-11-20,259,63.48,Received
PO001859,SUP00040,PROD00270,2026-04-27,2026-05-04,563,60.49,Received
PO001860,SUP00037,PROD00092,2025-01-03,2025-01-09,38,75.09,Received
PO001861,SUP00029,PROD00232,2025-02-06,2025-03-07,934,89.14,Cancelled
PO001862,SUP00004,PROD00498,2026-03-05,2026-04-20,58,119.16,Received
PO001863,SUP00038,PROD00417,2025-12-26,2026-01-01,802,33.0,Received
PO001864,SUP00032,PROD00236,2025-07-24,2025-08-26,20,68.5,In Transit
PO001865,SUP00036,PROD00264,2025-09-08,2025-09-16,574,76.58,Received
PO001866,SUP00039,PROD00477,2026-02-26,2026-03-03,802,106.27,Received
PO001867,SUP00015,PROD00251,2026-02-26,2026-04-24,574,90.83,Received
PO001868,SUP00039,PROD00209,2025-05-24,2025-05-29,630,55.14,Received
PO001869,SUP00009,PROD00018,2026-07-20,2026-08-28,501,25.78,Received
PO001870,SUP00019,PROD00368,2025-04-10,2025-06-08,491,8.19,Received
PO001871,SUP00017,PROD00094,2026-02-08,2026-04-05,120,82.1,Received
PO001872,SUP00023,PROD00380,2025-08-04,2025-09-01,585,42.19,In Transit
PO001873,SUP00021,PROD00020,2025-09-20,2025-10-18,231,46.64,Received
PO001874,SUP00013,PROD00186,2026-05-17,2026-06-21,136,91.13,In Transit
PO001875,SUP00023,PROD00084,2026-01-08,2026-02-05,328,26.57,Received
PO001876,SUP00009,PROD00435,2025-08-06,2025-09-14,354,17.84,Received
PO001877,SUP00024,PROD00430,2025-08-20,2025-09-23,245,60.46,Received
PO001878,SUP00010,PROD00223,2025-01-01,2025-02-18,53,117.44,Received
PO001879,SUP00025,PROD00473,2025-05-25,2025-07-02,690,43.16,Received
PO001880,SUP00001,PROD00014,2026-05-05,2026-06-10,288,101.63,Cancelled
PO001881,SUP00015,PROD00107,2026-06-26,2026-08-22,640,74.34,Received
PO001882,SUP00029,PROD00274,2026-02-15,2026-03-16,169,116.04,Received
PO001883,SUP00022,PROD00100,2026-03-16,2026-04-16,231,76.08,Received
PO001884,SUP00031,PROD00228,2026-07-25,2026-08-26,188,19.85,Received
PO001885,SUP00027,PROD00419,2026-01-24,2026-03-05,736,100.69,Received
PO001886,SUP00032,PROD00428,2025-07-13,2025-08-15,688,50.97,Received
PO001887,SUP00002,PROD00027,2025-07-13,2025-09-04,474,36.11,Received
PO001888,SUP00008,PROD00178,2025-03-04,2025-04-22,908,8.42,Received
PO001889,SUP00027,PROD00099,2025-10-17,2025-11-26,863,10.55,Received
PO001890,SUP00001,PROD00363,2026-07-03,2026-08-08,263,19.97,Received
PO001891,SUP00002,PROD00028,2025-06-04,2025-07-27,124,19.07,Received
PO001892,SUP00026,PROD00344,2025-04-08,2025-05-03,987,42.74,Received
PO001893,SUP00013,PROD00335,2025-07-18,2025-08-22,81,116.36,In Transit
PO001894,SUP00027,PROD00078,2026-01-24,2026-03-05,923,17.58,Received
PO001895,SUP00005,PROD00402,2026-02-17,2026-04-06,685,25.74,Received
PO001896,SUP00020,PROD00216,2025-06-04,2025-07-27,838,99.55,Received
PO001897,SUP00030,PROD00040,2026-01-17,2026-02-16,547,105.26,Received
PO001898,SUP00034,PROD00046,2026-03-04,2026-03-06,426,26.62,Cancelled
PO001899,SUP00014,PROD00468,2025-08-14,2025-10-09,807,95.69,Received
PO001900,SUP00008,PROD00310,2025-11-11,2025-12-30,788,56.25,Received
PO001901,SUP00021,PROD00302,2026-05-13,2026-06-10,39,106.49,Received
PO001902,SUP00033,PROD00184,2026-07-21,2026-07-23,357,72.08,Received
PO001903,SUP00026,PROD00052,2025-07-31,2025-08-25,387,26.45,Received
PO001904,SUP00023,PROD00098,2026-05-23,2026-06-20,294,65.43,In Transit
PO001905,SUP00033,PROD00475,2025-12-16,2025-12-18,347,15.46,Received
PO001906,SUP00009,PROD00044,2026-01-17,2026-02-25,606,85.11,Received
PO001907,SUP00022,PROD00271,2026-07-05,2026-08-05,995,117.4,In Transit
PO001908,SUP00020,PROD00030,2025-04-15,2025-06-07,195,67.27,Received
PO001909,SUP00022,PROD00413,2026-01-20,2026-02-20,287,29.36,Received
PO001910,SUP00029,PROD00312,2025-10-24,2025-11-22,469,113.76,In Transit
PO001911,SUP00010,PROD00225,2026-02-19,2026-04-08,74,67.86,Received
PO001912,SUP00023,PROD00382,2026-01-11,2026-02-08,760,77.26,Received
PO001913,SUP00030,PROD00425,2025-09-20,2025-10-20,902,107.73,Received
PO001914,SUP00032,PROD00420,2026-06-26,2026-07-29,97,66.43,Received
PO001915,SUP00039,PROD00338,2026-02-17,2026-02-22,883,103.48,Received
PO001916,SUP00003,PROD00075,2025-05-29,2025-07-03,222,20.02,Received
PO001917,SUP00004,PROD00330,2026-05-25,2026-07-10,583,49.9,Received
PO001918,SUP00039,PROD00050,2026-01-05,2026-01-10,143,41.44,Received
PO001919,SUP00037,PROD00403,2026-05-19,2026-05-25,732,90.52,Received
PO001920,SUP00039,PROD00050,2025-05-29,2025-06-03,636,41.44,Received
PO001921,SUP00023,PROD00345,2026-05-25,2026-06-22,231,115.31,In Transit
PO001922,SUP00007,PROD00429,2025-07-07,2025-08-19,326,92.65,Received
PO001923,SUP00031,PROD00228,2025-01-20,2025-02-21,132,19.85,In Transit
PO001924,SUP00001,PROD00014,2026-02-22,2026-03-30,839,101.63,Received
PO001925,SUP00022,PROD00413,2025-03-11,2025-04-11,685,29.36,Received
PO001926,SUP00014,PROD00468,2025-06-19,2025-08-14,430,95.69,Received
PO001927,SUP00007,PROD00371,2026-04-03,2026-05-16,134,75.2,Received
PO001928,SUP00022,PROD00413,2025-09-07,2025-10-08,375,29.36,Received
PO001929,SUP00028,PROD00295,2025-09-29,2025-10-25,893,73.28,Received
PO001930,SUP00013,PROD00372,2025-09-10,2025-10-15,67,68.94,Received
PO001931,SUP00030,PROD00137,2025-06-29,2025-07-29,793,20.2,Received
PO001932,SUP00024,PROD00373,2025-08-27,2025-09-30,189,39.83,Received
PO001933,SUP00004,PROD00293,2026-01-08,2026-02-23,237,16.96,Received
PO001934,SUP00016,PROD00047,2026-02-15,2026-04-06,890,69.13,Cancelled
PO001935,SUP00036,PROD00485,2026-03-23,2026-03-31,77,69.0,Received
PO001936,SUP00026,PROD00208,2026-01-06,2026-01-31,637,103.96,In Transit
PO001937,SUP00032,PROD00428,2025-11-11,2025-12-14,982,50.97,Received
PO001938,SUP00016,PROD00086,2025-05-09,2025-06-28,748,102.57,In Transit
PO001939,SUP00035,PROD00031,2025-05-03,2025-05-06,724,20.11,Received
PO001940,SUP00035,PROD00031,2025-03-29,2025-04-01,303,20.11,Received
PO001941,SUP00028,PROD00295,2025-12-11,2026-01-06,76,73.28,Received
PO001942,SUP00023,PROD00213,2026-04-01,2026-04-29,220,45.71,In Transit
PO001943,SUP00032,PROD00286,2025-06-28,2025-07-31,555,90.58,In Transit
PO001944,SUP00027,PROD00078,2026-02-12,2026-03-24,251,17.58,In Transit
PO001945,SUP00031,PROD00211,2025-11-29,2025-12-31,272,15.04,Received
PO001946,SUP00037,PROD00055,2025-04-11,2025-04-17,679,26.05,In Transit
PO001947,SUP00023,PROD00345,2025-01-10,2025-02-07,589,115.31,In Transit
PO001948,SUP00016,PROD00443,2026-01-18,2026-03-09,196,79.89,Received
PO001949,SUP00022,PROD00433,2026-03-10,2026-04-10,789,66.7,Received
PO001950,SUP00027,PROD00212,2026-05-13,2026-06-22,509,26.65,Received
PO001951,SUP00040,PROD00270,2025-07-28,2025-08-04,81,60.49,Received
PO001952,SUP00019,PROD00361,2025-08-16,2025-10-14,631,41.12,Received
PO001953,SUP00004,PROD00330,2025-01-26,2025-03-13,249,49.9,In Transit
PO001954,SUP00020,PROD00030,2026-01-26,2026-03-20,988,67.27,Received
PO001955,SUP00009,PROD00457,2025-11-27,2026-01-05,591,110.24,Received
PO001956,SUP00016,PROD00369,2025-10-25,2025-12-14,712,72.28,Received
PO001957,SUP00039,PROD00319,2026-02-05,2026-02-10,264,24.36,Received
PO001958,SUP00003,PROD00067,2025-07-11,2025-08-15,87,90.57,Received
PO001959,SUP00019,PROD00303,2026-02-21,2026-04-21,242,110.75,Received
PO001960,SUP00021,PROD00037,2025-02-16,2025-03-16,495,92.23,In Transit
PO001961,SUP00028,PROD00461,2026-04-09,2026-05-05,77,26.16,Received
PO001962,SUP00022,PROD00360,2025-05-15,2025-06-15,801,91.97,In Transit
PO001963,SUP00022,PROD00433,2025-02-01,2025-03-04,133,66.7,Received
PO001964,SUP00005,PROD00431,2025-01-21,2025-03-10,252,39.69,Received
PO001965,SUP00006,PROD00491,2025-06-14,2025-08-01,571,40.56,Received
PO001966,SUP00026,PROD00141,2025-05-01,2025-05-26,920,5.06,Received
PO001967,SUP00034,PROD00046,2025-09-08,2025-09-10,107,26.62,In Transit
PO001968,SUP00032,PROD00286,2025-06-27,2025-07-30,562,90.58,In Transit
PO001969,SUP00040,PROD00329,2026-01-24,2026-01-31,711,11.94,Received
PO001970,SUP00019,PROD00204,2025-07-19,2025-09-16,776,77.04,Received
PO001971,SUP00017,PROD00304,2025-12-11,2026-02-05,345,4.48,In Transit
PO001972,SUP00037,PROD00403,2026-05-30,2026-06-05,643,90.52,Received
PO001973,SUP00013,PROD00186,2026-01-14,2026-02-18,963,91.13,In Transit
PO001974,SUP00031,PROD00464,2025-11-17,2025-12-19,394,91.99,Received
PO001975,SUP00006,PROD00261,2025-12-27,2026-02-13,280,108.12,Received
PO001976,SUP00023,PROD00353,2025-08-04,2025-09-01,657,110.39,Received
PO001977,SUP00039,PROD00116,2025-12-22,2025-12-27,124,17.71,Received
PO001978,SUP00024,PROD00117,2025-04-22,2025-05-26,644,97.57,Cancelled
PO001979,SUP00016,PROD00051,2026-07-23,2026-09-11,830,34.94,Received
PO001980,SUP00039,PROD00338,2026-06-14,2026-06-19,278,103.48,In Transit
PO001981,SUP00012,PROD00132,2025-06-28,2025-08-09,721,75.66,Received
PO001982,SUP00021,PROD00276,2026-07-17,2026-08-14,735,104.11,Received
PO001983,SUP00015,PROD00362,2025-08-21,2025-10-17,463,62.8,Received
PO001984,SUP00022,PROD00124,2025-12-05,2026-01-05,148,32.58,Received
PO001985,SUP00026,PROD00231,2025-11-25,2025-12-20,595,19.42,In Transit
PO001986,SUP00032,PROD00064,2025-09-22,2025-10-25,826,57.24,Cancelled
PO001987,SUP00027,PROD00469,2026-07-10,2026-08-19,206,29.54,Received
PO001988,SUP00031,PROD00168,2025-12-01,2026-01-02,941,56.39,In Transit
PO001989,SUP00035,PROD00269,2025-02-25,2025-02-28,630,78.61,In Transit
PO001990,SUP00003,PROD00067,2026-01-08,2026-02-12,331,90.57,Received
PO001991,SUP00030,PROD00423,2026-01-15,2026-02-14,227,30.14,Received
PO001992,SUP00015,PROD00023,2025-08-04,2025-09-30,936,45.42,Received
PO001993,SUP00015,PROD00486,2025-04-05,2025-06-01,740,89.27,Received
PO001994,SUP00029,PROD00183,2025-12-20,2026-01-18,204,72.05,In Transit
PO001995,SUP00013,PROD00398,2025-10-20,2025-11-24,779,77.47,Received
PO001996,SUP00019,PROD00066,2025-09-22,2025-11-20,350,72.1,Received
PO001997,SUP00009,PROD00106,2025-12-25,2026-02-02,157,28.46,In Transit
PO001998,SUP00037,PROD00156,2025-08-15,2025-08-21,220,88.3,Received
PO001999,SUP00005,PROD00188,2025-10-02,2025-11-19,310,97.66,Received
PO002000,SUP00023,PROD00155,2026-02-24,2026-03-24,866,2.98,Cancelled
