return_id,order_id,product_id,return_date,quantity_returned,return_reason,refund_amount,return_status
RET000001,ORD016473,PROD00335,2025-05-14,5,Wrong Item,932.95,Approved
RET000002,ORD040297,PROD00126,2025-08-21,3,Changed Mind,506.43,Approved
RET000003,ORD022025,PROD00359,2026-05-20,4,Changed Mind,913.24,Approved
RET000004,ORD006898,PROD00266,2026-02-28,1,Not as Described,197.62,Approved
RET000005,ORD025776,PROD00193,2025-08-27,8,Damaged,567.52,Approved
RET000006,ORD049029,PROD00446,2025-09-01,5,Not as Described,393.15,Approved
RET000007,ORD042687,PROD00133,2025-08-08,2,Changed Mind,31.46,Approved
RET000008,ORD006482,PROD00422,2025-07-03,3,Quality Issue,388.2,Approved
RET000009,ORD032653,PROD00202,2025-07-24,1,Wrong Item,20.81,Approved
RET000010,ORD017996,PROD00271,2025-10-27,1,Quality Issue,186.12,Approved
RET000011,ORD028347,PROD00463,2025-09-13,2,Changed Mind,52.2,Approved
RET000012,ORD041950,PROD00061,2025-06-16,3,Late Delivery,574.56,Approved
RET000013,ORD017278,PROD00242,2025-05-23,1,Not as Described,118.75,Approved
RET000014,ORD046672,PROD00016,2026-02-04,4,Changed Mind,87.52,Approved
RET000015,ORD027575,PROD00220,2025-02-25,2,Quality Issue,141.96,Approved
RET000016,ORD019800,PROD00296,2025-03-25,5,Damaged,47.85,Rejected
RET000017,ORD034346,PROD00267,2025-01-31,4,Damaged,718.6,Approved
RET000018,ORD002018,PROD00209,2025-05-21,1,Quality Issue,67.02,Approved
RET000019,ORD015299,PROD00243,2025-03-19,2,Damaged,257.04,Approved
RET000020,ORD038138,PROD00305,2025-03-09,1,Damaged,21.16,Approved
RET000021,ORD033601,PROD00169,2025-06-16,7,Quality Issue,1268.12,Approved
RET000022,ORD000080,PROD00500,2025-12-24,1,Damaged,9.16,Approved
RET000023,ORD001449,PROD00446,2026-04-25,1,Not as Described,78.63,Approved
RET000024,ORD037095,PROD00114,2026-06-10,7,Not as Described,352.03,Approved
RET000025,ORD003189,PROD00371,2026-06-19,3,Changed Mind,271.26,Approved
RET000026,ORD017264,PROD00487,2025-05-21,3,Late Delivery,146.19,Pending
RET000027,ORD032353,PROD00448,2025-09-21,5,Wrong Item,195.3,Approved
RET000028,ORD018325,PROD00020,2026-06-09,6,Other,455.4,Approved
RET000029,ORD001185,PROD00386,2025-04-04,4,Wrong Item,206.16,Approved
RET000030,ORD046279,PROD00285,2025-05-03,1,Quality Issue,160.48,Approved
RET000031,ORD003616,PROD00051,2025-10-26,5,Wrong Item,282.85,Pending
RET000032,ORD025134,PROD00053,2026-05-22,3,Damaged,34.47,Rejected
RET000033,ORD025403,PROD00040,2026-06-21,4,Late Delivery,615.8,Approved
RET000034,ORD027779,PROD00220,2026-02-16,2,Quality Issue,141.96,Approved
RET000035,ORD042344,PROD00124,2025-07-28,1,Quality Issue,51.14,Approved
RET000036,ORD048939,PROD00413,2026-06-04,4,Changed Mind,190.32,Approved
RET000037,ORD026960,PROD00177,2026-04-27,4,Changed Mind,671.32,Approved
RET000038,ORD009308,PROD00277,2025-02-22,4,Changed Mind,115.16,Approved
RET000039,ORD021771,PROD00141,2025-08-06,1,Late Delivery,7.3,Pending
RET000040,ORD038169,PROD00224,2026-01-31,3,Damaged,277.98,Approved
RET000041,ORD031127,PROD00335,2025-05-02,10,Changed Mind,1865.9,Approved
RET000042,ORD043339,PROD00227,2025-12-23,2,Not as Described,70.18,Approved
RET000043,ORD032714,PROD00232,2026-03-09,8,Late Delivery,1010.0,Approved
RET000044,ORD005169,PROD00388,2025-08-16,4,Damaged,183.32,Approved
RET000045,ORD037677,PROD00490,2025-11-01,3,Wrong Item,457.98,Pending
RET000046,ORD013002,PROD00328,2026-01-06,8,Changed Mind,600.8,Approved
RET000047,ORD040722,PROD00350,2025-07-26,6,Not as Described,593.1,Approved
RET000048,ORD018800,PROD00336,2026-07-12,8,Damaged,1120.64,Approved
RET000049,ORD020667,PROD00432,2025-10-19,4,Quality Issue,267.12,Approved
RET000050,ORD022942,PROD00122,2026-01-03,1,Wrong Item,79.1,Approved
RET000051,ORD016125,PROD00194,2025-03-30,3,Quality Issue,424.56,Approved
RET000052,ORD045325,PROD00117,2025-08-26,5,Late Delivery,761.95,Approved
RET000053,ORD007432,PROD00225,2025-03-29,1,Damaged,107.74,Pending
RET000054,ORD017365,PROD00499,2026-03-12,8,Changed Mind,885.12,Approved
RET000055,ORD041705,PROD00022,2025-02-06,2,Quality Issue,278.14,Approved
RET000056,ORD011797,PROD00104,2025-03-09,2,Changed Mind,354.5,Pending
RET000057,ORD046805,PROD00072,2025-02-02,2,Quality Issue,63.56,Approved
RET000058,ORD026624,PROD00248,2025-10-25,4,Not as Described,81.04,Approved
RET000059,ORD010385,PROD00331,2026-03-10,4,Other,611.16,Approved
RET000060,ORD000159,PROD00111,2025-02-01,7,Damaged,927.29,Approved
RET000061,ORD039527,PROD00291,2025-03-17,2,Damaged,322.34,Approved
RET000062,ORD044414,PROD00464,2026-06-18,5,Late Delivery,560.2,Approved
RET000063,ORD044908,PROD00144,2025-04-09,1,Quality Issue,112.05,Approved
RET000064,ORD005896,PROD00235,2025-05-15,4,Damaged,399.04,Approved
RET000065,ORD006016,PROD00170,2026-07-23,1,Damaged,205.51,Approved
RET000066,ORD021914,PROD00248,2026-05-28,7,Other,141.82,Approved
RET000067,ORD045922,PROD00419,2025-09-20,2,Damaged,250.04,Pending
RET000068,ORD041590,PROD00371,2026-07-12,3,Not as Described,271.26,Approved
RET000069,ORD009356,PROD00232,2025-07-06,8,Late Delivery,1010.0,Approved
RET000070,ORD040913,PROD00172,2025-03-23,2,Late Delivery,81.1,Approved
RET000071,ORD016527,PROD00333,2026-03-10,3,Damaged,481.65,Rejected
RET000072,ORD014186,PROD00039,2025-07-04,5,Other,637.6,Approved
RET000073,ORD016418,PROD00029,2025-07-17,9,Damaged,708.84,Approved
RET000074,ORD015157,PROD00217,2025-10-01,2,Not as Described,254.84,Pending
RET000075,ORD014573,PROD00487,2025-08-11,4,Not as Described,194.92,Approved
RET000076,ORD021668,PROD00020,2025-05-07,2,Late Delivery,151.8,Approved
RET000077,ORD004817,PROD00365,2025-06-14,3,Not as Described,120.48,Approved
RET000078,ORD003293,PROD00418,2025-10-28,2,Other,213.2,Approved
RET000079,ORD035313,PROD00480,2025-12-25,3,Not as Described,360.39,Approved
RET000080,ORD018730,PROD00093,2025-05-27,3,Quality Issue,235.08,Approved
RET000081,ORD001266,PROD00382,2025-12-29,7,Wrong Item,763.28,Approved
RET000082,ORD010691,PROD00086,2025-10-06,5,Other,711.75,Approved
RET000083,ORD008570,PROD00056,2026-03-02,1,Wrong Item,72.69,Approved
RET000084,ORD043771,PROD00476,2025-05-10,2,Late Delivery,75.96,Pending
RET000085,ORD035193,PROD00155,2025-10-26,1,Other,4.57,Approved
RET000086,ORD038863,PROD00219,2025-11-12,1,Quality Issue,61.18,Approved
RET000087,ORD009627,PROD00452,2026-06-25,7,Quality Issue,392.42,Approved
RET000088,ORD007280,PROD00286,2026-03-24,2,Other,247.58,Approved
RET000089,ORD033049,PROD00254,2026-07-11,1,Late Delivery,35.0,Approved
RET000090,ORD017124,PROD00158,2026-04-28,2,Wrong Item,247.84,Approved
RET000091,ORD010443,PROD00401,2026-06-18,2,Wrong Item,218.12,Pending
RET000092,ORD027820,PROD00378,2025-11-29,7,Quality Issue,594.86,Approved
RET000093,ORD017382,PROD00244,2026-03-13,1,Quality Issue,193.26,Approved
RET000094,ORD026164,PROD00029,2025-07-10,4,Not as Described,315.04,Pending
RET000095,ORD033108,PROD00444,2025-05-04,4,Changed Mind,873.48,Approved
RET000096,ORD020551,PROD00008,2025-12-26,5,Late Delivery,497.15,Approved
RET000097,ORD030841,PROD00399,2026-05-30,3,Wrong Item,402.75,Approved
RET000098,ORD045875,PROD00266,2025-10-08,8,Not as Described,1580.96,Approved
RET000099,ORD015005,PROD00138,2025-09-18,1,Changed Mind,159.61,Approved
RET000100,ORD027964,PROD00188,2026-07-12,1,Other,176.48,Approved
RET000101,ORD039024,PROD00370,2025-03-31,1,Quality Issue,17.34,Approved
RET000102,ORD009268,PROD00075,2025-07-13,1,Other,39.04,Approved
RET000103,ORD032039,PROD00030,2025-11-16,6,Quality Issue,658.32,Pending
RET000104,ORD030200,PROD00108,2026-05-09,2,Quality Issue,179.18,Approved
RET000105,ORD015198,PROD00362,2025-06-10,2,Changed Mind,209.28,Approved
RET000106,ORD024785,PROD00132,2025-09-15,2,Wrong Item,296.28,Approved
RET000107,ORD007502,PROD00488,2025-11-07,4,Not as Described,650.48,Approved
RET000108,ORD049885,PROD00374,2025-08-09,4,Not as Described,54.08,Approved
RET000109,ORD004479,PROD00367,2026-03-27,1,Damaged,158.05,Pending
RET000110,ORD036890,PROD00479,2025-03-28,3,Quality Issue,208.95,Approved
RET000111,ORD002486,PROD00370,2025-04-21,3,Quality Issue,52.02,Approved
RET000112,ORD007916,PROD00001,2025-08-19,4,Changed Mind,494.92,Approved
RET000113,ORD032976,PROD00423,2025-07-06,4,Not as Described,231.8,Approved
RET000114,ORD034742,PROD00325,2025-05-14,7,Wrong Item,494.9,Rejected
RET000115,ORD040957,PROD00223,2026-04-08,1,Other,182.36,Approved
RET000116,ORD033492,PROD00313,2026-05-12,2,Wrong Item,151.94,Approved
RET000117,ORD041894,PROD00453,2026-01-19,7,Damaged,421.33,Pending
RET000118,ORD046412,PROD00273,2025-05-01,2,Late Delivery,138.36,Approved
RET000119,ORD033395,PROD00085,2025-11-03,3,Wrong Item,424.83,Rejected
RET000120,ORD027396,PROD00391,2026-05-07,2,Damaged,419.36,Approved
RET000121,ORD020893,PROD00093,2025-05-20,1,Changed Mind,78.36,Approved
RET000122,ORD027400,PROD00304,2026-02-05,2,Other,13.2,Approved
RET000123,ORD033585,PROD00319,2025-12-18,6,Not as Described,191.16,Approved
RET000124,ORD014209,PROD00291,2025-08-20,1,Changed Mind,161.17,Approved
RET000125,ORD005208,PROD00047,2025-12-08,2,Late Delivery,232.3,Approved
RET000126,ORD040806,PROD00490,2025-06-24,1,Quality Issue,152.66,Approved
RET000127,ORD039363,PROD00048,2025-10-30,7,Late Delivery,1060.5,Pending
RET000128,ORD049893,PROD00010,2026-07-05,2,Damaged,85.22,Approved
RET000129,ORD010899,PROD00338,2025-12-08,8,Late Delivery,1646.08,Approved
RET000130,ORD006387,PROD00028,2026-06-26,4,Late Delivery,148.36,Approved
RET000131,ORD039713,PROD00283,2026-05-26,7,Damaged,588.35,Approved
RET000132,ORD013079,PROD00180,2026-01-05,2,Quality Issue,167.22,Approved
RET000133,ORD001275,PROD00377,2025-12-11,4,Other,177.2,Rejected
RET000134,ORD027871,PROD00351,2025-04-15,3,Wrong Item,540.21,Approved
RET000135,ORD020681,PROD00136,2025-10-25,8,Wrong Item,105.28,Approved
RET000136,ORD025059,PROD00125,2025-02-20,4,Wrong Item,362.28,Approved
RET000137,ORD032190,PROD00378,2025-10-20,2,Wrong Item,169.96,Approved
RET000138,ORD027747,PROD00170,2025-02-25,3,Not as Described,616.53,Rejected
RET000139,ORD017349,PROD00406,2025-03-01,9,Not as Described,532.71,Approved
RET000140,ORD006269,PROD00414,2025-09-11,3,Other,183.63,Approved
RET000141,ORD016777,PROD00412,2026-03-18,5,Changed Mind,795.2,Approved
RET000142,ORD024092,PROD00430,2026-01-05,5,Quality Issue,576.05,Approved
RET000143,ORD012230,PROD00206,2025-03-20,4,Changed Mind,146.16,Approved
RET000144,ORD007866,PROD00110,2025-10-22,4,Not as Described,279.0,Approved
RET000145,ORD000752,PROD00490,2025-12-04,9,Wrong Item,1373.94,Approved
RET000146,ORD046722,PROD00200,2026-06-11,2,Late Delivery,162.78,Approved
RET000147,ORD027591,PROD00127,2026-04-29,3,Late Delivery,301.89,Approved
RET000148,ORD001569,PROD00164,2026-06-21,4,Late Delivery,555.0,Approved
RET000149,ORD033285,PROD00413,2025-09-19,6,Damaged,285.48,Rejected
RET000150,ORD016039,PROD00316,2025-03-17,1,Damaged,30.56,Approved
RET000151,ORD017392,PROD00176,2025-02-10,4,Late Delivery,182.56,Approved
RET000152,ORD042024,PROD00283,2026-02-06,5,Damaged,420.25,Approved
RET000153,ORD012379,PROD00195,2025-04-22,7,Damaged,201.67,Approved
RET000154,ORD004393,PROD00025,2026-01-23,1,Wrong Item,140.01,Approved
RET000155,ORD041939,PROD00393,2025-05-20,5,Late Delivery,544.95,Approved
RET000156,ORD000845,PROD00224,2025-07-02,6,Quality Issue,555.96,Rejected
RET000157,ORD035999,PROD00024,2025-03-04,1,Not as Described,92.88,Rejected
RET000158,ORD018053,PROD00164,2025-07-27,3,Wrong Item,416.25,Approved
RET000159,ORD013668,PROD00036,2025-07-14,2,Quality Issue,295.18,Approved
RET000160,ORD048789,PROD00443,2026-03-29,7,Late Delivery,844.55,Approved
RET000161,ORD038720,PROD00366,2026-02-25,2,Changed Mind,171.7,Approved
RET000162,ORD028506,PROD00181,2025-02-04,3,Other,355.26,Approved
RET000163,ORD002195,PROD00333,2026-04-03,1,Not as Described,160.55,Approved
RET000164,ORD049473,PROD00208,2025-02-28,9,Damaged,1535.67,Approved
RET000165,ORD012854,PROD00152,2026-01-18,5,Wrong Item,318.4,Approved
RET000166,ORD048344,PROD00101,2026-04-12,3,Other,523.74,Approved
RET000167,ORD019419,PROD00055,2026-06-13,2,Late Delivery,90.44,Approved
RET000168,ORD044267,PROD00085,2026-06-16,3,Late Delivery,424.83,Approved
RET000169,ORD023954,PROD00377,2026-04-25,1,Quality Issue,44.3,Approved
RET000170,ORD012432,PROD00162,2025-09-26,5,Not as Described,1125.35,Approved
RET000171,ORD037135,PROD00096,2025-05-22,6,Not as Described,283.14,Approved
RET000172,ORD007113,PROD00067,2025-11-10,2,Late Delivery,295.8,Approved
RET000173,ORD004082,PROD00356,2025-10-18,5,Other,479.2,Approved
RET000174,ORD003487,PROD00186,2026-05-11,1,Quality Issue,157.64,Rejected
RET000175,ORD040795,PROD00215,2025-05-15,1,Damaged,52.29,Rejected
RET000176,ORD024904,PROD00223,2025-12-16,3,Other,547.08,Approved
RET000177,ORD025947,PROD00276,2026-03-02,4,Damaged,794.28,Approved
RET000178,ORD033620,PROD00220,2025-06-14,8,Damaged,567.84,Approved
RET000179,ORD041877,PROD00484,2025-10-30,5,Not as Described,31.8,Approved
RET000180,ORD026855,PROD00485,2025-06-24,1,Not as Described,87.8,Approved
RET000181,ORD047230,PROD00095,2025-10-12,7,Changed Mind,1073.52,Approved
RET000182,ORD036212,PROD00441,2025-07-07,3,Quality Issue,297.81,Pending
RET000183,ORD013442,PROD00322,2025-03-08,1,Wrong Item,136.32,Approved
RET000184,ORD021644,PROD00491,2025-12-06,5,Damaged,388.15,Approved
RET000185,ORD015396,PROD00470,2025-12-03,1,Changed Mind,133.08,Approved
RET000186,ORD000757,PROD00458,2025-06-06,1,Other,175.97,Approved
RET000187,ORD026873,PROD00130,2026-03-30,2,Not as Described,158.22,Approved
RET000188,ORD023216,PROD00186,2025-04-07,4,Quality Issue,630.56,Rejected
RET000189,ORD001057,PROD00252,2026-04-19,2,Late Delivery,70.4,Approved
RET000190,ORD037041,PROD00010,2025-04-17,1,Wrong Item,42.61,Approved
RET000191,ORD026738,PROD00453,2026-01-03,1,Not as Described,60.19,Pending
RET000192,ORD041853,PROD00170,2026-03-31,8,Wrong Item,1644.08,Approved
RET000193,ORD045128,PROD00398,2025-11-12,1,Not as Described,154.71,Pending
RET000194,ORD006163,PROD00180,2025-04-17,1,Other,83.61,Pending
RET000195,ORD022289,PROD00332,2026-03-11,1,Late Delivery,55.83,Approved
RET000196,ORD037413,PROD00086,2026-06-07,2,Wrong Item,284.7,Approved
RET000197,ORD018058,PROD00343,2025-05-02,4,Wrong Item,481.6,Approved
RET000198,ORD042751,PROD00093,2025-07-12,2,Wrong Item,156.72,Pending
RET000199,ORD047613,PROD00013,2025-12-27,4,Not as Described,174.44,Approved
RET000200,ORD034881,PROD00476,2025-05-24,1,Damaged,37.98,Approved
RET000201,ORD016391,PROD00069,2025-08-14,1,Quality Issue,132.59,Approved
RET000202,ORD022196,PROD00305,2025-04-06,8,Late Delivery,169.28,Approved
RET000203,ORD027961,PROD00179,2025-06-06,2,Changed Mind,336.32,Approved
RET000204,ORD020903,PROD00498,2026-07-20,1,Changed Mind,188.0,Approved
RET000205,ORD048902,PROD00314,2026-03-16,7,Quality Issue,381.29,Approved
RET000206,ORD019291,PROD00047,2025-04-05,3,Quality Issue,348.45,Pending
RET000207,ORD038046,PROD00294,2025-12-13,1,Other,72.62,Approved
RET000208,ORD019298,PROD00229,2025-10-26,9,Wrong Item,1146.15,Approved
RET000209,ORD017678,PROD00474,2025-12-07,1,Wrong Item,60.11,Approved
RET000210,ORD011699,PROD00407,2025-07-29,3,Changed Mind,41.01,Approved
RET000211,ORD033645,PROD00056,2025-05-03,3,Changed Mind,218.07,Rejected
RET000212,ORD031806,PROD00028,2026-01-09,2,Late Delivery,74.18,Approved
RET000213,ORD040668,PROD00234,2025-05-17,1,Wrong Item,115.94,Approved
RET000214,ORD043369,PROD00431,2025-09-19,4,Changed Mind,268.52,Approved
RET000215,ORD018069,PROD00091,2025-04-10,2,Other,113.78,Approved
RET000216,ORD007788,PROD00269,2025-05-25,4,Damaged,613.92,Approved
RET000217,ORD012781,PROD00065,2026-04-20,4,Quality Issue,297.16,Approved
RET000218,ORD042836,PROD00307,2025-12-10,1,Late Delivery,223.91,Approved
RET000219,ORD036773,PROD00043,2025-05-11,4,Wrong Item,323.0,Approved
RET000220,ORD008890,PROD00145,2025-11-01,4,Changed Mind,316.16,Approved
RET000221,ORD041586,PROD00355,2026-03-14,3,Late Delivery,269.22,Approved
RET000222,ORD048384,PROD00224,2025-06-07,4,Changed Mind,370.64,Rejected
RET000223,ORD011833,PROD00057,2025-03-24,1,Damaged,29.53,Approved
RET000224,ORD007332,PROD00364,2026-07-10,3,Other,335.73,Approved
RET000225,ORD044259,PROD00421,2026-07-15,5,Late Delivery,63.15,Approved
RET000226,ORD043297,PROD00260,2025-06-28,1,Other,231.06,Approved
RET000227,ORD035359,PROD00079,2026-07-17,2,Late Delivery,93.54,Pending
RET000228,ORD006454,PROD00457,2025-11-02,2,Other,362.34,Approved
RET000229,ORD025948,PROD00309,2025-12-06,9,Late Delivery,397.98,Approved
RET000230,ORD040819,PROD00005,2026-07-23,7,Not as Described,544.53,Pending
RET000231,ORD047525,PROD00427,2025-06-07,1,Quality Issue,185.42,Approved
RET000232,ORD048741,PROD00411,2025-06-09,1,Quality Issue,151.02,Approved
RET000233,ORD000867,PROD00292,2025-12-23,2,Late Delivery,65.88,Approved
RET000234,ORD040626,PROD00258,2025-06-17,4,Changed Mind,224.12,Pending
RET000235,ORD010886,PROD00127,2025-06-29,3,Not as Described,301.89,Approved
RET000236,ORD009880,PROD00178,2025-06-01,2,Wrong Item,21.54,Approved
RET000237,ORD024288,PROD00430,2026-04-23,10,Late Delivery,1152.1,Approved
RET000238,ORD004868,PROD00067,2025-11-04,1,Quality Issue,147.9,Pending
RET000239,ORD014894,PROD00307,2026-06-01,8,Late Delivery,1791.28,Approved
RET000240,ORD032444,PROD00104,2026-03-31,3,Wrong Item,531.75,Approved
RET000241,ORD014487,PROD00018,2025-02-03,3,Other,102.12,Approved
RET000242,ORD016371,PROD00124,2025-12-22,1,Late Delivery,51.14,Approved
RET000243,ORD041864,PROD00083,2026-06-12,9,Damaged,1656.63,Approved
RET000244,ORD025138,PROD00010,2026-07-06,2,Not as Described,85.22,Approved
RET000245,ORD040280,PROD00481,2025-04-08,2,Other,295.02,Approved
RET000246,ORD010036,PROD00307,2025-05-22,6,Other,1343.46,Approved
RET000247,ORD021297,PROD00258,2026-07-15,1,Changed Mind,56.03,Approved
RET000248,ORD019686,PROD00030,2025-03-18,2,Quality Issue,219.44,Approved
RET000249,ORD035200,PROD00434,2026-03-30,3,Changed Mind,444.0,Approved
RET000250,ORD022909,PROD00185,2025-11-26,1,Changed Mind,42.57,Approved
RET000251,ORD004934,PROD00137,2025-11-18,3,Not as Described,77.16,Rejected
RET000252,ORD028319,PROD00499,2025-12-29,7,Wrong Item,774.48,Approved
RET000253,ORD038200,PROD00145,2025-10-05,9,Other,711.36,Approved
RET000254,ORD025724,PROD00216,2026-03-20,3,Quality Issue,413.19,Approved
RET000255,ORD036026,PROD00159,2025-02-22,1,Damaged,41.1,Approved
RET000256,ORD029767,PROD00413,2025-08-17,4,Quality Issue,190.32,Approved
RET000257,ORD003783,PROD00394,2026-01-10,4,Quality Issue,568.72,Approved
RET000258,ORD030117,PROD00353,2025-04-10,5,Changed Mind,739.95,Approved
RET000259,ORD007213,PROD00117,2025-08-15,4,Damaged,609.56,Rejected
RET000260,ORD009555,PROD00487,2026-02-26,3,Wrong Item,146.19,Pending
RET000261,ORD049576,PROD00411,2026-03-31,2,Other,302.04,Approved
RET000262,ORD018569,PROD00416,2025-08-03,1,Wrong Item,119.22,Approved
RET000263,ORD049360,PROD00018,2026-02-13,1,Quality Issue,34.04,Approved
RET000264,ORD037449,PROD00075,2026-06-07,4,Not as Described,156.16,Rejected
RET000265,ORD033051,PROD00425,2025-02-11,5,Not as Described,944.6,Approved
RET000266,ORD035650,PROD00423,2026-05-25,2,Wrong Item,115.9,Approved
RET000267,ORD010388,PROD00351,2026-06-06,8,Not as Described,1440.56,Approved
RET000268,ORD045415,PROD00265,2025-07-07,4,Changed Mind,830.64,Approved
RET000269,ORD026875,PROD00175,2025-12-09,2,Quality Issue,61.26,Approved
RET000270,ORD015675,PROD00068,2026-01-05,1,Wrong Item,42.56,Approved
RET000271,ORD047307,PROD00238,2026-03-01,1,Not as Described,154.94,Rejected
RET000272,ORD022731,PROD00222,2026-05-24,3,Not as Described,163.5,Approved
RET000273,ORD035255,PROD00134,2026-01-26,1,Other,17.48,Approved
RET000274,ORD028526,PROD00441,2026-07-12,1,Wrong Item,99.27,Approved
RET000275,ORD029213,PROD00070,2026-01-20,3,Changed Mind,496.95,Approved
RET000276,ORD027722,PROD00041,2025-06-17,1,Changed Mind,18.82,Approved
RET000277,ORD040002,PROD00411,2025-07-16,1,Not as Described,151.02,Approved
RET000278,ORD032703,PROD00450,2025-11-27,3,Wrong Item,216.51,Approved
RET000279,ORD042393,PROD00437,2026-07-16,1,Wrong Item,91.71,Approved
RET000280,ORD032452,PROD00127,2025-07-11,2,Wrong Item,201.26,Rejected
RET000281,ORD005843,PROD00128,2025-03-27,1,Wrong Item,207.41,Approved
RET000282,ORD049474,PROD00227,2026-02-03,2,Late Delivery,70.18,Approved
RET000283,ORD048582,PROD00459,2026-06-26,3,Late Delivery,123.0,Pending
RET000284,ORD002326,PROD00214,2026-01-14,3,Other,305.73,Approved
RET000285,ORD011879,PROD00497,2025-04-02,8,Not as Described,398.32,Approved
RET000286,ORD029267,PROD00086,2026-05-18,7,Changed Mind,996.45,Approved
RET000287,ORD030396,PROD00119,2025-11-02,6,Other,140.58,Approved
RET000288,ORD024977,PROD00138,2025-10-19,2,Late Delivery,319.22,Approved
RET000289,ORD001650,PROD00170,2026-01-04,1,Changed Mind,205.51,Approved
RET000290,ORD042587,PROD00299,2025-06-14,2,Quality Issue,236.84,Approved
RET000291,ORD023208,PROD00114,2025-02-02,1,Late Delivery,50.29,Approved
RET000292,ORD036416,PROD00060,2025-04-16,2,Changed Mind,95.84,Approved
RET000293,ORD040195,PROD00182,2025-07-06,2,Other,131.94,Approved
RET000294,ORD048400,PROD00249,2026-03-01,5,Other,951.75,Approved
RET000295,ORD033540,PROD00418,2025-06-20,4,Damaged,426.4,Approved
RET000296,ORD023683,PROD00252,2026-04-14,3,Quality Issue,105.6,Pending
RET000297,ORD044773,PROD00080,2026-06-22,7,Not as Described,443.38,Approved
RET000298,ORD032209,PROD00307,2026-01-15,2,Late Delivery,447.82,Approved
RET000299,ORD047585,PROD00066,2026-07-16,2,Wrong Item,272.58,Approved
RET000300,ORD012018,PROD00173,2025-02-20,1,Not as Described,43.24,Approved
RET000301,ORD026403,PROD00010,2025-02-11,5,Late Delivery,213.05,Approved
RET000302,ORD036794,PROD00321,2025-02-09,7,Not as Described,480.97,Approved
RET000303,ORD022968,PROD00226,2026-05-12,1,Not as Described,145.83,Approved
RET000304,ORD002937,PROD00442,2026-01-13,2,Quality Issue,254.84,Approved
RET000305,ORD003457,PROD00499,2026-01-08,1,Quality Issue,110.64,Approved
RET000306,ORD043585,PROD00265,2026-07-02,5,Damaged,1038.3,Approved
RET000307,ORD025998,PROD00020,2026-02-14,1,Damaged,75.9,Approved
RET000308,ORD009519,PROD00238,2025-10-20,1,Changed Mind,154.94,Approved
RET000309,ORD049537,PROD00129,2026-04-25,3,Wrong Item,426.93,Approved
RET000310,ORD046099,PROD00135,2025-11-11,1,Other,65.54,Approved
RET000311,ORD020405,PROD00238,2026-04-26,2,Other,309.88,Approved
RET000312,ORD025152,PROD00424,2025-10-09,1,Quality Issue,157.44,Approved
RET000313,ORD001354,PROD00425,2025-02-11,3,Not as Described,566.76,Approved
RET000314,ORD037356,PROD00355,2025-06-24,2,Wrong Item,179.48,Approved
RET000315,ORD043222,PROD00349,2025-10-07,2,Quality Issue,423.72,Rejected
RET000316,ORD036808,PROD00265,2025-04-15,3,Late Delivery,622.98,Approved
RET000317,ORD030274,PROD00432,2026-03-08,1,Not as Described,66.78,Approved
RET000318,ORD014042,PROD00414,2025-08-12,1,Not as Described,61.21,Approved
RET000319,ORD035616,PROD00422,2025-07-05,3,Other,388.2,Approved
RET000320,ORD029053,PROD00236,2025-12-08,3,Late Delivery,361.32,Approved
RET000321,ORD047815,PROD00314,2026-07-22,5,Damaged,272.35,Pending
RET000322,ORD013783,PROD00288,2026-06-14,1,Wrong Item,38.75,Approved
RET000323,ORD014579,PROD00238,2025-07-23,5,Wrong Item,774.7,Approved
RET000324,ORD029246,PROD00182,2025-06-08,5,Wrong Item,329.85,Approved
RET000325,ORD043801,PROD00354,2025-09-30,3,Damaged,335.97,Approved
RET000326,ORD035403,PROD00421,2026-05-15,7,Damaged,88.41,Approved
RET000327,ORD017577,PROD00473,2025-04-24,2,Quality Issue,140.88,Approved
RET000328,ORD024542,PROD00069,2025-09-10,6,Quality Issue,795.54,Approved
RET000329,ORD023611,PROD00121,2026-05-06,10,Other,1273.4,Approved
RET000330,ORD047643,PROD00020,2026-02-25,2,Changed Mind,151.8,Approved
RET000331,ORD047236,PROD00144,2025-06-28,5,Not as Described,560.25,Approved
RET000332,ORD001566,PROD00303,2025-10-08,1,Damaged,194.8,Approved
RET000333,ORD002533,PROD00126,2026-02-22,3,Damaged,506.43,Rejected
RET000334,ORD035951,PROD00256,2025-08-30,9,Wrong Item,710.64,Approved
RET000335,ORD031866,PROD00157,2025-03-13,1,Late Delivery,18.92,Pending
RET000336,ORD026809,PROD00453,2025-05-30,3,Late Delivery,180.57,Approved
RET000337,ORD003490,PROD00084,2025-10-18,6,Not as Described,295.26,Approved
RET000338,ORD034525,PROD00055,2026-01-07,1,Other,45.22,Approved
RET000339,ORD033155,PROD00315,2026-01-05,1,Quality Issue,133.86,Approved
RET000340,ORD014730,PROD00377,2025-02-12,1,Other,44.3,Approved
RET000341,ORD026050,PROD00333,2026-01-05,8,Late Delivery,1284.4,Approved
RET000342,ORD021142,PROD00166,2025-11-22,1,Wrong Item,173.59,Approved
RET000343,ORD038406,PROD00479,2026-06-16,1,Quality Issue,69.65,Approved
RET000344,ORD012463,PROD00063,2025-11-19,2,Changed Mind,249.7,Approved
RET000345,ORD046972,PROD00233,2026-05-23,1,Not as Described,127.44,Approved
RET000346,ORD029568,PROD00093,2026-06-19,5,Quality Issue,391.8,Approved
RET000347,ORD018007,PROD00143,2025-05-28,1,Quality Issue,84.1,Approved
RET000348,ORD006688,PROD00146,2026-03-17,1,Late Delivery,233.11,Approved
RET000349,ORD008007,PROD00039,2025-09-27,2,Not as Described,255.04,Approved
RET000350,ORD005008,PROD00411,2026-02-10,2,Quality Issue,302.04,Approved
RET000351,ORD038170,PROD00293,2025-09-16,4,Not as Described,100.64,Approved
RET000352,ORD036851,PROD00444,2026-07-05,3,Quality Issue,655.11,Approved
RET000353,ORD041567,PROD00108,2026-02-04,3,Other,268.77,Approved
RET000354,ORD043373,PROD00114,2025-06-04,6,Changed Mind,301.74,Approved
RET000355,ORD034468,PROD00202,2025-07-23,3,Wrong Item,62.43,Rejected
RET000356,ORD042435,PROD00001,2025-08-03,1,Wrong Item,123.73,Approved
RET000357,ORD022815,PROD00070,2025-09-14,2,Wrong Item,331.3,Approved
RET000358,ORD023607,PROD00244,2025-11-30,6,Other,1159.56,Approved
RET000359,ORD023285,PROD00030,2026-01-29,4,Changed Mind,438.88,Approved
RET000360,ORD010521,PROD00151,2025-11-24,4,Quality Issue,592.8,Approved
RET000361,ORD031879,PROD00421,2025-06-11,2,Late Delivery,25.26,Approved
RET000362,ORD011103,PROD00159,2025-12-19,6,Not as Described,246.6,Approved
RET000363,ORD029668,PROD00274,2026-01-31,4,Other,641.4,Approved
RET000364,ORD000904,PROD00450,2025-02-20,6,Quality Issue,433.02,Approved
RET000365,ORD032144,PROD00438,2025-11-27,1,Damaged,37.7,Approved
RET000366,ORD010548,PROD00175,2025-03-11,1,Damaged,30.63,Approved
RET000367,ORD007703,PROD00289,2025-07-05,9,Quality Issue,139.5,Approved
RET000368,ORD038646,PROD00294,2025-02-23,2,Not as Described,145.24,Approved
RET000369,ORD046507,PROD00244,2025-09-06,6,Quality Issue,1159.56,Approved
RET000370,ORD007280,PROD00123,2025-04-09,4,Changed Mind,57.4,Approved
RET000371,ORD000263,PROD00179,2025-04-07,4,Other,672.64,Approved
RET000372,ORD024903,PROD00339,2025-08-26,2,Quality Issue,373.64,Approved
RET000373,ORD049816,PROD00102,2025-04-07,4,Wrong Item,461.64,Approved
RET000374,ORD022193,PROD00428,2025-11-27,2,Quality Issue,156.72,Approved
RET000375,ORD012746,PROD00498,2026-05-09,3,Quality Issue,564.0,Rejected
RET000376,ORD027714,PROD00137,2026-06-29,6,Other,154.32,Approved
RET000377,ORD016442,PROD00022,2026-05-15,3,Other,417.21,Approved
RET000378,ORD011290,PROD00269,2025-08-21,3,Not as Described,460.44,Approved
RET000379,ORD029352,PROD00111,2025-03-19,3,Quality Issue,397.41,Approved
RET000380,ORD028782,PROD00466,2025-02-01,6,Other,332.76,Approved
RET000381,ORD013725,PROD00300,2026-07-09,1,Other,135.61,Approved
RET000382,ORD045697,PROD00284,2025-02-18,2,Damaged,135.6,Approved
RET000383,ORD046601,PROD00362,2025-05-02,1,Late Delivery,104.64,Approved
RET000384,ORD047133,PROD00341,2026-06-06,2,Not as Described,227.72,Approved
RET000385,ORD031480,PROD00204,2025-08-30,2,Not as Described,304.8,Pending
RET000386,ORD034234,PROD00411,2025-07-28,10,Late Delivery,1510.2,Approved
RET000387,ORD039592,PROD00380,2025-05-17,1,Damaged,57.26,Approved
RET000388,ORD013097,PROD00450,2025-04-20,2,Not as Described,144.34,Approved
RET000389,ORD049736,PROD00044,2026-01-18,4,Changed Mind,471.44,Approved
RET000390,ORD002661,PROD00500,2026-03-15,6,Other,54.96,Approved
RET000391,ORD018016,PROD00112,2026-04-10,5,Other,127.15,Approved
RET000392,ORD000116,PROD00279,2025-03-10,6,Other,234.24,Approved
RET000393,ORD011572,PROD00217,2025-06-02,2,Quality Issue,254.84,Approved
RET000394,ORD009056,PROD00002,2025-03-27,3,Damaged,534.42,Approved
RET000395,ORD040712,PROD00155,2025-05-07,1,Not as Described,4.57,Approved
RET000396,ORD013984,PROD00344,2025-07-27,1,Changed Mind,52.27,Approved
RET000397,ORD031271,PROD00189,2025-10-14,4,Other,51.4,Approved
RET000398,ORD014992,PROD00446,2026-07-08,1,Quality Issue,78.63,Approved
RET000399,ORD007293,PROD00050,2025-06-25,4,Damaged,315.56,Approved
RET000400,ORD038949,PROD00419,2025-08-24,5,Changed Mind,625.1,Approved
RET000401,ORD002999,PROD00435,2025-08-26,2,Not as Described,43.5,Pending
RET000402,ORD032415,PROD00121,2026-06-18,2,Not as Described,254.68,Approved
RET000403,ORD036466,PROD00432,2025-08-08,7,Other,467.46,Approved
RET000404,ORD022574,PROD00352,2026-03-08,3,Quality Issue,237.93,Approved
RET000405,ORD035289,PROD00391,2025-07-24,1,Quality Issue,209.68,Approved
RET000406,ORD020826,PROD00024,2026-04-16,1,Damaged,92.88,Pending
RET000407,ORD036847,PROD00446,2025-03-14,4,Quality Issue,314.52,Approved
RET000408,ORD019858,PROD00427,2025-07-04,7,Not as Described,1297.94,Approved
RET000409,ORD026900,PROD00053,2025-12-04,1,Changed Mind,11.49,Approved
RET000410,ORD021784,PROD00197,2026-03-14,3,Quality Issue,415.11,Approved
RET000411,ORD044702,PROD00481,2025-03-20,4,Not as Described,590.04,Approved
RET000412,ORD032815,PROD00017,2025-03-28,1,Quality Issue,9.0,Approved
RET000413,ORD000369,PROD00349,2025-04-03,1,Quality Issue,211.86,Approved
RET000414,ORD006516,PROD00097,2026-02-25,8,Changed Mind,1238.8,Approved
RET000415,ORD029714,PROD00395,2025-04-20,8,Changed Mind,652.4,Approved
RET000416,ORD032033,PROD00189,2025-07-02,3,Wrong Item,38.55,Approved
RET000417,ORD028129,PROD00355,2025-06-04,1,Other,89.74,Rejected
RET000418,ORD020004,PROD00416,2025-12-08,3,Other,357.66,Approved
RET000419,ORD037853,PROD00368,2025-03-07,7,Other,69.72,Approved
RET000420,ORD012571,PROD00277,2025-04-06,1,Wrong Item,28.79,Approved
RET000421,ORD002619,PROD00204,2026-01-22,5,Wrong Item,762.0,Approved
RET000422,ORD044076,PROD00389,2026-03-14,2,Late Delivery,52.32,Approved
RET000423,ORD041690,PROD00143,2026-04-20,7,Wrong Item,588.7,Approved
RET000424,ORD034090,PROD00497,2026-06-06,7,Not as Described,348.53,Approved
RET000425,ORD037655,PROD00195,2025-02-05,1,Quality Issue,28.81,Approved
RET000426,ORD010940,PROD00028,2025-10-28,8,Other,296.72,Approved
RET000427,ORD015849,PROD00130,2025-04-28,5,Damaged,395.55,Approved
RET000428,ORD043805,PROD00278,2026-01-06,4,Late Delivery,88.2,Approved
RET000429,ORD029194,PROD00178,2025-10-11,1,Quality Issue,10.77,Pending
RET000430,ORD011807,PROD00160,2025-09-06,1,Changed Mind,205.14,Approved
RET000431,ORD028113,PROD00097,2025-03-07,4,Changed Mind,619.4,Approved
RET000432,ORD011989,PROD00145,2025-05-03,5,Damaged,395.2,Approved
RET000433,ORD024339,PROD00458,2026-07-09,1,Wrong Item,175.97,Approved
RET000434,ORD031378,PROD00055,2026-01-12,2,Damaged,90.44,Approved
RET000435,ORD030874,PROD00384,2026-05-03,8,Late Delivery,529.36,Approved
RET000436,ORD015344,PROD00201,2025-07-16,1,Late Delivery,95.19,Approved
RET000437,ORD018509,PROD00253,2026-05-17,3,Quality Issue,57.57,Approved
RET000438,ORD015525,PROD00425,2025-05-31,10,Changed Mind,1889.2,Approved
RET000439,ORD024604,PROD00048,2025-02-08,6,Late Delivery,909.0,Approved
RET000440,ORD030995,PROD00254,2025-12-13,6,Damaged,210.0,Approved
RET000441,ORD019743,PROD00335,2025-05-25,1,Not as Described,186.59,Pending
RET000442,ORD041493,PROD00345,2025-02-11,1,Changed Mind,155.05,Approved
RET000443,ORD009063,PROD00005,2025-06-01,3,Damaged,233.37,Pending
RET000444,ORD033955,PROD00106,2025-10-12,3,Damaged,139.68,Approved
RET000445,ORD000058,PROD00203,2026-07-25,1,Late Delivery,70.83,Approved
RET000446,ORD043971,PROD00353,2025-12-28,1,Quality Issue,147.99,Approved
RET000447,ORD017856,PROD00278,2025-12-10,2,Quality Issue,44.1,Approved
RET000448,ORD025203,PROD00387,2026-07-10,6,Late Delivery,157.14,Pending
RET000449,ORD011127,PROD00384,2025-07-07,8,Quality Issue,529.36,Approved
RET000450,ORD033696,PROD00006,2025-04-15,5,Quality Issue,506.8,Approved
RET000451,ORD047331,PROD00261,2025-05-15,5,Damaged,703.75,Pending
RET000452,ORD034222,PROD00425,2025-04-09,3,Wrong Item,566.76,Approved
RET000453,ORD033119,PROD00157,2025-11-27,4,Not as Described,75.68,Approved
RET000454,ORD032562,PROD00433,2025-09-09,2,Late Delivery,226.16,Approved
RET000455,ORD039281,PROD00111,2025-09-05,1,Quality Issue,132.47,Approved
RET000456,ORD019991,PROD00275,2026-07-19,4,Changed Mind,245.96,Approved
RET000457,ORD010018,PROD00447,2025-07-10,2,Other,266.94,Approved
RET000458,ORD042270,PROD00248,2026-06-03,3,Late Delivery,60.78,Approved
RET000459,ORD034504,PROD00317,2025-05-24,1,Other,157.05,Pending
RET000460,ORD009140,PROD00495,2026-06-24,5,Damaged,353.55,Approved
RET000461,ORD004445,PROD00255,2025-10-02,1,Wrong Item,74.88,Approved
RET000462,ORD013981,PROD00313,2025-06-19,1,Other,75.97,Approved
RET000463,ORD022292,PROD00347,2026-03-05,5,Other,407.55,Approved
RET000464,ORD021893,PROD00193,2026-03-28,6,Late Delivery,425.64,Approved
RET000465,ORD029934,PROD00164,2026-03-13,2,Quality Issue,277.5,Approved
RET000466,ORD008852,PROD00054,2026-06-20,3,Not as Described,677.61,Pending
RET000467,ORD020370,PROD00102,2025-02-14,2,Other,230.82,Approved
RET000468,ORD042396,PROD00116,2026-01-30,5,Damaged,159.5,Approved
RET000469,ORD005022,PROD00150,2025-01-31,4,Late Delivery,717.6,Approved
RET000470,ORD022901,PROD00139,2025-09-05,1,Changed Mind,39.1,Approved
RET000471,ORD007930,PROD00037,2026-03-22,1,Wrong Item,146.35,Approved
RET000472,ORD027179,PROD00415,2025-12-03,2,Damaged,350.34,Approved
RET000473,ORD020259,PROD00264,2025-09-08,4,Changed Mind,587.16,Approved
RET000474,ORD039444,PROD00262,2026-01-30,5,Late Delivery,367.65,Approved
RET000475,ORD048288,PROD00433,2025-08-07,4,Changed Mind,452.32,Approved
RET000476,ORD034993,PROD00005,2026-06-11,2,Changed Mind,155.58,Approved
RET000477,ORD011903,PROD00500,2025-03-14,3,Quality Issue,27.48,Rejected
RET000478,ORD012973,PROD00204,2025-06-23,3,Late Delivery,457.2,Approved
RET000479,ORD007619,PROD00470,2026-06-08,3,Not as Described,399.24,Approved
RET000480,ORD013068,PROD00157,2025-05-05,4,Other,75.68,Approved
RET000481,ORD000942,PROD00039,2026-06-23,1,Quality Issue,127.52,Pending
RET000482,ORD023278,PROD00399,2026-04-20,1,Late Delivery,134.25,Approved
RET000483,ORD041281,PROD00079,2025-07-10,2,Damaged,93.54,Approved
RET000484,ORD010200,PROD00054,2025-07-07,4,Not as Described,903.48,Pending
RET000485,ORD017173,PROD00230,2025-08-11,4,Other,179.32,Approved
RET000486,ORD041196,PROD00153,2026-04-25,10,Late Delivery,1080.4,Approved
RET000487,ORD019053,PROD00040,2026-02-25,3,Damaged,461.85,Approved
RET000488,ORD000658,PROD00397,2025-09-24,1,Not as Described,80.19,Pending
RET000489,ORD005488,PROD00180,2025-07-09,6,Changed Mind,501.66,Approved
RET000490,ORD010244,PROD00397,2026-06-15,2,Not as Described,160.38,Approved
RET000491,ORD036523,PROD00018,2025-10-09,2,Quality Issue,68.08,Approved
RET000492,ORD002263,PROD00260,2025-11-20,6,Changed Mind,1386.36,Approved
RET000493,ORD029280,PROD00349,2025-10-27,4,Wrong Item,847.44,Approved
RET000494,ORD041027,PROD00426,2025-07-03,1,Quality Issue,113.26,Approved
RET000495,ORD041787,PROD00389,2025-07-14,3,Damaged,78.48,Approved
RET000496,ORD045832,PROD00008,2025-11-18,5,Quality Issue,497.15,Approved
RET000497,ORD018706,PROD00039,2026-04-21,1,Wrong Item,127.52,Approved
RET000498,ORD033709,PROD00336,2026-07-02,4,Wrong Item,560.32,Approved
RET000499,ORD044770,PROD00442,2026-05-09,3,Damaged,382.26,Approved
RET000500,ORD030805,PROD00382,2025-12-29,3,Quality Issue,327.12,Approved
RET000501,ORD027293,PROD00008,2025-06-24,6,Damaged,596.58,Approved
RET000502,ORD033718,PROD00330,2026-07-17,6,Quality Issue,390.0,Approved
RET000503,ORD007800,PROD00191,2026-01-15,3,Not as Described,199.26,Approved
RET000504,ORD020424,PROD00246,2025-09-28,1,Late Delivery,82.39,Approved
RET000505,ORD024865,PROD00384,2026-02-25,1,Quality Issue,66.17,Approved
RET000506,ORD012937,PROD00184,2026-05-24,2,Not as Described,278.82,Approved
RET000507,ORD040676,PROD00468,2025-07-16,1,Late Delivery,162.7,Approved
RET000508,ORD034051,PROD00008,2025-11-03,1,Quality Issue,99.43,Approved
RET000509,ORD010783,PROD00023,2025-02-25,2,Damaged,132.2,Approved
RET000510,ORD045977,PROD00398,2026-01-20,5,Damaged,773.55,Approved
RET000511,ORD026207,PROD00371,2026-06-22,1,Other,90.42,Approved
RET000512,ORD017510,PROD00398,2025-12-03,1,Changed Mind,154.71,Approved
RET000513,ORD012362,PROD00189,2025-07-31,1,Changed Mind,12.85,Approved
RET000514,ORD011476,PROD00389,2025-07-05,1,Damaged,26.16,Approved
RET000515,ORD047340,PROD00444,2025-02-13,2,Damaged,436.74,Approved
RET000516,ORD049911,PROD00060,2026-01-01,6,Changed Mind,287.52,Approved
RET000517,ORD014996,PROD00068,2025-03-19,7,Not as Described,297.92,Approved
RET000518,ORD022072,PROD00439,2025-10-29,3,Wrong Item,135.48,Rejected
RET000519,ORD039173,PROD00365,2025-03-13,6,Quality Issue,240.96,Approved
RET000520,ORD036085,PROD00137,2026-05-05,1,Not as Described,25.72,Approved
RET000521,ORD014065,PROD00080,2025-09-18,3,Changed Mind,190.02,Rejected
RET000522,ORD024033,PROD00404,2025-05-08,2,Quality Issue,314.46,Approved
RET000523,ORD043773,PROD00493,2025-12-25,1,Damaged,98.73,Approved
RET000524,ORD040418,PROD00201,2025-09-14,1,Damaged,95.19,Approved
RET000525,ORD024606,PROD00097,2025-02-23,3,Damaged,464.55,Approved
RET000526,ORD022104,PROD00461,2025-03-21,3,Late Delivery,130.41,Pending
RET000527,ORD041699,PROD00258,2025-05-11,10,Damaged,560.3,Approved
RET000528,ORD048209,PROD00183,2026-02-05,7,Other,800.73,Approved
RET000529,ORD037059,PROD00146,2026-04-12,4,Other,932.44,Approved
RET000530,ORD023334,PROD00059,2026-03-31,1,Not as Described,40.5,Approved
RET000531,ORD033658,PROD00142,2025-08-11,2,Not as Described,294.14,Approved
RET000532,ORD014471,PROD00241,2025-07-02,4,Not as Described,540.0,Approved
RET000533,ORD026217,PROD00026,2025-06-01,3,Late Delivery,348.33,Approved
RET000534,ORD030969,PROD00269,2026-01-10,3,Quality Issue,460.44,Approved
RET000535,ORD001084,PROD00354,2026-01-11,1,Late Delivery,111.99,Rejected
RET000536,ORD024361,PROD00394,2026-05-21,1,Quality Issue,142.18,Approved
RET000537,ORD022429,PROD00456,2026-05-06,2,Late Delivery,340.54,Pending
RET000538,ORD048948,PROD00382,2026-05-05,2,Not as Described,218.08,Pending
RET000539,ORD035886,PROD00297,2026-05-17,4,Late Delivery,268.2,Approved
RET000540,ORD011862,PROD00415,2026-05-08,4,Not as Described,700.68,Approved
RET000541,ORD024591,PROD00097,2025-11-23,3,Not as Described,464.55,Approved
RET000542,ORD011858,PROD00423,2025-02-21,4,Late Delivery,231.8,Approved
RET000543,ORD027784,PROD00163,2025-08-07,2,Damaged,256.14,Approved
RET000544,ORD043130,PROD00242,2025-10-27,1,Other,118.75,Approved
RET000545,ORD033551,PROD00152,2025-02-07,1,Changed Mind,63.68,Approved
RET000546,ORD024294,PROD00142,2025-02-25,2,Late Delivery,294.14,Approved
RET000547,ORD037394,PROD00190,2025-05-03,3,Damaged,224.07,Approved
RET000548,ORD046477,PROD00487,2025-09-02,4,Damaged,194.92,Approved
RET000549,ORD020187,PROD00059,2026-06-13,8,Quality Issue,324.0,Approved
RET000550,ORD000218,PROD00438,2025-05-25,3,Changed Mind,113.1,Approved
RET000551,ORD023095,PROD00240,2025-11-25,3,Changed Mind,49.56,Approved
RET000552,ORD007065,PROD00032,2025-07-05,5,Not as Described,168.65,Pending
RET000553,ORD014989,PROD00405,2025-08-08,4,Not as Described,312.16,Pending
RET000554,ORD002228,PROD00350,2025-12-08,4,Not as Described,395.4,Approved
RET000555,ORD024438,PROD00332,2025-05-25,7,Changed Mind,390.81,Approved
RET000556,ORD006424,PROD00249,2025-08-26,2,Quality Issue,380.7,Approved
RET000557,ORD046881,PROD00155,2025-06-14,1,Other,4.57,Approved
RET000558,ORD041738,PROD00012,2025-06-09,3,Changed Mind,308.76,Approved
RET000559,ORD008480,PROD00112,2025-07-26,6,Wrong Item,152.58,Approved
RET000560,ORD001949,PROD00364,2026-03-14,1,Wrong Item,111.91,Approved
RET000561,ORD021100,PROD00208,2025-11-07,5,Quality Issue,853.15,Approved
RET000562,ORD031463,PROD00493,2026-03-30,4,Quality Issue,394.92,Pending
RET000563,ORD034175,PROD00192,2026-02-06,1,Wrong Item,7.95,Approved
RET000564,ORD016869,PROD00346,2025-09-08,7,Quality Issue,1457.05,Approved
RET000565,ORD013980,PROD00243,2025-09-22,6,Wrong Item,771.12,Approved
RET000566,ORD039423,PROD00432,2025-06-25,3,Late Delivery,200.34,Approved
RET000567,ORD023377,PROD00484,2025-11-09,5,Other,31.8,Approved
RET000568,ORD037351,PROD00272,2025-10-17,1,Other,175.48,Approved
RET000569,ORD044807,PROD00187,2025-02-27,1,Changed Mind,15.5,Approved
RET000570,ORD023088,PROD00101,2025-09-12,1,Wrong Item,174.58,Approved
RET000571,ORD043598,PROD00426,2025-05-21,5,Other,566.3,Approved
RET000572,ORD037918,PROD00342,2025-06-08,1,Damaged,128.8,Pending
RET000573,ORD030707,PROD00364,2026-05-11,6,Damaged,671.46,Approved
RET000574,ORD027494,PROD00440,2025-10-24,2,Quality Issue,279.0,Approved
RET000575,ORD045685,PROD00066,2025-06-25,9,Late Delivery,1226.61,Approved
RET000576,ORD002902,PROD00141,2026-02-27,3,Damaged,21.9,Approved
RET000577,ORD030041,PROD00405,2025-03-31,4,Changed Mind,312.16,Approved
RET000578,ORD018784,PROD00380,2026-01-10,2,Damaged,114.52,Approved
RET000579,ORD012934,PROD00296,2026-06-10,1,Other,9.57,Approved
RET000580,ORD036506,PROD00100,2025-12-21,7,Wrong Item,1048.53,Approved
RET000581,ORD007699,PROD00469,2026-05-08,1,Not as Described,56.1,Approved
RET000582,ORD049989,PROD00260,2025-09-07,2,Quality Issue,462.12,Approved
RET000583,ORD011961,PROD00124,2025-02-16,5,Other,255.7,Approved
RET000584,ORD010598,PROD00393,2025-10-31,7,Damaged,762.93,Approved
RET000585,ORD021397,PROD00246,2026-03-10,4,Not as Described,329.56,Approved
RET000586,ORD017315,PROD00228,2025-09-22,1,Changed Mind,25.27,Approved
RET000587,ORD035174,PROD00268,2025-03-15,10,Damaged,1615.7,Pending
RET000588,ORD014553,PROD00445,2025-07-23,1,Wrong Item,198.97,Rejected
RET000589,ORD036555,PROD00008,2026-05-12,1,Late Delivery,99.43,Approved
RET000590,ORD042965,PROD00474,2025-07-31,6,Changed Mind,360.66,Approved
RET000591,ORD038740,PROD00147,2025-06-28,1,Quality Issue,134.22,Approved
RET000592,ORD041045,PROD00481,2026-07-05,2,Damaged,295.02,Approved
RET000593,ORD017198,PROD00123,2025-02-14,5,Changed Mind,71.75,Approved
RET000594,ORD049957,PROD00334,2026-05-13,8,Wrong Item,1191.04,Approved
RET000595,ORD038747,PROD00133,2025-04-24,1,Changed Mind,15.73,Approved
RET000596,ORD028099,PROD00162,2026-06-17,5,Late Delivery,1125.35,Approved
RET000597,ORD005928,PROD00098,2026-03-09,7,Changed Mind,590.73,Approved
RET000598,ORD007565,PROD00148,2025-03-31,7,Wrong Item,441.14,Approved
RET000599,ORD012972,PROD00255,2025-08-03,1,Other,74.88,Approved
RET000600,ORD034639,PROD00331,2025-11-27,6,Not as Described,916.74,Approved
RET000601,ORD039706,PROD00188,2026-06-27,4,Other,705.92,Approved
RET000602,ORD001535,PROD00273,2025-05-14,3,Other,207.54,Approved
RET000603,ORD030181,PROD00042,2025-12-24,1,Quality Issue,54.43,Approved
RET000604,ORD004041,PROD00441,2025-08-07,5,Damaged,496.35,Approved
RET000605,ORD001012,PROD00061,2025-05-18,1,Wrong Item,191.52,Approved
RET000606,ORD036291,PROD00323,2025-07-12,1,Changed Mind,29.17,Approved
RET000607,ORD024799,PROD00132,2026-04-28,2,Not as Described,296.28,Approved
RET000608,ORD040934,PROD00403,2026-02-18,9,Not as Described,1428.21,Approved
RET000609,ORD005994,PROD00121,2026-05-25,1,Quality Issue,127.34,Approved
RET000610,ORD035243,PROD00497,2025-09-04,2,Other,99.58,Approved
RET000611,ORD024380,PROD00456,2026-03-07,2,Quality Issue,340.54,Pending
RET000612,ORD033967,PROD00472,2026-01-31,3,Other,494.67,Approved
RET000613,ORD004319,PROD00035,2025-09-23,2,Late Delivery,103.02,Approved
RET000614,ORD001773,PROD00072,2025-04-08,3,Wrong Item,95.34,Approved
RET000615,ORD016959,PROD00017,2025-08-22,1,Changed Mind,9.0,Approved
RET000616,ORD024435,PROD00076,2026-03-28,3,Changed Mind,532.38,Approved
RET000617,ORD004902,PROD00463,2025-07-13,1,Changed Mind,26.1,Approved
RET000618,ORD019667,PROD00078,2025-06-11,1,Wrong Item,25.1,Approved
RET000619,ORD042308,PROD00072,2026-04-04,2,Not as Described,63.56,Approved
RET000620,ORD001112,PROD00107,2025-09-15,3,Other,407.07,Approved
RET000621,ORD005070,PROD00297,2026-06-05,1,Wrong Item,67.05,Approved
RET000622,ORD045999,PROD00184,2025-07-01,4,Other,557.64,Approved
RET000623,ORD026720,PROD00123,2025-02-04,2,Quality Issue,28.7,Approved
RET000624,ORD037499,PROD00022,2026-05-24,6,Late Delivery,834.42,Approved
RET000625,ORD001837,PROD00345,2026-03-05,9,Late Delivery,1395.45,Rejected
RET000626,ORD032154,PROD00158,2025-04-27,1,Changed Mind,123.92,Pending
RET000627,ORD001291,PROD00238,2025-11-28,1,Late Delivery,154.94,Approved
RET000628,ORD017105,PROD00068,2025-10-31,1,Not as Described,42.56,Approved
RET000629,ORD040029,PROD00467,2026-07-01,1,Quality Issue,44.73,Approved
RET000630,ORD025290,PROD00221,2026-02-18,1,Damaged,26.61,Approved
RET000631,ORD044665,PROD00239,2025-08-29,7,Other,283.15,Approved
RET000632,ORD044129,PROD00270,2025-12-10,3,Wrong Item,362.13,Approved
RET000633,ORD010441,PROD00417,2025-05-23,1,Late Delivery,65.64,Approved
RET000634,ORD047918,PROD00130,2026-03-14,2,Damaged,158.22,Approved
RET000635,ORD018010,PROD00433,2025-04-25,4,Wrong Item,452.32,Approved
RET000636,ORD017108,PROD00317,2026-01-13,3,Changed Mind,471.15,Pending
RET000637,ORD041050,PROD00430,2026-01-26,3,Quality Issue,345.63,Approved
RET000638,ORD037942,PROD00480,2026-07-07,7,Damaged,840.91,Approved
RET000639,ORD029436,PROD00135,2025-09-17,1,Changed Mind,65.54,Approved
RET000640,ORD040330,PROD00057,2025-08-18,2,Wrong Item,59.06,Pending
RET000641,ORD033567,PROD00172,2026-02-16,2,Quality Issue,81.1,Approved
RET000642,ORD014891,PROD00341,2026-04-04,2,Other,227.72,Approved
RET000643,ORD013135,PROD00137,2026-01-31,2,Not as Described,51.44,Approved
RET000644,ORD038006,PROD00424,2026-04-07,3,Changed Mind,472.32,Approved
RET000645,ORD033185,PROD00281,2025-09-08,1,Quality Issue,21.47,Approved
RET000646,ORD035254,PROD00151,2025-05-10,2,Changed Mind,296.4,Approved
RET000647,ORD012534,PROD00149,2025-11-08,3,Quality Issue,674.49,Approved
RET000648,ORD031944,PROD00240,2025-10-08,2,Late Delivery,33.04,Approved
RET000649,ORD037321,PROD00372,2025-05-05,8,Other,746.64,Approved
RET000650,ORD028600,PROD00288,2025-08-01,6,Wrong Item,232.5,Approved
RET000651,ORD040486,PROD00312,2025-11-17,6,Wrong Item,1146.3,Approved
RET000652,ORD017039,PROD00433,2026-06-19,3,Damaged,339.24,Approved
RET000653,ORD013594,PROD00455,2026-01-28,3,Changed Mind,385.89,Approved
RET000654,ORD006166,PROD00010,2025-03-08,2,Changed Mind,85.22,Approved
RET000655,ORD003546,PROD00341,2025-09-04,4,Quality Issue,455.44,Approved
RET000656,ORD023089,PROD00116,2026-06-09,1,Changed Mind,31.9,Pending
RET000657,ORD010579,PROD00132,2026-04-06,4,Wrong Item,592.56,Approved
RET000658,ORD013485,PROD00071,2025-10-26,6,Wrong Item,776.88,Approved
RET000659,ORD000966,PROD00191,2025-11-25,3,Damaged,199.26,Approved
RET000660,ORD016458,PROD00250,2025-07-23,2,Changed Mind,282.14,Approved
RET000661,ORD028845,PROD00208,2026-01-27,5,Late Delivery,853.15,Pending
RET000662,ORD027281,PROD00441,2025-12-28,1,Quality Issue,99.27,Pending
RET000663,ORD039351,PROD00292,2025-06-14,2,Other,65.88,Approved
RET000664,ORD035399,PROD00114,2026-03-10,5,Damaged,251.45,Approved
RET000665,ORD039046,PROD00272,2025-04-25,1,Other,175.48,Approved
RET000666,ORD038656,PROD00272,2026-07-01,9,Damaged,1579.32,Approved
RET000667,ORD029241,PROD00091,2025-04-28,2,Wrong Item,113.78,Approved
RET000668,ORD022199,PROD00157,2025-04-27,1,Wrong Item,18.92,Approved
RET000669,ORD040952,PROD00026,2026-02-19,1,Changed Mind,116.11,Approved
RET000670,ORD004232,PROD00484,2026-03-20,1,Not as Described,6.36,Pending
RET000671,ORD021876,PROD00098,2025-11-07,2,Damaged,168.78,Approved
RET000672,ORD042005,PROD00121,2025-03-30,7,Changed Mind,891.38,Pending
RET000673,ORD040392,PROD00170,2026-06-17,2,Other,411.02,Rejected
RET000674,ORD046183,PROD00157,2026-01-09,1,Not as Described,18.92,Approved
RET000675,ORD017886,PROD00364,2025-04-10,3,Not as Described,335.73,Approved
RET000676,ORD005259,PROD00314,2026-02-02,5,Wrong Item,272.35,Approved
RET000677,ORD023202,PROD00375,2025-11-10,4,Damaged,539.84,Pending
RET000678,ORD040983,PROD00090,2025-04-11,3,Damaged,375.87,Approved
RET000679,ORD036686,PROD00235,2026-01-07,1,Quality Issue,99.76,Approved
RET000680,ORD044442,PROD00183,2026-07-20,5,Quality Issue,571.95,Approved
RET000681,ORD001083,PROD00414,2025-02-06,1,Damaged,61.21,Pending
RET000682,ORD003748,PROD00388,2026-01-27,8,Not as Described,366.64,Approved
RET000683,ORD006252,PROD00357,2025-12-04,1,Not as Described,149.0,Rejected
RET000684,ORD017125,PROD00255,2026-05-07,3,Changed Mind,224.64,Approved
RET000685,ORD047330,PROD00431,2025-08-26,1,Other,67.13,Pending
RET000686,ORD028364,PROD00490,2026-03-17,3,Other,457.98,Approved
RET000687,ORD043069,PROD00107,2025-08-04,1,Quality Issue,135.69,Approved
RET000688,ORD012947,PROD00367,2025-11-28,4,Other,632.2,Approved
RET000689,ORD002101,PROD00476,2025-04-27,5,Damaged,189.9,Approved
RET000690,ORD045245,PROD00322,2026-01-08,6,Quality Issue,817.92,Approved
RET000691,ORD031349,PROD00051,2025-07-20,1,Quality Issue,56.57,Approved
RET000692,ORD023217,PROD00273,2026-01-13,6,Not as Described,415.08,Approved
RET000693,ORD008451,PROD00371,2025-08-25,7,Other,632.94,Approved
RET000694,ORD031767,PROD00044,2026-04-12,7,Damaged,825.02,Approved
RET000695,ORD026168,PROD00177,2025-03-05,2,Damaged,335.66,Approved
RET000696,ORD016293,PROD00181,2025-06-23,5,Damaged,592.1,Approved
RET000697,ORD048815,PROD00265,2025-06-30,2,Damaged,415.32,Approved
RET000698,ORD021072,PROD00180,2026-03-10,6,Not as Described,501.66,Approved
RET000699,ORD045698,PROD00487,2025-06-16,3,Wrong Item,146.19,Approved
RET000700,ORD005940,PROD00384,2026-02-26,1,Not as Described,66.17,Approved
RET000701,ORD006973,PROD00052,2026-03-13,1,Not as Described,49.27,Approved
RET000702,ORD020621,PROD00273,2025-03-19,4,Not as Described,276.72,Approved
RET000703,ORD020602,PROD00482,2026-02-15,1,Other,188.79,Pending
RET000704,ORD046328,PROD00356,2025-06-09,3,Changed Mind,287.52,Approved
RET000705,ORD001663,PROD00351,2025-07-03,2,Changed Mind,360.14,Approved
RET000706,ORD023543,PROD00228,2025-07-30,8,Not as Described,202.16,Approved
RET000707,ORD011972,PROD00221,2025-03-12,4,Wrong Item,106.44,Rejected
RET000708,ORD049827,PROD00018,2026-03-13,2,Not as Described,68.08,Approved
RET000709,ORD011273,PROD00400,2025-12-24,2,Wrong Item,171.42,Approved
RET000710,ORD019946,PROD00330,2025-02-13,2,Other,130.0,Approved
RET000711,ORD046078,PROD00305,2025-03-09,1,Other,21.16,Approved
RET000712,ORD021360,PROD00141,2025-06-13,5,Damaged,36.5,Approved
RET000713,ORD018713,PROD00177,2026-03-14,2,Changed Mind,335.66,Approved
RET000714,ORD033991,PROD00112,2025-09-19,7,Late Delivery,178.01,Pending
RET000715,ORD040019,PROD00279,2025-10-06,5,Wrong Item,195.2,Approved
RET000716,ORD030158,PROD00497,2026-03-07,2,Wrong Item,99.58,Pending
RET000717,ORD030770,PROD00143,2026-01-02,3,Other,252.3,Approved
RET000718,ORD023847,PROD00271,2025-12-03,1,Quality Issue,186.12,Rejected
RET000719,ORD016132,PROD00417,2025-04-29,1,Late Delivery,65.64,Pending
RET000720,ORD005689,PROD00108,2026-04-08,1,Quality Issue,89.59,Rejected
RET000721,ORD007180,PROD00266,2025-09-09,2,Changed Mind,395.24,Approved
RET000722,ORD002872,PROD00281,2025-10-05,1,Not as Described,21.47,Approved
RET000723,ORD038840,PROD00128,2026-04-30,1,Quality Issue,207.41,Approved
RET000724,ORD005543,PROD00170,2026-03-14,5,Damaged,1027.55,Pending
RET000725,ORD013373,PROD00330,2026-07-12,1,Other,65.0,Rejected
RET000726,ORD037450,PROD00045,2025-05-09,1,Other,218.55,Pending
RET000727,ORD024151,PROD00156,2025-06-14,4,Changed Mind,704.76,Approved
RET000728,ORD019173,PROD00049,2025-11-21,5,Other,400.3,Approved
RET000729,ORD015430,PROD00365,2026-04-10,2,Other,80.32,Approved
RET000730,ORD034137,PROD00372,2026-03-13,3,Quality Issue,279.99,Pending
RET000731,ORD024355,PROD00417,2026-03-01,5,Other,328.2,Approved
RET000732,ORD012007,PROD00323,2025-05-11,2,Not as Described,58.34,Approved
RET000733,ORD014322,PROD00019,2026-06-21,1,Not as Described,87.51,Approved
RET000734,ORD034647,PROD00101,2026-03-06,1,Other,174.58,Rejected
RET000735,ORD044154,PROD00157,2025-11-12,2,Other,37.84,Approved
RET000736,ORD048067,PROD00220,2025-08-27,1,Wrong Item,70.98,Approved
RET000737,ORD018101,PROD00405,2026-04-02,5,Late Delivery,390.2,Approved
RET000738,ORD049328,PROD00107,2025-07-01,9,Wrong Item,1221.21,Approved
RET000739,ORD026523,PROD00355,2026-02-03,3,Other,269.22,Approved
RET000740,ORD025482,PROD00253,2026-03-04,2,Not as Described,38.38,Approved
RET000741,ORD024590,PROD00055,2025-03-21,1,Wrong Item,45.22,Approved
RET000742,ORD016357,PROD00458,2025-12-11,2,Quality Issue,351.94,Approved
RET000743,ORD049543,PROD00184,2025-03-27,1,Quality Issue,139.41,Approved
RET000744,ORD031136,PROD00037,2026-02-28,5,Late Delivery,731.75,Rejected
RET000745,ORD039963,PROD00222,2025-11-19,1,Late Delivery,54.5,Rejected
RET000746,ORD034373,PROD00194,2026-04-09,2,Not as Described,283.04,Approved
RET000747,ORD012597,PROD00324,2025-06-07,4,Changed Mind,915.2,Approved
RET000748,ORD023045,PROD00238,2025-08-11,1,Damaged,154.94,Approved
RET000749,ORD018957,PROD00494,2026-03-14,4,Wrong Item,619.56,Approved
RET000750,ORD030911,PROD00129,2026-03-15,4,Quality Issue,569.24,Approved
RET000751,ORD033572,PROD00499,2025-09-02,2,Quality Issue,221.28,Approved
RET000752,ORD037941,PROD00203,2025-08-19,4,Quality Issue,283.32,Approved
RET000753,ORD034945,PROD00382,2026-02-14,5,Changed Mind,545.2,Approved
RET000754,ORD004392,PROD00220,2025-11-01,7,Quality Issue,496.86,Approved
RET000755,ORD025479,PROD00306,2025-03-25,5,Late Delivery,937.1,Approved
RET000756,ORD009664,PROD00101,2026-03-29,7,Changed Mind,1222.06,Approved
RET000757,ORD033342,PROD00432,2025-07-30,4,Changed Mind,267.12,Rejected
RET000758,ORD016756,PROD00163,2025-11-28,4,Not as Described,512.28,Approved
RET000759,ORD021009,PROD00213,2025-03-19,1,Damaged,84.13,Approved
RET000760,ORD032064,PROD00364,2025-11-11,3,Other,335.73,Approved
RET000761,ORD035918,PROD00016,2025-10-14,2,Wrong Item,43.76,Approved
RET000762,ORD028490,PROD00195,2025-05-05,1,Damaged,28.81,Approved
RET000763,ORD031765,PROD00024,2026-06-26,1,Changed Mind,92.88,Approved
RET000764,ORD011000,PROD00096,2025-11-30,6,Late Delivery,283.14,Rejected
RET000765,ORD049992,PROD00160,2026-02-23,1,Other,205.14,Approved
RET000766,ORD001575,PROD00479,2025-05-05,3,Wrong Item,208.95,Approved
RET000767,ORD040661,PROD00329,2025-08-12,1,Late Delivery,14.81,Approved
RET000768,ORD023600,PROD00123,2026-06-16,6,Not as Described,86.1,Pending
RET000769,ORD023002,PROD00109,2025-10-30,1,Damaged,109.14,Approved
RET000770,ORD018109,PROD00255,2026-03-07,3,Not as Described,224.64,Approved
RET000771,ORD015928,PROD00361,2026-01-30,1,Other,78.9,Pending
RET000772,ORD006323,PROD00051,2026-05-15,3,Other,169.71,Approved
RET000773,ORD030544,PROD00465,2026-05-06,1,Other,145.99,Approved
RET000774,ORD032872,PROD00339,2025-10-04,8,Wrong Item,1494.56,Rejected
RET000775,ORD007741,PROD00049,2026-04-03,1,Changed Mind,80.06,Approved
RET000776,ORD015946,PROD00377,2025-08-10,1,Changed Mind,44.3,Approved
RET000777,ORD014774,PROD00305,2026-01-29,4,Wrong Item,84.64,Approved
RET000778,ORD036992,PROD00077,2025-11-20,1,Quality Issue,69.77,Approved
RET000779,ORD002075,PROD00195,2025-08-14,1,Other,28.81,Approved
RET000780,ORD015276,PROD00357,2025-09-09,3,Late Delivery,447.0,Rejected
RET000781,ORD048995,PROD00391,2025-07-17,9,Other,1887.12,Approved
RET000782,ORD018290,PROD00028,2026-03-06,7,Late Delivery,259.63,Approved
RET000783,ORD005757,PROD00464,2025-09-25,4,Changed Mind,448.16,Approved
RET000784,ORD037964,PROD00056,2026-06-16,4,Wrong Item,290.76,Approved
RET000785,ORD026362,PROD00359,2026-01-10,5,Quality Issue,1141.55,Approved
RET000786,ORD015779,PROD00476,2026-06-02,5,Other,189.9,Approved
RET000787,ORD018844,PROD00330,2026-06-17,1,Wrong Item,65.0,Pending
RET000788,ORD047712,PROD00084,2026-07-11,3,Changed Mind,147.63,Pending
RET000789,ORD011260,PROD00035,2025-07-13,8,Late Delivery,412.08,Approved
RET000790,ORD011675,PROD00173,2025-02-01,1,Quality Issue,43.24,Approved
RET000791,ORD041573,PROD00229,2025-02-24,1,Damaged,127.35,Approved
RET000792,ORD043381,PROD00141,2026-03-16,2,Wrong Item,14.6,Pending
RET000793,ORD045348,PROD00017,2025-11-28,3,Changed Mind,27.0,Approved
RET000794,ORD033644,PROD00376,2026-01-25,3,Other,327.06,Approved
RET000795,ORD017210,PROD00251,2025-07-23,5,Wrong Item,714.25,Approved
RET000796,ORD002996,PROD00177,2025-11-06,1,Damaged,167.83,Approved
RET000797,ORD049967,PROD00155,2025-04-20,1,Wrong Item,4.57,Pending
RET000798,ORD015192,PROD00329,2025-07-02,1,Not as Described,14.81,Approved
RET000799,ORD037588,PROD00045,2026-01-29,8,Changed Mind,1748.4,Approved
RET000800,ORD034334,PROD00081,2026-07-02,5,Late Delivery,639.15,Approved
RET000801,ORD023869,PROD00368,2025-03-20,1,Quality Issue,9.96,Rejected
RET000802,ORD047950,PROD00285,2025-05-12,2,Late Delivery,320.96,Approved
RET000803,ORD039660,PROD00026,2025-04-14,4,Not as Described,464.44,Approved
RET000804,ORD006364,PROD00401,2025-04-23,4,Not as Described,436.24,Approved
RET000805,ORD032179,PROD00235,2025-08-29,1,Other,99.76,Approved
RET000806,ORD000992,PROD00136,2026-01-11,1,Late Delivery,13.16,Approved
RET000807,ORD030956,PROD00456,2026-05-15,1,Late Delivery,170.27,Approved
RET000808,ORD040773,PROD00275,2025-05-31,4,Wrong Item,245.96,Approved
RET000809,ORD037972,PROD00450,2025-08-01,1,Late Delivery,72.17,Approved
RET000810,ORD042563,PROD00500,2026-01-27,3,Wrong Item,27.48,Approved
RET000811,ORD022480,PROD00209,2025-05-02,3,Quality Issue,201.06,Approved
RET000812,ORD039578,PROD00392,2025-03-24,2,Changed Mind,171.82,Approved
RET000813,ORD001160,PROD00197,2026-03-27,1,Late Delivery,138.37,Pending
RET000814,ORD005142,PROD00280,2026-07-15,3,Not as Described,390.39,Approved
RET000815,ORD040267,PROD00289,2026-02-27,1,Damaged,15.5,Approved
RET000816,ORD029484,PROD00269,2026-05-30,2,Quality Issue,306.96,Approved
RET000817,ORD033625,PROD00383,2025-11-25,7,Changed Mind,156.45,Approved
RET000818,ORD014466,PROD00471,2026-05-17,4,Quality Issue,102.2,Pending
RET000819,ORD003473,PROD00306,2025-11-29,1,Wrong Item,187.42,Approved
RET000820,ORD019114,PROD00181,2025-04-17,1,Wrong Item,118.42,Approved
RET000821,ORD035382,PROD00407,2025-03-22,1,Other,13.67,Approved
RET000822,ORD004117,PROD00111,2026-05-20,4,Other,529.88,Approved
RET000823,ORD045216,PROD00132,2025-09-29,4,Not as Described,592.56,Approved
RET000824,ORD040308,PROD00010,2026-01-02,8,Changed Mind,340.88,Approved
RET000825,ORD026625,PROD00441,2025-09-10,5,Other,496.35,Approved
RET000826,ORD015308,PROD00264,2026-07-21,3,Changed Mind,440.37,Approved
RET000827,ORD047657,PROD00063,2026-02-08,3,Changed Mind,374.55,Approved
RET000828,ORD005319,PROD00197,2025-08-29,9,Damaged,1245.33,Approved
RET000829,ORD039941,PROD00096,2026-02-05,2,Changed Mind,94.38,Approved
RET000830,ORD004809,PROD00169,2026-05-20,4,Not as Described,724.64,Approved
RET000831,ORD006718,PROD00329,2025-06-09,1,Damaged,14.81,Approved
RET000832,ORD044854,PROD00119,2025-10-31,2,Changed Mind,46.86,Approved
RET000833,ORD008176,PROD00355,2025-07-02,1,Damaged,89.74,Approved
RET000834,ORD000924,PROD00137,2025-06-23,4,Late Delivery,102.88,Approved
RET000835,ORD043498,PROD00098,2025-02-07,1,Wrong Item,84.39,Approved
RET000836,ORD010771,PROD00097,2025-08-04,3,Changed Mind,464.55,Approved
RET000837,ORD016778,PROD00249,2025-03-29,1,Wrong Item,190.35,Approved
RET000838,ORD047588,PROD00500,2026-07-05,5,Wrong Item,45.8,Approved
RET000839,ORD007069,PROD00327,2025-08-21,6,Late Delivery,1016.34,Approved
RET000840,ORD013834,PROD00003,2025-03-11,5,Other,683.9,Approved
RET000841,ORD045412,PROD00344,2025-12-03,2,Quality Issue,104.54,Approved
RET000842,ORD014505,PROD00220,2025-07-01,8,Late Delivery,567.84,Pending
RET000843,ORD016367,PROD00221,2025-11-19,4,Late Delivery,106.44,Approved
RET000844,ORD034695,PROD00113,2025-07-09,2,Quality Issue,202.38,Pending
RET000845,ORD034993,PROD00186,2025-12-10,4,Changed Mind,630.56,Approved
RET000846,ORD000656,PROD00251,2026-03-13,1,Late Delivery,142.85,Approved
RET000847,ORD021447,PROD00193,2026-04-08,2,Not as Described,141.88,Rejected
RET000848,ORD019411,PROD00188,2025-11-18,3,Other,529.44,Approved
RET000849,ORD012511,PROD00494,2025-09-13,5,Other,774.45,Approved
RET000850,ORD043916,PROD00147,2025-04-09,3,Not as Described,402.66,Approved
RET000851,ORD017111,PROD00424,2025-07-01,7,Quality Issue,1102.08,Approved
RET000852,ORD019215,PROD00014,2026-07-09,1,Quality Issue,126.15,Approved
RET000853,ORD045366,PROD00207,2025-04-03,1,Wrong Item,25.14,Approved
RET000854,ORD043515,PROD00172,2025-06-10,7,Damaged,283.85,Approved
RET000855,ORD019839,PROD00171,2025-06-12,1,Not as Described,103.74,Approved
RET000856,ORD006915,PROD00427,2025-05-29,2,Quality Issue,370.84,Approved
RET000857,ORD008807,PROD00342,2025-10-11,4,Quality Issue,515.2,Approved
RET000858,ORD001574,PROD00025,2025-05-17,5,Damaged,700.05,Approved
RET000859,ORD003571,PROD00230,2025-11-03,2,Late Delivery,89.66,Pending
RET000860,ORD027258,PROD00284,2025-06-14,6,Other,406.8,Approved
RET000861,ORD043370,PROD00421,2025-03-22,1,Not as Described,12.63,Approved
RET000862,ORD000126,PROD00346,2025-09-22,6,Late Delivery,1248.9,Approved
RET000863,ORD012777,PROD00036,2025-10-03,3,Quality Issue,442.77,Approved
RET000864,ORD049209,PROD00212,2026-06-25,7,Other,265.86,Approved
RET000865,ORD014434,PROD00393,2025-12-22,3,Other,326.97,Approved
RET000866,ORD007475,PROD00423,2025-05-12,1,Quality Issue,57.95,Rejected
RET000867,ORD001510,PROD00378,2025-03-22,3,Damaged,254.94,Approved
RET000868,ORD049644,PROD00005,2026-07-05,5,Changed Mind,388.95,Pending
RET000869,ORD030070,PROD00119,2025-04-28,6,Not as Described,140.58,Approved
RET000870,ORD010827,PROD00425,2025-04-06,3,Wrong Item,566.76,Approved
RET000871,ORD004901,PROD00288,2025-10-12,2,Wrong Item,77.5,Approved
RET000872,ORD015003,PROD00422,2025-04-18,4,Quality Issue,517.6,Approved
RET000873,ORD035287,PROD00269,2025-08-03,2,Quality Issue,306.96,Approved
RET000874,ORD016845,PROD00478,2025-08-30,1,Late Delivery,48.11,Approved
RET000875,ORD035938,PROD00251,2026-06-08,5,Other,714.25,Approved
RET000876,ORD032261,PROD00453,2025-05-08,1,Other,60.19,Approved
RET000877,ORD041367,PROD00265,2026-02-08,1,Changed Mind,207.66,Approved
RET000878,ORD031722,PROD00484,2026-01-07,1,Wrong Item,6.36,Approved
RET000879,ORD009353,PROD00276,2026-01-17,10,Not as Described,1985.7,Pending
RET000880,ORD040485,PROD00352,2025-11-09,7,Quality Issue,555.17,Pending
RET000881,ORD038576,PROD00292,2025-06-03,2,Damaged,65.88,Approved
RET000882,ORD036881,PROD00481,2026-07-05,2,Changed Mind,295.02,Approved
RET000883,ORD026035,PROD00172,2026-03-23,1,Other,40.55,Approved
RET000884,ORD004331,PROD00107,2025-08-24,1,Wrong Item,135.69,Approved
RET000885,ORD027042,PROD00305,2026-01-10,1,Wrong Item,21.16,Approved
RET000886,ORD004256,PROD00157,2026-04-23,4,Wrong Item,75.68,Approved
RET000887,ORD049838,PROD00321,2025-08-07,1,Not as Described,68.71,Approved
RET000888,ORD024939,PROD00371,2025-05-31,4,Changed Mind,361.68,Approved
RET000889,ORD049746,PROD00230,2025-03-14,7,Wrong Item,313.81,Approved
RET000890,ORD030700,PROD00181,2026-05-23,2,Wrong Item,236.84,Approved
RET000891,ORD025131,PROD00177,2025-04-28,1,Other,167.83,Approved
RET000892,ORD032367,PROD00339,2025-08-27,6,Changed Mind,1120.92,Approved
RET000893,ORD003031,PROD00178,2025-09-13,7,Changed Mind,75.39,Approved
RET000894,ORD046419,PROD00159,2025-08-24,1,Wrong Item,41.1,Approved
RET000895,ORD013138,PROD00104,2026-01-16,1,Late Delivery,177.25,Approved
RET000896,ORD011588,PROD00262,2026-02-23,1,Other,73.53,Approved
RET000897,ORD006943,PROD00469,2026-02-22,8,Wrong Item,448.8,Approved
RET000898,ORD040846,PROD00322,2026-06-12,1,Changed Mind,136.32,Approved
RET000899,ORD008935,PROD00033,2026-01-15,4,Quality Issue,800.44,Rejected
RET000900,ORD044437,PROD00251,2026-02-05,2,Quality Issue,285.7,Approved
RET000901,ORD023466,PROD00377,2025-03-23,4,Not as Described,177.2,Approved
RET000902,ORD038315,PROD00429,2026-05-31,3,Quality Issue,364.47,Approved
RET000903,ORD044914,PROD00457,2025-05-02,2,Changed Mind,362.34,Approved
RET000904,ORD045542,PROD00097,2025-05-20,4,Changed Mind,619.4,Approved
RET000905,ORD041203,PROD00301,2026-02-01,4,Not as Described,192.12,Approved
RET000906,ORD039345,PROD00363,2026-03-09,9,Changed Mind,248.22,Approved
RET000907,ORD021567,PROD00181,2025-12-04,8,Not as Described,947.36,Approved
RET000908,ORD007701,PROD00351,2026-01-30,1,Quality Issue,180.07,Approved
RET000909,ORD018289,PROD00310,2026-04-27,2,Late Delivery,193.92,Approved
RET000910,ORD047524,PROD00398,2025-07-09,3,Late Delivery,464.13,Approved
RET000911,ORD040976,PROD00069,2025-05-25,3,Late Delivery,397.77,Approved
RET000912,ORD049651,PROD00448,2025-03-23,1,Quality Issue,39.06,Rejected
RET000913,ORD004270,PROD00046,2025-08-22,2,Not as Described,77.94,Approved
RET000914,ORD045967,PROD00258,2025-10-22,1,Late Delivery,56.03,Approved
RET000915,ORD031008,PROD00263,2026-01-13,3,Late Delivery,111.15,Approved
RET000916,ORD046145,PROD00212,2025-05-25,3,Other,113.94,Approved
RET000917,ORD039674,PROD00059,2026-06-19,1,Not as Described,40.5,Approved
RET000918,ORD020977,PROD00277,2025-12-02,3,Quality Issue,86.37,Approved
RET000919,ORD041118,PROD00242,2025-04-02,2,Damaged,237.5,Approved
RET000920,ORD032083,PROD00371,2025-05-23,1,Late Delivery,90.42,Approved
RET000921,ORD020342,PROD00136,2025-09-05,1,Damaged,13.16,Approved
RET000922,ORD041252,PROD00129,2025-03-02,7,Quality Issue,996.17,Approved
RET000923,ORD040920,PROD00495,2025-12-07,1,Wrong Item,70.71,Approved
RET000924,ORD045023,PROD00242,2025-11-26,2,Changed Mind,237.5,Rejected
RET000925,ORD018992,PROD00101,2025-06-24,1,Quality Issue,174.58,Approved
RET000926,ORD042934,PROD00262,2026-05-05,6,Other,441.18,Approved
RET000927,ORD027137,PROD00014,2025-06-02,1,Wrong Item,126.15,Approved
RET000928,ORD029575,PROD00390,2026-02-20,1,Not as Described,139.09,Approved
RET000929,ORD047908,PROD00264,2026-04-02,3,Other,440.37,Approved
RET000930,ORD018605,PROD00317,2025-10-04,6,Not as Described,942.3,Approved
RET000931,ORD005355,PROD00344,2025-07-04,4,Late Delivery,209.08,Approved
RET000932,ORD033407,PROD00131,2025-12-19,4,Other,135.68,Approved
RET000933,ORD006725,PROD00447,2025-09-03,2,Damaged,266.94,Pending
RET000934,ORD000859,PROD00074,2026-05-06,1,Damaged,37.35,Approved
RET000935,ORD037305,PROD00401,2025-06-06,2,Wrong Item,218.12,Pending
RET000936,ORD007583,PROD00106,2026-05-06,4,Damaged,186.24,Approved
RET000937,ORD017198,PROD00295,2026-04-04,1,Wrong Item,129.21,Approved
RET000938,ORD030171,PROD00180,2025-12-26,6,Late Delivery,501.66,Approved
RET000939,ORD031435,PROD00454,2025-04-26,2,Changed Mind,246.18,Approved
RET000940,ORD017334,PROD00231,2025-09-24,2,Damaged,58.44,Approved
RET000941,ORD001128,PROD00068,2026-01-16,1,Late Delivery,42.56,Approved
RET000942,ORD044527,PROD00241,2025-10-20,5,Other,675.0,Approved
RET000943,ORD017783,PROD00478,2026-07-07,1,Wrong Item,48.11,Approved
RET000944,ORD028819,PROD00215,2025-12-02,6,Damaged,313.74,Approved
RET000945,ORD006952,PROD00244,2025-05-01,2,Damaged,386.52,Approved
RET000946,ORD003567,PROD00259,2025-12-10,1,Quality Issue,171.32,Approved
RET000947,ORD045878,PROD00453,2026-06-04,1,Other,60.19,Approved
RET000948,ORD007324,PROD00139,2026-04-21,1,Damaged,39.1,Approved
RET000949,ORD011809,PROD00424,2025-08-22,1,Not as Described,157.44,Rejected
RET000950,ORD031436,PROD00160,2025-06-18,2,Late Delivery,410.28,Approved
RET000951,ORD031840,PROD00444,2025-10-02,2,Changed Mind,436.74,Approved
RET000952,ORD029310,PROD00204,2026-01-20,2,Damaged,304.8,Approved
RET000953,ORD012745,PROD00263,2026-01-21,7,Late Delivery,259.35,Approved
RET000954,ORD009721,PROD00453,2025-12-14,1,Other,60.19,Pending
RET000955,ORD012562,PROD00064,2025-11-22,5,Late Delivery,552.15,Approved
RET000956,ORD019887,PROD00115,2026-07-14,5,Not as Described,912.6,Approved
RET000957,ORD042320,PROD00031,2026-04-26,3,Other,80.16,Approved
RET000958,ORD037162,PROD00375,2025-08-13,1,Damaged,134.96,Approved
RET000959,ORD038138,PROD00446,2026-02-18,1,Not as Described,78.63,Approved
RET000960,ORD048677,PROD00215,2025-12-31,5,Not as Described,261.45,Approved
RET000961,ORD032980,PROD00186,2026-02-04,1,Damaged,157.64,Approved
RET000962,ORD000357,PROD00301,2026-06-16,1,Late Delivery,48.03,Approved
RET000963,ORD011324,PROD00268,2026-05-12,2,Other,323.14,Rejected
RET000964,ORD019252,PROD00045,2026-07-14,3,Late Delivery,655.65,Approved
RET000965,ORD009241,PROD00103,2026-05-29,1,Changed Mind,43.62,Approved
RET000966,ORD011013,PROD00043,2025-02-11,4,Not as Described,323.0,Approved
RET000967,ORD007521,PROD00313,2026-06-11,2,Other,151.94,Approved
RET000968,ORD032579,PROD00143,2025-04-24,7,Wrong Item,588.7,Approved
RET000969,ORD040392,PROD00160,2026-03-31,3,Changed Mind,615.42,Approved
RET000970,ORD028199,PROD00239,2026-01-07,5,Other,202.25,Approved
RET000971,ORD034650,PROD00194,2026-02-03,3,Wrong Item,424.56,Approved
RET000972,ORD042759,PROD00458,2025-08-23,3,Quality Issue,527.91,Approved
RET000973,ORD046957,PROD00260,2026-05-09,2,Not as Described,462.12,Approved
RET000974,ORD023683,PROD00112,2026-05-25,3,Not as Described,76.29,Approved
RET000975,ORD035861,PROD00117,2026-06-22,2,Damaged,304.78,Approved
RET000976,ORD000333,PROD00268,2025-04-20,1,Quality Issue,161.57,Approved
RET000977,ORD037559,PROD00057,2025-12-18,1,Quality Issue,29.53,Approved
RET000978,ORD024836,PROD00164,2026-01-23,1,Late Delivery,138.75,Approved
RET000979,ORD008700,PROD00132,2026-07-14,1,Quality Issue,148.14,Approved
RET000980,ORD024140,PROD00166,2025-12-06,4,Late Delivery,694.36,Rejected
RET000981,ORD006767,PROD00227,2025-06-15,1,Changed Mind,35.09,Approved
RET000982,ORD026416,PROD00130,2025-06-05,2,Quality Issue,158.22,Rejected
RET000983,ORD028844,PROD00388,2025-05-22,1,Late Delivery,45.83,Approved
RET000984,ORD000202,PROD00279,2025-04-05,2,Changed Mind,78.08,Approved
RET000985,ORD029818,PROD00332,2025-08-02,4,Not as Described,223.32,Pending
RET000986,ORD030908,PROD00455,2025-07-22,2,Damaged,257.26,Approved
RET000987,ORD003339,PROD00062,2025-02-24,7,Not as Described,27.44,Approved
RET000988,ORD020322,PROD00486,2026-03-04,2,Other,253.38,Approved
RET000989,ORD032909,PROD00023,2025-07-22,1,Wrong Item,66.1,Approved
RET000990,ORD032791,PROD00219,2025-12-06,4,Late Delivery,244.72,Approved
RET000991,ORD033765,PROD00454,2025-06-10,9,Not as Described,1107.81,Approved
RET000992,ORD026467,PROD00089,2025-03-07,1,Damaged,99.7,Approved
RET000993,ORD006048,PROD00126,2025-06-26,1,Wrong Item,168.81,Approved
RET000994,ORD037296,PROD00409,2025-09-15,2,Quality Issue,108.74,Approved
RET000995,ORD045183,PROD00485,2025-10-13,1,Changed Mind,87.8,Approved
RET000996,ORD039466,PROD00369,2025-03-09,1,Not as Described,114.06,Approved
RET000997,ORD004763,PROD00411,2025-10-26,4,Late Delivery,604.08,Approved
RET000998,ORD028778,PROD00166,2025-09-08,4,Quality Issue,694.36,Approved
RET000999,ORD047036,PROD00409,2025-06-13,2,Other,108.74,Approved
RET001000,ORD036382,PROD00006,2026-01-04,6,Not as Described,608.16,Rejected
RET001001,ORD010749,PROD00200,2025-08-30,1,Damaged,81.39,Approved
RET001002,ORD043556,PROD00205,2025-09-06,1,Damaged,161.75,Approved
RET001003,ORD009701,PROD00476,2025-10-06,4,Damaged,151.92,Approved
RET001004,ORD018712,PROD00174,2025-06-09,2,Not as Described,247.98,Approved
RET001005,ORD041578,PROD00174,2026-02-06,1,Quality Issue,123.99,Approved
RET001006,ORD039486,PROD00131,2025-04-17,8,Not as Described,271.36,Approved
RET001007,ORD043305,PROD00408,2026-05-01,1,Late Delivery,20.9,Approved
RET001008,ORD033207,PROD00230,2026-06-14,2,Not as Described,89.66,Approved
RET001009,ORD039922,PROD00042,2026-03-11,1,Not as Described,54.43,Approved
RET001010,ORD035805,PROD00364,2025-09-06,9,Changed Mind,1007.19,Approved
RET001011,ORD042053,PROD00306,2025-10-04,6,Changed Mind,1124.52,Approved
RET001012,ORD046763,PROD00294,2026-03-24,4,Other,290.48,Approved
RET001013,ORD032855,PROD00189,2025-06-28,7,Late Delivery,89.95,Approved
RET001014,ORD007409,PROD00032,2025-10-24,2,Other,67.46,Approved
RET001015,ORD041512,PROD00021,2026-02-03,1,Late Delivery,43.93,Approved
RET001016,ORD009211,PROD00490,2025-05-26,1,Not as Described,152.66,Approved
RET001017,ORD035780,PROD00489,2025-10-21,1,Late Delivery,33.45,Approved
RET001018,ORD042999,PROD00348,2025-02-03,6,Changed Mind,587.28,Approved
RET001019,ORD034248,PROD00344,2026-05-20,2,Wrong Item,104.54,Approved
RET001020,ORD030624,PROD00457,2026-06-20,1,Damaged,181.17,Approved
RET001021,ORD026871,PROD00389,2025-02-25,1,Not as Described,26.16,Approved
RET001022,ORD027349,PROD00126,2025-04-30,1,Quality Issue,168.81,Approved
RET001023,ORD017407,PROD00091,2026-07-22,2,Other,113.78,Approved
RET001024,ORD002948,PROD00213,2025-11-09,1,Other,84.13,Approved
RET001025,ORD034122,PROD00426,2026-01-16,3,Damaged,339.78,Approved
RET001026,ORD024188,PROD00147,2025-03-28,9,Other,1207.98,Approved
RET001027,ORD009034,PROD00078,2026-02-18,2,Quality Issue,50.2,Approved
RET001028,ORD036245,PROD00079,2025-08-24,5,Wrong Item,233.85,Approved
RET001029,ORD044855,PROD00133,2025-04-20,2,Late Delivery,31.46,Approved
RET001030,ORD017601,PROD00165,2025-03-02,1,Not as Described,11.05,Approved
RET001031,ORD011824,PROD00489,2025-08-27,5,Late Delivery,167.25,Approved
RET001032,ORD027611,PROD00317,2025-07-31,6,Changed Mind,942.3,Rejected
RET001033,ORD034446,PROD00156,2025-02-23,2,Quality Issue,352.38,Approved
RET001034,ORD042263,PROD00409,2025-05-28,5,Other,271.85,Approved
RET001035,ORD034487,PROD00105,2025-05-31,1,Wrong Item,100.04,Approved
RET001036,ORD037024,PROD00194,2025-05-18,5,Not as Described,707.6,Approved
RET001037,ORD039194,PROD00263,2025-10-11,2,Other,74.1,Approved
RET001038,ORD045640,PROD00187,2025-05-25,2,Not as Described,31.0,Approved
RET001039,ORD049852,PROD00086,2025-03-13,1,Other,142.35,Approved
RET001040,ORD031395,PROD00209,2025-02-03,1,Other,67.02,Approved
RET001041,ORD013296,PROD00468,2025-07-10,1,Damaged,162.7,Approved
RET001042,ORD005492,PROD00389,2025-07-06,1,Wrong Item,26.16,Pending
RET001043,ORD025677,PROD00140,2025-06-08,4,Late Delivery,485.2,Approved
RET001044,ORD022358,PROD00388,2025-01-31,1,Not as Described,45.83,Approved
RET001045,ORD013469,PROD00071,2025-03-21,3,Late Delivery,388.44,Approved
RET001046,ORD041053,PROD00399,2025-09-17,5,Damaged,671.25,Approved
RET001047,ORD007022,PROD00098,2025-12-31,1,Quality Issue,84.39,Approved
RET001048,ORD021888,PROD00128,2026-02-23,7,Other,1451.87,Approved
RET001049,ORD017639,PROD00485,2026-07-03,3,Quality Issue,263.4,Pending
RET001050,ORD043956,PROD00083,2026-01-09,2,Changed Mind,368.14,Approved
RET001051,ORD006937,PROD00048,2026-03-22,3,Other,454.5,Approved
RET001052,ORD004558,PROD00464,2025-10-19,3,Changed Mind,336.12,Approved
RET001053,ORD026881,PROD00035,2026-07-10,6,Wrong Item,309.06,Approved
RET001054,ORD023476,PROD00498,2025-03-30,1,Changed Mind,188.0,Approved
RET001055,ORD002236,PROD00462,2026-07-13,3,Late Delivery,512.55,Approved
RET001056,ORD017028,PROD00117,2026-03-04,1,Damaged,152.39,Approved
RET001057,ORD039214,PROD00051,2026-02-25,3,Damaged,169.71,Pending
RET001058,ORD013252,PROD00327,2026-02-13,7,Not as Described,1185.73,Approved
RET001059,ORD006459,PROD00059,2025-05-18,1,Late Delivery,40.5,Approved
RET001060,ORD017047,PROD00400,2025-03-24,3,Changed Mind,257.13,Approved
RET001061,ORD047342,PROD00335,2025-10-28,2,Quality Issue,373.18,Approved
RET001062,ORD006168,PROD00083,2026-06-25,1,Wrong Item,184.07,Approved
RET001063,ORD008523,PROD00214,2025-08-06,5,Changed Mind,509.55,Approved
RET001064,ORD021988,PROD00316,2025-09-03,2,Quality Issue,61.12,Approved
RET001065,ORD027087,PROD00426,2025-04-08,9,Quality Issue,1019.34,Approved
RET001066,ORD049117,PROD00314,2026-06-14,1,Quality Issue,54.47,Approved
RET001067,ORD022350,PROD00010,2026-05-10,3,Other,127.83,Rejected
RET001068,ORD033362,PROD00339,2025-02-25,5,Quality Issue,934.1,Approved
RET001069,ORD016120,PROD00337,2025-06-12,3,Wrong Item,463.8,Approved
RET001070,ORD025932,PROD00066,2026-03-28,5,Late Delivery,681.45,Approved
RET001071,ORD002848,PROD00099,2025-02-28,5,Quality Issue,93.25,Approved
RET001072,ORD010439,PROD00109,2025-04-17,1,Changed Mind,109.14,Approved
RET001073,ORD006193,PROD00156,2025-08-31,1,Other,176.19,Approved
RET001074,ORD033031,PROD00405,2026-04-11,2,Late Delivery,156.08,Approved
RET001075,ORD032812,PROD00333,2025-08-23,5,Other,802.75,Approved
RET001076,ORD041899,PROD00174,2025-03-20,7,Changed Mind,867.93,Approved
RET001077,ORD024071,PROD00478,2026-06-03,1,Not as Described,48.11,Approved
RET001078,ORD005744,PROD00335,2025-06-16,1,Not as Described,186.59,Approved
RET001079,ORD041943,PROD00017,2026-05-05,1,Quality Issue,9.0,Approved
RET001080,ORD011560,PROD00274,2026-07-10,3,Not as Described,481.05,Approved
RET001081,ORD032355,PROD00387,2026-07-21,7,Late Delivery,183.33,Approved
RET001082,ORD013275,PROD00331,2025-05-19,2,Other,305.58,Approved
RET001083,ORD043205,PROD00001,2025-10-03,3,Late Delivery,371.19,Approved
RET001084,ORD039747,PROD00077,2025-09-11,1,Wrong Item,69.77,Approved
RET001085,ORD037702,PROD00419,2026-02-26,2,Other,250.04,Approved
RET001086,ORD018480,PROD00408,2026-02-17,4,Not as Described,83.6,Approved
RET001087,ORD014746,PROD00053,2025-08-09,5,Wrong Item,57.45,Approved
RET001088,ORD016165,PROD00097,2026-04-18,2,Changed Mind,309.7,Approved
RET001089,ORD017600,PROD00212,2025-07-26,6,Quality Issue,227.88,Approved
RET001090,ORD049730,PROD00415,2026-03-14,2,Changed Mind,350.34,Approved
RET001091,ORD017268,PROD00478,2026-02-16,2,Damaged,96.22,Approved
RET001092,ORD032448,PROD00483,2026-01-25,5,Not as Described,500.2,Approved
RET001093,ORD001564,PROD00173,2025-11-11,2,Damaged,86.48,Rejected
RET001094,ORD020989,PROD00232,2026-07-20,2,Other,252.5,Approved
RET001095,ORD022207,PROD00457,2025-11-10,2,Damaged,362.34,Approved
RET001096,ORD034502,PROD00205,2026-04-28,4,Late Delivery,647.0,Approved
RET001097,ORD007907,PROD00200,2026-01-13,3,Quality Issue,244.17,Approved
RET001098,ORD009462,PROD00172,2026-04-23,7,Late Delivery,283.85,Approved
RET001099,ORD024391,PROD00181,2026-02-03,6,Other,710.52,Approved
RET001100,ORD033921,PROD00003,2025-08-02,2,Other,273.56,Approved
RET001101,ORD020716,PROD00119,2026-06-07,4,Late Delivery,93.72,Approved
RET001102,ORD026094,PROD00339,2025-02-13,1,Wrong Item,186.82,Approved
RET001103,ORD008668,PROD00459,2025-02-27,7,Not as Described,287.0,Approved
RET001104,ORD038381,PROD00321,2026-02-01,2,Late Delivery,137.42,Approved
RET001105,ORD024127,PROD00434,2026-05-22,2,Quality Issue,296.0,Approved
RET001106,ORD027986,PROD00110,2026-01-24,5,Changed Mind,348.75,Approved
RET001107,ORD022572,PROD00311,2025-04-12,3,Not as Described,104.13,Pending
RET001108,ORD009149,PROD00286,2025-04-25,1,Quality Issue,123.79,Approved
RET001109,ORD025043,PROD00325,2025-04-13,2,Changed Mind,141.4,Approved
RET001110,ORD017613,PROD00312,2026-01-31,1,Quality Issue,191.05,Approved
RET001111,ORD014579,PROD00309,2025-09-12,8,Changed Mind,353.76,Approved
RET001112,ORD015682,PROD00020,2025-07-25,3,Late Delivery,227.7,Rejected
RET001113,ORD033952,PROD00494,2025-11-10,2,Damaged,309.78,Approved
RET001114,ORD034719,PROD00127,2025-02-19,1,Quality Issue,100.63,Approved
RET001115,ORD044136,PROD00499,2025-03-12,1,Damaged,110.64,Pending
RET001116,ORD039463,PROD00381,2026-05-07,1,Damaged,69.83,Rejected
RET001117,ORD044190,PROD00428,2025-04-01,1,Wrong Item,78.36,Approved
RET001118,ORD046657,PROD00417,2026-03-03,1,Quality Issue,65.64,Approved
RET001119,ORD039625,PROD00334,2025-10-29,7,Other,1042.16,Approved
RET001120,ORD016820,PROD00353,2025-09-01,1,Changed Mind,147.99,Approved
RET001121,ORD039941,PROD00171,2025-07-11,7,Quality Issue,726.18,Approved
RET001122,ORD025416,PROD00437,2025-04-11,1,Wrong Item,91.71,Approved
RET001123,ORD007921,PROD00298,2026-05-05,3,Wrong Item,483.69,Approved
RET001124,ORD034787,PROD00005,2025-12-24,1,Not as Described,77.79,Approved
RET001125,ORD040416,PROD00013,2026-01-03,2,Not as Described,87.22,Pending
RET001126,ORD040042,PROD00050,2025-02-13,5,Quality Issue,394.45,Approved
RET001127,ORD028327,PROD00494,2025-09-30,1,Damaged,154.89,Approved
RET001128,ORD045706,PROD00314,2026-04-15,1,Not as Described,54.47,Approved
RET001129,ORD018854,PROD00080,2025-02-18,1,Other,63.34,Approved
RET001130,ORD024144,PROD00416,2025-09-03,2,Late Delivery,238.44,Approved
RET001131,ORD018053,PROD00320,2026-01-30,3,Wrong Item,339.42,Approved
RET001132,ORD022149,PROD00007,2025-05-22,3,Not as Described,665.52,Approved
RET001133,ORD043765,PROD00487,2026-02-08,1,Quality Issue,48.73,Approved
RET001134,ORD049513,PROD00137,2025-08-03,2,Not as Described,51.44,Approved
RET001135,ORD024067,PROD00283,2026-02-23,2,Quality Issue,168.1,Approved
RET001136,ORD046897,PROD00381,2025-03-23,2,Other,139.66,Approved
RET001137,ORD027817,PROD00056,2026-07-16,4,Changed Mind,290.76,Approved
RET001138,ORD002119,PROD00323,2025-02-20,3,Late Delivery,87.51,Approved
RET001139,ORD017212,PROD00154,2026-02-11,1,Damaged,79.38,Approved
RET001140,ORD013350,PROD00109,2026-04-05,1,Damaged,109.14,Approved
RET001141,ORD014268,PROD00440,2025-05-25,5,Quality Issue,697.5,Approved
RET001142,ORD010132,PROD00128,2025-05-11,1,Quality Issue,207.41,Approved
RET001143,ORD026187,PROD00222,2025-09-19,1,Changed Mind,54.5,Approved
RET001144,ORD025279,PROD00342,2025-03-30,2,Quality Issue,257.6,Approved
RET001145,ORD023882,PROD00222,2026-07-23,2,Late Delivery,109.0,Approved
RET001146,ORD011992,PROD00479,2025-06-13,1,Changed Mind,69.65,Approved
RET001147,ORD010655,PROD00381,2025-08-12,2,Not as Described,139.66,Approved
RET001148,ORD016684,PROD00165,2025-04-10,5,Wrong Item,55.25,Approved
RET001149,ORD030472,PROD00137,2025-12-16,6,Wrong Item,154.32,Approved
RET001150,ORD010796,PROD00054,2026-01-13,1,Changed Mind,225.87,Approved
RET001151,ORD009226,PROD00481,2025-04-13,6,Not as Described,885.06,Approved
RET001152,ORD012853,PROD00238,2025-08-02,6,Wrong Item,929.64,Pending
RET001153,ORD041221,PROD00440,2026-05-09,1,Quality Issue,139.5,Approved
RET001154,ORD047339,PROD00004,2025-07-30,5,Late Delivery,495.75,Approved
RET001155,ORD010264,PROD00079,2025-08-20,1,Late Delivery,46.77,Approved
RET001156,ORD000843,PROD00381,2025-12-07,6,Not as Described,418.98,Approved
RET001157,ORD015796,PROD00404,2026-04-28,2,Late Delivery,314.46,Approved
RET001158,ORD001161,PROD00033,2025-10-06,2,Quality Issue,400.22,Approved
RET001159,ORD022469,PROD00365,2025-05-30,7,Not as Described,281.12,Pending
RET001160,ORD001073,PROD00061,2025-11-12,1,Wrong Item,191.52,Approved
RET001161,ORD013689,PROD00213,2026-05-02,1,Wrong Item,84.13,Approved
RET001162,ORD001570,PROD00411,2025-06-16,2,Not as Described,302.04,Approved
RET001163,ORD002757,PROD00104,2026-04-19,1,Changed Mind,177.25,Approved
RET001164,ORD016008,PROD00298,2026-04-10,1,Late Delivery,161.23,Pending
RET001165,ORD002494,PROD00353,2026-07-08,1,Other,147.99,Approved
RET001166,ORD028830,PROD00352,2025-04-06,5,Damaged,396.55,Approved
RET001167,ORD049512,PROD00011,2025-09-14,1,Damaged,146.69,Approved
RET001168,ORD022308,PROD00321,2026-03-22,7,Quality Issue,480.97,Rejected
RET001169,ORD041321,PROD00295,2025-10-08,2,Quality Issue,258.42,Approved
RET001170,ORD044574,PROD00409,2026-03-09,4,Wrong Item,217.48,Pending
RET001171,ORD047076,PROD00048,2025-11-06,6,Not as Described,909.0,Rejected
RET001172,ORD029465,PROD00388,2025-04-12,1,Wrong Item,45.83,Pending
RET001173,ORD003828,PROD00112,2025-04-13,3,Wrong Item,76.29,Approved
RET001174,ORD035969,PROD00133,2025-12-14,2,Damaged,31.46,Approved
RET001175,ORD049668,PROD00407,2025-04-21,4,Changed Mind,54.68,Approved
RET001176,ORD004744,PROD00452,2025-03-20,1,Changed Mind,56.06,Rejected
RET001177,ORD010981,PROD00481,2025-03-14,8,Late Delivery,1180.08,Approved
RET001178,ORD016699,PROD00102,2025-10-25,2,Not as Described,230.82,Approved
RET001179,ORD017939,PROD00312,2025-06-16,1,Damaged,191.05,Approved
RET001180,ORD029201,PROD00222,2026-06-16,9,Changed Mind,490.5,Approved
RET001181,ORD042319,PROD00153,2026-04-17,1,Other,108.04,Approved
RET001182,ORD034529,PROD00488,2026-05-28,1,Quality Issue,162.62,Approved
RET001183,ORD034753,PROD00410,2026-03-04,1,Quality Issue,143.41,Approved
RET001184,ORD026362,PROD00385,2025-02-27,1,Wrong Item,105.87,Approved
RET001185,ORD038853,PROD00427,2025-02-05,1,Damaged,185.42,Approved
RET001186,ORD031029,PROD00325,2026-02-23,1,Late Delivery,70.7,Approved
RET001187,ORD026855,PROD00003,2026-03-10,9,Wrong Item,1231.02,Approved
RET001188,ORD045751,PROD00184,2025-10-21,5,Wrong Item,697.05,Approved
RET001189,ORD009835,PROD00407,2025-11-24,5,Changed Mind,68.35,Approved
RET001190,ORD049656,PROD00406,2026-04-08,2,Late Delivery,118.38,Approved
RET001191,ORD045556,PROD00465,2025-02-23,1,Damaged,145.99,Approved
RET001192,ORD000270,PROD00194,2026-05-20,5,Damaged,707.6,Approved
RET001193,ORD026288,PROD00259,2025-05-21,1,Changed Mind,171.32,Pending
RET001194,ORD031957,PROD00333,2026-01-16,6,Quality Issue,963.3,Approved
RET001195,ORD006586,PROD00201,2026-06-24,2,Other,190.38,Approved
RET001196,ORD020231,PROD00356,2025-06-18,5,Changed Mind,479.2,Approved
RET001197,ORD008401,PROD00460,2026-03-25,1,Not as Described,157.34,Pending
RET001198,ORD000248,PROD00148,2025-10-28,8,Wrong Item,504.16,Approved
RET001199,ORD020725,PROD00161,2026-05-06,4,Late Delivery,580.88,Approved
RET001200,ORD016783,PROD00165,2026-03-28,2,Changed Mind,22.1,Pending
RET001201,ORD036454,PROD00375,2025-10-12,1,Not as Described,134.96,Approved
RET001202,ORD025334,PROD00362,2026-05-15,9,Other,941.76,Approved
RET001203,ORD012387,PROD00325,2025-11-14,4,Quality Issue,282.8,Approved
RET001204,ORD039974,PROD00229,2025-02-13,1,Quality Issue,127.35,Approved
RET001205,ORD045236,PROD00408,2025-03-17,3,Changed Mind,62.7,Approved
RET001206,ORD017670,PROD00076,2026-05-30,4,Late Delivery,709.84,Approved
RET001207,ORD016566,PROD00286,2025-06-20,2,Changed Mind,247.58,Approved
RET001208,ORD023204,PROD00021,2026-03-29,1,Wrong Item,43.93,Approved
RET001209,ORD006040,PROD00170,2025-03-01,2,Changed Mind,411.02,Pending
RET001210,ORD029434,PROD00259,2026-06-06,1,Late Delivery,171.32,Approved
RET001211,ORD026152,PROD00301,2025-03-23,7,Quality Issue,336.21,Pending
RET001212,ORD012170,PROD00249,2026-01-31,1,Other,190.35,Approved
RET001213,ORD044085,PROD00149,2025-12-28,2,Damaged,449.66,Approved
RET001214,ORD019170,PROD00125,2025-10-02,1,Changed Mind,90.57,Approved
RET001215,ORD007247,PROD00074,2025-05-18,1,Late Delivery,37.35,Approved
RET001216,ORD013436,PROD00074,2026-04-17,7,Damaged,261.45,Rejected
RET001217,ORD035192,PROD00314,2026-01-17,3,Wrong Item,163.41,Approved
RET001218,ORD042402,PROD00485,2025-09-14,1,Quality Issue,87.8,Pending
RET001219,ORD014607,PROD00134,2026-04-22,2,Quality Issue,34.96,Approved
RET001220,ORD033036,PROD00431,2025-06-28,3,Other,201.39,Approved
RET001221,ORD025954,PROD00380,2026-06-22,2,Other,114.52,Approved
RET001222,ORD015338,PROD00388,2025-11-23,4,Wrong Item,183.32,Approved
RET001223,ORD029163,PROD00385,2026-06-16,3,Other,317.61,Approved
RET001224,ORD001847,PROD00388,2026-07-07,4,Changed Mind,183.32,Rejected
RET001225,ORD043576,PROD00314,2025-09-23,3,Wrong Item,163.41,Approved
RET001226,ORD046925,PROD00180,2026-04-10,3,Damaged,250.83,Approved
RET001227,ORD037007,PROD00386,2026-07-09,3,Other,154.62,Approved
RET001228,ORD026675,PROD00303,2025-06-19,1,Not as Described,194.8,Approved
RET001229,ORD002885,PROD00354,2025-03-02,1,Damaged,111.99,Approved
RET001230,ORD049354,PROD00282,2025-11-26,2,Late Delivery,44.24,Approved
RET001231,ORD024963,PROD00098,2026-03-24,1,Quality Issue,84.39,Approved
RET001232,ORD032879,PROD00283,2025-03-28,8,Changed Mind,672.4,Approved
RET001233,ORD022222,PROD00314,2026-03-08,4,Late Delivery,217.88,Rejected
RET001234,ORD016648,PROD00186,2025-12-05,7,Damaged,1103.48,Approved
RET001235,ORD032092,PROD00462,2026-04-27,1,Not as Described,170.85,Approved
RET001236,ORD041276,PROD00466,2025-07-04,1,Wrong Item,55.46,Rejected
RET001237,ORD028993,PROD00416,2025-10-17,2,Wrong Item,238.44,Approved
RET001238,ORD006101,PROD00462,2025-09-06,2,Damaged,341.7,Approved
RET001239,ORD047242,PROD00139,2025-11-12,6,Quality Issue,234.6,Approved
RET001240,ORD010942,PROD00167,2025-12-29,4,Changed Mind,726.8,Approved
RET001241,ORD039398,PROD00482,2025-11-06,1,Wrong Item,188.79,Approved
RET001242,ORD030794,PROD00299,2025-10-28,1,Changed Mind,118.42,Approved
RET001243,ORD028756,PROD00125,2025-12-27,5,Quality Issue,452.85,Approved
RET001244,ORD012189,PROD00027,2025-02-07,3,Wrong Item,189.15,Approved
RET001245,ORD025772,PROD00225,2026-01-26,5,Quality Issue,538.7,Approved
RET001246,ORD000118,PROD00057,2026-01-20,1,Changed Mind,29.53,Approved
RET001247,ORD030647,PROD00464,2026-03-05,2,Damaged,224.08,Approved
RET001248,ORD030654,PROD00500,2025-02-27,7,Damaged,64.12,Approved
RET001249,ORD033643,PROD00081,2025-05-22,1,Wrong Item,127.83,Pending
RET001250,ORD026488,PROD00219,2026-05-18,6,Quality Issue,367.08,Rejected
RET001251,ORD032934,PROD00372,2025-07-15,3,Quality Issue,279.99,Approved
RET001252,ORD046485,PROD00488,2025-05-11,2,Changed Mind,325.24,Approved
RET001253,ORD044642,PROD00434,2025-06-07,5,Quality Issue,740.0,Approved
RET001254,ORD020181,PROD00348,2026-06-21,5,Not as Described,489.4,Approved
RET001255,ORD046157,PROD00068,2025-09-10,1,Late Delivery,42.56,Approved
RET001256,ORD038604,PROD00421,2025-02-11,3,Other,37.89,Approved
RET001257,ORD024105,PROD00113,2025-02-21,1,Damaged,101.19,Approved
RET001258,ORD042579,PROD00146,2025-07-27,1,Not as Described,233.11,Pending
RET001259,ORD039912,PROD00271,2026-02-05,5,Wrong Item,930.6,Approved
RET001260,ORD036357,PROD00431,2025-03-05,3,Wrong Item,201.39,Approved
RET001261,ORD038291,PROD00187,2026-02-18,1,Late Delivery,15.5,Approved
RET001262,ORD007119,PROD00036,2026-01-02,6,Not as Described,885.54,Pending
RET001263,ORD022274,PROD00273,2025-04-23,1,Other,69.18,Approved
RET001264,ORD027447,PROD00262,2026-03-07,1,Damaged,73.53,Approved
RET001265,ORD008358,PROD00048,2025-11-09,4,Not as Described,606.0,Approved
RET001266,ORD023341,PROD00376,2025-07-05,9,Changed Mind,981.18,Approved
RET001267,ORD038341,PROD00315,2025-11-26,2,Wrong Item,267.72,Pending
RET001268,ORD044419,PROD00232,2025-10-01,9,Not as Described,1136.25,Approved
RET001269,ORD032896,PROD00490,2026-05-07,4,Other,610.64,Rejected
RET001270,ORD011005,PROD00133,2026-03-09,5,Not as Described,78.65,Approved
RET001271,ORD021869,PROD00104,2026-05-31,1,Wrong Item,177.25,Approved
RET001272,ORD040309,PROD00288,2025-11-14,1,Not as Described,38.75,Approved
RET001273,ORD013035,PROD00273,2025-11-02,2,Quality Issue,138.36,Approved
RET001274,ORD001231,PROD00276,2025-09-30,3,Late Delivery,595.71,Approved
RET001275,ORD013039,PROD00187,2025-02-04,2,Damaged,31.0,Approved
RET001276,ORD006049,PROD00426,2025-07-02,7,Quality Issue,792.82,Approved
RET001277,ORD015472,PROD00058,2025-06-17,3,Late Delivery,174.54,Pending
RET001278,ORD047852,PROD00315,2026-03-30,1,Other,133.86,Approved
RET001279,ORD037005,PROD00219,2025-05-19,3,Wrong Item,183.54,Approved
RET001280,ORD026265,PROD00177,2025-05-10,1,Late Delivery,167.83,Approved
RET001281,ORD025765,PROD00428,2025-08-22,2,Wrong Item,156.72,Approved
RET001282,ORD010055,PROD00374,2025-07-25,8,Late Delivery,108.16,Approved
RET001283,ORD018106,PROD00169,2025-03-04,1,Late Delivery,181.16,Approved
RET001284,ORD048753,PROD00252,2025-06-09,8,Late Delivery,281.6,Pending
RET001285,ORD030387,PROD00296,2025-12-09,7,Other,66.99,Approved
RET001286,ORD039013,PROD00457,2026-04-02,7,Damaged,1268.19,Approved
RET001287,ORD004616,PROD00112,2025-02-05,1,Late Delivery,25.43,Approved
RET001288,ORD034622,PROD00352,2026-03-18,5,Not as Described,396.55,Approved
RET001289,ORD011438,PROD00071,2025-07-07,5,Other,647.4,Approved
RET001290,ORD009306,PROD00194,2025-08-28,1,Damaged,141.52,Rejected
RET001291,ORD021674,PROD00399,2026-04-05,4,Not as Described,537.0,Approved
RET001292,ORD018114,PROD00039,2026-01-03,6,Late Delivery,765.12,Approved
RET001293,ORD029588,PROD00230,2025-10-18,1,Not as Described,44.83,Approved
RET001294,ORD036985,PROD00151,2026-06-23,2,Changed Mind,296.4,Approved
RET001295,ORD025824,PROD00291,2025-08-03,8,Quality Issue,1289.36,Approved
RET001296,ORD035969,PROD00425,2026-06-10,3,Changed Mind,566.76,Approved
RET001297,ORD016634,PROD00094,2025-11-19,3,Damaged,300.57,Approved
RET001298,ORD046040,PROD00112,2026-01-03,5,Changed Mind,127.15,Approved
RET001299,ORD014252,PROD00040,2026-07-19,6,Other,923.7,Approved
RET001300,ORD040226,PROD00134,2026-04-30,3,Wrong Item,52.44,Approved
RET001301,ORD040818,PROD00034,2026-07-18,7,Changed Mind,44.17,Pending
RET001302,ORD028877,PROD00352,2025-07-04,5,Changed Mind,396.55,Pending
RET001303,ORD004088,PROD00325,2025-09-25,1,Changed Mind,70.7,Approved
RET001304,ORD046742,PROD00282,2025-08-08,2,Not as Described,44.24,Approved
RET001305,ORD016366,PROD00477,2025-06-04,5,Damaged,874.8,Approved
RET001306,ORD048806,PROD00128,2026-06-19,3,Other,622.23,Approved
RET001307,ORD030692,PROD00016,2026-05-10,1,Quality Issue,21.88,Approved
RET001308,ORD017581,PROD00441,2025-08-17,1,Late Delivery,99.27,Approved
RET001309,ORD021256,PROD00331,2026-01-16,1,Wrong Item,152.79,Approved
RET001310,ORD017577,PROD00276,2025-05-13,2,Changed Mind,397.14,Approved
RET001311,ORD030768,PROD00046,2026-06-03,7,Other,272.79,Approved
RET001312,ORD044020,PROD00134,2026-03-11,1,Quality Issue,17.48,Approved
RET001313,ORD006511,PROD00461,2025-11-03,9,Changed Mind,391.23,Approved
RET001314,ORD029998,PROD00091,2025-02-22,5,Damaged,284.45,Approved
RET001315,ORD007593,PROD00229,2025-02-25,3,Changed Mind,382.05,Approved
RET001316,ORD046436,PROD00479,2025-04-22,1,Changed Mind,69.65,Approved
RET001317,ORD030638,PROD00084,2025-09-08,2,Other,98.42,Approved
RET001318,ORD035438,PROD00494,2025-05-24,2,Changed Mind,309.78,Approved
RET001319,ORD018551,PROD00356,2025-09-30,4,Changed Mind,383.36,Approved
RET001320,ORD010957,PROD00297,2026-06-20,5,Changed Mind,335.25,Approved
RET001321,ORD011175,PROD00285,2025-11-24,3,Late Delivery,481.44,Approved
RET001322,ORD001992,PROD00483,2025-03-09,2,Not as Described,200.08,Approved
RET001323,ORD001651,PROD00074,2025-06-25,1,Changed Mind,37.35,Pending
RET001324,ORD047483,PROD00388,2026-05-31,1,Not as Described,45.83,Approved
RET001325,ORD018930,PROD00075,2025-06-14,4,Quality Issue,156.16,Approved
RET001326,ORD016320,PROD00386,2025-08-16,2,Late Delivery,103.08,Approved
RET001327,ORD007770,PROD00035,2025-12-24,1,Late Delivery,51.51,Rejected
RET001328,ORD021073,PROD00357,2025-04-03,8,Other,1192.0,Approved
RET001329,ORD002880,PROD00227,2025-09-05,1,Wrong Item,35.09,Approved
RET001330,ORD004227,PROD00299,2025-08-24,1,Late Delivery,118.42,Approved
RET001331,ORD034530,PROD00236,2025-08-17,1,Not as Described,120.44,Approved
RET001332,ORD026719,PROD00176,2026-02-20,1,Wrong Item,45.64,Approved
RET001333,ORD015148,PROD00264,2025-06-26,2,Not as Described,293.58,Approved
RET001334,ORD032564,PROD00004,2026-04-25,5,Late Delivery,495.75,Approved
RET001335,ORD002736,PROD00314,2026-03-18,6,Damaged,326.82,Approved
RET001336,ORD010675,PROD00421,2025-08-08,4,Quality Issue,50.52,Approved
RET001337,ORD005196,PROD00465,2025-08-10,1,Late Delivery,145.99,Approved
RET001338,ORD004075,PROD00330,2026-05-04,2,Wrong Item,130.0,Approved
RET001339,ORD023258,PROD00294,2026-06-15,6,Quality Issue,435.72,Approved
RET001340,ORD040066,PROD00421,2025-09-20,4,Changed Mind,50.52,Approved
RET001341,ORD033595,PROD00313,2026-05-23,5,Not as Described,379.85,Approved
RET001342,ORD000835,PROD00155,2025-06-07,1,Quality Issue,4.57,Approved
RET001343,ORD045734,PROD00393,2025-05-08,5,Other,544.95,Approved
RET001344,ORD047715,PROD00429,2025-12-03,2,Changed Mind,242.98,Approved
RET001345,ORD041115,PROD00127,2025-02-03,2,Other,201.26,Approved
RET001346,ORD038913,PROD00093,2025-07-16,2,Late Delivery,156.72,Approved
RET001347,ORD049900,PROD00068,2025-10-02,3,Not as Described,127.68,Pending
RET001348,ORD041221,PROD00479,2026-04-05,4,Wrong Item,278.6,Approved
RET001349,ORD004996,PROD00373,2025-11-04,1,Late Delivery,66.6,Approved
RET001350,ORD028042,PROD00405,2025-12-31,1,Not as Described,78.04,Approved
RET001351,ORD037544,PROD00425,2025-04-16,3,Wrong Item,566.76,Approved
RET001352,ORD037138,PROD00308,2025-06-06,1,Changed Mind,8.61,Rejected
RET001353,ORD018730,PROD00441,2025-07-10,4,Not as Described,397.08,Approved
RET001354,ORD024315,PROD00210,2025-08-19,7,Not as Described,123.9,Approved
RET001355,ORD033640,PROD00068,2025-07-15,2,Other,85.12,Approved
RET001356,ORD043496,PROD00016,2025-02-24,4,Quality Issue,87.52,Approved
RET001357,ORD014401,PROD00115,2026-05-06,6,Quality Issue,1095.12,Approved
RET001358,ORD008454,PROD00187,2025-11-01,9,Not as Described,139.5,Rejected
RET001359,ORD044717,PROD00044,2025-05-24,1,Quality Issue,117.86,Approved
RET001360,ORD039447,PROD00084,2025-09-07,2,Not as Described,98.42,Approved
RET001361,ORD020398,PROD00130,2025-10-22,4,Damaged,316.44,Approved
RET001362,ORD039959,PROD00155,2026-01-15,1,Other,4.57,Approved
RET001363,ORD025558,PROD00190,2025-01-31,1,Other,74.69,Approved
RET001364,ORD023599,PROD00009,2025-05-18,8,Other,825.92,Approved
RET001365,ORD040693,PROD00130,2025-04-08,3,Wrong Item,237.33,Approved
RET001366,ORD023538,PROD00481,2025-03-19,4,Damaged,590.04,Approved
RET001367,ORD049003,PROD00407,2025-05-07,2,Changed Mind,27.34,Approved
RET001368,ORD024617,PROD00429,2025-06-01,6,Other,728.94,Approved
RET001369,ORD002670,PROD00458,2025-08-11,4,Changed Mind,703.88,Approved
RET001370,ORD003330,PROD00026,2026-04-14,1,Late Delivery,116.11,Rejected
RET001371,ORD005507,PROD00365,2026-05-28,7,Damaged,281.12,Approved
RET001372,ORD006655,PROD00476,2025-10-26,2,Damaged,75.96,Pending
RET001373,ORD007202,PROD00191,2025-06-04,3,Changed Mind,199.26,Approved
RET001374,ORD030440,PROD00031,2025-05-15,6,Other,160.32,Approved
RET001375,ORD007366,PROD00214,2025-10-14,1,Late Delivery,101.91,Approved
RET001376,ORD003022,PROD00072,2026-01-01,1,Late Delivery,31.78,Approved
RET001377,ORD007705,PROD00381,2025-04-04,1,Changed Mind,69.83,Approved
RET001378,ORD020009,PROD00348,2025-07-28,4,Quality Issue,391.52,Approved
RET001379,ORD047272,PROD00091,2026-01-25,4,Not as Described,227.56,Approved
RET001380,ORD042868,PROD00161,2025-04-02,1,Wrong Item,145.22,Approved
RET001381,ORD049148,PROD00015,2025-09-25,2,Changed Mind,224.1,Pending
RET001382,ORD017054,PROD00487,2026-04-22,3,Wrong Item,146.19,Approved
RET001383,ORD024754,PROD00418,2026-01-11,6,Late Delivery,639.6,Approved
RET001384,ORD031326,PROD00428,2025-12-15,2,Wrong Item,156.72,Approved
RET001385,ORD024890,PROD00396,2026-06-10,1,Damaged,104.24,Approved
RET001386,ORD045770,PROD00305,2026-06-01,2,Late Delivery,42.32,Approved
RET001387,ORD012004,PROD00110,2025-08-03,3,Changed Mind,209.25,Approved
RET001388,ORD043178,PROD00324,2026-01-26,4,Not as Described,915.2,Approved
RET001389,ORD043523,PROD00127,2025-10-29,10,Other,1006.3,Approved
RET001390,ORD041988,PROD00364,2025-02-07,1,Changed Mind,111.91,Approved
RET001391,ORD031530,PROD00307,2025-01-31,9,Damaged,2015.19,Approved
RET001392,ORD044428,PROD00404,2025-07-04,1,Quality Issue,157.23,Approved
RET001393,ORD036315,PROD00059,2025-09-25,3,Changed Mind,121.5,Pending
RET001394,ORD033639,PROD00381,2025-07-07,1,Changed Mind,69.83,Approved
RET001395,ORD001849,PROD00347,2025-04-16,5,Damaged,407.55,Approved
RET001396,ORD010802,PROD00161,2025-12-05,5,Late Delivery,726.1,Approved
RET001397,ORD020372,PROD00240,2025-04-05,3,Quality Issue,49.56,Approved
RET001398,ORD045195,PROD00253,2025-07-07,6,Wrong Item,115.14,Approved
RET001399,ORD037959,PROD00273,2025-09-02,4,Other,276.72,Approved
RET001400,ORD021532,PROD00203,2026-02-17,1,Wrong Item,70.83,Pending
RET001401,ORD024632,PROD00452,2025-09-29,2,Quality Issue,112.12,Approved
RET001402,ORD026019,PROD00172,2025-05-07,7,Damaged,283.85,Pending
RET001403,ORD017886,PROD00372,2026-01-08,2,Quality Issue,186.66,Pending
RET001404,ORD020460,PROD00024,2025-12-26,9,Changed Mind,835.92,Approved
RET001405,ORD015838,PROD00491,2025-08-07,4,Wrong Item,310.52,Rejected
RET001406,ORD026535,PROD00257,2025-07-08,2,Changed Mind,177.98,Approved
RET001407,ORD025240,PROD00428,2025-10-13,9,Quality Issue,705.24,Approved
RET001408,ORD015588,PROD00441,2026-01-27,1,Late Delivery,99.27,Approved
RET001409,ORD016323,PROD00322,2026-01-20,1,Damaged,136.32,Approved
RET001410,ORD021491,PROD00456,2026-01-25,1,Late Delivery,170.27,Approved
RET001411,ORD021265,PROD00153,2025-05-29,7,Wrong Item,756.28,Approved
RET001412,ORD040297,PROD00270,2026-05-16,1,Quality Issue,120.71,Approved
RET001413,ORD019025,PROD00384,2026-03-05,3,Not as Described,198.51,Approved
RET001414,ORD011778,PROD00112,2026-04-07,6,Not as Described,152.58,Approved
RET001415,ORD043301,PROD00189,2025-07-01,8,Late Delivery,102.8,Rejected
RET001416,ORD021483,PROD00456,2025-02-22,9,Wrong Item,1532.43,Approved
RET001417,ORD011729,PROD00062,2026-07-21,10,Not as Described,39.2,Approved
RET001418,ORD022699,PROD00259,2026-03-20,2,Wrong Item,342.64,Pending
RET001419,ORD015675,PROD00017,2025-09-23,1,Late Delivery,9.0,Approved
RET001420,ORD023785,PROD00236,2025-10-03,5,Wrong Item,602.2,Pending
RET001421,ORD047759,PROD00101,2025-10-22,1,Other,174.58,Approved
RET001422,ORD040171,PROD00371,2025-05-20,1,Late Delivery,90.42,Approved
RET001423,ORD031228,PROD00305,2025-04-30,8,Wrong Item,169.28,Pending
RET001424,ORD024033,PROD00248,2025-07-23,7,Other,141.82,Approved
RET001425,ORD043140,PROD00360,2026-07-07,1,Other,112.05,Approved
RET001426,ORD040290,PROD00232,2026-06-25,1,Damaged,126.25,Approved
RET001427,ORD019312,PROD00285,2025-06-08,5,Wrong Item,802.4,Approved
RET001428,ORD005629,PROD00282,2025-02-25,9,Damaged,199.08,Approved
RET001429,ORD021696,PROD00083,2026-02-16,1,Not as Described,184.07,Approved
RET001430,ORD007519,PROD00241,2025-08-07,1,Wrong Item,135.0,Approved
RET001431,ORD014484,PROD00374,2026-02-18,5,Not as Described,67.6,Approved
RET001432,ORD016513,PROD00317,2026-05-26,1,Other,157.05,Rejected
RET001433,ORD012901,PROD00031,2026-02-22,5,Changed Mind,133.6,Approved
RET001434,ORD026878,PROD00085,2026-05-31,1,Damaged,141.61,Approved
RET001435,ORD004006,PROD00141,2025-06-03,5,Other,36.5,Approved
RET001436,ORD007518,PROD00245,2026-03-23,4,Quality Issue,453.08,Approved
RET001437,ORD049088,PROD00428,2026-06-27,5,Damaged,391.8,Approved
RET001438,ORD020809,PROD00165,2025-07-12,1,Quality Issue,11.05,Approved
RET001439,ORD009569,PROD00482,2025-09-19,2,Quality Issue,377.58,Approved
RET001440,ORD027275,PROD00239,2026-04-04,2,Wrong Item,80.9,Approved
RET001441,ORD020224,PROD00426,2025-02-16,1,Other,113.26,Approved
RET001442,ORD005232,PROD00287,2025-09-15,2,Wrong Item,352.32,Approved
RET001443,ORD030404,PROD00173,2025-11-04,1,Changed Mind,43.24,Approved
RET001444,ORD038920,PROD00119,2025-12-01,2,Damaged,46.86,Approved
RET001445,ORD028671,PROD00300,2026-01-28,1,Damaged,135.61,Pending
RET001446,ORD027326,PROD00224,2025-10-16,2,Changed Mind,185.32,Approved
RET001447,ORD036170,PROD00152,2026-07-10,4,Wrong Item,254.72,Approved
RET001448,ORD007562,PROD00332,2025-11-29,8,Other,446.64,Approved
RET001449,ORD037893,PROD00426,2026-07-19,3,Not as Described,339.78,Approved
RET001450,ORD040375,PROD00157,2025-07-19,1,Wrong Item,18.92,Approved
RET001451,ORD007559,PROD00318,2026-04-10,3,Not as Described,431.37,Approved
RET001452,ORD012060,PROD00155,2026-03-16,8,Quality Issue,36.56,Approved
RET001453,ORD040773,PROD00485,2025-07-08,3,Not as Described,263.4,Approved
RET001454,ORD016116,PROD00299,2025-06-26,5,Not as Described,592.1,Approved
RET001455,ORD025892,PROD00231,2026-07-20,4,Not as Described,116.88,Approved
RET001456,ORD025039,PROD00126,2025-08-29,1,Quality Issue,168.81,Approved
RET001457,ORD037340,PROD00117,2025-03-05,1,Quality Issue,152.39,Approved
RET001458,ORD045603,PROD00035,2026-05-30,5,Changed Mind,257.55,Approved
RET001459,ORD001496,PROD00361,2026-02-24,2,Other,157.8,Approved
RET001460,ORD033208,PROD00321,2025-12-31,5,Damaged,343.55,Approved
RET001461,ORD038230,PROD00070,2025-08-16,2,Changed Mind,331.3,Approved
RET001462,ORD012562,PROD00125,2025-03-06,3,Not as Described,271.71,Pending
RET001463,ORD012375,PROD00332,2026-01-03,10,Damaged,558.3,Approved
RET001464,ORD042760,PROD00166,2025-05-08,4,Other,694.36,Approved
RET001465,ORD024724,PROD00437,2026-01-01,1,Other,91.71,Approved
RET001466,ORD028707,PROD00411,2025-03-09,3,Late Delivery,453.06,Approved
RET001467,ORD026520,PROD00266,2025-02-19,1,Changed Mind,197.62,Approved
RET001468,ORD007346,PROD00267,2025-04-09,1,Wrong Item,179.65,Approved
RET001469,ORD016958,PROD00184,2026-04-16,5,Wrong Item,697.05,Approved
RET001470,ORD006721,PROD00110,2026-04-25,1,Not as Described,69.75,Approved
RET001471,ORD004083,PROD00081,2025-10-19,4,Changed Mind,511.32,Approved
RET001472,ORD005969,PROD00466,2025-06-21,1,Changed Mind,55.46,Approved
RET001473,ORD023976,PROD00231,2026-06-13,8,Damaged,233.76,Approved
RET001474,ORD000281,PROD00254,2026-07-24,2,Changed Mind,70.0,Approved
RET001475,ORD042811,PROD00332,2025-04-10,2,Late Delivery,111.66,Pending
RET001476,ORD007885,PROD00160,2025-11-05,2,Quality Issue,410.28,Pending
RET001477,ORD037842,PROD00451,2026-04-30,4,Quality Issue,440.4,Pending
RET001478,ORD048969,PROD00107,2026-06-11,1,Damaged,135.69,Approved
RET001479,ORD036371,PROD00017,2026-03-27,9,Other,81.0,Approved
RET001480,ORD034540,PROD00048,2025-06-11,2,Changed Mind,303.0,Approved
RET001481,ORD045930,PROD00213,2025-12-21,2,Quality Issue,168.26,Approved
RET001482,ORD043378,PROD00435,2026-05-29,5,Not as Described,108.75,Approved
RET001483,ORD002896,PROD00082,2025-05-30,10,Not as Described,1386.3,Approved
RET001484,ORD036168,PROD00492,2025-03-15,3,Changed Mind,130.14,Rejected
RET001485,ORD021210,PROD00031,2026-06-18,10,Quality Issue,267.2,Rejected
RET001486,ORD008558,PROD00351,2026-04-11,3,Late Delivery,540.21,Approved
RET001487,ORD044449,PROD00011,2025-09-03,1,Late Delivery,146.69,Pending
RET001488,ORD016050,PROD00276,2025-04-15,5,Wrong Item,992.85,Approved
RET001489,ORD030743,PROD00134,2025-11-26,6,Not as Described,104.88,Approved
RET001490,ORD006297,PROD00070,2026-03-12,2,Other,331.3,Pending
RET001491,ORD008528,PROD00426,2025-08-22,6,Late Delivery,679.56,Approved
RET001492,ORD027508,PROD00343,2026-03-08,1,Damaged,120.4,Approved
RET001493,ORD036598,PROD00407,2025-12-04,2,Wrong Item,27.34,Approved
RET001494,ORD020473,PROD00216,2025-05-10,6,Not as Described,826.38,Approved
RET001495,ORD033945,PROD00456,2025-05-11,4,Late Delivery,681.08,Approved
RET001496,ORD028527,PROD00318,2026-03-02,5,Quality Issue,718.95,Approved
RET001497,ORD048312,PROD00355,2025-04-12,2,Damaged,179.48,Approved
RET001498,ORD041940,PROD00065,2025-05-06,6,Damaged,445.74,Approved
RET001499,ORD048926,PROD00445,2026-02-20,2,Changed Mind,397.94,Approved
RET001500,ORD044066,PROD00326,2025-05-17,2,Not as Described,335.16,Approved
RET001501,ORD015687,PROD00044,2025-11-25,7,Other,825.02,Approved
RET001502,ORD005832,PROD00183,2025-06-17,1,Not as Described,114.39,Approved
RET001503,ORD048023,PROD00039,2025-07-24,1,Not as Described,127.52,Approved
RET001504,ORD041311,PROD00073,2025-10-14,7,Quality Issue,546.14,Approved
RET001505,ORD011140,PROD00030,2025-10-23,3,Not as Described,329.16,Approved
RET001506,ORD006724,PROD00471,2026-05-20,2,Late Delivery,51.1,Approved
RET001507,ORD007625,PROD00135,2025-07-20,1,Damaged,65.54,Approved
RET001508,ORD001160,PROD00453,2025-02-11,2,Damaged,120.38,Approved
RET001509,ORD035770,PROD00481,2025-05-17,3,Changed Mind,442.53,Approved
RET001510,ORD003560,PROD00364,2026-01-03,2,Wrong Item,223.82,Approved
RET001511,ORD003623,PROD00086,2025-04-27,1,Quality Issue,142.35,Approved
RET001512,ORD007920,PROD00168,2026-03-30,6,Changed Mind,414.54,Approved
RET001513,ORD034582,PROD00091,2025-09-16,4,Other,227.56,Approved
RET001514,ORD039654,PROD00017,2025-04-28,3,Changed Mind,27.0,Pending
RET001515,ORD000122,PROD00498,2025-03-02,2,Wrong Item,376.0,Pending
RET001516,ORD006471,PROD00485,2025-09-20,2,Wrong Item,175.6,Approved
RET001517,ORD016659,PROD00458,2026-07-20,1,Late Delivery,175.97,Approved
RET001518,ORD045059,PROD00162,2025-07-21,1,Changed Mind,225.07,Approved
RET001519,ORD027735,PROD00061,2026-06-23,2,Damaged,383.04,Approved
RET001520,ORD025097,PROD00465,2026-04-13,10,Quality Issue,1459.9,Rejected
RET001521,ORD033852,PROD00118,2025-03-11,4,Quality Issue,268.72,Approved
RET001522,ORD007468,PROD00358,2026-01-28,3,Changed Mind,676.17,Pending
RET001523,ORD005706,PROD00182,2025-06-07,3,Late Delivery,197.91,Approved
RET001524,ORD038143,PROD00424,2025-02-11,6,Not as Described,944.64,Approved
RET001525,ORD042548,PROD00272,2025-05-31,4,Changed Mind,701.92,Approved
RET001526,ORD031125,PROD00139,2026-05-27,1,Wrong Item,39.1,Approved
RET001527,ORD029141,PROD00446,2026-04-29,8,Other,629.04,Approved
RET001528,ORD026703,PROD00152,2026-03-10,1,Late Delivery,63.68,Approved
RET001529,ORD034271,PROD00222,2025-10-23,4,Other,218.0,Approved
RET001530,ORD043221,PROD00430,2025-05-13,1,Quality Issue,115.21,Approved
RET001531,ORD008101,PROD00249,2025-04-21,1,Not as Described,190.35,Approved
RET001532,ORD007378,PROD00156,2026-01-09,2,Wrong Item,352.38,Approved
RET001533,ORD032811,PROD00445,2025-02-04,2,Late Delivery,397.94,Approved
RET001534,ORD042534,PROD00459,2025-02-09,2,Changed Mind,82.0,Pending
RET001535,ORD035403,PROD00449,2025-10-18,1,Not as Described,163.35,Approved
RET001536,ORD030524,PROD00390,2025-07-10,1,Late Delivery,139.09,Pending
RET001537,ORD031585,PROD00372,2025-03-11,8,Quality Issue,746.64,Approved
RET001538,ORD018305,PROD00432,2026-04-21,3,Quality Issue,200.34,Approved
RET001539,ORD021306,PROD00367,2026-07-07,2,Other,316.1,Approved
RET001540,ORD025684,PROD00165,2026-02-13,3,Wrong Item,33.15,Approved
RET001541,ORD038227,PROD00424,2025-10-28,1,Quality Issue,157.44,Approved
RET001542,ORD034190,PROD00466,2025-06-13,2,Wrong Item,110.92,Approved
RET001543,ORD011159,PROD00402,2025-06-13,1,Wrong Item,48.6,Approved
RET001544,ORD038809,PROD00466,2025-02-20,8,Other,443.68,Approved
RET001545,ORD042111,PROD00271,2025-04-23,1,Damaged,186.12,Approved
RET001546,ORD045303,PROD00127,2025-08-12,1,Late Delivery,100.63,Approved
RET001547,ORD034218,PROD00087,2026-03-16,1,Wrong Item,124.54,Rejected
RET001548,ORD023522,PROD00289,2025-10-02,2,Other,31.0,Approved
RET001549,ORD039129,PROD00492,2025-11-30,1,Damaged,43.38,Approved
RET001550,ORD016894,PROD00036,2025-03-05,3,Damaged,442.77,Approved
RET001551,ORD048940,PROD00356,2025-07-11,3,Quality Issue,287.52,Approved
RET001552,ORD020315,PROD00026,2025-07-14,3,Quality Issue,348.33,Approved
RET001553,ORD002467,PROD00289,2025-06-11,4,Changed Mind,62.0,Approved
RET001554,ORD015598,PROD00173,2025-05-07,1,Quality Issue,43.24,Approved
RET001555,ORD009116,PROD00350,2026-04-11,4,Quality Issue,395.4,Approved
RET001556,ORD047709,PROD00177,2025-05-17,3,Not as Described,503.49,Approved
RET001557,ORD012594,PROD00445,2025-07-17,7,Quality Issue,1392.79,Approved
RET001558,ORD038896,PROD00344,2026-02-15,2,Not as Described,104.54,Approved
RET001559,ORD049841,PROD00161,2025-09-21,9,Quality Issue,1306.98,Approved
RET001560,ORD009874,PROD00228,2026-05-12,1,Not as Described,25.27,Approved
RET001561,ORD035191,PROD00212,2025-10-17,2,Damaged,75.96,Approved
RET001562,ORD001331,PROD00123,2025-12-11,7,Wrong Item,100.45,Approved
RET001563,ORD021971,PROD00145,2025-07-18,3,Damaged,237.12,Pending
RET001564,ORD044367,PROD00465,2026-01-01,1,Changed Mind,145.99,Approved
RET001565,ORD036914,PROD00155,2026-05-12,5,Wrong Item,22.85,Pending
RET001566,ORD033637,PROD00054,2026-02-14,6,Damaged,1355.22,Approved
RET001567,ORD024114,PROD00235,2025-11-20,8,Not as Described,798.08,Approved
RET001568,ORD026399,PROD00419,2026-05-21,1,Quality Issue,125.02,Approved
RET001569,ORD030945,PROD00193,2026-05-17,3,Changed Mind,212.82,Approved
RET001570,ORD016950,PROD00500,2026-01-25,1,Quality Issue,9.16,Approved
RET001571,ORD040609,PROD00366,2026-02-08,1,Wrong Item,85.85,Approved
RET001572,ORD026219,PROD00002,2025-10-31,2,Damaged,356.28,Approved
RET001573,ORD001873,PROD00101,2025-04-08,5,Wrong Item,872.9,Approved
RET001574,ORD000340,PROD00029,2025-03-23,3,Damaged,236.28,Approved
RET001575,ORD000423,PROD00388,2025-11-26,3,Quality Issue,137.49,Approved
RET001576,ORD008173,PROD00431,2025-03-04,5,Wrong Item,335.65,Approved
RET001577,ORD019440,PROD00130,2025-09-21,3,Quality Issue,237.33,Pending
RET001578,ORD047580,PROD00165,2025-11-16,1,Other,11.05,Approved
RET001579,ORD017153,PROD00007,2026-02-18,1,Quality Issue,221.84,Approved
RET001580,ORD015821,PROD00326,2026-05-30,1,Late Delivery,167.58,Approved
RET001581,ORD034685,PROD00190,2025-12-24,2,Wrong Item,149.38,Rejected
RET001582,ORD012058,PROD00276,2025-04-11,8,Not as Described,1588.56,Approved
RET001583,ORD040959,PROD00151,2025-09-02,1,Other,148.2,Approved
RET001584,ORD045819,PROD00235,2025-09-14,1,Changed Mind,99.76,Approved
RET001585,ORD012689,PROD00468,2026-07-06,2,Damaged,325.4,Approved
RET001586,ORD019725,PROD00298,2025-03-21,1,Wrong Item,161.23,Approved
RET001587,ORD025729,PROD00258,2025-08-06,2,Not as Described,112.06,Approved
RET001588,ORD015152,PROD00250,2025-12-03,5,Late Delivery,705.35,Approved
RET001589,ORD017446,PROD00454,2026-07-17,5,Damaged,615.45,Approved
RET001590,ORD035590,PROD00478,2026-05-15,1,Quality Issue,48.11,Approved
RET001591,ORD021497,PROD00466,2025-10-18,8,Changed Mind,443.68,Approved
RET001592,ORD015963,PROD00174,2026-04-17,4,Wrong Item,495.96,Approved
RET001593,ORD014480,PROD00384,2026-03-05,1,Other,66.17,Approved
RET001594,ORD036235,PROD00100,2025-04-30,2,Other,299.58,Approved
RET001595,ORD030292,PROD00043,2025-10-21,1,Other,80.75,Approved
RET001596,ORD041859,PROD00172,2025-03-01,2,Late Delivery,81.1,Approved
RET001597,ORD010648,PROD00474,2025-08-22,1,Changed Mind,60.11,Approved
RET001598,ORD010189,PROD00055,2025-06-01,1,Late Delivery,45.22,Approved
RET001599,ORD027469,PROD00412,2026-03-24,5,Damaged,795.2,Approved
RET001600,ORD020923,PROD00027,2026-05-18,1,Wrong Item,63.05,Approved
RET001601,ORD011725,PROD00128,2025-04-23,6,Damaged,1244.46,Pending
RET001602,ORD002618,PROD00173,2026-06-02,3,Other,129.72,Approved
RET001603,ORD025068,PROD00265,2025-02-18,1,Wrong Item,207.66,Approved
RET001604,ORD010605,PROD00046,2026-05-09,3,Late Delivery,116.91,Approved
RET001605,ORD010166,PROD00092,2025-10-11,4,Quality Issue,363.48,Approved
RET001606,ORD041590,PROD00271,2025-03-04,2,Changed Mind,372.24,Approved
RET001607,ORD032073,PROD00013,2025-02-22,1,Not as Described,43.61,Approved
RET001608,ORD002736,PROD00049,2025-04-27,3,Changed Mind,240.18,Approved
RET001609,ORD000407,PROD00146,2025-07-23,2,Quality Issue,466.22,Approved
RET001610,ORD010111,PROD00474,2026-06-07,1,Damaged,60.11,Approved
RET001611,ORD003660,PROD00495,2025-07-07,3,Not as Described,212.13,Approved
RET001612,ORD011074,PROD00305,2026-02-12,7,Other,148.12,Approved
RET001613,ORD033864,PROD00467,2025-04-15,2,Other,89.46,Approved
RET001614,ORD034102,PROD00083,2025-08-26,3,Not as Described,552.21,Approved
RET001615,ORD048213,PROD00124,2026-03-03,6,Quality Issue,306.84,Approved
RET001616,ORD034353,PROD00439,2026-03-26,4,Late Delivery,180.64,Approved
RET001617,ORD013846,PROD00202,2025-08-22,3,Not as Described,62.43,Approved
RET001618,ORD033630,PROD00219,2025-12-06,3,Quality Issue,183.54,Rejected
RET001619,ORD028205,PROD00051,2026-04-04,5,Damaged,282.85,Approved
RET001620,ORD039974,PROD00395,2025-08-28,2,Quality Issue,163.1,Pending
RET001621,ORD016615,PROD00116,2026-01-23,5,Wrong Item,159.5,Approved
RET001622,ORD039594,PROD00144,2026-05-24,2,Wrong Item,224.1,Approved
RET001623,ORD040533,PROD00100,2026-03-19,4,Wrong Item,599.16,Approved
RET001624,ORD042162,PROD00251,2026-01-10,1,Damaged,142.85,Approved
RET001625,ORD047621,PROD00144,2026-04-16,8,Other,896.4,Approved
RET001626,ORD029052,PROD00490,2025-05-09,2,Changed Mind,305.32,Approved
RET001627,ORD004717,PROD00164,2026-04-16,2,Changed Mind,277.5,Approved
RET001628,ORD029138,PROD00160,2026-07-23,2,Changed Mind,410.28,Approved
RET001629,ORD036647,PROD00163,2025-10-24,2,Wrong Item,256.14,Approved
RET001630,ORD038939,PROD00050,2026-07-16,2,Damaged,157.78,Approved
RET001631,ORD043713,PROD00155,2025-05-23,1,Wrong Item,4.57,Approved
RET001632,ORD042297,PROD00482,2026-07-03,10,Late Delivery,1887.9,Approved
RET001633,ORD018904,PROD00051,2025-04-25,9,Wrong Item,509.13,Approved
RET001634,ORD020740,PROD00475,2026-02-03,1,Quality Issue,27.25,Rejected
RET001635,ORD005613,PROD00034,2025-10-24,6,Changed Mind,37.86,Approved
RET001636,ORD040432,PROD00049,2026-01-14,3,Other,240.18,Approved
RET001637,ORD042971,PROD00488,2025-11-01,4,Late Delivery,650.48,Approved
RET001638,ORD036574,PROD00314,2025-08-12,1,Wrong Item,54.47,Approved
RET001639,ORD042623,PROD00089,2026-04-20,4,Other,398.8,Approved
RET001640,ORD039864,PROD00047,2025-04-15,4,Damaged,464.6,Approved
RET001641,ORD026108,PROD00439,2025-07-18,8,Late Delivery,361.28,Pending
RET001642,ORD037064,PROD00147,2025-06-25,3,Damaged,402.66,Approved
RET001643,ORD023908,PROD00078,2025-10-19,1,Other,25.1,Approved
RET001644,ORD008103,PROD00111,2026-04-06,5,Wrong Item,662.35,Approved
RET001645,ORD049289,PROD00182,2025-06-22,2,Quality Issue,131.94,Approved
RET001646,ORD043553,PROD00326,2026-03-25,2,Other,335.16,Approved
RET001647,ORD026068,PROD00043,2026-01-11,3,Other,242.25,Approved
RET001648,ORD021774,PROD00074,2026-03-03,2,Late Delivery,74.7,Approved
RET001649,ORD013481,PROD00079,2025-05-16,8,Quality Issue,374.16,Approved
RET001650,ORD035599,PROD00429,2025-08-17,5,Changed Mind,607.45,Approved
RET001651,ORD040159,PROD00008,2025-06-14,6,Late Delivery,596.58,Approved
RET001652,ORD007698,PROD00256,2025-08-21,6,Quality Issue,473.76,Approved
RET001653,ORD043436,PROD00056,2025-06-15,2,Other,145.38,Approved
RET001654,ORD007550,PROD00307,2025-05-24,1,Other,223.91,Approved
RET001655,ORD030707,PROD00094,2026-06-08,2,Not as Described,200.38,Pending
RET001656,ORD045477,PROD00373,2025-07-05,4,Changed Mind,266.4,Approved
RET001657,ORD024732,PROD00185,2026-02-22,2,Damaged,85.14,Approved
RET001658,ORD039009,PROD00223,2026-07-04,3,Not as Described,547.08,Pending
RET001659,ORD020656,PROD00055,2026-01-11,2,Wrong Item,90.44,Approved
RET001660,ORD026277,PROD00131,2025-09-14,4,Late Delivery,135.68,Approved
RET001661,ORD019000,PROD00165,2026-05-26,7,Not as Described,77.35,Approved
RET001662,ORD032831,PROD00214,2026-02-04,1,Quality Issue,101.91,Approved
RET001663,ORD031366,PROD00021,2025-07-13,4,Quality Issue,175.72,Approved
RET001664,ORD000799,PROD00169,2026-07-04,1,Late Delivery,181.16,Approved
RET001665,ORD034103,PROD00490,2025-08-03,6,Quality Issue,915.96,Approved
RET001666,ORD011027,PROD00215,2025-08-23,1,Late Delivery,52.29,Approved
RET001667,ORD005646,PROD00244,2025-06-19,9,Other,1739.34,Approved
RET001668,ORD016872,PROD00277,2025-02-17,7,Quality Issue,201.53,Approved
RET001669,ORD011993,PROD00417,2025-02-02,1,Other,65.64,Approved
RET001670,ORD018853,PROD00154,2026-04-14,9,Wrong Item,714.42,Approved
RET001671,ORD033599,PROD00318,2026-05-26,10,Wrong Item,1437.9,Approved
RET001672,ORD034307,PROD00002,2026-01-07,1,Late Delivery,178.14,Approved
RET001673,ORD015731,PROD00477,2026-06-13,2,Damaged,349.92,Approved
RET001674,ORD007561,PROD00034,2026-02-18,3,Other,18.93,Pending
RET001675,ORD039299,PROD00270,2025-02-19,1,Not as Described,120.71,Approved
RET001676,ORD038686,PROD00486,2025-11-18,2,Damaged,253.38,Approved
RET001677,ORD020373,PROD00405,2026-06-19,2,Wrong Item,156.08,Approved
RET001678,ORD044508,PROD00091,2025-07-26,1,Other,56.89,Rejected
RET001679,ORD008606,PROD00141,2025-05-15,8,Other,58.4,Approved
RET001680,ORD013730,PROD00182,2025-06-06,3,Quality Issue,197.91,Approved
RET001681,ORD046755,PROD00326,2025-04-04,1,Other,167.58,Approved
RET001682,ORD044637,PROD00011,2025-12-22,2,Damaged,293.38,Approved
RET001683,ORD025622,PROD00247,2025-07-30,4,Not as Described,519.2,Approved
RET001684,ORD031112,PROD00487,2025-08-03,7,Not as Described,341.11,Approved
RET001685,ORD016555,PROD00375,2025-04-03,2,Wrong Item,269.92,Approved
RET001686,ORD049197,PROD00110,2025-07-19,4,Quality Issue,279.0,Approved
RET001687,ORD026335,PROD00197,2025-05-22,2,Damaged,276.74,Approved
RET001688,ORD010229,PROD00192,2026-03-06,1,Late Delivery,7.95,Rejected
RET001689,ORD014885,PROD00457,2025-11-13,5,Other,905.85,Approved
RET001690,ORD040437,PROD00034,2026-03-07,1,Quality Issue,6.31,Approved
RET001691,ORD019032,PROD00481,2025-05-06,7,Not as Described,1032.57,Rejected
RET001692,ORD015215,PROD00001,2026-07-03,4,Damaged,494.92,Approved
RET001693,ORD018208,PROD00287,2025-05-24,8,Changed Mind,1409.28,Approved
RET001694,ORD001284,PROD00347,2025-12-17,2,Quality Issue,163.02,Approved
RET001695,ORD037513,PROD00145,2026-07-18,1,Damaged,79.04,Approved
RET001696,ORD034477,PROD00429,2025-11-03,4,Changed Mind,485.96,Approved
RET001697,ORD024696,PROD00278,2025-11-27,4,Changed Mind,88.2,Pending
RET001698,ORD032851,PROD00331,2025-08-19,7,Changed Mind,1069.53,Approved
RET001699,ORD048834,PROD00211,2025-02-18,2,Damaged,37.08,Approved
RET001700,ORD027071,PROD00306,2025-09-24,1,Late Delivery,187.42,Approved
RET001701,ORD005752,PROD00237,2025-08-28,1,Late Delivery,125.47,Approved
RET001702,ORD027885,PROD00175,2025-05-13,2,Late Delivery,61.26,Rejected
RET001703,ORD008328,PROD00411,2026-02-24,4,Damaged,604.08,Approved
RET001704,ORD048148,PROD00105,2026-05-31,3,Late Delivery,300.12,Approved
RET001705,ORD025171,PROD00313,2026-03-05,3,Quality Issue,227.91,Pending
RET001706,ORD023512,PROD00216,2026-07-10,2,Not as Described,275.46,Approved
RET001707,ORD012677,PROD00498,2026-05-22,1,Late Delivery,188.0,Approved
RET001708,ORD009141,PROD00037,2026-02-04,4,Quality Issue,585.4,Approved
RET001709,ORD042073,PROD00028,2025-07-11,3,Damaged,111.27,Approved
RET001710,ORD040333,PROD00478,2026-04-19,5,Not as Described,240.55,Rejected
RET001711,ORD014474,PROD00337,2026-02-11,7,Wrong Item,1082.2,Pending
RET001712,ORD035975,PROD00037,2026-06-23,1,Wrong Item,146.35,Approved
RET001713,ORD026995,PROD00398,2025-03-17,8,Late Delivery,1237.68,Approved
RET001714,ORD045849,PROD00484,2026-06-30,1,Quality Issue,6.36,Approved
RET001715,ORD018237,PROD00124,2026-03-04,6,Late Delivery,306.84,Approved
RET001716,ORD040763,PROD00323,2025-02-13,1,Changed Mind,29.17,Approved
RET001717,ORD022656,PROD00230,2025-06-29,1,Other,44.83,Approved
RET001718,ORD000991,PROD00275,2025-10-06,1,Other,61.49,Approved
RET001719,ORD010748,PROD00096,2025-04-06,5,Quality Issue,235.95,Approved
RET001720,ORD024050,PROD00422,2026-04-23,4,Quality Issue,517.6,Approved
RET001721,ORD015023,PROD00357,2025-02-03,3,Wrong Item,447.0,Approved
RET001722,ORD021621,PROD00460,2025-02-26,2,Damaged,314.68,Approved
RET001723,ORD037208,PROD00250,2026-06-02,2,Quality Issue,282.14,Approved
RET001724,ORD047250,PROD00217,2025-10-18,7,Quality Issue,891.94,Approved
RET001725,ORD026427,PROD00325,2025-09-27,1,Damaged,70.7,Approved
RET001726,ORD021779,PROD00100,2025-09-15,3,Late Delivery,449.37,Pending
RET001727,ORD006187,PROD00421,2025-05-22,5,Not as Described,63.15,Approved
RET001728,ORD007095,PROD00026,2026-02-11,8,Damaged,928.88,Approved
RET001729,ORD017820,PROD00032,2026-04-05,1,Not as Described,33.73,Approved
RET001730,ORD015655,PROD00389,2026-03-04,1,Wrong Item,26.16,Approved
RET001731,ORD019610,PROD00147,2025-11-12,7,Changed Mind,939.54,Approved
RET001732,ORD003587,PROD00162,2025-02-24,1,Damaged,225.07,Approved
RET001733,ORD032917,PROD00253,2025-10-22,2,Wrong Item,38.38,Approved
RET001734,ORD041061,PROD00334,2026-04-30,1,Quality Issue,148.88,Approved
RET001735,ORD021488,PROD00119,2026-06-15,4,Other,93.72,Approved
RET001736,ORD040871,PROD00088,2025-10-25,5,Changed Mind,156.05,Approved
RET001737,ORD006823,PROD00008,2025-08-22,2,Late Delivery,198.86,Approved
RET001738,ORD015370,PROD00052,2026-05-19,8,Damaged,394.16,Approved
RET001739,ORD002458,PROD00110,2025-12-31,9,Changed Mind,627.75,Approved
RET001740,ORD030037,PROD00038,2025-04-30,1,Quality Issue,46.82,Approved
RET001741,ORD045551,PROD00076,2025-08-01,1,Quality Issue,177.46,Approved
RET001742,ORD042224,PROD00361,2026-06-12,5,Not as Described,394.5,Approved
RET001743,ORD022780,PROD00486,2025-05-28,4,Quality Issue,506.76,Approved
RET001744,ORD021468,PROD00247,2025-09-03,1,Wrong Item,129.8,Approved
RET001745,ORD026734,PROD00449,2026-04-13,5,Damaged,816.75,Approved
RET001746,ORD033887,PROD00457,2025-08-11,4,Wrong Item,724.68,Approved
RET001747,ORD015093,PROD00173,2026-07-18,1,Not as Described,43.24,Pending
RET001748,ORD034987,PROD00270,2026-02-12,1,Wrong Item,120.71,Approved
RET001749,ORD040567,PROD00309,2025-05-29,8,Not as Described,353.76,Approved
RET001750,ORD008801,PROD00364,2025-12-03,2,Not as Described,223.82,Approved
RET001751,ORD009071,PROD00457,2025-08-17,8,Damaged,1449.36,Approved
RET001752,ORD023612,PROD00245,2026-05-04,3,Damaged,339.81,Approved
RET001753,ORD006050,PROD00208,2025-02-05,5,Other,853.15,Approved
RET001754,ORD019783,PROD00019,2025-10-30,1,Quality Issue,87.51,Approved
RET001755,ORD047949,PROD00099,2025-07-28,1,Not as Described,18.65,Approved
RET001756,ORD030554,PROD00107,2025-06-27,1,Changed Mind,135.69,Approved
RET001757,ORD026158,PROD00070,2025-04-16,4,Damaged,662.6,Approved
RET001758,ORD049281,PROD00247,2025-06-08,3,Quality Issue,389.4,Approved
RET001759,ORD045200,PROD00137,2025-01-31,7,Not as Described,180.04,Approved
RET001760,ORD012364,PROD00068,2026-02-27,2,Changed Mind,85.12,Approved
RET001761,ORD026140,PROD00414,2025-06-02,5,Damaged,306.05,Approved
RET001762,ORD049306,PROD00125,2026-05-11,3,Quality Issue,271.71,Approved
RET001763,ORD007985,PROD00069,2026-05-16,5,Quality Issue,662.95,Approved
RET001764,ORD004716,PROD00398,2025-02-02,1,Damaged,154.71,Approved
RET001765,ORD029070,PROD00410,2025-06-10,2,Other,286.82,Approved
RET001766,ORD028979,PROD00179,2025-10-23,1,Other,168.16,Pending
RET001767,ORD012033,PROD00221,2026-07-18,7,Other,186.27,Approved
RET001768,ORD005892,PROD00038,2026-06-12,2,Other,93.64,Approved
RET001769,ORD001875,PROD00310,2026-01-24,1,Quality Issue,96.96,Approved
RET001770,ORD035708,PROD00458,2025-07-22,1,Other,175.97,Approved
RET001771,ORD000223,PROD00134,2025-03-06,4,Late Delivery,69.92,Pending
RET001772,ORD024414,PROD00257,2025-09-10,3,Quality Issue,266.97,Approved
RET001773,ORD042882,PROD00218,2025-10-26,1,Changed Mind,183.93,Approved
RET001774,ORD029637,PROD00204,2026-03-03,5,Other,762.0,Pending
RET001775,ORD036049,PROD00203,2025-03-05,10,Not as Described,708.3,Rejected
RET001776,ORD012981,PROD00299,2026-06-29,3,Changed Mind,355.26,Approved
RET001777,ORD038320,PROD00497,2025-02-05,3,Wrong Item,149.37,Approved
RET001778,ORD002995,PROD00075,2025-08-07,1,Late Delivery,39.04,Approved
RET001779,ORD042917,PROD00097,2026-01-30,3,Wrong Item,464.55,Approved
RET001780,ORD016777,PROD00323,2025-06-01,2,Wrong Item,58.34,Approved
RET001781,ORD035107,PROD00149,2026-02-17,1,Not as Described,224.83,Approved
RET001782,ORD037641,PROD00247,2025-05-17,7,Late Delivery,908.6,Approved
RET001783,ORD036024,PROD00363,2025-10-07,7,Other,193.06,Approved
RET001784,ORD038842,PROD00435,2026-03-27,6,Wrong Item,130.5,Approved
RET001785,ORD006024,PROD00112,2026-01-03,6,Late Delivery,152.58,Approved
RET001786,ORD018140,PROD00439,2025-12-29,3,Late Delivery,135.48,Approved
RET001787,ORD049595,PROD00259,2025-10-22,6,Wrong Item,1027.92,Approved
RET001788,ORD010055,PROD00202,2025-10-07,5,Quality Issue,104.05,Pending
RET001789,ORD000394,PROD00156,2025-11-23,8,Other,1409.52,Approved
RET001790,ORD002547,PROD00153,2026-05-30,9,Wrong Item,972.36,Approved
RET001791,ORD039289,PROD00265,2026-04-30,1,Not as Described,207.66,Pending
RET001792,ORD016567,PROD00496,2025-12-13,6,Changed Mind,913.5,Approved
RET001793,ORD010334,PROD00499,2026-05-06,2,Late Delivery,221.28,Pending
RET001794,ORD003777,PROD00189,2025-02-26,3,Changed Mind,38.55,Approved
RET001795,ORD018461,PROD00184,2026-03-27,4,Changed Mind,557.64,Approved
RET001796,ORD018204,PROD00468,2026-07-04,3,Changed Mind,488.1,Approved
RET001797,ORD010778,PROD00448,2025-05-10,3,Wrong Item,117.18,Approved
RET001798,ORD041891,PROD00335,2026-04-01,1,Not as Described,186.59,Approved
RET001799,ORD011547,PROD00157,2025-12-02,3,Other,56.76,Approved
RET001800,ORD026432,PROD00040,2025-08-04,4,Not as Described,615.8,Approved
RET001801,ORD010954,PROD00112,2025-06-07,5,Changed Mind,127.15,Pending
RET001802,ORD013005,PROD00092,2026-05-01,2,Other,181.74,Rejected
RET001803,ORD045124,PROD00214,2025-05-19,3,Damaged,305.73,Approved
RET001804,ORD028860,PROD00160,2025-03-08,6,Changed Mind,1230.84,Approved
RET001805,ORD027386,PROD00103,2025-09-08,4,Not as Described,174.48,Approved
RET001806,ORD037754,PROD00491,2025-11-26,1,Changed Mind,77.63,Approved
RET001807,ORD017076,PROD00079,2025-02-04,8,Wrong Item,374.16,Approved
RET001808,ORD047625,PROD00137,2025-11-13,3,Changed Mind,77.16,Approved
RET001809,ORD049788,PROD00129,2026-05-06,3,Damaged,426.93,Approved
RET001810,ORD013215,PROD00068,2025-02-28,3,Wrong Item,127.68,Approved
RET001811,ORD035453,PROD00169,2025-06-13,5,Wrong Item,905.8,Approved
RET001812,ORD014875,PROD00103,2025-02-22,1,Changed Mind,43.62,Approved
RET001813,ORD017861,PROD00321,2026-02-22,1,Changed Mind,68.71,Approved
RET001814,ORD003728,PROD00089,2026-05-07,2,Other,199.4,Approved
RET001815,ORD027564,PROD00482,2025-02-06,5,Wrong Item,943.95,Approved
RET001816,ORD016847,PROD00187,2025-05-10,4,Wrong Item,62.0,Approved
RET001817,ORD010986,PROD00190,2026-03-07,1,Quality Issue,74.69,Approved
RET001818,ORD002645,PROD00497,2025-03-07,2,Wrong Item,99.58,Approved
RET001819,ORD010239,PROD00287,2026-05-14,2,Other,352.32,Approved
RET001820,ORD005815,PROD00483,2025-02-08,1,Late Delivery,100.04,Pending
RET001821,ORD003566,PROD00453,2025-12-04,1,Quality Issue,60.19,Approved
RET001822,ORD000075,PROD00280,2025-12-13,3,Quality Issue,390.39,Approved
RET001823,ORD032694,PROD00391,2025-02-14,2,Not as Described,419.36,Approved
RET001824,ORD002952,PROD00021,2026-07-15,2,Late Delivery,87.86,Approved
RET001825,ORD046235,PROD00171,2025-03-14,1,Other,103.74,Rejected
RET001826,ORD038442,PROD00285,2025-07-05,2,Not as Described,320.96,Approved
RET001827,ORD026575,PROD00498,2026-05-07,2,Quality Issue,376.0,Approved
RET001828,ORD003723,PROD00220,2025-05-20,1,Other,70.98,Pending
RET001829,ORD047023,PROD00396,2025-08-17,1,Not as Described,104.24,Approved
RET001830,ORD019408,PROD00366,2025-07-31,5,Not as Described,429.25,Approved
RET001831,ORD049320,PROD00167,2025-07-16,2,Changed Mind,363.4,Approved
RET001832,ORD040171,PROD00490,2025-05-16,3,Changed Mind,457.98,Approved
RET001833,ORD008234,PROD00492,2025-03-24,4,Late Delivery,173.52,Approved
RET001834,ORD018072,PROD00058,2025-04-17,5,Damaged,290.9,Approved
RET001835,ORD011655,PROD00331,2025-11-28,1,Quality Issue,152.79,Approved
RET001836,ORD024709,PROD00466,2026-06-16,2,Not as Described,110.92,Approved
RET001837,ORD035915,PROD00487,2025-07-01,5,Other,243.65,Approved
RET001838,ORD026616,PROD00078,2025-11-01,2,Not as Described,50.2,Approved
RET001839,ORD001029,PROD00257,2026-06-16,5,Other,444.95,Approved
RET001840,ORD008402,PROD00383,2025-12-07,5,Quality Issue,111.75,Approved
RET001841,ORD033266,PROD00151,2026-04-20,4,Other,592.8,Approved
RET001842,ORD028969,PROD00105,2025-07-05,1,Changed Mind,100.04,Approved
RET001843,ORD004238,PROD00193,2025-04-19,1,Quality Issue,70.94,Approved
RET001844,ORD022051,PROD00329,2025-07-09,2,Other,29.62,Rejected
RET001845,ORD004260,PROD00235,2025-02-13,7,Wrong Item,698.32,Approved
RET001846,ORD046302,PROD00493,2026-07-23,6,Quality Issue,592.38,Pending
RET001847,ORD014865,PROD00457,2025-08-22,3,Not as Described,543.51,Approved
RET001848,ORD021641,PROD00401,2026-02-24,3,Changed Mind,327.18,Approved
RET001849,ORD009873,PROD00072,2025-10-03,4,Late Delivery,127.12,Pending
RET001850,ORD003156,PROD00213,2025-02-19,3,Damaged,252.39,Approved
RET001851,ORD034265,PROD00088,2025-07-13,9,Other,280.89,Approved
RET001852,ORD006893,PROD00394,2025-04-20,3,Quality Issue,426.54,Approved
RET001853,ORD023775,PROD00492,2026-04-08,3,Wrong Item,130.14,Approved
RET001854,ORD039575,PROD00467,2025-08-23,3,Quality Issue,134.19,Approved
RET001855,ORD024169,PROD00157,2026-07-15,2,Not as Described,37.84,Pending
RET001856,ORD035456,PROD00176,2026-02-22,2,Quality Issue,91.28,Approved
RET001857,ORD001121,PROD00040,2025-07-23,2,Other,307.9,Approved
RET001858,ORD045983,PROD00360,2026-04-09,2,Late Delivery,224.1,Approved
RET001859,ORD023267,PROD00301,2025-07-28,2,Damaged,96.06,Approved
RET001860,ORD006497,PROD00213,2026-06-07,1,Other,84.13,Approved
RET001861,ORD040927,PROD00381,2026-03-06,6,Wrong Item,418.98,Approved
RET001862,ORD018514,PROD00028,2026-04-07,3,Wrong Item,111.27,Approved
RET001863,ORD000832,PROD00148,2026-06-03,2,Late Delivery,126.04,Approved
RET001864,ORD026370,PROD00250,2025-07-21,3,Quality Issue,423.21,Pending
RET001865,ORD003876,PROD00188,2025-02-14,3,Wrong Item,529.44,Approved
RET001866,ORD007913,PROD00477,2025-03-01,1,Other,174.96,Approved
RET001867,ORD006031,PROD00221,2026-01-03,8,Late Delivery,212.88,Approved
RET001868,ORD018426,PROD00291,2026-04-21,4,Damaged,644.68,Approved
RET001869,ORD011355,PROD00393,2025-12-29,2,Other,217.98,Approved
RET001870,ORD012688,PROD00011,2026-03-30,3,Other,440.07,Pending
RET001871,ORD035270,PROD00382,2025-04-17,1,Late Delivery,109.04,Approved
RET001872,ORD019425,PROD00031,2026-03-13,5,Not as Described,133.6,Approved
RET001873,ORD012437,PROD00152,2025-09-08,3,Wrong Item,191.04,Approved
RET001874,ORD022959,PROD00004,2025-10-04,6,Not as Described,594.9,Approved
RET001875,ORD031242,PROD00278,2026-02-17,5,Damaged,110.25,Approved
RET001876,ORD049214,PROD00242,2025-06-06,1,Late Delivery,118.75,Approved
RET001877,ORD049943,PROD00377,2025-06-03,2,Other,88.6,Approved
RET001878,ORD032450,PROD00377,2025-07-23,3,Not as Described,132.9,Rejected
RET001879,ORD043738,PROD00414,2025-05-22,4,Late Delivery,244.84,Approved
RET001880,ORD046018,PROD00467,2026-04-17,8,Not as Described,357.84,Approved
RET001881,ORD039597,PROD00148,2025-11-18,1,Not as Described,63.02,Approved
RET001882,ORD004153,PROD00472,2025-09-11,1,Other,164.89,Approved
RET001883,ORD003529,PROD00230,2025-09-28,1,Late Delivery,44.83,Approved
RET001884,ORD031033,PROD00494,2025-10-07,1,Changed Mind,154.89,Approved
RET001885,ORD032474,PROD00491,2025-05-30,1,Not as Described,77.63,Approved
RET001886,ORD038215,PROD00445,2025-09-20,1,Changed Mind,198.97,Pending
RET001887,ORD043470,PROD00048,2026-07-20,1,Other,151.5,Pending
RET001888,ORD032745,PROD00458,2025-02-14,2,Late Delivery,351.94,Approved
RET001889,ORD007288,PROD00399,2025-10-19,5,Late Delivery,671.25,Rejected
RET001890,ORD037505,PROD00250,2025-07-27,2,Not as Described,282.14,Approved
RET001891,ORD031744,PROD00483,2026-04-07,4,Not as Described,400.16,Approved
RET001892,ORD013040,PROD00363,2026-02-12,6,Changed Mind,165.48,Approved
RET001893,ORD018804,PROD00377,2026-05-03,1,Quality Issue,44.3,Approved
RET001894,ORD005273,PROD00093,2026-07-18,1,Late Delivery,78.36,Approved
RET001895,ORD021703,PROD00133,2026-03-30,7,Other,110.11,Approved
RET001896,ORD010161,PROD00306,2026-03-30,1,Changed Mind,187.42,Approved
RET001897,ORD049493,PROD00109,2026-03-21,3,Damaged,327.42,Approved
RET001898,ORD018961,PROD00022,2025-12-06,2,Not as Described,278.14,Approved
RET001899,ORD027907,PROD00305,2025-05-01,1,Wrong Item,21.16,Approved
RET001900,ORD008453,PROD00260,2025-11-15,1,Wrong Item,231.06,Approved
RET001901,ORD034244,PROD00402,2026-02-20,2,Not as Described,97.2,Approved
RET001902,ORD004308,PROD00058,2025-08-22,1,Wrong Item,58.18,Rejected
RET001903,ORD047356,PROD00413,2025-11-05,6,Quality Issue,285.48,Approved
RET001904,ORD037194,PROD00054,2025-12-31,2,Late Delivery,451.74,Approved
RET001905,ORD015102,PROD00240,2026-07-19,7,Damaged,115.64,Approved
RET001906,ORD032694,PROD00386,2026-05-02,2,Wrong Item,103.08,Approved
RET001907,ORD007272,PROD00171,2025-09-16,8,Other,829.92,Approved
RET001908,ORD038259,PROD00455,2025-11-19,1,Damaged,128.63,Approved
RET001909,ORD023308,PROD00173,2025-07-21,1,Damaged,43.24,Approved
RET001910,ORD028922,PROD00294,2025-08-15,1,Wrong Item,72.62,Approved
RET001911,ORD015497,PROD00018,2026-05-13,2,Not as Described,68.08,Rejected
RET001912,ORD025441,PROD00484,2025-03-27,2,Other,12.72,Approved
RET001913,ORD005151,PROD00456,2025-12-16,3,Late Delivery,510.81,Approved
RET001914,ORD000720,PROD00142,2025-02-07,2,Wrong Item,294.14,Rejected
RET001915,ORD020931,PROD00121,2025-05-13,7,Wrong Item,891.38,Approved
RET001916,ORD014114,PROD00208,2026-01-02,7,Damaged,1194.41,Approved
RET001917,ORD013296,PROD00217,2026-01-09,5,Not as Described,637.1,Approved
RET001918,ORD023194,PROD00358,2025-08-07,6,Not as Described,1352.34,Approved
RET001919,ORD036297,PROD00222,2026-04-29,4,Changed Mind,218.0,Approved
RET001920,ORD039444,PROD00053,2026-02-21,2,Other,22.98,Approved
RET001921,ORD008812,PROD00322,2025-07-05,5,Not as Described,681.6,Approved
RET001922,ORD015797,PROD00338,2026-04-16,9,Changed Mind,1851.84,Pending
RET001923,ORD014618,PROD00197,2025-06-17,1,Quality Issue,138.37,Approved
RET001924,ORD003857,PROD00495,2026-02-23,1,Not as Described,70.71,Approved
RET001925,ORD018189,PROD00303,2025-07-18,6,Wrong Item,1168.8,Pending
RET001926,ORD040662,PROD00105,2025-11-06,2,Other,200.08,Approved
RET001927,ORD041459,PROD00140,2026-06-08,3,Damaged,363.9,Approved
RET001928,ORD037750,PROD00033,2026-07-04,3,Quality Issue,600.33,Pending
RET001929,ORD038292,PROD00219,2026-01-13,8,Damaged,489.44,Approved
RET001930,ORD037560,PROD00444,2025-09-06,2,Wrong Item,436.74,Pending
RET001931,ORD001071,PROD00346,2025-09-11,3,Damaged,624.45,Approved
RET001932,ORD028087,PROD00034,2026-03-11,2,Late Delivery,12.62,Approved
RET001933,ORD030096,PROD00224,2026-07-02,3,Not as Described,277.98,Approved
RET001934,ORD008441,PROD00421,2025-07-02,1,Damaged,12.63,Rejected
RET001935,ORD035097,PROD00261,2025-02-23,2,Wrong Item,281.5,Approved
RET001936,ORD019225,PROD00141,2025-04-06,3,Wrong Item,21.9,Approved
RET001937,ORD048682,PROD00129,2025-02-10,7,Damaged,996.17,Approved
RET001938,ORD048756,PROD00157,2025-12-23,3,Damaged,56.76,Approved
RET001939,ORD028124,PROD00267,2026-04-01,3,Changed Mind,538.95,Approved
RET001940,ORD028247,PROD00121,2025-11-13,3,Quality Issue,382.02,Approved
RET001941,ORD020933,PROD00323,2025-08-11,1,Not as Described,29.17,Approved
RET001942,ORD016225,PROD00310,2025-09-14,1,Quality Issue,96.96,Rejected
RET001943,ORD032352,PROD00186,2025-12-12,2,Changed Mind,315.28,Approved
RET001944,ORD009199,PROD00209,2026-02-21,2,Wrong Item,134.04,Approved
RET001945,ORD034690,PROD00252,2026-07-08,1,Wrong Item,35.2,Approved
RET001946,ORD026151,PROD00065,2025-05-05,3,Late Delivery,222.87,Approved
RET001947,ORD000940,PROD00451,2025-07-26,5,Damaged,550.5,Approved
RET001948,ORD038089,PROD00135,2025-07-06,1,Other,65.54,Rejected
RET001949,ORD016769,PROD00390,2026-03-09,1,Not as Described,139.09,Approved
RET001950,ORD036034,PROD00474,2025-04-04,4,Late Delivery,240.44,Approved
RET001951,ORD000413,PROD00174,2026-06-30,3,Late Delivery,371.97,Approved
RET001952,ORD032885,PROD00265,2025-05-13,1,Damaged,207.66,Approved
RET001953,ORD003436,PROD00005,2026-07-08,1,Wrong Item,77.79,Approved
RET001954,ORD044833,PROD00289,2025-02-08,1,Quality Issue,15.5,Pending
RET001955,ORD034451,PROD00090,2025-04-22,2,Not as Described,250.58,Approved
RET001956,ORD017663,PROD00326,2026-06-17,1,Late Delivery,167.58,Approved
RET001957,ORD041120,PROD00299,2026-01-27,2,Wrong Item,236.84,Approved
RET001958,ORD029949,PROD00036,2025-06-23,3,Not as Described,442.77,Approved
RET001959,ORD025109,PROD00378,2025-06-11,3,Quality Issue,254.94,Approved
RET001960,ORD013261,PROD00276,2025-08-15,4,Changed Mind,794.28,Approved
RET001961,ORD004502,PROD00235,2025-09-05,1,Wrong Item,99.76,Approved
RET001962,ORD042547,PROD00468,2026-01-03,8,Damaged,1301.6,Pending
RET001963,ORD033881,PROD00096,2025-12-05,1,Other,47.19,Approved
RET001964,ORD035684,PROD00196,2025-12-18,3,Quality Issue,370.5,Approved
RET001965,ORD015867,PROD00250,2026-01-04,1,Other,141.07,Approved
RET001966,ORD004536,PROD00318,2025-03-15,9,Not as Described,1294.11,Approved
RET001967,ORD033983,PROD00311,2026-07-23,7,Not as Described,242.97,Approved
RET001968,ORD004133,PROD00480,2025-02-16,2,Changed Mind,240.26,Approved
RET001969,ORD025486,PROD00455,2025-06-26,2,Late Delivery,257.26,Approved
RET001970,ORD034519,PROD00427,2025-12-28,5,Not as Described,927.1,Rejected
RET001971,ORD033974,PROD00229,2025-05-20,2,Not as Described,254.7,Approved
RET001972,ORD044006,PROD00319,2025-12-08,1,Late Delivery,31.86,Approved
RET001973,ORD036362,PROD00167,2026-05-05,3,Changed Mind,545.1,Approved
RET001974,ORD030907,PROD00292,2025-11-09,1,Late Delivery,32.94,Rejected
RET001975,ORD011802,PROD00035,2026-01-01,4,Other,206.04,Approved
RET001976,ORD011442,PROD00042,2025-06-27,2,Damaged,108.86,Rejected
RET001977,ORD049477,PROD00358,2025-03-22,2,Wrong Item,450.78,Approved
RET001978,ORD021257,PROD00137,2025-09-09,3,Changed Mind,77.16,Approved
RET001979,ORD001252,PROD00384,2025-11-04,2,Late Delivery,132.34,Approved
RET001980,ORD028608,PROD00178,2025-05-03,1,Damaged,10.77,Approved
RET001981,ORD016410,PROD00148,2025-03-10,4,Damaged,252.08,Approved
RET001982,ORD015077,PROD00219,2026-02-21,6,Wrong Item,367.08,Approved
RET001983,ORD045732,PROD00309,2025-10-09,1,Changed Mind,44.22,Pending
RET001984,ORD004405,PROD00049,2025-02-23,9,Late Delivery,720.54,Approved
RET001985,ORD021185,PROD00232,2026-01-25,6,Wrong Item,757.5,Approved
RET001986,ORD026803,PROD00076,2026-07-08,1,Damaged,177.46,Approved
RET001987,ORD049199,PROD00183,2026-02-01,5,Changed Mind,571.95,Approved
RET001988,ORD016149,PROD00051,2025-10-02,2,Wrong Item,113.14,Approved
RET001989,ORD020038,PROD00049,2026-02-26,1,Damaged,80.06,Approved
RET001990,ORD038454,PROD00021,2025-09-24,4,Wrong Item,175.72,Approved
RET001991,ORD029152,PROD00024,2025-07-17,1,Quality Issue,92.88,Approved
RET001992,ORD005902,PROD00099,2025-09-06,5,Other,93.25,Approved
RET001993,ORD033116,PROD00158,2026-07-06,2,Not as Described,247.84,Approved
RET001994,ORD010629,PROD00082,2025-09-19,4,Damaged,554.52,Approved
RET001995,ORD023361,PROD00083,2026-03-14,3,Not as Described,552.21,Approved
RET001996,ORD016907,PROD00077,2025-05-05,7,Quality Issue,488.39,Approved
RET001997,ORD010112,PROD00167,2025-03-20,5,Changed Mind,908.5,Approved
RET001998,ORD035799,PROD00036,2025-09-19,3,Changed Mind,442.77,Approved
RET001999,ORD015625,PROD00308,2026-01-09,2,Damaged,17.22,Approved
RET002000,ORD047470,PROD00165,2026-06-01,3,Wrong Item,33.15,Approved
RET002001,ORD042402,PROD00085,2025-04-26,2,Changed Mind,283.22,Approved
RET002002,ORD029287,PROD00482,2026-06-03,3,Quality Issue,566.37,Approved
RET002003,ORD041609,PROD00115,2025-03-09,2,Other,365.04,Pending
RET002004,ORD038054,PROD00055,2026-01-06,1,Damaged,45.22,Approved
RET002005,ORD016111,PROD00078,2026-01-26,3,Wrong Item,75.3,Approved
RET002006,ORD026027,PROD00130,2025-09-13,1,Not as Described,79.11,Pending
RET002007,ORD019606,PROD00434,2026-07-08,4,Not as Described,592.0,Rejected
RET002008,ORD014160,PROD00461,2025-09-15,4,Wrong Item,173.88,Pending
RET002009,ORD038139,PROD00251,2025-06-02,1,Wrong Item,142.85,Approved
RET002010,ORD004866,PROD00093,2026-07-24,2,Not as Described,156.72,Pending
RET002011,ORD016629,PROD00420,2025-08-12,3,Damaged,325.53,Approved
RET002012,ORD046706,PROD00251,2026-06-01,3,Other,428.55,Pending
RET002013,ORD020446,PROD00052,2025-04-23,1,Other,49.27,Approved
RET002014,ORD005387,PROD00236,2026-03-17,10,Quality Issue,1204.4,Approved
RET002015,ORD030314,PROD00364,2026-03-01,1,Other,111.91,Approved
RET002016,ORD016945,PROD00491,2026-02-22,2,Quality Issue,155.26,Approved
RET002017,ORD015903,PROD00384,2025-04-30,1,Quality Issue,66.17,Approved
RET002018,ORD046288,PROD00158,2026-07-13,1,Quality Issue,123.92,Rejected
RET002019,ORD002527,PROD00067,2025-02-07,5,Late Delivery,739.5,Approved
RET002020,ORD036168,PROD00300,2026-05-31,6,Changed Mind,813.66,Approved
RET002021,ORD019349,PROD00178,2025-06-18,6,Wrong Item,64.62,Approved
RET002022,ORD008148,PROD00363,2025-12-20,2,Quality Issue,55.16,Pending
RET002023,ORD044462,PROD00066,2025-10-29,9,Late Delivery,1226.61,Approved
RET002024,ORD017973,PROD00217,2025-07-03,1,Wrong Item,127.42,Approved
RET002025,ORD045501,PROD00237,2025-07-18,7,Late Delivery,878.29,Approved
RET002026,ORD037738,PROD00457,2026-02-06,1,Damaged,181.17,Approved
RET002027,ORD016970,PROD00006,2025-08-29,4,Late Delivery,405.44,Approved
RET002028,ORD048524,PROD00149,2025-11-05,1,Other,224.83,Approved
RET002029,ORD001225,PROD00222,2025-05-19,1,Late Delivery,54.5,Approved
RET002030,ORD019371,PROD00004,2025-07-25,5,Other,495.75,Approved
RET002031,ORD015034,PROD00149,2025-03-07,6,Not as Described,1348.98,Rejected
RET002032,ORD003591,PROD00296,2025-04-01,5,Not as Described,47.85,Approved
RET002033,ORD042755,PROD00214,2026-04-27,3,Wrong Item,305.73,Approved
RET002034,ORD003024,PROD00336,2025-02-28,1,Quality Issue,140.08,Approved
RET002035,ORD037365,PROD00238,2026-03-11,1,Other,154.94,Approved
RET002036,ORD049523,PROD00332,2025-02-18,4,Wrong Item,223.32,Approved
RET002037,ORD016362,PROD00204,2025-11-01,3,Quality Issue,457.2,Approved
RET002038,ORD012237,PROD00199,2025-11-07,3,Not as Described,248.01,Approved
RET002039,ORD001717,PROD00290,2025-09-02,1,Quality Issue,171.28,Approved
RET002040,ORD018731,PROD00235,2025-05-14,1,Late Delivery,99.76,Approved
RET002041,ORD027557,PROD00077,2025-07-20,6,Damaged,418.62,Approved
RET002042,ORD030914,PROD00335,2025-05-27,2,Not as Described,373.18,Approved
RET002043,ORD001029,PROD00329,2026-04-12,4,Other,59.24,Approved
RET002044,ORD017790,PROD00387,2025-06-11,5,Wrong Item,130.95,Approved
RET002045,ORD002594,PROD00438,2026-04-13,4,Quality Issue,150.8,Pending
RET002046,ORD024047,PROD00474,2026-03-23,3,Quality Issue,180.33,Approved
RET002047,ORD002799,PROD00148,2026-03-18,6,Wrong Item,378.12,Approved
RET002048,ORD012898,PROD00379,2025-11-17,6,Changed Mind,594.54,Approved
RET002049,ORD027606,PROD00347,2025-09-20,4,Late Delivery,326.04,Approved
RET002050,ORD034530,PROD00500,2025-09-10,1,Quality Issue,9.16,Approved
RET002051,ORD048159,PROD00022,2026-06-17,2,Other,278.14,Approved
RET002052,ORD013257,PROD00016,2026-03-03,2,Not as Described,43.76,Approved
RET002053,ORD010602,PROD00398,2025-04-05,2,Not as Described,309.42,Pending
RET002054,ORD044262,PROD00070,2026-03-21,3,Not as Described,496.95,Approved
RET002055,ORD020299,PROD00080,2025-04-21,4,Late Delivery,253.36,Approved
RET002056,ORD023778,PROD00303,2026-05-06,5,Late Delivery,974.0,Approved
RET002057,ORD032950,PROD00310,2025-06-16,3,Damaged,290.88,Approved
RET002058,ORD013819,PROD00440,2025-02-10,5,Changed Mind,697.5,Approved
RET002059,ORD001624,PROD00261,2026-03-09,9,Quality Issue,1266.75,Approved
RET002060,ORD023912,PROD00277,2026-07-19,8,Not as Described,230.32,Approved
RET002061,ORD006468,PROD00070,2025-05-12,1,Changed Mind,165.65,Approved
RET002062,ORD018354,PROD00140,2026-02-17,1,Other,121.3,Approved
RET002063,ORD033078,PROD00427,2025-02-25,5,Changed Mind,927.1,Approved
RET002064,ORD022591,PROD00089,2025-08-30,5,Damaged,498.5,Approved
RET002065,ORD001698,PROD00073,2026-06-28,3,Quality Issue,234.06,Approved
RET002066,ORD010201,PROD00479,2026-02-12,10,Damaged,696.5,Approved
RET002067,ORD029837,PROD00341,2026-03-01,2,Damaged,227.72,Approved
RET002068,ORD036473,PROD00184,2025-03-23,2,Late Delivery,278.82,Approved
RET002069,ORD011059,PROD00421,2026-07-01,3,Wrong Item,37.89,Approved
RET002070,ORD004054,PROD00211,2026-05-20,3,Other,55.62,Approved
RET002071,ORD011218,PROD00194,2025-03-21,2,Damaged,283.04,Pending
RET002072,ORD017994,PROD00001,2026-03-18,1,Damaged,123.73,Approved
RET002073,ORD013049,PROD00293,2025-06-21,6,Late Delivery,150.96,Approved
RET002074,ORD011978,PROD00199,2026-05-31,2,Other,165.34,Approved
RET002075,ORD048142,PROD00366,2025-12-05,2,Wrong Item,171.7,Pending
RET002076,ORD041603,PROD00048,2026-04-27,6,Wrong Item,909.0,Pending
RET002077,ORD027063,PROD00483,2025-05-22,4,Late Delivery,400.16,Approved
RET002078,ORD009730,PROD00258,2025-08-07,2,Late Delivery,112.06,Approved
RET002079,ORD006877,PROD00449,2026-02-14,6,Not as Described,980.1,Approved
RET002080,ORD006929,PROD00442,2025-06-18,4,Quality Issue,509.68,Approved
RET002081,ORD001459,PROD00452,2025-07-02,3,Changed Mind,168.18,Pending
RET002082,ORD010147,PROD00228,2026-04-05,6,Changed Mind,151.62,Approved
RET002083,ORD013234,PROD00307,2026-06-02,7,Damaged,1567.37,Approved
RET002084,ORD012014,PROD00417,2025-09-21,6,Other,393.84,Approved
RET002085,ORD012262,PROD00446,2025-07-04,1,Changed Mind,78.63,Rejected
RET002086,ORD043149,PROD00367,2025-10-28,3,Other,474.15,Approved
RET002087,ORD017961,PROD00087,2026-03-09,6,Quality Issue,747.24,Approved
RET002088,ORD044187,PROD00291,2026-02-02,4,Not as Described,644.68,Approved
RET002089,ORD019773,PROD00165,2025-11-12,7,Quality Issue,77.35,Approved
RET002090,ORD000590,PROD00051,2025-12-10,7,Other,395.99,Pending
RET002091,ORD002586,PROD00180,2025-09-08,1,Other,83.61,Approved
RET002092,ORD000979,PROD00303,2025-10-01,5,Not as Described,974.0,Approved
RET002093,ORD017739,PROD00095,2025-10-01,5,Late Delivery,766.8,Approved
RET002094,ORD037387,PROD00499,2026-04-20,2,Changed Mind,221.28,Pending
RET002095,ORD043213,PROD00464,2025-07-20,3,Other,336.12,Approved
RET002096,ORD012964,PROD00111,2026-03-05,4,Wrong Item,529.88,Approved
RET002097,ORD039022,PROD00099,2025-12-24,1,Late Delivery,18.65,Approved
RET002098,ORD021783,PROD00390,2026-02-02,3,Quality Issue,417.27,Approved
RET002099,ORD042213,PROD00382,2025-08-13,9,Damaged,981.36,Approved
RET002100,ORD031283,PROD00167,2025-11-26,1,Changed Mind,181.7,Pending
RET002101,ORD000654,PROD00159,2025-04-07,4,Wrong Item,164.4,Approved
RET002102,ORD035701,PROD00388,2025-08-12,2,Wrong Item,91.66,Pending
RET002103,ORD043566,PROD00049,2025-03-05,2,Not as Described,160.12,Approved
RET002104,ORD000452,PROD00166,2025-02-14,8,Other,1388.72,Approved
RET002105,ORD038718,PROD00015,2026-03-03,6,Late Delivery,672.3,Approved
RET002106,ORD007326,PROD00175,2025-11-11,7,Other,214.41,Approved
RET002107,ORD037047,PROD00221,2025-09-12,1,Damaged,26.61,Approved
RET002108,ORD003748,PROD00399,2026-05-04,5,Late Delivery,671.25,Approved
RET002109,ORD016323,PROD00371,2025-04-28,3,Late Delivery,271.26,Approved
RET002110,ORD039871,PROD00106,2025-04-11,7,Quality Issue,325.92,Approved
RET002111,ORD028079,PROD00123,2025-10-27,1,Quality Issue,14.35,Approved
RET002112,ORD001868,PROD00237,2025-03-21,5,Changed Mind,627.35,Approved
RET002113,ORD024557,PROD00096,2025-09-12,8,Damaged,377.52,Approved
RET002114,ORD008192,PROD00176,2025-02-07,3,Damaged,136.92,Approved
RET002115,ORD042504,PROD00280,2025-05-17,6,Not as Described,780.78,Approved
RET002116,ORD017526,PROD00457,2025-10-21,1,Damaged,181.17,Approved
RET002117,ORD025458,PROD00156,2025-02-05,7,Not as Described,1233.33,Approved
RET002118,ORD048388,PROD00226,2026-03-24,5,Damaged,729.15,Approved
RET002119,ORD047270,PROD00391,2025-08-10,1,Changed Mind,209.68,Approved
RET002120,ORD030925,PROD00353,2026-02-17,1,Changed Mind,147.99,Approved
RET002121,ORD002572,PROD00333,2026-06-13,5,Other,802.75,Approved
RET002122,ORD024216,PROD00443,2025-04-19,6,Quality Issue,723.9,Approved
RET002123,ORD018441,PROD00065,2025-07-13,1,Not as Described,74.29,Approved
RET002124,ORD039634,PROD00223,2025-10-12,1,Late Delivery,182.36,Approved
RET002125,ORD019578,PROD00315,2025-04-27,1,Not as Described,133.86,Approved
RET002126,ORD015975,PROD00038,2025-12-24,3,Late Delivery,140.46,Approved
RET002127,ORD016558,PROD00252,2026-05-30,2,Other,70.4,Approved
RET002128,ORD047168,PROD00104,2025-04-11,2,Quality Issue,354.5,Rejected
RET002129,ORD008122,PROD00088,2025-07-20,1,Quality Issue,31.21,Pending
RET002130,ORD031842,PROD00046,2026-03-13,3,Not as Described,116.91,Approved
RET002131,ORD005595,PROD00452,2025-06-08,2,Late Delivery,112.12,Approved
RET002132,ORD039391,PROD00411,2025-06-02,3,Damaged,453.06,Approved
RET002133,ORD034506,PROD00239,2025-11-25,6,Wrong Item,242.7,Approved
RET002134,ORD033660,PROD00470,2026-04-19,3,Damaged,399.24,Approved
RET002135,ORD004118,PROD00058,2025-07-17,1,Quality Issue,58.18,Approved
RET002136,ORD048745,PROD00236,2025-10-11,1,Changed Mind,120.44,Approved
RET002137,ORD047443,PROD00105,2025-11-08,2,Not as Described,200.08,Approved
RET002138,ORD047153,PROD00153,2026-03-27,1,Wrong Item,108.04,Approved
RET002139,ORD002901,PROD00053,2025-07-05,3,Late Delivery,34.47,Approved
RET002140,ORD042317,PROD00086,2025-11-18,3,Quality Issue,427.05,Approved
RET002141,ORD044199,PROD00132,2026-01-11,2,Quality Issue,296.28,Approved
RET002142,ORD000630,PROD00351,2025-12-25,1,Wrong Item,180.07,Approved
RET002143,ORD030963,PROD00319,2025-04-13,2,Wrong Item,63.72,Approved
RET002144,ORD017251,PROD00292,2025-02-03,2,Quality Issue,65.88,Approved
RET002145,ORD036793,PROD00424,2026-06-06,2,Late Delivery,314.88,Approved
RET002146,ORD033117,PROD00006,2026-01-13,5,Changed Mind,506.8,Approved
RET002147,ORD007350,PROD00493,2026-03-19,2,Changed Mind,197.46,Approved
RET002148,ORD022776,PROD00390,2026-06-04,1,Not as Described,139.09,Approved
RET002149,ORD015755,PROD00217,2025-02-23,6,Quality Issue,764.52,Approved
RET002150,ORD010841,PROD00449,2025-11-06,1,Quality Issue,163.35,Approved
RET002151,ORD030805,PROD00355,2026-07-13,4,Wrong Item,358.96,Approved
RET002152,ORD015383,PROD00095,2026-06-06,5,Not as Described,766.8,Approved
RET002153,ORD003727,PROD00160,2025-09-27,4,Other,820.56,Pending
RET002154,ORD009817,PROD00311,2025-08-26,1,Not as Described,34.71,Pending
RET002155,ORD025036,PROD00037,2025-03-02,1,Changed Mind,146.35,Approved
RET002156,ORD013381,PROD00278,2025-10-29,1,Not as Described,22.05,Pending
RET002157,ORD008487,PROD00134,2025-04-09,5,Late Delivery,87.4,Approved
RET002158,ORD006175,PROD00422,2025-09-11,4,Late Delivery,517.6,Approved
RET002159,ORD011641,PROD00217,2026-02-04,3,Not as Described,382.26,Approved
RET002160,ORD028168,PROD00128,2025-02-13,6,Wrong Item,1244.46,Approved
RET002161,ORD009889,PROD00276,2026-03-15,6,Wrong Item,1191.42,Approved
RET002162,ORD012422,PROD00417,2026-04-30,4,Damaged,262.56,Approved
RET002163,ORD006980,PROD00458,2025-06-14,1,Damaged,175.97,Approved
RET002164,ORD012362,PROD00138,2026-06-16,1,Other,159.61,Approved
RET002165,ORD040944,PROD00116,2025-03-24,1,Late Delivery,31.9,Approved
RET002166,ORD002888,PROD00451,2026-06-10,1,Quality Issue,110.1,Approved
RET002167,ORD030080,PROD00347,2026-04-30,2,Damaged,163.02,Approved
RET002168,ORD030371,PROD00478,2025-10-24,2,Quality Issue,96.22,Approved
RET002169,ORD002373,PROD00023,2025-09-13,2,Other,132.2,Approved
RET002170,ORD008447,PROD00430,2025-08-30,3,Damaged,345.63,Approved
RET002171,ORD034257,PROD00154,2026-03-16,2,Other,158.76,Approved
RET002172,ORD003259,PROD00195,2025-08-22,3,Damaged,86.43,Pending
RET002173,ORD026853,PROD00161,2025-04-30,4,Quality Issue,580.88,Pending
RET002174,ORD015265,PROD00210,2025-11-14,1,Not as Described,17.7,Approved
RET002175,ORD049880,PROD00163,2026-05-25,3,Late Delivery,384.21,Approved
RET002176,ORD045901,PROD00270,2025-03-01,1,Other,120.71,Approved
RET002177,ORD037314,PROD00042,2025-05-15,7,Wrong Item,381.01,Approved
RET002178,ORD045137,PROD00479,2026-02-22,5,Wrong Item,348.25,Approved
RET002179,ORD035142,PROD00399,2026-04-17,2,Damaged,268.5,Approved
RET002180,ORD045522,PROD00233,2025-07-27,3,Other,382.32,Pending
RET002181,ORD023379,PROD00168,2026-05-07,4,Changed Mind,276.36,Rejected
RET002182,ORD018433,PROD00324,2025-10-19,2,Wrong Item,457.6,Approved
RET002183,ORD012940,PROD00355,2025-07-12,3,Not as Described,269.22,Approved
RET002184,ORD037770,PROD00099,2025-10-26,1,Changed Mind,18.65,Approved
RET002185,ORD005122,PROD00023,2026-02-28,1,Other,66.1,Approved
RET002186,ORD027990,PROD00405,2025-06-02,5,Other,390.2,Pending
RET002187,ORD016841,PROD00067,2026-01-19,6,Late Delivery,887.4,Pending
RET002188,ORD003213,PROD00148,2025-05-13,2,Quality Issue,126.04,Approved
RET002189,ORD049841,PROD00352,2026-05-22,4,Other,317.24,Approved
RET002190,ORD023189,PROD00210,2025-04-15,8,Wrong Item,141.6,Approved
RET002191,ORD032245,PROD00336,2026-07-07,1,Quality Issue,140.08,Approved
RET002192,ORD012222,PROD00359,2025-02-15,1,Wrong Item,228.31,Approved
RET002193,ORD023368,PROD00393,2025-07-16,1,Other,108.99,Approved
RET002194,ORD037884,PROD00113,2025-06-04,4,Quality Issue,404.76,Approved
RET002195,ORD002255,PROD00012,2026-06-16,3,Damaged,308.76,Approved
RET002196,ORD000304,PROD00121,2026-04-07,4,Quality Issue,509.36,Approved
RET002197,ORD017666,PROD00018,2025-03-19,8,Not as Described,272.32,Approved
RET002198,ORD020323,PROD00500,2026-06-10,5,Late Delivery,45.8,Pending
RET002199,ORD023155,PROD00201,2026-05-01,1,Other,95.19,Pending
RET002200,ORD038365,PROD00463,2025-12-01,1,Late Delivery,26.1,Approved
RET002201,ORD039892,PROD00152,2025-06-06,2,Changed Mind,127.36,Approved
RET002202,ORD011378,PROD00323,2026-06-18,2,Other,58.34,Approved
RET002203,ORD012635,PROD00047,2025-05-14,3,Late Delivery,348.45,Approved
RET002204,ORD042429,PROD00062,2025-07-18,2,Other,7.84,Approved
RET002205,ORD007957,PROD00184,2025-04-01,1,Damaged,139.41,Approved
RET002206,ORD022099,PROD00255,2026-01-04,3,Changed Mind,224.64,Pending
RET002207,ORD038973,PROD00321,2025-08-02,6,Damaged,412.26,Approved
RET002208,ORD049900,PROD00188,2026-03-18,4,Changed Mind,705.92,Approved
RET002209,ORD000601,PROD00351,2026-04-01,4,Changed Mind,720.28,Pending
RET002210,ORD011380,PROD00109,2025-07-28,6,Damaged,654.84,Rejected
RET002211,ORD022391,PROD00310,2025-02-19,1,Quality Issue,96.96,Pending
RET002212,ORD031444,PROD00499,2025-02-28,5,Other,553.2,Approved
RET002213,ORD026349,PROD00289,2025-09-07,2,Other,31.0,Approved
RET002214,ORD037342,PROD00460,2025-04-03,1,Quality Issue,157.34,Approved
RET002215,ORD005906,PROD00178,2025-09-01,1,Other,10.77,Approved
RET002216,ORD045265,PROD00170,2025-09-03,5,Other,1027.55,Approved
RET002217,ORD002584,PROD00241,2025-12-21,2,Late Delivery,270.0,Approved
RET002218,ORD033922,PROD00028,2025-05-13,3,Changed Mind,111.27,Approved
RET002219,ORD010404,PROD00031,2026-04-06,2,Changed Mind,53.44,Approved
RET002220,ORD022787,PROD00164,2026-03-31,2,Other,277.5,Approved
RET002221,ORD011949,PROD00057,2026-01-29,4,Other,118.12,Approved
RET002222,ORD034770,PROD00096,2025-04-23,4,Damaged,188.76,Approved
RET002223,ORD045756,PROD00394,2026-01-28,2,Quality Issue,284.36,Rejected
RET002224,ORD031192,PROD00123,2026-06-07,2,Not as Described,28.7,Approved
RET002225,ORD021060,PROD00389,2025-10-18,6,Damaged,156.96,Approved
RET002226,ORD023028,PROD00256,2025-12-07,3,Wrong Item,236.88,Approved
RET002227,ORD045142,PROD00181,2025-08-24,2,Quality Issue,236.84,Approved
RET002228,ORD019733,PROD00419,2026-06-01,4,Changed Mind,500.08,Approved
RET002229,ORD024177,PROD00427,2025-08-07,4,Wrong Item,741.68,Approved
RET002230,ORD010021,PROD00217,2025-12-11,5,Other,637.1,Approved
RET002231,ORD002533,PROD00277,2025-06-06,1,Changed Mind,28.79,Approved
RET002232,ORD042718,PROD00318,2025-08-31,6,Changed Mind,862.74,Pending
RET002233,ORD036348,PROD00153,2026-03-15,7,Changed Mind,756.28,Approved
RET002234,ORD001323,PROD00159,2025-06-18,1,Damaged,41.1,Approved
RET002235,ORD023226,PROD00295,2025-06-20,1,Not as Described,129.21,Rejected
RET002236,ORD000763,PROD00117,2026-01-06,2,Changed Mind,304.78,Approved
RET002237,ORD028760,PROD00078,2026-03-30,4,Changed Mind,100.4,Approved
RET002238,ORD042903,PROD00043,2025-05-02,3,Other,242.25,Approved
RET002239,ORD016402,PROD00175,2026-07-18,1,Wrong Item,30.63,Approved
RET002240,ORD027318,PROD00355,2025-02-18,4,Late Delivery,358.96,Pending
RET002241,ORD015187,PROD00365,2025-09-01,4,Wrong Item,160.64,Approved
RET002242,ORD043769,PROD00264,2025-11-10,1,Other,146.79,Approved
RET002243,ORD041204,PROD00093,2025-04-21,2,Not as Described,156.72,Approved
RET002244,ORD027248,PROD00061,2025-11-25,4,Changed Mind,766.08,Approved
RET002245,ORD048840,PROD00259,2026-05-21,4,Changed Mind,685.28,Approved
RET002246,ORD000577,PROD00174,2025-10-10,4,Quality Issue,495.96,Approved
RET002247,ORD035220,PROD00125,2025-06-05,3,Damaged,271.71,Approved
RET002248,ORD034612,PROD00186,2025-07-31,6,Changed Mind,945.84,Approved
RET002249,ORD010777,PROD00095,2025-05-23,5,Damaged,766.8,Pending
RET002250,ORD016591,PROD00117,2025-12-08,1,Damaged,152.39,Approved
RET002251,ORD049544,PROD00336,2025-11-14,9,Damaged,1260.72,Approved
RET002252,ORD048151,PROD00272,2025-03-29,7,Other,1228.36,Approved
RET002253,ORD024033,PROD00431,2026-01-28,2,Wrong Item,134.26,Approved
RET002254,ORD030558,PROD00104,2026-04-08,1,Quality Issue,177.25,Approved
RET002255,ORD024402,PROD00197,2026-06-22,1,Not as Described,138.37,Approved
RET002256,ORD010447,PROD00307,2025-11-26,6,Quality Issue,1343.46,Approved
RET002257,ORD045211,PROD00219,2025-09-01,2,Damaged,122.36,Approved
RET002258,ORD002523,PROD00486,2025-07-18,1,Changed Mind,126.69,Approved
RET002259,ORD039211,PROD00043,2025-09-21,1,Damaged,80.75,Approved
RET002260,ORD011066,PROD00234,2026-04-12,2,Other,231.88,Approved
RET002261,ORD036155,PROD00189,2025-02-08,5,Changed Mind,64.25,Approved
RET002262,ORD033392,PROD00328,2025-02-25,3,Other,225.3,Approved
RET002263,ORD005877,PROD00092,2025-08-30,1,Not as Described,90.87,Approved
RET002264,ORD008471,PROD00338,2026-05-14,5,Wrong Item,1028.8,Approved
RET002265,ORD016555,PROD00106,2026-01-02,1,Damaged,46.56,Approved
RET002266,ORD033795,PROD00439,2025-09-22,2,Changed Mind,90.32,Approved
RET002267,ORD031320,PROD00110,2026-04-07,2,Late Delivery,139.5,Approved
RET002268,ORD010018,PROD00148,2026-05-31,10,Not as Described,630.2,Approved
RET002269,ORD018272,PROD00109,2025-07-21,3,Late Delivery,327.42,Approved
RET002270,ORD018685,PROD00479,2025-04-04,1,Quality Issue,69.65,Approved
RET002271,ORD011397,PROD00117,2026-06-30,1,Changed Mind,152.39,Approved
RET002272,ORD008830,PROD00166,2025-05-05,6,Damaged,1041.54,Approved
RET002273,ORD015240,PROD00391,2026-04-29,3,Late Delivery,629.04,Approved
RET002274,ORD031559,PROD00456,2025-02-03,1,Late Delivery,170.27,Approved
RET002275,ORD020505,PROD00463,2025-09-27,1,Changed Mind,26.1,Approved
RET002276,ORD011487,PROD00360,2025-06-10,1,Late Delivery,112.05,Approved
RET002277,ORD035895,PROD00374,2025-07-03,3,Wrong Item,40.56,Approved
RET002278,ORD023807,PROD00170,2026-06-07,1,Late Delivery,205.51,Approved
RET002279,ORD021892,PROD00134,2026-02-22,1,Wrong Item,17.48,Approved
RET002280,ORD004544,PROD00106,2025-12-22,2,Late Delivery,93.12,Approved
RET002281,ORD031616,PROD00399,2026-02-17,1,Quality Issue,134.25,Rejected
RET002282,ORD031009,PROD00152,2025-10-14,2,Other,127.36,Approved
RET002283,ORD006597,PROD00331,2025-08-22,5,Changed Mind,763.95,Approved
RET002284,ORD005902,PROD00276,2025-12-31,4,Wrong Item,794.28,Approved
RET002285,ORD006374,PROD00495,2026-02-03,3,Late Delivery,212.13,Approved
RET002286,ORD038461,PROD00465,2025-03-28,2,Quality Issue,291.98,Approved
RET002287,ORD012815,PROD00145,2026-02-25,2,Other,158.08,Approved
RET002288,ORD033558,PROD00025,2025-12-30,1,Not as Described,140.01,Pending
RET002289,ORD032576,PROD00039,2025-09-08,7,Changed Mind,892.64,Approved
RET002290,ORD010890,PROD00189,2025-04-30,1,Late Delivery,12.85,Approved
RET002291,ORD019999,PROD00123,2025-06-15,2,Wrong Item,28.7,Pending
RET002292,ORD047032,PROD00087,2025-11-18,8,Quality Issue,996.32,Approved
RET002293,ORD032855,PROD00182,2026-03-08,1,Wrong Item,65.97,Approved
RET002294,ORD042806,PROD00240,2025-04-17,1,Late Delivery,16.52,Approved
RET002295,ORD000152,PROD00308,2025-07-22,10,Not as Described,86.1,Approved
RET002296,ORD041311,PROD00361,2025-04-08,5,Changed Mind,394.5,Approved
RET002297,ORD044491,PROD00101,2026-01-25,1,Not as Described,174.58,Approved
RET002298,ORD005605,PROD00005,2025-07-02,1,Damaged,77.79,Approved
RET002299,ORD016225,PROD00331,2026-06-20,1,Quality Issue,152.79,Approved
RET002300,ORD025957,PROD00103,2025-05-04,1,Late Delivery,43.62,Approved
RET002301,ORD021392,PROD00206,2025-09-11,2,Quality Issue,73.08,Approved
RET002302,ORD041837,PROD00408,2025-08-15,1,Wrong Item,20.9,Approved
RET002303,ORD014555,PROD00035,2025-03-21,1,Late Delivery,51.51,Approved
RET002304,ORD001548,PROD00002,2025-07-09,3,Wrong Item,534.42,Approved
RET002305,ORD033505,PROD00086,2026-02-09,2,Wrong Item,284.7,Approved
RET002306,ORD046014,PROD00430,2025-03-31,1,Quality Issue,115.21,Approved
RET002307,ORD002853,PROD00353,2025-08-27,1,Other,147.99,Approved
RET002308,ORD042766,PROD00468,2025-09-04,7,Late Delivery,1138.9,Approved
RET002309,ORD017663,PROD00052,2025-10-29,7,Quality Issue,344.89,Pending
RET002310,ORD005928,PROD00180,2025-03-23,3,Damaged,250.83,Approved
RET002311,ORD018417,PROD00087,2026-04-25,7,Late Delivery,871.78,Approved
RET002312,ORD007606,PROD00070,2026-03-01,4,Changed Mind,662.6,Approved
RET002313,ORD012336,PROD00069,2025-12-01,10,Damaged,1325.9,Approved
RET002314,ORD009866,PROD00015,2025-07-13,3,Wrong Item,336.15,Approved
RET002315,ORD031684,PROD00434,2026-07-07,3,Changed Mind,444.0,Approved
RET002316,ORD004359,PROD00404,2025-12-08,8,Not as Described,1257.84,Approved
RET002317,ORD041794,PROD00088,2025-05-23,1,Quality Issue,31.21,Approved
RET002318,ORD040691,PROD00117,2026-04-19,1,Damaged,152.39,Rejected
RET002319,ORD011662,PROD00307,2026-01-26,2,Other,447.82,Approved
RET002320,ORD017641,PROD00129,2026-03-04,2,Damaged,284.62,Approved
RET002321,ORD037109,PROD00344,2025-02-18,1,Late Delivery,52.27,Approved
RET002322,ORD044912,PROD00399,2026-03-16,1,Not as Described,134.25,Approved
RET002323,ORD030456,PROD00283,2025-08-03,3,Late Delivery,252.15,Approved
RET002324,ORD042240,PROD00356,2025-10-07,3,Not as Described,287.52,Approved
RET002325,ORD001502,PROD00363,2026-02-24,4,Damaged,110.32,Rejected
RET002326,ORD031731,PROD00149,2025-12-21,9,Other,2023.47,Approved
RET002327,ORD033047,PROD00200,2025-06-26,3,Quality Issue,244.17,Approved
RET002328,ORD004190,PROD00297,2025-03-08,8,Wrong Item,536.4,Approved
RET002329,ORD038602,PROD00079,2025-05-04,7,Quality Issue,327.39,Approved
RET002330,ORD022982,PROD00011,2025-06-10,8,Wrong Item,1173.52,Approved
RET002331,ORD007737,PROD00003,2025-06-05,3,Quality Issue,410.34,Approved
RET002332,ORD033223,PROD00211,2026-01-14,1,Other,18.54,Approved
RET002333,ORD002274,PROD00383,2026-02-03,2,Damaged,44.7,Approved
RET002334,ORD038482,PROD00193,2025-03-22,2,Quality Issue,141.88,Approved
RET002335,ORD022481,PROD00326,2025-02-21,7,Damaged,1173.06,Approved
RET002336,ORD030536,PROD00146,2025-05-16,1,Changed Mind,233.11,Approved
RET002337,ORD022867,PROD00161,2025-03-07,4,Damaged,580.88,Approved
RET002338,ORD036005,PROD00292,2026-04-30,1,Other,32.94,Approved
RET002339,ORD048313,PROD00378,2025-07-06,2,Other,169.96,Approved
RET002340,ORD047576,PROD00305,2025-09-19,1,Not as Described,21.16,Approved
RET002341,ORD039398,PROD00233,2025-03-09,7,Not as Described,892.08,Approved
RET002342,ORD030974,PROD00189,2025-11-25,1,Changed Mind,12.85,Approved
RET002343,ORD029836,PROD00360,2025-02-08,7,Wrong Item,784.35,Approved
RET002344,ORD038340,PROD00051,2026-03-24,1,Wrong Item,56.57,Approved
RET002345,ORD006177,PROD00286,2025-08-23,1,Changed Mind,123.79,Approved
RET002346,ORD005236,PROD00339,2025-06-03,3,Damaged,560.46,Approved
RET002347,ORD021616,PROD00124,2025-11-12,2,Not as Described,102.28,Approved
RET002348,ORD029458,PROD00350,2026-05-15,1,Quality Issue,98.85,Approved
RET002349,ORD024717,PROD00103,2026-01-13,4,Wrong Item,174.48,Pending
RET002350,ORD022691,PROD00369,2025-09-30,5,Not as Described,570.3,Approved
RET002351,ORD023933,PROD00156,2025-08-15,1,Late Delivery,176.19,Approved
RET002352,ORD047663,PROD00439,2025-09-04,7,Other,316.12,Approved
RET002353,ORD034076,PROD00036,2025-06-27,1,Late Delivery,147.59,Approved
RET002354,ORD049465,PROD00083,2026-07-08,3,Late Delivery,552.21,Approved
RET002355,ORD023119,PROD00089,2026-01-30,1,Late Delivery,99.7,Approved
RET002356,ORD010539,PROD00057,2026-07-25,4,Not as Described,118.12,Approved
RET002357,ORD047049,PROD00376,2026-01-23,1,Late Delivery,109.02,Approved
RET002358,ORD012416,PROD00446,2025-02-09,1,Other,78.63,Rejected
RET002359,ORD006376,PROD00209,2025-11-04,2,Changed Mind,134.04,Approved
RET002360,ORD014002,PROD00316,2025-07-27,7,Not as Described,213.92,Approved
RET002361,ORD048977,PROD00262,2025-05-18,1,Damaged,73.53,Approved
RET002362,ORD013617,PROD00169,2026-05-23,2,Other,362.32,Approved
RET002363,ORD023182,PROD00470,2025-11-29,1,Other,133.08,Rejected
RET002364,ORD038003,PROD00387,2025-09-23,1,Quality Issue,26.19,Approved
RET002365,ORD040205,PROD00134,2025-05-22,4,Damaged,69.92,Approved
RET002366,ORD033165,PROD00429,2025-09-17,7,Not as Described,850.43,Approved
RET002367,ORD015976,PROD00354,2025-09-15,1,Late Delivery,111.99,Approved
RET002368,ORD045342,PROD00255,2026-06-12,2,Wrong Item,149.76,Approved
RET002369,ORD011451,PROD00220,2026-07-02,5,Wrong Item,354.9,Approved
RET002370,ORD025677,PROD00257,2026-03-20,5,Quality Issue,444.95,Approved
RET002371,ORD010667,PROD00466,2025-12-13,3,Damaged,166.38,Pending
RET002372,ORD046222,PROD00338,2025-10-28,3,Late Delivery,617.28,Approved
RET002373,ORD019268,PROD00499,2025-04-10,3,Late Delivery,331.92,Approved
RET002374,ORD013206,PROD00144,2025-11-13,4,Changed Mind,448.2,Approved
RET002375,ORD011123,PROD00102,2025-06-11,7,Not as Described,807.87,Pending
RET002376,ORD017559,PROD00425,2026-05-28,3,Other,566.76,Approved
RET002377,ORD028914,PROD00080,2026-07-13,8,Quality Issue,506.72,Approved
RET002378,ORD005357,PROD00300,2025-04-10,2,Quality Issue,271.22,Approved
RET002379,ORD005146,PROD00181,2026-04-15,2,Other,236.84,Approved
RET002380,ORD012432,PROD00337,2026-01-13,4,Wrong Item,618.4,Approved
RET002381,ORD004845,PROD00328,2025-11-03,7,Other,525.7,Approved
RET002382,ORD041377,PROD00390,2025-09-09,1,Damaged,139.09,Pending
RET002383,ORD002583,PROD00443,2025-04-16,4,Changed Mind,482.6,Approved
RET002384,ORD025812,PROD00481,2025-02-08,5,Not as Described,737.55,Approved
RET002385,ORD002404,PROD00129,2025-06-22,6,Wrong Item,853.86,Approved
RET002386,ORD007622,PROD00028,2025-04-11,1,Damaged,37.09,Approved
RET002387,ORD005359,PROD00452,2025-02-28,2,Changed Mind,112.12,Approved
RET002388,ORD034656,PROD00233,2026-02-12,3,Damaged,382.32,Pending
RET002389,ORD029230,PROD00269,2026-02-21,1,Damaged,153.48,Approved
RET002390,ORD006730,PROD00155,2025-02-23,3,Damaged,13.71,Approved
RET002391,ORD033124,PROD00111,2026-06-29,3,Damaged,397.41,Pending
RET002392,ORD024539,PROD00084,2026-04-14,1,Changed Mind,49.21,Approved
RET002393,ORD002101,PROD00296,2025-07-20,3,Other,28.71,Pending
RET002394,ORD021639,PROD00169,2025-09-02,1,Other,181.16,Approved
RET002395,ORD022546,PROD00155,2025-05-18,2,Other,9.14,Pending
RET002396,ORD013818,PROD00258,2025-09-16,8,Damaged,448.24,Rejected
RET002397,ORD016907,PROD00176,2025-09-12,3,Not as Described,136.92,Approved
RET002398,ORD045677,PROD00428,2025-05-20,7,Quality Issue,548.52,Approved
RET002399,ORD012802,PROD00461,2026-07-18,4,Damaged,173.88,Approved
RET002400,ORD048414,PROD00273,2025-11-11,6,Changed Mind,415.08,Approved
RET002401,ORD015700,PROD00321,2026-03-13,5,Not as Described,343.55,Rejected
RET002402,ORD036510,PROD00274,2025-10-29,4,Quality Issue,641.4,Approved
RET002403,ORD025281,PROD00383,2025-11-21,1,Damaged,22.35,Approved
RET002404,ORD045255,PROD00260,2025-07-07,2,Damaged,462.12,Approved
RET002405,ORD042691,PROD00414,2025-05-01,4,Quality Issue,244.84,Approved
RET002406,ORD018268,PROD00322,2025-07-08,4,Late Delivery,545.28,Approved
RET002407,ORD003999,PROD00353,2025-08-30,7,Wrong Item,1035.93,Approved
RET002408,ORD015897,PROD00060,2025-06-11,1,Changed Mind,47.92,Approved
RET002409,ORD006554,PROD00076,2025-05-05,4,Quality Issue,709.84,Approved
RET002410,ORD016331,PROD00172,2026-01-15,6,Changed Mind,243.3,Approved
RET002411,ORD038464,PROD00386,2026-02-02,1,Quality Issue,51.54,Approved
RET002412,ORD034517,PROD00240,2025-11-29,1,Other,16.52,Approved
RET002413,ORD044581,PROD00161,2026-04-26,4,Damaged,580.88,Pending
RET002414,ORD044748,PROD00183,2025-09-03,2,Changed Mind,228.78,Approved
RET002415,ORD009197,PROD00421,2025-10-28,6,Quality Issue,75.78,Approved
RET002416,ORD043547,PROD00336,2026-06-28,4,Other,560.32,Pending
RET002417,ORD000492,PROD00237,2025-02-04,7,Late Delivery,878.29,Approved
RET002418,ORD034011,PROD00032,2025-09-15,7,Changed Mind,236.11,Pending
RET002419,ORD046176,PROD00180,2025-09-15,1,Quality Issue,83.61,Approved
RET002420,ORD042604,PROD00486,2025-03-28,3,Not as Described,380.07,Pending
RET002421,ORD010807,PROD00297,2026-07-24,4,Not as Described,268.2,Approved
RET002422,ORD034444,PROD00230,2026-02-21,2,Not as Described,89.66,Approved
RET002423,ORD009224,PROD00133,2026-05-25,1,Changed Mind,15.73,Approved
RET002424,ORD034368,PROD00402,2025-09-18,1,Late Delivery,48.6,Approved
RET002425,ORD036230,PROD00154,2026-03-30,2,Late Delivery,158.76,Approved
RET002426,ORD028291,PROD00139,2025-06-28,1,Quality Issue,39.1,Approved
RET002427,ORD017363,PROD00499,2026-01-11,5,Damaged,553.2,Approved
RET002428,ORD013008,PROD00252,2026-07-10,5,Late Delivery,176.0,Approved
RET002429,ORD004791,PROD00424,2026-01-20,2,Not as Described,314.88,Approved
RET002430,ORD011243,PROD00494,2025-09-06,3,Not as Described,464.67,Approved
RET002431,ORD047634,PROD00360,2025-08-20,1,Late Delivery,112.05,Approved
RET002432,ORD004670,PROD00235,2026-07-04,6,Late Delivery,598.56,Approved
RET002433,ORD012841,PROD00070,2025-12-17,3,Other,496.95,Approved
RET002434,ORD037334,PROD00211,2026-01-10,4,Quality Issue,74.16,Approved
RET002435,ORD030598,PROD00062,2026-06-19,3,Late Delivery,11.76,Approved
RET002436,ORD012526,PROD00392,2025-12-08,1,Late Delivery,85.91,Approved
RET002437,ORD029722,PROD00465,2025-07-26,1,Wrong Item,145.99,Pending
RET002438,ORD030893,PROD00077,2025-07-12,3,Changed Mind,209.31,Approved
RET002439,ORD032014,PROD00070,2026-06-21,2,Late Delivery,331.3,Pending
RET002440,ORD012843,PROD00083,2025-09-15,3,Not as Described,552.21,Approved
RET002441,ORD006811,PROD00018,2025-10-06,5,Wrong Item,170.2,Approved
RET002442,ORD017020,PROD00120,2026-01-09,4,Quality Issue,749.04,Pending
RET002443,ORD024303,PROD00362,2025-05-28,3,Not as Described,313.92,Approved
RET002444,ORD044229,PROD00131,2026-05-13,8,Wrong Item,271.36,Pending
RET002445,ORD013950,PROD00227,2025-10-13,1,Other,35.09,Approved
RET002446,ORD020064,PROD00486,2026-03-18,6,Not as Described,760.14,Approved
RET002447,ORD033540,PROD00119,2025-06-09,4,Quality Issue,93.72,Rejected
RET002448,ORD018139,PROD00123,2026-05-31,2,Late Delivery,28.7,Approved
RET002449,ORD032122,PROD00257,2026-03-21,2,Not as Described,177.98,Approved
RET002450,ORD024432,PROD00348,2026-01-10,4,Quality Issue,391.52,Approved
RET002451,ORD014246,PROD00240,2026-01-19,3,Changed Mind,49.56,Approved
RET002452,ORD008807,PROD00182,2026-07-13,2,Late Delivery,131.94,Approved
RET002453,ORD025505,PROD00326,2025-05-08,2,Not as Described,335.16,Approved
RET002454,ORD027707,PROD00010,2025-10-25,9,Other,383.49,Approved
RET002455,ORD010482,PROD00202,2025-10-27,4,Quality Issue,83.24,Rejected
RET002456,ORD006407,PROD00212,2026-02-10,1,Damaged,37.98,Approved
RET002457,ORD040099,PROD00400,2026-02-04,1,Other,85.71,Approved
RET002458,ORD027644,PROD00050,2026-05-20,6,Changed Mind,473.34,Approved
RET002459,ORD009753,PROD00445,2025-11-20,1,Late Delivery,198.97,Approved
RET002460,ORD024612,PROD00003,2026-04-23,2,Not as Described,273.56,Approved
RET002461,ORD000271,PROD00497,2025-04-29,8,Damaged,398.32,Approved
RET002462,ORD041310,PROD00422,2025-07-02,1,Late Delivery,129.4,Approved
RET002463,ORD009709,PROD00075,2026-02-27,5,Other,195.2,Approved
RET002464,ORD037445,PROD00288,2025-07-11,4,Changed Mind,155.0,Approved
RET002465,ORD044205,PROD00500,2025-09-23,5,Changed Mind,45.8,Approved
RET002466,ORD010214,PROD00459,2025-11-16,1,Changed Mind,41.0,Approved
RET002467,ORD018262,PROD00085,2025-06-18,4,Wrong Item,566.44,Approved
RET002468,ORD025182,PROD00232,2025-03-20,4,Late Delivery,505.0,Pending
RET002469,ORD017610,PROD00184,2026-01-07,1,Other,139.41,Approved
RET002470,ORD009791,PROD00414,2025-03-02,3,Late Delivery,183.63,Approved
RET002471,ORD006478,PROD00060,2025-08-09,4,Damaged,191.68,Approved
RET002472,ORD015433,PROD00223,2026-07-21,5,Not as Described,911.8,Rejected
RET002473,ORD007731,PROD00155,2025-12-22,9,Not as Described,41.13,Approved
RET002474,ORD006688,PROD00493,2025-11-15,1,Damaged,98.73,Approved
RET002475,ORD023273,PROD00152,2025-06-01,1,Changed Mind,63.68,Approved
RET002476,ORD013104,PROD00427,2025-09-25,5,Wrong Item,927.1,Approved
RET002477,ORD048671,PROD00149,2025-06-11,1,Other,224.83,Rejected
RET002478,ORD001026,PROD00450,2025-10-19,3,Changed Mind,216.51,Pending
RET002479,ORD004672,PROD00475,2026-07-18,3,Not as Described,81.75,Approved
RET002480,ORD022548,PROD00097,2025-05-20,1,Late Delivery,154.85,Approved
RET002481,ORD006372,PROD00322,2026-06-03,6,Not as Described,817.92,Rejected
RET002482,ORD001901,PROD00305,2025-10-18,7,Damaged,148.12,Approved
RET002483,ORD024092,PROD00259,2025-07-08,3,Quality Issue,513.96,Approved
RET002484,ORD014270,PROD00005,2025-12-18,4,Quality Issue,311.16,Approved
RET002485,ORD043562,PROD00286,2025-05-19,3,Not as Described,371.37,Pending
RET002486,ORD021598,PROD00371,2026-07-02,2,Changed Mind,180.84,Approved
RET002487,ORD005020,PROD00170,2026-03-19,1,Wrong Item,205.51,Approved
RET002488,ORD040293,PROD00399,2025-12-26,4,Changed Mind,537.0,Approved
RET002489,ORD006456,PROD00043,2026-05-19,4,Damaged,323.0,Approved
RET002490,ORD022696,PROD00364,2025-04-10,1,Wrong Item,111.91,Pending
RET002491,ORD001083,PROD00021,2025-06-26,3,Late Delivery,131.79,Approved
RET002492,ORD032437,PROD00426,2025-11-08,8,Late Delivery,906.08,Approved
RET002493,ORD004868,PROD00368,2025-10-24,1,Damaged,9.96,Rejected
RET002494,ORD037764,PROD00296,2025-10-02,2,Wrong Item,19.14,Approved
RET002495,ORD047274,PROD00088,2026-05-11,1,Other,31.21,Approved
RET002496,ORD037632,PROD00428,2025-08-17,1,Changed Mind,78.36,Approved
RET002497,ORD034263,PROD00401,2025-08-21,1,Damaged,109.06,Approved
RET002498,ORD038184,PROD00226,2025-08-06,1,Wrong Item,145.83,Approved
RET002499,ORD048480,PROD00368,2026-06-07,3,Late Delivery,29.88,Approved
RET002500,ORD019371,PROD00209,2026-03-24,9,Wrong Item,603.18,Approved
RET002501,ORD022547,PROD00197,2026-03-26,7,Damaged,968.59,Approved
RET002502,ORD049131,PROD00221,2025-03-24,2,Not as Described,53.22,Approved
RET002503,ORD016741,PROD00363,2026-06-12,1,Wrong Item,27.58,Approved
RET002504,ORD022667,PROD00220,2026-07-15,8,Late Delivery,567.84,Approved
RET002505,ORD003420,PROD00076,2025-06-30,5,Quality Issue,887.3,Approved
RET002506,ORD017801,PROD00216,2025-06-06,4,Not as Described,550.92,Approved
RET002507,ORD037205,PROD00120,2025-12-28,1,Not as Described,187.26,Approved
RET002508,ORD042366,PROD00235,2025-11-15,8,Late Delivery,798.08,Approved
RET002509,ORD030491,PROD00471,2025-11-15,2,Not as Described,51.1,Approved
RET002510,ORD002600,PROD00143,2025-12-14,2,Other,168.2,Approved
RET002511,ORD017561,PROD00242,2025-12-20,1,Other,118.75,Approved
RET002512,ORD004505,PROD00144,2025-06-17,1,Other,112.05,Approved
RET002513,ORD027351,PROD00090,2026-06-02,1,Damaged,125.29,Approved
RET002514,ORD018352,PROD00433,2025-11-12,4,Not as Described,452.32,Approved
RET002515,ORD040155,PROD00158,2026-03-27,5,Changed Mind,619.6,Approved
RET002516,ORD045927,PROD00164,2025-06-03,1,Wrong Item,138.75,Pending
RET002517,ORD005380,PROD00264,2025-09-01,3,Not as Described,440.37,Approved
RET002518,ORD033730,PROD00047,2026-04-08,6,Changed Mind,696.9,Approved
RET002519,ORD011844,PROD00309,2026-06-11,5,Damaged,221.1,Approved
RET002520,ORD040928,PROD00334,2025-12-05,1,Damaged,148.88,Approved
RET002521,ORD023770,PROD00247,2025-09-28,2,Quality Issue,259.6,Pending
RET002522,ORD046503,PROD00016,2025-04-09,5,Wrong Item,109.4,Pending
RET002523,ORD014418,PROD00385,2026-04-04,2,Other,211.74,Approved
RET002524,ORD049904,PROD00474,2025-03-20,2,Wrong Item,120.22,Approved
RET002525,ORD020144,PROD00495,2025-05-14,2,Wrong Item,141.42,Approved
RET002526,ORD003537,PROD00258,2025-02-20,7,Damaged,392.21,Pending
RET002527,ORD039455,PROD00469,2025-08-19,6,Changed Mind,336.6,Approved
RET002528,ORD033507,PROD00006,2026-02-01,8,Wrong Item,810.88,Approved
RET002529,ORD044705,PROD00489,2025-02-19,2,Not as Described,66.9,Approved
RET002530,ORD023548,PROD00240,2025-03-04,3,Damaged,49.56,Approved
RET002531,ORD026124,PROD00359,2026-01-20,1,Late Delivery,228.31,Approved
RET002532,ORD036845,PROD00305,2025-05-09,1,Late Delivery,21.16,Approved
RET002533,ORD021732,PROD00334,2026-01-11,4,Late Delivery,595.52,Approved
RET002534,ORD042765,PROD00289,2025-08-08,4,Not as Described,62.0,Approved
RET002535,ORD044454,PROD00193,2026-01-20,1,Wrong Item,70.94,Approved
RET002536,ORD031321,PROD00312,2025-02-18,5,Other,955.25,Approved
RET002537,ORD043888,PROD00013,2025-06-28,8,Quality Issue,348.88,Approved
RET002538,ORD021830,PROD00455,2025-12-14,1,Changed Mind,128.63,Approved
RET002539,ORD013180,PROD00164,2025-02-12,5,Other,693.75,Pending
RET002540,ORD024736,PROD00403,2026-02-22,3,Wrong Item,476.07,Approved
RET002541,ORD024053,PROD00019,2026-06-25,2,Wrong Item,175.02,Approved
RET002542,ORD035704,PROD00256,2025-03-20,2,Late Delivery,157.92,Rejected
RET002543,ORD020671,PROD00447,2025-05-24,1,Wrong Item,133.47,Approved
RET002544,ORD046691,PROD00351,2025-08-25,3,Quality Issue,540.21,Approved
RET002545,ORD025698,PROD00104,2025-02-18,2,Quality Issue,354.5,Approved
RET002546,ORD025519,PROD00375,2026-06-19,3,Other,404.88,Approved
RET002547,ORD027099,PROD00014,2025-08-16,2,Changed Mind,252.3,Approved
RET002548,ORD043928,PROD00463,2025-07-16,9,Not as Described,234.9,Pending
RET002549,ORD014038,PROD00319,2025-05-02,2,Other,63.72,Approved
RET002550,ORD022016,PROD00418,2025-03-27,3,Changed Mind,319.8,Approved
RET002551,ORD015677,PROD00056,2026-03-19,3,Not as Described,218.07,Approved
RET002552,ORD012909,PROD00145,2026-03-12,3,Damaged,237.12,Approved
RET002553,ORD040378,PROD00223,2026-02-19,5,Changed Mind,911.8,Pending
RET002554,ORD022611,PROD00224,2025-09-25,9,Wrong Item,833.94,Pending
RET002555,ORD048687,PROD00437,2025-09-17,3,Wrong Item,275.13,Rejected
RET002556,ORD048239,PROD00124,2025-10-04,1,Other,51.14,Approved
RET002557,ORD008976,PROD00089,2026-03-03,3,Late Delivery,299.1,Approved
RET002558,ORD015675,PROD00121,2026-07-07,1,Quality Issue,127.34,Approved
RET002559,ORD041028,PROD00321,2025-04-13,1,Other,68.71,Approved
RET002560,ORD005711,PROD00242,2025-10-04,6,Changed Mind,712.5,Approved
RET002561,ORD045085,PROD00312,2025-09-17,2,Wrong Item,382.1,Approved
RET002562,ORD007918,PROD00262,2025-07-18,2,Quality Issue,147.06,Approved
RET002563,ORD002433,PROD00376,2025-03-17,3,Quality Issue,327.06,Rejected
RET002564,ORD016592,PROD00344,2026-03-28,1,Other,52.27,Approved
RET002565,ORD009317,PROD00455,2025-02-02,1,Quality Issue,128.63,Approved
RET002566,ORD047810,PROD00198,2025-03-09,1,Changed Mind,58.82,Approved
RET002567,ORD004004,PROD00117,2025-02-03,2,Late Delivery,304.78,Approved
RET002568,ORD032504,PROD00185,2025-09-04,3,Other,127.71,Approved
RET002569,ORD029768,PROD00068,2025-04-13,4,Damaged,170.24,Approved
RET002570,ORD047021,PROD00308,2026-07-25,1,Quality Issue,8.61,Pending
RET002571,ORD026946,PROD00236,2025-07-26,6,Changed Mind,722.64,Approved
RET002572,ORD010048,PROD00022,2025-07-08,10,Damaged,1390.7,Approved
RET002573,ORD016309,PROD00040,2025-12-07,3,Late Delivery,461.85,Approved
RET002574,ORD022309,PROD00127,2026-07-18,2,Damaged,201.26,Approved
RET002575,ORD008204,PROD00193,2026-04-30,7,Quality Issue,496.58,Approved
RET002576,ORD002052,PROD00274,2025-03-02,1,Changed Mind,160.35,Pending
RET002577,ORD016619,PROD00057,2026-04-24,3,Late Delivery,88.59,Approved
RET002578,ORD023201,PROD00191,2025-06-15,4,Quality Issue,265.68,Approved
RET002579,ORD020260,PROD00099,2025-11-16,2,Not as Described,37.3,Approved
RET002580,ORD016132,PROD00002,2025-09-18,3,Quality Issue,534.42,Approved
RET002581,ORD038993,PROD00495,2026-07-04,5,Late Delivery,353.55,Approved
RET002582,ORD000372,PROD00120,2025-03-01,2,Damaged,374.52,Approved
RET002583,ORD039076,PROD00181,2025-09-30,5,Damaged,592.1,Approved
RET002584,ORD034943,PROD00464,2025-11-30,1,Not as Described,112.04,Approved
RET002585,ORD039333,PROD00446,2026-01-22,2,Damaged,157.26,Approved
RET002586,ORD044807,PROD00180,2025-08-23,1,Other,83.61,Approved
RET002587,ORD003384,PROD00074,2026-06-22,4,Changed Mind,149.4,Approved
RET002588,ORD013638,PROD00091,2025-04-26,2,Damaged,113.78,Approved
RET002589,ORD018397,PROD00031,2025-08-20,6,Late Delivery,160.32,Approved
RET002590,ORD013958,PROD00498,2025-02-10,5,Quality Issue,940.0,Approved
RET002591,ORD022058,PROD00281,2025-10-26,5,Damaged,107.35,Approved
RET002592,ORD041120,PROD00493,2025-09-28,7,Wrong Item,691.11,Approved
RET002593,ORD012426,PROD00074,2026-05-24,2,Other,74.7,Approved
RET002594,ORD031327,PROD00001,2025-05-28,2,Quality Issue,247.46,Approved
RET002595,ORD029511,PROD00107,2025-10-25,3,Late Delivery,407.07,Approved
RET002596,ORD038011,PROD00290,2025-07-01,2,Wrong Item,342.56,Approved
RET002597,ORD029641,PROD00425,2026-05-21,1,Quality Issue,188.92,Approved
RET002598,ORD007392,PROD00428,2026-03-19,3,Not as Described,235.08,Approved
RET002599,ORD018504,PROD00059,2025-04-19,10,Not as Described,405.0,Approved
RET002600,ORD024203,PROD00482,2025-04-05,1,Other,188.79,Approved
RET002601,ORD010462,PROD00197,2025-07-18,3,Wrong Item,415.11,Approved
RET002602,ORD013882,PROD00114,2026-03-27,4,Damaged,201.16,Approved
RET002603,ORD036441,PROD00205,2026-02-10,3,Not as Described,485.25,Approved
RET002604,ORD048604,PROD00086,2026-07-01,3,Damaged,427.05,Approved
RET002605,ORD045592,PROD00278,2025-07-23,1,Other,22.05,Approved
RET002606,ORD048483,PROD00003,2025-06-29,6,Other,820.68,Approved
RET002607,ORD032080,PROD00223,2025-05-18,2,Not as Described,364.72,Approved
RET002608,ORD018270,PROD00048,2025-08-18,4,Other,606.0,Approved
RET002609,ORD029537,PROD00487,2026-07-16,4,Other,194.92,Approved
RET002610,ORD047192,PROD00039,2026-01-02,6,Other,765.12,Approved
RET002611,ORD031722,PROD00093,2025-03-30,6,Other,470.16,Approved
RET002612,ORD011648,PROD00201,2025-06-03,8,Damaged,761.52,Approved
RET002613,ORD000120,PROD00049,2026-05-11,2,Wrong Item,160.12,Approved
RET002614,ORD025746,PROD00408,2026-02-08,2,Late Delivery,41.8,Approved
RET002615,ORD037472,PROD00159,2025-07-04,2,Not as Described,82.2,Approved
RET002616,ORD022157,PROD00020,2026-02-21,2,Late Delivery,151.8,Approved
RET002617,ORD027739,PROD00373,2026-07-21,1,Late Delivery,66.6,Approved
RET002618,ORD000627,PROD00065,2025-07-06,1,Damaged,74.29,Approved
RET002619,ORD012705,PROD00147,2025-04-03,1,Quality Issue,134.22,Approved
RET002620,ORD032017,PROD00433,2025-04-05,10,Not as Described,1130.8,Approved
RET002621,ORD045721,PROD00445,2026-04-15,8,Late Delivery,1591.76,Approved
RET002622,ORD000919,PROD00104,2025-09-30,1,Quality Issue,177.25,Approved
RET002623,ORD037453,PROD00370,2025-02-12,3,Other,52.02,Approved
RET002624,ORD041720,PROD00188,2025-07-17,1,Damaged,176.48,Approved
RET002625,ORD045089,PROD00487,2026-06-23,7,Late Delivery,341.11,Approved
RET002626,ORD009074,PROD00463,2026-02-07,1,Wrong Item,26.1,Approved
RET002627,ORD011624,PROD00229,2025-11-03,2,Late Delivery,254.7,Approved
RET002628,ORD049676,PROD00138,2025-05-02,1,Wrong Item,159.61,Approved
RET002629,ORD029886,PROD00211,2026-02-10,2,Quality Issue,37.08,Approved
RET002630,ORD037427,PROD00111,2026-01-21,1,Not as Described,132.47,Approved
RET002631,ORD027249,PROD00459,2026-06-26,4,Wrong Item,164.0,Pending
RET002632,ORD024327,PROD00225,2025-12-31,1,Wrong Item,107.74,Approved
RET002633,ORD048622,PROD00474,2026-06-05,3,Wrong Item,180.33,Approved
RET002634,ORD028433,PROD00040,2025-10-04,4,Wrong Item,615.8,Approved
RET002635,ORD047124,PROD00189,2026-01-29,1,Not as Described,12.85,Approved
RET002636,ORD034265,PROD00402,2025-03-09,5,Late Delivery,243.0,Approved
RET002637,ORD029400,PROD00270,2025-03-23,2,Other,241.42,Approved
RET002638,ORD029911,PROD00130,2025-04-11,5,Not as Described,395.55,Approved
RET002639,ORD021808,PROD00031,2026-03-21,2,Damaged,53.44,Approved
RET002640,ORD043555,PROD00393,2026-07-04,2,Late Delivery,217.98,Approved
RET002641,ORD015753,PROD00102,2025-08-13,5,Quality Issue,577.05,Approved
RET002642,ORD009819,PROD00026,2025-08-21,2,Quality Issue,232.22,Approved
RET002643,ORD000863,PROD00456,2025-03-28,2,Not as Described,340.54,Approved
RET002644,ORD022405,PROD00268,2026-01-18,3,Not as Described,484.71,Approved
RET002645,ORD007916,PROD00416,2025-12-11,3,Not as Described,357.66,Approved
RET002646,ORD004712,PROD00025,2025-09-21,5,Wrong Item,700.05,Approved
RET002647,ORD025690,PROD00443,2025-07-31,3,Late Delivery,361.95,Approved
RET002648,ORD044116,PROD00495,2025-06-17,1,Changed Mind,70.71,Approved
RET002649,ORD039981,PROD00478,2026-01-10,2,Changed Mind,96.22,Approved
RET002650,ORD008923,PROD00109,2026-03-02,7,Changed Mind,763.98,Approved
RET002651,ORD009314,PROD00106,2025-04-15,4,Quality Issue,186.24,Approved
RET002652,ORD045485,PROD00441,2026-01-13,6,Not as Described,595.62,Approved
RET002653,ORD025305,PROD00082,2026-04-01,1,Late Delivery,138.63,Approved
RET002654,ORD030275,PROD00006,2025-10-05,1,Quality Issue,101.36,Approved
RET002655,ORD029114,PROD00224,2025-05-10,3,Late Delivery,277.98,Approved
RET002656,ORD043615,PROD00272,2025-03-13,3,Changed Mind,526.44,Rejected
RET002657,ORD026820,PROD00135,2025-03-31,1,Late Delivery,65.54,Approved
RET002658,ORD001654,PROD00494,2026-05-18,8,Other,1239.12,Approved
RET002659,ORD044383,PROD00200,2026-07-08,1,Quality Issue,81.39,Approved
RET002660,ORD037656,PROD00015,2026-07-01,5,Quality Issue,560.25,Approved
RET002661,ORD037696,PROD00244,2026-01-30,4,Wrong Item,773.04,Approved
RET002662,ORD007573,PROD00005,2026-07-20,4,Not as Described,311.16,Approved
RET002663,ORD013391,PROD00306,2025-02-12,5,Other,937.1,Approved
RET002664,ORD000990,PROD00397,2025-08-07,1,Changed Mind,80.19,Approved
RET002665,ORD017040,PROD00202,2026-02-17,3,Changed Mind,62.43,Approved
RET002666,ORD011375,PROD00366,2025-09-09,3,Damaged,257.55,Approved
RET002667,ORD023892,PROD00245,2025-09-11,2,Damaged,226.54,Approved
RET002668,ORD023120,PROD00387,2025-08-20,5,Damaged,130.95,Approved
RET002669,ORD029172,PROD00495,2026-01-29,1,Late Delivery,70.71,Rejected
RET002670,ORD038332,PROD00294,2025-06-28,8,Quality Issue,580.96,Approved
RET002671,ORD026992,PROD00125,2026-02-01,3,Quality Issue,271.71,Approved
RET002672,ORD024650,PROD00024,2026-01-04,1,Wrong Item,92.88,Approved
RET002673,ORD015962,PROD00192,2025-11-21,3,Other,23.85,Approved
RET002674,ORD035694,PROD00264,2026-01-22,3,Late Delivery,440.37,Pending
RET002675,ORD002544,PROD00025,2025-08-26,3,Other,420.03,Approved
RET002676,ORD045371,PROD00322,2026-05-23,2,Wrong Item,272.64,Approved
RET002677,ORD049818,PROD00398,2026-07-19,5,Late Delivery,773.55,Approved
RET002678,ORD019526,PROD00155,2025-05-26,2,Late Delivery,9.14,Approved
RET002679,ORD003104,PROD00281,2026-04-03,1,Other,21.47,Pending
RET002680,ORD004220,PROD00292,2025-04-19,2,Quality Issue,65.88,Pending
RET002681,ORD000851,PROD00248,2026-04-18,6,Wrong Item,121.56,Approved
RET002682,ORD009986,PROD00102,2025-05-14,1,Other,115.41,Pending
RET002683,ORD035809,PROD00212,2025-10-05,3,Changed Mind,113.94,Approved
RET002684,ORD041189,PROD00470,2025-06-04,1,Quality Issue,133.08,Approved
RET002685,ORD039411,PROD00188,2026-06-07,4,Quality Issue,705.92,Approved
RET002686,ORD032203,PROD00276,2025-06-28,1,Changed Mind,198.57,Approved
RET002687,ORD045877,PROD00408,2026-01-12,4,Wrong Item,83.6,Approved
RET002688,ORD014038,PROD00474,2025-07-06,1,Quality Issue,60.11,Pending
RET002689,ORD042745,PROD00140,2025-04-04,1,Changed Mind,121.3,Approved
RET002690,ORD026549,PROD00087,2026-02-20,3,Late Delivery,373.62,Approved
RET002691,ORD022025,PROD00352,2026-04-12,1,Quality Issue,79.31,Approved
RET002692,ORD029648,PROD00407,2025-09-28,5,Changed Mind,68.35,Approved
RET002693,ORD034076,PROD00375,2026-02-01,4,Changed Mind,539.84,Pending
RET002694,ORD024634,PROD00174,2026-04-28,6,Wrong Item,743.94,Approved
RET002695,ORD032691,PROD00219,2025-04-21,5,Damaged,305.9,Approved
RET002696,ORD001040,PROD00342,2025-08-16,5,Other,644.0,Approved
RET002697,ORD034652,PROD00405,2025-10-20,4,Other,312.16,Approved
RET002698,ORD016942,PROD00199,2026-03-27,1,Changed Mind,82.67,Approved
RET002699,ORD012867,PROD00060,2025-02-25,5,Late Delivery,239.6,Approved
RET002700,ORD046102,PROD00090,2026-02-02,1,Other,125.29,Approved
RET002701,ORD028313,PROD00084,2025-06-20,2,Changed Mind,98.42,Approved
RET002702,ORD029134,PROD00468,2026-05-25,7,Not as Described,1138.9,Approved
RET002703,ORD046952,PROD00308,2025-10-04,4,Other,34.44,Approved
RET002704,ORD031352,PROD00131,2026-03-23,1,Quality Issue,33.92,Rejected
RET002705,ORD049910,PROD00389,2026-02-11,3,Other,78.48,Approved
RET002706,ORD047698,PROD00498,2025-06-19,1,Changed Mind,188.0,Rejected
RET002707,ORD023972,PROD00100,2025-10-03,8,Not as Described,1198.32,Approved
RET002708,ORD014883,PROD00068,2026-05-06,1,Late Delivery,42.56,Approved
RET002709,ORD023213,PROD00439,2025-03-20,3,Late Delivery,135.48,Approved
RET002710,ORD007429,PROD00488,2026-02-04,3,Wrong Item,487.86,Approved
RET002711,ORD041383,PROD00162,2026-02-28,3,Other,675.21,Approved
RET002712,ORD044342,PROD00449,2025-07-05,4,Quality Issue,653.4,Approved
RET002713,ORD045973,PROD00246,2026-07-22,1,Wrong Item,82.39,Pending
RET002714,ORD007097,PROD00409,2026-02-05,2,Changed Mind,108.74,Approved
RET002715,ORD028099,PROD00430,2026-03-18,5,Late Delivery,576.05,Approved
RET002716,ORD029407,PROD00050,2025-12-24,1,Late Delivery,78.89,Pending
RET002717,ORD039870,PROD00117,2025-11-27,1,Quality Issue,152.39,Approved
RET002718,ORD026160,PROD00234,2026-03-25,3,Late Delivery,347.82,Approved
RET002719,ORD035228,PROD00372,2025-05-05,3,Damaged,279.99,Rejected
RET002720,ORD021404,PROD00350,2026-07-08,3,Damaged,296.55,Approved
RET002721,ORD031980,PROD00053,2026-02-23,5,Damaged,57.45,Approved
RET002722,ORD005035,PROD00329,2026-04-19,4,Late Delivery,59.24,Approved
RET002723,ORD005783,PROD00174,2025-10-01,5,Wrong Item,619.95,Approved
RET002724,ORD011894,PROD00216,2025-10-28,1,Other,137.73,Rejected
RET002725,ORD042200,PROD00259,2025-07-16,3,Quality Issue,513.96,Approved
RET002726,ORD005291,PROD00399,2026-05-01,1,Other,134.25,Approved
RET002727,ORD049217,PROD00310,2026-02-21,2,Damaged,193.92,Approved
RET002728,ORD029335,PROD00075,2026-05-23,3,Other,117.12,Approved
RET002729,ORD000675,PROD00184,2026-05-13,3,Quality Issue,418.23,Pending
RET002730,ORD023630,PROD00394,2026-03-20,7,Late Delivery,995.26,Approved
RET002731,ORD008207,PROD00409,2025-02-14,1,Wrong Item,54.37,Approved
RET002732,ORD025653,PROD00035,2026-01-15,7,Other,360.57,Approved
RET002733,ORD041476,PROD00482,2025-08-04,2,Damaged,377.58,Approved
RET002734,ORD000048,PROD00021,2025-03-03,1,Not as Described,43.93,Approved
RET002735,ORD035826,PROD00373,2025-12-11,1,Not as Described,66.6,Approved
RET002736,ORD047399,PROD00340,2025-11-22,5,Other,508.2,Approved
RET002737,ORD005290,PROD00244,2025-08-07,2,Quality Issue,386.52,Approved
RET002738,ORD033408,PROD00028,2025-05-28,4,Changed Mind,148.36,Approved
RET002739,ORD013734,PROD00438,2025-09-22,3,Changed Mind,113.1,Approved
RET002740,ORD016100,PROD00271,2026-06-21,1,Not as Described,186.12,Approved
RET002741,ORD038228,PROD00428,2025-09-04,3,Quality Issue,235.08,Approved
RET002742,ORD000053,PROD00403,2025-09-15,4,Damaged,634.76,Approved
RET002743,ORD021691,PROD00064,2025-11-28,8,Changed Mind,883.44,Approved
RET002744,ORD007716,PROD00250,2026-03-11,3,Not as Described,423.21,Approved
RET002745,ORD020315,PROD00068,2025-07-15,1,Not as Described,42.56,Pending
RET002746,ORD028409,PROD00402,2025-11-10,1,Wrong Item,48.6,Approved
RET002747,ORD023465,PROD00397,2025-06-05,4,Not as Described,320.76,Approved
RET002748,ORD025582,PROD00184,2025-04-24,3,Changed Mind,418.23,Approved
RET002749,ORD016749,PROD00220,2025-09-22,4,Not as Described,283.92,Approved
RET002750,ORD000878,PROD00177,2026-05-19,1,Not as Described,167.83,Approved
RET002751,ORD035066,PROD00453,2025-05-27,3,Quality Issue,180.57,Approved
RET002752,ORD000945,PROD00277,2025-08-20,3,Quality Issue,86.37,Pending
RET002753,ORD021414,PROD00392,2026-02-11,4,Wrong Item,343.64,Approved
RET002754,ORD029302,PROD00164,2026-01-27,3,Other,416.25,Approved
RET002755,ORD011203,PROD00487,2026-07-02,2,Wrong Item,97.46,Approved
RET002756,ORD003207,PROD00457,2025-05-10,2,Wrong Item,362.34,Rejected
RET002757,ORD036566,PROD00378,2025-07-16,1,Not as Described,84.98,Approved
RET002758,ORD037526,PROD00085,2025-11-06,5,Damaged,708.05,Approved
RET002759,ORD044518,PROD00436,2026-04-15,5,Late Delivery,196.95,Approved
RET002760,ORD022196,PROD00396,2026-03-22,2,Damaged,208.48,Pending
RET002761,ORD019720,PROD00019,2025-08-17,2,Not as Described,175.02,Approved
RET002762,ORD032598,PROD00235,2025-03-18,2,Damaged,199.52,Approved
RET002763,ORD045250,PROD00033,2026-03-04,3,Not as Described,600.33,Pending
RET002764,ORD019720,PROD00210,2025-10-19,2,Damaged,35.4,Approved
RET002765,ORD032240,PROD00267,2025-03-24,3,Quality Issue,538.95,Approved
RET002766,ORD005565,PROD00305,2025-02-21,6,Damaged,126.96,Approved
RET002767,ORD004085,PROD00246,2026-02-15,2,Changed Mind,164.78,Approved
RET002768,ORD021392,PROD00074,2025-10-08,1,Damaged,37.35,Rejected
RET002769,ORD028561,PROD00397,2026-06-13,5,Changed Mind,400.95,Approved
RET002770,ORD022986,PROD00284,2025-08-08,3,Damaged,203.4,Approved
RET002771,ORD001803,PROD00401,2026-02-28,2,Other,218.12,Rejected
RET002772,ORD039620,PROD00034,2025-10-19,1,Late Delivery,6.31,Approved
RET002773,ORD040804,PROD00204,2026-01-11,8,Late Delivery,1219.2,Approved
RET002774,ORD015374,PROD00309,2026-02-21,2,Late Delivery,88.44,Approved
RET002775,ORD036027,PROD00114,2025-08-22,2,Not as Described,100.58,Approved
RET002776,ORD018887,PROD00097,2025-03-13,3,Wrong Item,464.55,Approved
RET002777,ORD021558,PROD00077,2025-03-26,2,Damaged,139.54,Pending
RET002778,ORD013504,PROD00319,2025-03-23,3,Wrong Item,95.58,Approved
RET002779,ORD046347,PROD00296,2025-01-31,3,Wrong Item,28.71,Approved
RET002780,ORD027315,PROD00407,2026-04-02,9,Late Delivery,123.03,Approved
RET002781,ORD030760,PROD00060,2026-02-23,1,Late Delivery,47.92,Approved
RET002782,ORD020876,PROD00341,2025-08-07,1,Quality Issue,113.86,Approved
RET002783,ORD005927,PROD00032,2026-06-30,3,Late Delivery,101.19,Approved
RET002784,ORD042464,PROD00309,2026-01-24,3,Damaged,132.66,Approved
RET002785,ORD039714,PROD00097,2025-04-02,2,Late Delivery,309.7,Approved
RET002786,ORD005802,PROD00108,2026-06-09,2,Changed Mind,179.18,Approved
RET002787,ORD042074,PROD00063,2025-08-02,2,Quality Issue,249.7,Approved
RET002788,ORD038759,PROD00155,2026-05-10,7,Late Delivery,31.99,Approved
RET002789,ORD026301,PROD00342,2026-04-01,5,Wrong Item,644.0,Approved
RET002790,ORD003597,PROD00099,2025-09-10,1,Not as Described,18.65,Rejected
RET002791,ORD002389,PROD00325,2025-09-12,9,Damaged,636.3,Approved
RET002792,ORD017475,PROD00175,2026-03-24,1,Changed Mind,30.63,Approved
RET002793,ORD037068,PROD00312,2025-10-08,1,Damaged,191.05,Pending
RET002794,ORD021908,PROD00113,2025-12-01,1,Not as Described,101.19,Approved
RET002795,ORD032455,PROD00463,2026-06-24,1,Late Delivery,26.1,Approved
RET002796,ORD043985,PROD00146,2025-03-14,4,Damaged,932.44,Approved
RET002797,ORD024805,PROD00394,2026-06-03,1,Wrong Item,142.18,Rejected
RET002798,ORD019458,PROD00162,2025-08-11,1,Late Delivery,225.07,Approved
RET002799,ORD049785,PROD00060,2025-11-07,1,Wrong Item,47.92,Approved
RET002800,ORD031088,PROD00480,2025-10-20,1,Damaged,120.13,Rejected
RET002801,ORD009523,PROD00207,2026-03-17,4,Late Delivery,100.56,Approved
RET002802,ORD005772,PROD00310,2025-04-14,5,Damaged,484.8,Approved
RET002803,ORD021748,PROD00467,2025-07-25,6,Quality Issue,268.38,Approved
RET002804,ORD030587,PROD00046,2025-04-20,1,Not as Described,38.97,Approved
RET002805,ORD008645,PROD00153,2025-01-31,3,Wrong Item,324.12,Approved
RET002806,ORD040243,PROD00233,2026-02-07,7,Not as Described,892.08,Approved
RET002807,ORD044568,PROD00274,2026-05-03,2,Changed Mind,320.7,Approved
RET002808,ORD044762,PROD00201,2025-11-28,9,Not as Described,856.71,Approved
RET002809,ORD032274,PROD00107,2026-04-23,1,Late Delivery,135.69,Approved
RET002810,ORD030930,PROD00320,2026-07-10,1,Quality Issue,113.14,Pending
RET002811,ORD042493,PROD00051,2026-01-28,3,Wrong Item,169.71,Approved
RET002812,ORD026640,PROD00073,2025-02-10,4,Quality Issue,312.08,Rejected
RET002813,ORD020234,PROD00189,2026-02-20,5,Quality Issue,64.25,Approved
RET002814,ORD018672,PROD00357,2025-08-02,2,Late Delivery,298.0,Approved
RET002815,ORD017713,PROD00032,2025-12-30,5,Late Delivery,168.65,Approved
RET002816,ORD001423,PROD00345,2026-01-07,4,Other,620.2,Approved
RET002817,ORD015428,PROD00016,2025-05-30,1,Not as Described,21.88,Approved
RET002818,ORD024151,PROD00052,2026-01-22,3,Other,147.81,Approved
RET002819,ORD042892,PROD00157,2026-06-23,8,Other,151.36,Approved
RET002820,ORD046339,PROD00410,2026-03-23,3,Other,430.23,Approved
RET002821,ORD016037,PROD00079,2026-05-01,2,Other,93.54,Approved
RET002822,ORD013279,PROD00354,2026-03-07,7,Late Delivery,783.93,Approved
RET002823,ORD028325,PROD00024,2025-12-01,3,Other,278.64,Approved
RET002824,ORD025944,PROD00245,2026-04-04,3,Late Delivery,339.81,Approved
RET002825,ORD006227,PROD00441,2026-05-31,4,Changed Mind,397.08,Approved
RET002826,ORD049973,PROD00226,2025-11-07,1,Late Delivery,145.83,Approved
RET002827,ORD024296,PROD00330,2025-11-11,8,Quality Issue,520.0,Approved
RET002828,ORD041158,PROD00036,2025-06-03,2,Late Delivery,295.18,Approved
RET002829,ORD022141,PROD00282,2025-12-07,2,Other,44.24,Approved
RET002830,ORD010291,PROD00376,2025-06-23,8,Not as Described,872.16,Approved
RET002831,ORD034393,PROD00461,2026-02-27,2,Wrong Item,86.94,Approved
RET002832,ORD015694,PROD00071,2025-09-16,2,Damaged,258.96,Approved
RET002833,ORD046469,PROD00304,2025-12-28,2,Late Delivery,13.2,Approved
RET002834,ORD009362,PROD00017,2025-04-05,9,Not as Described,81.0,Approved
RET002835,ORD027556,PROD00030,2025-06-19,1,Changed Mind,109.72,Approved
RET002836,ORD037837,PROD00281,2025-12-26,9,Other,193.23,Approved
RET002837,ORD030392,PROD00263,2025-06-22,1,Wrong Item,37.05,Approved
RET002838,ORD020612,PROD00191,2025-06-06,1,Damaged,66.42,Approved
RET002839,ORD041047,PROD00134,2025-08-07,1,Changed Mind,17.48,Approved
RET002840,ORD009396,PROD00229,2026-06-21,4,Changed Mind,509.4,Approved
RET002841,ORD016606,PROD00494,2026-07-23,3,Not as Described,464.67,Approved
RET002842,ORD020004,PROD00375,2025-06-15,4,Not as Described,539.84,Approved
RET002843,ORD045407,PROD00480,2025-06-06,9,Changed Mind,1081.17,Approved
RET002844,ORD008991,PROD00492,2026-07-21,5,Damaged,216.9,Approved
RET002845,ORD036702,PROD00192,2025-07-20,1,Changed Mind,7.95,Approved
RET002846,ORD035332,PROD00150,2026-03-14,4,Changed Mind,717.6,Approved
RET002847,ORD023038,PROD00244,2025-05-04,4,Late Delivery,773.04,Approved
RET002848,ORD039914,PROD00257,2026-02-28,1,Damaged,88.99,Approved
RET002849,ORD009663,PROD00475,2025-07-09,4,Wrong Item,109.0,Approved
RET002850,ORD017034,PROD00455,2025-03-09,4,Wrong Item,514.52,Rejected
RET002851,ORD032544,PROD00180,2025-07-15,5,Wrong Item,418.05,Approved
RET002852,ORD045029,PROD00117,2025-10-28,3,Wrong Item,457.17,Approved
RET002853,ORD042771,PROD00144,2025-06-02,2,Quality Issue,224.1,Approved
RET002854,ORD040575,PROD00030,2025-06-13,1,Other,109.72,Approved
RET002855,ORD041748,PROD00127,2025-03-14,2,Changed Mind,201.26,Approved
RET002856,ORD005320,PROD00427,2026-05-23,3,Late Delivery,556.26,Approved
RET002857,ORD044967,PROD00039,2026-05-23,6,Damaged,765.12,Approved
RET002858,ORD000373,PROD00069,2026-02-20,2,Late Delivery,265.18,Approved
RET002859,ORD022700,PROD00139,2025-07-28,2,Not as Described,78.2,Approved
RET002860,ORD001628,PROD00019,2026-07-20,2,Other,175.02,Approved
RET002861,ORD017914,PROD00469,2025-06-08,3,Quality Issue,168.3,Approved
RET002862,ORD011953,PROD00109,2026-04-18,5,Wrong Item,545.7,Pending
RET002863,ORD049309,PROD00164,2025-11-06,1,Changed Mind,138.75,Approved
RET002864,ORD011509,PROD00425,2025-08-17,1,Not as Described,188.92,Pending
RET002865,ORD019230,PROD00308,2025-05-19,2,Wrong Item,17.22,Approved
RET002866,ORD043674,PROD00370,2025-05-18,8,Late Delivery,138.72,Approved
RET002867,ORD032916,PROD00257,2025-05-06,1,Other,88.99,Approved
RET002868,ORD046163,PROD00161,2025-06-23,6,Other,871.32,Pending
RET002869,ORD039785,PROD00341,2025-08-22,5,Changed Mind,569.3,Approved
RET002870,ORD008081,PROD00087,2026-03-06,5,Not as Described,622.7,Approved
RET002871,ORD006257,PROD00032,2025-03-18,1,Quality Issue,33.73,Approved
RET002872,ORD026080,PROD00181,2025-07-06,5,Wrong Item,592.1,Approved
RET002873,ORD023321,PROD00415,2026-04-01,5,Changed Mind,875.85,Approved
RET002874,ORD011462,PROD00427,2025-08-23,2,Other,370.84,Approved
RET002875,ORD045048,PROD00491,2025-02-28,3,Quality Issue,232.89,Approved
RET002876,ORD007405,PROD00395,2025-09-03,4,Damaged,326.2,Rejected
RET002877,ORD013215,PROD00209,2026-07-04,1,Wrong Item,67.02,Pending
RET002878,ORD002572,PROD00034,2025-11-14,3,Other,18.93,Approved
RET002879,ORD030360,PROD00009,2025-04-11,1,Damaged,103.24,Rejected
RET002880,ORD013076,PROD00115,2025-02-22,1,Changed Mind,182.52,Rejected
RET002881,ORD027079,PROD00033,2025-09-09,1,Late Delivery,200.11,Approved
RET002882,ORD039577,PROD00264,2026-01-22,1,Other,146.79,Approved
RET002883,ORD009738,PROD00027,2025-12-11,2,Changed Mind,126.1,Approved
RET002884,ORD040174,PROD00421,2025-10-16,1,Damaged,12.63,Approved
RET002885,ORD009933,PROD00078,2025-10-28,3,Damaged,75.3,Approved
RET002886,ORD036440,PROD00157,2026-04-30,2,Quality Issue,37.84,Approved
RET002887,ORD003915,PROD00333,2025-10-29,1,Other,160.55,Approved
RET002888,ORD025895,PROD00232,2025-07-05,1,Quality Issue,126.25,Approved
RET002889,ORD012359,PROD00067,2025-11-03,2,Wrong Item,295.8,Approved
RET002890,ORD030030,PROD00144,2026-07-16,3,Damaged,336.15,Approved
RET002891,ORD025356,PROD00330,2025-02-15,1,Changed Mind,65.0,Approved
RET002892,ORD037221,PROD00133,2026-05-19,2,Not as Described,31.46,Approved
RET002893,ORD018004,PROD00159,2025-08-27,1,Late Delivery,41.1,Rejected
RET002894,ORD031982,PROD00073,2026-04-18,9,Quality Issue,702.18,Approved
RET002895,ORD040737,PROD00060,2026-02-13,1,Damaged,47.92,Pending
RET002896,ORD001534,PROD00139,2026-04-12,2,Quality Issue,78.2,Approved
RET002897,ORD007131,PROD00186,2025-06-29,2,Wrong Item,315.28,Approved
RET002898,ORD031902,PROD00132,2025-10-19,4,Damaged,592.56,Approved
RET002899,ORD037009,PROD00194,2026-02-17,1,Wrong Item,141.52,Approved
RET002900,ORD022657,PROD00120,2025-02-16,3,Other,561.78,Approved
RET002901,ORD021407,PROD00194,2025-07-22,2,Late Delivery,283.04,Approved
RET002902,ORD012198,PROD00233,2025-10-16,7,Other,892.08,Approved
RET002903,ORD043616,PROD00259,2025-10-18,2,Wrong Item,342.64,Approved
RET002904,ORD029910,PROD00029,2026-03-29,4,Not as Described,315.04,Pending
RET002905,ORD037504,PROD00462,2026-05-31,2,Quality Issue,341.7,Rejected
RET002906,ORD043832,PROD00054,2025-03-22,2,Changed Mind,451.74,Approved
RET002907,ORD025953,PROD00394,2025-08-05,3,Changed Mind,426.54,Approved
RET002908,ORD024096,PROD00036,2025-09-05,1,Changed Mind,147.59,Approved
RET002909,ORD007681,PROD00467,2025-04-21,8,Quality Issue,357.84,Approved
RET002910,ORD017795,PROD00079,2026-01-14,1,Quality Issue,46.77,Approved
RET002911,ORD036298,PROD00061,2026-04-12,8,Changed Mind,1532.16,Pending
RET002912,ORD015110,PROD00214,2026-04-14,3,Not as Described,305.73,Approved
RET002913,ORD045459,PROD00347,2025-03-09,1,Damaged,81.51,Approved
RET002914,ORD001234,PROD00396,2025-03-21,1,Other,104.24,Approved
RET002915,ORD040035,PROD00461,2025-05-20,1,Quality Issue,43.47,Approved
RET002916,ORD047613,PROD00184,2025-12-23,3,Changed Mind,418.23,Approved
RET002917,ORD048031,PROD00400,2026-02-09,1,Late Delivery,85.71,Approved
RET002918,ORD013084,PROD00374,2026-05-02,3,Late Delivery,40.56,Approved
RET002919,ORD033861,PROD00080,2025-05-31,4,Changed Mind,253.36,Approved
RET002920,ORD022764,PROD00219,2025-06-21,3,Damaged,183.54,Approved
RET002921,ORD010404,PROD00448,2025-12-22,2,Late Delivery,78.12,Approved
RET002922,ORD007834,PROD00483,2026-05-02,3,Not as Described,300.12,Approved
RET002923,ORD021652,PROD00273,2026-01-20,9,Not as Described,622.62,Approved
RET002924,ORD036489,PROD00125,2026-05-09,3,Not as Described,271.71,Approved
RET002925,ORD038281,PROD00283,2026-06-02,5,Other,420.25,Approved
RET002926,ORD032839,PROD00229,2026-04-16,1,Wrong Item,127.35,Approved
RET002927,ORD026405,PROD00381,2026-05-17,2,Quality Issue,139.66,Approved
RET002928,ORD040276,PROD00062,2026-06-01,3,Damaged,11.76,Approved
RET002929,ORD047347,PROD00148,2026-06-22,2,Quality Issue,126.04,Approved
RET002930,ORD010787,PROD00209,2026-04-17,2,Not as Described,134.04,Approved
RET002931,ORD047410,PROD00024,2025-11-28,1,Quality Issue,92.88,Approved
RET002932,ORD012617,PROD00450,2026-05-27,10,Damaged,721.7,Approved
RET002933,ORD034384,PROD00075,2025-10-07,2,Late Delivery,78.08,Pending
RET002934,ORD046657,PROD00031,2025-09-07,4,Quality Issue,106.88,Rejected
RET002935,ORD002735,PROD00306,2025-06-26,6,Wrong Item,1124.52,Approved
RET002936,ORD021949,PROD00133,2025-10-24,1,Not as Described,15.73,Approved
RET002937,ORD047273,PROD00155,2026-02-25,3,Damaged,13.71,Approved
RET002938,ORD003264,PROD00282,2025-11-22,4,Wrong Item,88.48,Approved
RET002939,ORD002475,PROD00073,2026-04-03,2,Not as Described,156.04,Pending
RET002940,ORD027819,PROD00306,2025-07-16,1,Wrong Item,187.42,Approved
RET002941,ORD028406,PROD00441,2026-07-21,7,Other,694.89,Approved
RET002942,ORD038807,PROD00410,2026-04-24,5,Not as Described,717.05,Approved
RET002943,ORD048429,PROD00380,2025-02-17,9,Damaged,515.34,Approved
RET002944,ORD029775,PROD00435,2025-08-15,7,Quality Issue,152.25,Approved
RET002945,ORD028029,PROD00370,2026-02-19,2,Late Delivery,34.68,Approved
RET002946,ORD006689,PROD00486,2025-12-25,1,Changed Mind,126.69,Approved
RET002947,ORD017009,PROD00130,2025-06-08,6,Wrong Item,474.66,Approved
RET002948,ORD033423,PROD00311,2025-10-18,1,Late Delivery,34.71,Pending
RET002949,ORD031413,PROD00398,2025-04-15,4,Wrong Item,618.84,Approved
RET002950,ORD011604,PROD00275,2025-12-12,1,Quality Issue,61.49,Approved
RET002951,ORD005555,PROD00251,2025-12-23,1,Late Delivery,142.85,Approved
RET002952,ORD033579,PROD00067,2025-06-01,3,Other,443.7,Approved
RET002953,ORD011505,PROD00084,2025-09-30,7,Other,344.47,Approved
RET002954,ORD013067,PROD00380,2025-08-19,5,Not as Described,286.3,Approved
RET002955,ORD026051,PROD00087,2025-04-22,1,Damaged,124.54,Approved
RET002956,ORD011458,PROD00053,2025-09-29,2,Late Delivery,22.98,Pending
RET002957,ORD045319,PROD00081,2026-03-06,2,Not as Described,255.66,Approved
RET002958,ORD019884,PROD00245,2025-04-08,1,Other,113.27,Approved
RET002959,ORD002005,PROD00319,2025-05-20,2,Late Delivery,63.72,Rejected
RET002960,ORD008164,PROD00401,2025-12-25,3,Changed Mind,327.18,Approved
RET002961,ORD000407,PROD00364,2025-03-19,1,Other,111.91,Approved
RET002962,ORD038415,PROD00170,2025-02-16,8,Late Delivery,1644.08,Rejected
RET002963,ORD025897,PROD00181,2025-11-23,1,Not as Described,118.42,Approved
RET002964,ORD047790,PROD00165,2026-04-01,2,Other,22.1,Approved
RET002965,ORD014492,PROD00284,2025-08-21,5,Wrong Item,339.0,Approved
RET002966,ORD015204,PROD00226,2025-07-20,8,Other,1166.64,Approved
RET002967,ORD008991,PROD00063,2025-05-22,3,Other,374.55,Approved
RET002968,ORD043454,PROD00041,2025-08-26,4,Damaged,75.28,Approved
RET002969,ORD041511,PROD00261,2025-11-28,2,Late Delivery,281.5,Pending
RET002970,ORD014563,PROD00230,2025-02-25,5,Damaged,224.15,Rejected
RET002971,ORD012461,PROD00426,2025-10-08,3,Changed Mind,339.78,Approved
RET002972,ORD039314,PROD00451,2025-04-18,10,Late Delivery,1101.0,Approved
RET002973,ORD000857,PROD00154,2025-11-28,4,Damaged,317.52,Pending
RET002974,ORD021888,PROD00107,2025-12-08,3,Quality Issue,407.07,Approved
RET002975,ORD017715,PROD00466,2025-03-19,4,Quality Issue,221.84,Approved
RET002976,ORD034360,PROD00491,2025-05-31,2,Late Delivery,155.26,Approved
RET002977,ORD017241,PROD00241,2025-08-07,8,Not as Described,1080.0,Approved
RET002978,ORD029322,PROD00105,2026-04-27,4,Not as Described,400.16,Approved
RET002979,ORD044040,PROD00204,2025-05-04,1,Damaged,152.4,Approved
RET002980,ORD014662,PROD00423,2025-05-15,4,Not as Described,231.8,Approved
RET002981,ORD040228,PROD00001,2025-05-12,3,Changed Mind,371.19,Approved
RET002982,ORD022416,PROD00410,2025-08-19,3,Changed Mind,430.23,Approved
RET002983,ORD010716,PROD00048,2026-06-20,1,Wrong Item,151.5,Approved
RET002984,ORD038163,PROD00464,2026-01-24,6,Changed Mind,672.24,Approved
RET002985,ORD026159,PROD00217,2026-03-13,1,Damaged,127.42,Approved
RET002986,ORD008681,PROD00262,2026-02-16,1,Not as Described,73.53,Approved
RET002987,ORD015696,PROD00222,2025-04-17,4,Late Delivery,218.0,Approved
RET002988,ORD048022,PROD00398,2025-02-16,1,Other,154.71,Pending
RET002989,ORD006003,PROD00475,2025-12-12,5,Damaged,136.25,Approved
RET002990,ORD027041,PROD00172,2025-04-27,1,Not as Described,40.55,Approved
RET002991,ORD010365,PROD00085,2025-11-08,1,Changed Mind,141.61,Approved
RET002992,ORD038868,PROD00348,2025-11-07,1,Wrong Item,97.88,Approved
RET002993,ORD045450,PROD00077,2026-02-27,4,Other,279.08,Approved
RET002994,ORD015304,PROD00170,2025-11-10,7,Other,1438.57,Approved
RET002995,ORD022222,PROD00269,2025-02-06,1,Not as Described,153.48,Approved
RET002996,ORD009340,PROD00281,2026-02-09,1,Not as Described,21.47,Approved
RET002997,ORD027352,PROD00352,2026-07-12,2,Damaged,158.62,Approved
RET002998,ORD039223,PROD00235,2025-11-30,2,Quality Issue,199.52,Approved
RET002999,ORD041469,PROD00400,2025-09-07,2,Wrong Item,171.42,Approved
RET003000,ORD017218,PROD00128,2026-01-13,1,Wrong Item,207.41,Approved
RET003001,ORD024879,PROD00470,2025-11-24,1,Changed Mind,133.08,Approved
RET003002,ORD013054,PROD00346,2026-05-05,2,Changed Mind,416.3,Rejected
RET003003,ORD046280,PROD00482,2025-02-15,3,Not as Described,566.37,Approved
RET003004,ORD019262,PROD00420,2026-04-29,2,Not as Described,217.02,Approved
RET003005,ORD035338,PROD00035,2026-04-22,3,Wrong Item,154.53,Approved
RET003006,ORD010777,PROD00424,2026-03-17,8,Late Delivery,1259.52,Pending
RET003007,ORD018367,PROD00464,2026-05-26,1,Quality Issue,112.04,Approved
RET003008,ORD042659,PROD00179,2026-05-09,4,Changed Mind,672.64,Approved
RET003009,ORD042984,PROD00415,2026-01-16,3,Changed Mind,525.51,Approved
RET003010,ORD018353,PROD00306,2025-09-14,8,Wrong Item,1499.36,Approved
RET003011,ORD018144,PROD00474,2026-06-12,1,Wrong Item,60.11,Approved
RET003012,ORD005071,PROD00241,2025-09-18,4,Other,540.0,Approved
RET003013,ORD020793,PROD00426,2026-02-13,1,Changed Mind,113.26,Approved
RET003014,ORD020422,PROD00217,2026-02-25,3,Quality Issue,382.26,Pending
RET003015,ORD009797,PROD00013,2026-04-29,3,Not as Described,130.83,Approved
RET003016,ORD028825,PROD00149,2025-04-20,8,Damaged,1798.64,Approved
RET003017,ORD045435,PROD00225,2026-02-15,1,Changed Mind,107.74,Approved
RET003018,ORD003169,PROD00477,2025-11-01,3,Wrong Item,524.88,Pending
RET003019,ORD045310,PROD00480,2025-02-16,5,Other,600.65,Approved
RET003020,ORD038597,PROD00354,2025-09-16,5,Damaged,559.95,Pending
RET003021,ORD000650,PROD00349,2026-05-18,1,Not as Described,211.86,Approved
RET003022,ORD002649,PROD00199,2025-08-05,4,Changed Mind,330.68,Approved
RET003023,ORD024822,PROD00490,2025-04-26,6,Changed Mind,915.96,Approved
RET003024,ORD009412,PROD00068,2025-05-19,6,Quality Issue,255.36,Approved
RET003025,ORD003729,PROD00258,2025-10-18,1,Quality Issue,56.03,Approved
RET003026,ORD034300,PROD00098,2025-08-12,3,Late Delivery,253.17,Approved
RET003027,ORD022194,PROD00268,2025-11-30,2,Damaged,323.14,Approved
RET003028,ORD019041,PROD00474,2026-02-20,7,Changed Mind,420.77,Approved
RET003029,ORD005400,PROD00135,2025-04-07,2,Late Delivery,131.08,Approved
RET003030,ORD048736,PROD00400,2025-10-25,4,Other,342.84,Approved
RET003031,ORD046802,PROD00354,2026-05-19,1,Wrong Item,111.99,Approved
RET003032,ORD000465,PROD00066,2025-03-20,3,Not as Described,408.87,Approved
RET003033,ORD032588,PROD00247,2026-03-26,1,Other,129.8,Approved
RET003034,ORD004422,PROD00020,2026-01-10,5,Not as Described,379.5,Approved
RET003035,ORD013580,PROD00056,2025-07-06,1,Late Delivery,72.69,Approved
RET003036,ORD046062,PROD00156,2025-12-01,2,Wrong Item,352.38,Rejected
RET003037,ORD034712,PROD00353,2025-10-02,2,Changed Mind,295.98,Pending
RET003038,ORD007525,PROD00273,2025-05-25,3,Damaged,207.54,Approved
RET003039,ORD002383,PROD00453,2026-06-02,4,Not as Described,240.76,Pending
RET003040,ORD030614,PROD00341,2025-04-07,1,Other,113.86,Approved
RET003041,ORD001591,PROD00299,2026-03-01,1,Other,118.42,Approved
RET003042,ORD048558,PROD00190,2026-07-06,2,Wrong Item,149.38,Approved
RET003043,ORD039721,PROD00300,2025-03-02,5,Damaged,678.05,Approved
RET003044,ORD045848,PROD00354,2026-07-14,3,Other,335.97,Approved
RET003045,ORD001738,PROD00137,2026-01-14,4,Damaged,102.88,Approved
RET003046,ORD027172,PROD00079,2025-12-21,7,Quality Issue,327.39,Approved
RET003047,ORD048902,PROD00309,2026-03-27,2,Quality Issue,88.44,Approved
RET003048,ORD018408,PROD00406,2026-06-15,6,Late Delivery,355.14,Approved
RET003049,ORD026476,PROD00273,2025-04-15,2,Not as Described,138.36,Approved
RET003050,ORD042651,PROD00354,2025-08-02,2,Damaged,223.98,Approved
RET003051,ORD040941,PROD00047,2025-07-03,1,Not as Described,116.15,Approved
RET003052,ORD021612,PROD00081,2025-06-01,1,Damaged,127.83,Approved
RET003053,ORD006125,PROD00281,2025-09-02,1,Changed Mind,21.47,Approved
RET003054,ORD027694,PROD00024,2026-05-23,9,Not as Described,835.92,Approved
RET003055,ORD040072,PROD00119,2025-06-26,7,Wrong Item,164.01,Approved
RET003056,ORD007618,PROD00494,2026-03-06,2,Changed Mind,309.78,Approved
RET003057,ORD044636,PROD00355,2025-05-15,1,Changed Mind,89.74,Approved
RET003058,ORD027665,PROD00161,2026-01-23,8,Other,1161.76,Approved
RET003059,ORD028344,PROD00431,2026-07-23,3,Wrong Item,201.39,Approved
RET003060,ORD001634,PROD00137,2025-10-21,4,Damaged,102.88,Approved
RET003061,ORD009919,PROD00082,2025-07-09,1,Not as Described,138.63,Approved
RET003062,ORD012647,PROD00468,2025-11-26,3,Not as Described,488.1,Approved
RET003063,ORD017115,PROD00098,2025-08-01,2,Damaged,168.78,Approved
RET003064,ORD044734,PROD00328,2025-04-09,2,Other,150.2,Approved
RET003065,ORD001728,PROD00484,2025-10-05,1,Late Delivery,6.36,Approved
RET003066,ORD043332,PROD00003,2026-05-31,2,Wrong Item,273.56,Approved
RET003067,ORD027587,PROD00047,2026-01-17,5,Other,580.75,Rejected
RET003068,ORD025004,PROD00019,2026-06-27,1,Other,87.51,Approved
RET003069,ORD020363,PROD00489,2025-12-26,4,Late Delivery,133.8,Approved
RET003070,ORD039772,PROD00059,2025-09-07,1,Wrong Item,40.5,Approved
RET003071,ORD004092,PROD00368,2025-11-19,4,Other,39.84,Approved
RET003072,ORD031908,PROD00444,2026-03-10,2,Wrong Item,436.74,Approved
RET003073,ORD003904,PROD00172,2026-02-24,1,Wrong Item,40.55,Pending
RET003074,ORD013802,PROD00217,2026-01-18,2,Not as Described,254.84,Approved
RET003075,ORD049499,PROD00090,2026-05-31,5,Damaged,626.45,Pending
RET003076,ORD033332,PROD00046,2025-04-27,1,Not as Described,38.97,Approved
RET003077,ORD036441,PROD00381,2025-08-13,1,Late Delivery,69.83,Approved
RET003078,ORD042297,PROD00423,2026-06-27,2,Wrong Item,115.9,Approved
RET003079,ORD034460,PROD00188,2025-04-14,9,Damaged,1588.32,Approved
RET003080,ORD010276,PROD00433,2025-04-28,8,Other,904.64,Rejected
RET003081,ORD020152,PROD00088,2026-02-15,4,Quality Issue,124.84,Rejected
RET003082,ORD038022,PROD00406,2025-07-15,1,Late Delivery,59.19,Approved
RET003083,ORD039361,PROD00243,2025-05-03,1,Changed Mind,128.52,Approved
RET003084,ORD017119,PROD00467,2025-08-18,1,Quality Issue,44.73,Approved
RET003085,ORD019714,PROD00010,2025-03-19,7,Damaged,298.27,Approved
RET003086,ORD010052,PROD00384,2026-07-17,1,Other,66.17,Approved
RET003087,ORD035480,PROD00236,2026-03-18,4,Damaged,481.76,Approved
RET003088,ORD043124,PROD00382,2025-10-14,6,Other,654.24,Approved
RET003089,ORD021001,PROD00019,2025-09-14,3,Wrong Item,262.53,Approved
RET003090,ORD045913,PROD00134,2025-02-15,1,Late Delivery,17.48,Approved
RET003091,ORD006080,PROD00377,2026-03-08,1,Quality Issue,44.3,Approved
RET003092,ORD035688,PROD00349,2026-03-27,4,Damaged,847.44,Rejected
RET003093,ORD042220,PROD00186,2026-06-07,10,Quality Issue,1576.4,Approved
RET003094,ORD000593,PROD00332,2026-06-29,3,Wrong Item,167.49,Approved
RET003095,ORD030411,PROD00012,2025-06-10,2,Changed Mind,205.84,Approved
RET003096,ORD018665,PROD00283,2026-05-08,1,Changed Mind,84.05,Approved
RET003097,ORD017064,PROD00138,2026-04-03,2,Late Delivery,319.22,Approved
RET003098,ORD021167,PROD00009,2026-03-30,1,Wrong Item,103.24,Approved
RET003099,ORD006449,PROD00329,2026-06-08,1,Damaged,14.81,Approved
RET003100,ORD011078,PROD00143,2026-01-30,4,Late Delivery,336.4,Approved
RET003101,ORD041507,PROD00153,2026-07-13,1,Damaged,108.04,Approved
RET003102,ORD048658,PROD00349,2025-10-05,1,Damaged,211.86,Approved
RET003103,ORD025927,PROD00375,2026-04-24,3,Quality Issue,404.88,Rejected
RET003104,ORD028413,PROD00111,2026-04-16,6,Quality Issue,794.82,Approved
RET003105,ORD000364,PROD00051,2025-10-17,2,Quality Issue,113.14,Approved
RET003106,ORD036070,PROD00230,2026-04-28,5,Quality Issue,224.15,Pending
RET003107,ORD035545,PROD00371,2025-07-05,1,Wrong Item,90.42,Approved
RET003108,ORD043628,PROD00006,2026-07-11,3,Other,304.08,Approved
RET003109,ORD026165,PROD00139,2025-12-24,2,Other,78.2,Pending
RET003110,ORD026969,PROD00184,2026-03-28,4,Quality Issue,557.64,Approved
RET003111,ORD018997,PROD00288,2026-03-31,6,Late Delivery,232.5,Approved
RET003112,ORD000658,PROD00443,2026-03-13,2,Damaged,241.3,Approved
RET003113,ORD038297,PROD00486,2026-06-12,8,Damaged,1013.52,Approved
RET003114,ORD007145,PROD00301,2025-09-13,7,Late Delivery,336.21,Approved
RET003115,ORD016623,PROD00192,2025-11-08,7,Wrong Item,55.65,Approved
RET003116,ORD023902,PROD00436,2026-01-13,3,Damaged,118.17,Approved
RET003117,ORD004799,PROD00276,2025-05-14,3,Late Delivery,595.71,Pending
RET003118,ORD036259,PROD00336,2025-05-20,2,Wrong Item,280.16,Approved
RET003119,ORD047581,PROD00235,2026-06-07,2,Damaged,199.52,Approved
RET003120,ORD000077,PROD00329,2025-12-30,2,Changed Mind,29.62,Approved
RET003121,ORD031376,PROD00408,2026-05-16,4,Damaged,83.6,Approved
RET003122,ORD016364,PROD00302,2026-05-12,7,Other,986.86,Pending
RET003123,ORD021386,PROD00110,2025-03-10,6,Other,418.5,Approved
RET003124,ORD025885,PROD00106,2025-11-28,5,Quality Issue,232.8,Approved
RET003125,ORD034320,PROD00333,2026-04-28,2,Not as Described,321.1,Approved
RET003126,ORD021295,PROD00180,2026-02-19,1,Other,83.61,Approved
RET003127,ORD006601,PROD00061,2025-12-28,3,Wrong Item,574.56,Approved
RET003128,ORD042190,PROD00009,2026-04-28,1,Not as Described,103.24,Pending
RET003129,ORD030879,PROD00066,2025-04-11,2,Quality Issue,272.58,Approved
RET003130,ORD039958,PROD00385,2025-03-30,2,Not as Described,211.74,Approved
RET003131,ORD014430,PROD00255,2025-08-05,3,Quality Issue,224.64,Approved
RET003132,ORD015256,PROD00392,2025-12-04,6,Damaged,515.46,Approved
RET003133,ORD005318,PROD00317,2026-04-09,2,Late Delivery,314.1,Approved
RET003134,ORD006565,PROD00366,2025-04-05,1,Damaged,85.85,Approved
RET003135,ORD036300,PROD00245,2025-02-26,1,Late Delivery,113.27,Pending
RET003136,ORD034080,PROD00199,2026-07-02,2,Wrong Item,165.34,Approved
RET003137,ORD016069,PROD00181,2025-03-26,3,Wrong Item,355.26,Approved
RET003138,ORD006606,PROD00482,2025-10-05,8,Wrong Item,1510.32,Approved
RET003139,ORD009758,PROD00064,2025-05-16,7,Changed Mind,773.01,Approved
RET003140,ORD028026,PROD00127,2026-07-01,1,Damaged,100.63,Approved
RET003141,ORD046571,PROD00034,2025-09-05,5,Late Delivery,31.55,Pending
RET003142,ORD024700,PROD00145,2025-12-09,4,Not as Described,316.16,Approved
RET003143,ORD000610,PROD00411,2025-10-23,1,Wrong Item,151.02,Approved
RET003144,ORD042556,PROD00266,2025-03-09,1,Changed Mind,197.62,Approved
RET003145,ORD043053,PROD00490,2025-10-16,4,Changed Mind,610.64,Approved
RET003146,ORD014131,PROD00034,2025-08-30,4,Wrong Item,25.24,Approved
RET003147,ORD017889,PROD00469,2026-02-11,3,Changed Mind,168.3,Approved
RET003148,ORD038707,PROD00411,2025-04-29,3,Quality Issue,453.06,Approved
RET003149,ORD022786,PROD00222,2026-06-20,3,Changed Mind,163.5,Approved
RET003150,ORD022607,PROD00270,2025-12-05,3,Damaged,362.13,Approved
RET003151,ORD034312,PROD00174,2026-01-04,6,Late Delivery,743.94,Approved
RET003152,ORD034038,PROD00166,2025-05-18,3,Quality Issue,520.77,Approved
RET003153,ORD038418,PROD00119,2025-06-30,3,Damaged,70.29,Approved
RET003154,ORD043197,PROD00190,2026-01-04,2,Other,149.38,Approved
RET003155,ORD022998,PROD00156,2025-06-24,3,Not as Described,528.57,Approved
RET003156,ORD024637,PROD00471,2025-05-30,3,Other,76.65,Approved
RET003157,ORD012043,PROD00481,2026-06-09,1,Wrong Item,147.51,Approved
RET003158,ORD000499,PROD00412,2026-01-28,1,Changed Mind,159.04,Approved
RET003159,ORD017095,PROD00272,2025-07-16,10,Changed Mind,1754.8,Approved
RET003160,ORD023851,PROD00088,2026-07-23,1,Changed Mind,31.21,Approved
RET003161,ORD000019,PROD00480,2026-01-30,6,Quality Issue,720.78,Approved
RET003162,ORD038834,PROD00212,2026-03-23,1,Other,37.98,Approved
RET003163,ORD006157,PROD00022,2025-08-17,3,Other,417.21,Approved
RET003164,ORD045987,PROD00494,2026-01-12,4,Wrong Item,619.56,Approved
RET003165,ORD045052,PROD00420,2025-08-18,4,Not as Described,434.04,Approved
RET003166,ORD046560,PROD00169,2025-06-11,2,Damaged,362.32,Approved
RET003167,ORD018236,PROD00212,2025-09-27,1,Wrong Item,37.98,Approved
RET003168,ORD011604,PROD00329,2026-06-09,1,Changed Mind,14.81,Pending
RET003169,ORD029166,PROD00207,2025-12-20,2,Damaged,50.28,Approved
RET003170,ORD005272,PROD00300,2025-06-17,3,Damaged,406.83,Approved
RET003171,ORD009711,PROD00231,2025-08-14,2,Quality Issue,58.44,Approved
RET003172,ORD012976,PROD00435,2025-06-26,3,Quality Issue,65.25,Approved
RET003173,ORD012133,PROD00279,2025-12-20,3,Changed Mind,117.12,Pending
RET003174,ORD048511,PROD00482,2026-07-20,1,Damaged,188.79,Approved
RET003175,ORD001819,PROD00119,2026-03-05,1,Not as Described,23.43,Approved
RET003176,ORD037261,PROD00039,2026-03-25,4,Quality Issue,510.08,Approved
RET003177,ORD035269,PROD00232,2026-06-06,3,Late Delivery,378.75,Approved
RET003178,ORD033357,PROD00213,2026-01-02,1,Changed Mind,84.13,Pending
RET003179,ORD018761,PROD00358,2025-04-10,1,Wrong Item,225.39,Approved
RET003180,ORD040620,PROD00102,2025-03-25,1,Other,115.41,Approved
RET003181,ORD014636,PROD00029,2025-09-25,2,Damaged,157.52,Approved
RET003182,ORD025713,PROD00358,2026-03-21,1,Not as Described,225.39,Approved
RET003183,ORD029549,PROD00447,2025-12-10,2,Changed Mind,266.94,Approved
RET003184,ORD007979,PROD00064,2026-02-01,6,Other,662.58,Approved
RET003185,ORD012552,PROD00198,2025-06-07,1,Not as Described,58.82,Approved
RET003186,ORD043216,PROD00102,2026-02-01,2,Wrong Item,230.82,Approved
RET003187,ORD040747,PROD00068,2026-02-17,2,Changed Mind,85.12,Approved
RET003188,ORD038722,PROD00016,2025-07-02,3,Changed Mind,65.64,Approved
RET003189,ORD030014,PROD00050,2025-03-09,1,Damaged,78.89,Rejected
RET003190,ORD005619,PROD00158,2026-06-21,1,Quality Issue,123.92,Approved
RET003191,ORD011285,PROD00364,2025-07-13,1,Wrong Item,111.91,Approved
RET003192,ORD036539,PROD00241,2026-02-19,2,Not as Described,270.0,Approved
RET003193,ORD046203,PROD00028,2025-12-29,2,Damaged,74.18,Approved
RET003194,ORD035757,PROD00449,2026-02-10,2,Not as Described,326.7,Approved
RET003195,ORD042607,PROD00469,2025-08-24,1,Not as Described,56.1,Approved
RET003196,ORD016218,PROD00030,2025-10-28,4,Quality Issue,438.88,Approved
RET003197,ORD006719,PROD00299,2025-09-01,3,Not as Described,355.26,Pending
RET003198,ORD024767,PROD00045,2026-06-24,4,Wrong Item,874.2,Approved
RET003199,ORD043112,PROD00040,2025-06-20,7,Quality Issue,1077.65,Approved
RET003200,ORD025100,PROD00326,2026-07-20,9,Late Delivery,1508.22,Approved
RET003201,ORD048672,PROD00333,2025-12-23,2,Not as Described,321.1,Pending
RET003202,ORD017130,PROD00185,2025-12-19,4,Quality Issue,170.28,Approved
RET003203,ORD003460,PROD00037,2025-03-26,5,Wrong Item,731.75,Approved
RET003204,ORD039863,PROD00426,2025-09-11,2,Other,226.52,Pending
RET003205,ORD004979,PROD00054,2025-11-29,4,Late Delivery,903.48,Pending
RET003206,ORD026953,PROD00212,2025-04-30,4,Not as Described,151.92,Approved
RET003207,ORD049452,PROD00435,2026-01-12,3,Changed Mind,65.25,Approved
RET003208,ORD028235,PROD00016,2026-03-11,2,Not as Described,43.76,Approved
RET003209,ORD010829,PROD00453,2026-06-25,3,Late Delivery,180.57,Approved
RET003210,ORD028718,PROD00426,2025-12-21,2,Wrong Item,226.52,Pending
RET003211,ORD033232,PROD00215,2026-01-08,1,Wrong Item,52.29,Approved
RET003212,ORD048282,PROD00167,2025-11-01,2,Damaged,363.4,Approved
RET003213,ORD003728,PROD00178,2026-06-20,1,Other,10.77,Approved
RET003214,ORD045395,PROD00349,2026-01-24,1,Damaged,211.86,Approved
RET003215,ORD007197,PROD00301,2025-11-05,4,Damaged,192.12,Approved
RET003216,ORD020846,PROD00159,2026-05-13,5,Not as Described,205.5,Approved
RET003217,ORD035735,PROD00166,2026-04-10,1,Changed Mind,173.59,Approved
RET003218,ORD026005,PROD00498,2025-10-30,1,Not as Described,188.0,Approved
RET003219,ORD032181,PROD00456,2025-05-07,2,Changed Mind,340.54,Approved
RET003220,ORD049086,PROD00254,2026-06-19,2,Wrong Item,70.0,Approved
RET003221,ORD027444,PROD00346,2026-05-20,1,Wrong Item,208.15,Approved
RET003222,ORD002849,PROD00306,2026-01-07,8,Not as Described,1499.36,Approved
RET003223,ORD031906,PROD00367,2025-12-22,1,Other,158.05,Approved
RET003224,ORD046868,PROD00348,2025-07-14,6,Damaged,587.28,Pending
RET003225,ORD025038,PROD00243,2025-05-16,1,Wrong Item,128.52,Pending
RET003226,ORD042274,PROD00362,2026-05-17,1,Other,104.64,Approved
RET003227,ORD005011,PROD00036,2025-02-19,10,Late Delivery,1475.9,Approved
RET003228,ORD009162,PROD00112,2026-03-17,1,Quality Issue,25.43,Approved
RET003229,ORD034875,PROD00347,2026-05-07,3,Changed Mind,244.53,Approved
RET003230,ORD023609,PROD00262,2025-06-19,9,Late Delivery,661.77,Approved
RET003231,ORD003453,PROD00341,2026-06-04,3,Not as Described,341.58,Approved
RET003232,ORD004037,PROD00332,2025-12-16,5,Late Delivery,279.15,Approved
RET003233,ORD026998,PROD00258,2025-03-12,1,Not as Described,56.03,Approved
RET003234,ORD007801,PROD00333,2025-12-29,1,Wrong Item,160.55,Pending
RET003235,ORD035621,PROD00372,2025-06-02,2,Quality Issue,186.66,Approved
RET003236,ORD045056,PROD00302,2026-07-09,5,Other,704.9,Approved
RET003237,ORD002463,PROD00277,2026-04-27,1,Not as Described,28.79,Approved
RET003238,ORD016097,PROD00153,2026-02-06,2,Damaged,216.08,Approved
RET003239,ORD010169,PROD00085,2025-05-02,1,Changed Mind,141.61,Approved
RET003240,ORD021653,PROD00260,2025-08-26,1,Wrong Item,231.06,Pending
RET003241,ORD014647,PROD00222,2025-06-29,4,Damaged,218.0,Approved
RET003242,ORD010733,PROD00238,2026-06-12,4,Damaged,619.76,Pending
RET003243,ORD001312,PROD00394,2025-11-14,1,Changed Mind,142.18,Approved
RET003244,ORD003834,PROD00285,2025-04-07,6,Changed Mind,962.88,Approved
RET003245,ORD032930,PROD00364,2025-04-30,1,Quality Issue,111.91,Approved
RET003246,ORD004338,PROD00188,2026-05-07,9,Damaged,1588.32,Approved
RET003247,ORD023477,PROD00154,2025-06-05,3,Changed Mind,238.14,Approved
RET003248,ORD037827,PROD00303,2025-12-17,4,Wrong Item,779.2,Pending
RET003249,ORD029723,PROD00161,2025-06-30,5,Changed Mind,726.1,Approved
RET003250,ORD018063,PROD00189,2026-01-21,5,Late Delivery,64.25,Approved
RET003251,ORD010306,PROD00092,2025-11-18,6,Quality Issue,545.22,Approved
RET003252,ORD017288,PROD00101,2025-06-22,7,Damaged,1222.06,Approved
RET003253,ORD031248,PROD00084,2025-01-31,1,Damaged,49.21,Approved
RET003254,ORD009924,PROD00248,2025-12-03,5,Not as Described,101.3,Approved
RET003255,ORD049541,PROD00084,2025-12-18,3,Quality Issue,147.63,Approved
RET003256,ORD036303,PROD00339,2025-08-10,3,Not as Described,560.46,Approved
RET003257,ORD014051,PROD00253,2025-07-01,4,Changed Mind,76.76,Approved
RET003258,ORD009085,PROD00251,2025-05-08,1,Wrong Item,142.85,Approved
RET003259,ORD048953,PROD00368,2025-09-20,2,Damaged,19.92,Approved
RET003260,ORD029541,PROD00454,2026-02-16,1,Other,123.09,Approved
RET003261,ORD021339,PROD00102,2025-08-26,2,Wrong Item,230.82,Approved
RET003262,ORD031260,PROD00336,2025-04-09,1,Other,140.08,Approved
RET003263,ORD029377,PROD00404,2025-08-08,8,Other,1257.84,Approved
RET003264,ORD028855,PROD00358,2025-02-26,6,Wrong Item,1352.34,Approved
RET003265,ORD041464,PROD00390,2025-08-07,3,Quality Issue,417.27,Approved
RET003266,ORD019876,PROD00181,2026-02-19,2,Wrong Item,236.84,Approved
RET003267,ORD024518,PROD00106,2025-06-17,4,Not as Described,186.24,Approved
RET003268,ORD046719,PROD00014,2025-11-18,1,Changed Mind,126.15,Approved
RET003269,ORD000481,PROD00098,2025-02-03,5,Other,421.95,Approved
RET003270,ORD044190,PROD00014,2025-03-20,3,Wrong Item,378.45,Approved
RET003271,ORD007666,PROD00434,2026-02-05,1,Changed Mind,148.0,Approved
RET003272,ORD044118,PROD00168,2025-03-29,1,Late Delivery,69.09,Approved
RET003273,ORD030344,PROD00335,2026-06-26,1,Other,186.59,Approved
RET003274,ORD024934,PROD00049,2026-02-15,6,Not as Described,480.36,Pending
RET003275,ORD018115,PROD00007,2026-07-13,2,Wrong Item,443.68,Approved
RET003276,ORD008844,PROD00389,2026-01-11,1,Other,26.16,Approved
RET003277,ORD043859,PROD00026,2026-06-01,5,Other,580.55,Approved
RET003278,ORD027819,PROD00158,2026-06-16,7,Wrong Item,867.44,Approved
RET003279,ORD026953,PROD00481,2025-06-28,2,Quality Issue,295.02,Approved
RET003280,ORD002751,PROD00056,2026-06-24,2,Damaged,145.38,Approved
RET003281,ORD044244,PROD00479,2026-04-14,1,Changed Mind,69.65,Approved
RET003282,ORD002952,PROD00454,2025-07-28,7,Other,861.63,Approved
RET003283,ORD039075,PROD00422,2025-07-16,2,Quality Issue,258.8,Pending
RET003284,ORD045612,PROD00339,2026-01-19,3,Quality Issue,560.46,Approved
RET003285,ORD043796,PROD00140,2025-04-23,9,Changed Mind,1091.7,Approved
RET003286,ORD032167,PROD00044,2026-02-26,1,Damaged,117.86,Approved
RET003287,ORD026637,PROD00112,2025-07-07,1,Changed Mind,25.43,Approved
RET003288,ORD023306,PROD00292,2025-04-07,3,Other,98.82,Approved
RET003289,ORD013647,PROD00240,2025-05-11,9,Damaged,148.68,Approved
RET003290,ORD033361,PROD00442,2025-09-12,5,Changed Mind,637.1,Approved
RET003291,ORD026792,PROD00291,2026-04-27,4,Wrong Item,644.68,Approved
RET003292,ORD043402,PROD00366,2026-01-19,1,Not as Described,85.85,Approved
RET003293,ORD031013,PROD00251,2025-12-15,6,Not as Described,857.1,Approved
RET003294,ORD032112,PROD00249,2025-08-04,1,Late Delivery,190.35,Approved
RET003295,ORD036672,PROD00071,2025-03-11,4,Damaged,517.92,Approved
RET003296,ORD006690,PROD00303,2025-08-02,7,Damaged,1363.6,Approved
RET003297,ORD000972,PROD00488,2025-08-05,6,Other,975.72,Approved
RET003298,ORD001055,PROD00147,2025-09-10,1,Late Delivery,134.22,Approved
RET003299,ORD012401,PROD00298,2025-06-17,4,Quality Issue,644.92,Approved
RET003300,ORD013274,PROD00383,2025-09-05,3,Wrong Item,67.05,Approved
RET003301,ORD012653,PROD00249,2026-05-18,2,Other,380.7,Pending
RET003302,ORD046005,PROD00391,2026-01-28,6,Not as Described,1258.08,Approved
RET003303,ORD038629,PROD00455,2026-02-18,1,Not as Described,128.63,Approved
RET003304,ORD016146,PROD00421,2026-02-10,5,Quality Issue,63.15,Approved
RET003305,ORD043197,PROD00055,2025-09-16,2,Other,90.44,Pending
RET003306,ORD033157,PROD00212,2025-03-24,7,Damaged,265.86,Pending
RET003307,ORD005834,PROD00361,2026-01-01,6,Wrong Item,473.4,Approved
RET003308,ORD013050,PROD00229,2025-09-02,10,Quality Issue,1273.5,Approved
RET003309,ORD047522,PROD00486,2025-10-07,3,Other,380.07,Approved
RET003310,ORD029663,PROD00467,2025-11-16,1,Wrong Item,44.73,Approved
RET003311,ORD028274,PROD00111,2026-01-09,2,Changed Mind,264.94,Approved
RET003312,ORD022979,PROD00187,2025-08-04,5,Late Delivery,77.5,Approved
RET003313,ORD003334,PROD00215,2026-06-04,1,Late Delivery,52.29,Approved
RET003314,ORD023771,PROD00477,2026-07-03,6,Late Delivery,1049.76,Approved
RET003315,ORD002874,PROD00331,2025-03-14,1,Quality Issue,152.79,Approved
RET003316,ORD013730,PROD00285,2026-02-28,1,Not as Described,160.48,Approved
RET003317,ORD043220,PROD00135,2026-07-12,5,Quality Issue,327.7,Approved
RET003318,ORD004498,PROD00427,2026-04-08,3,Wrong Item,556.26,Pending
RET003319,ORD036707,PROD00388,2026-07-02,2,Quality Issue,91.66,Approved
RET003320,ORD039259,PROD00410,2025-12-14,10,Changed Mind,1434.1,Approved
RET003321,ORD037492,PROD00091,2026-04-08,2,Changed Mind,113.78,Pending
RET003322,ORD044223,PROD00241,2025-02-27,1,Late Delivery,135.0,Approved
RET003323,ORD048797,PROD00225,2026-01-03,2,Other,215.48,Approved
RET003324,ORD029483,PROD00212,2026-05-30,7,Damaged,265.86,Approved
RET003325,ORD027240,PROD00017,2026-04-29,4,Not as Described,36.0,Approved
RET003326,ORD016161,PROD00072,2025-04-06,2,Other,63.56,Approved
RET003327,ORD032048,PROD00492,2025-06-20,7,Quality Issue,303.66,Approved
RET003328,ORD003021,PROD00414,2026-07-16,2,Quality Issue,122.42,Approved
RET003329,ORD037445,PROD00305,2025-12-13,6,Damaged,126.96,Pending
RET003330,ORD048798,PROD00091,2025-09-15,1,Late Delivery,56.89,Approved
RET003331,ORD023712,PROD00475,2025-06-23,3,Wrong Item,81.75,Approved
RET003332,ORD030180,PROD00296,2026-06-14,4,Quality Issue,38.28,Approved
RET003333,ORD034616,PROD00041,2025-05-15,2,Quality Issue,37.64,Approved
RET003334,ORD014566,PROD00281,2025-12-25,2,Wrong Item,42.94,Approved
RET003335,ORD009735,PROD00262,2026-03-18,3,Not as Described,220.59,Approved
RET003336,ORD012533,PROD00026,2025-06-21,3,Changed Mind,348.33,Approved
RET003337,ORD033790,PROD00097,2025-12-11,4,Changed Mind,619.4,Approved
RET003338,ORD020265,PROD00154,2026-01-30,1,Other,79.38,Approved
RET003339,ORD019902,PROD00244,2025-12-06,1,Not as Described,193.26,Approved
RET003340,ORD032067,PROD00294,2026-06-02,6,Changed Mind,435.72,Approved
RET003341,ORD021535,PROD00371,2025-03-25,5,Wrong Item,452.1,Approved
RET003342,ORD035790,PROD00472,2025-04-17,1,Damaged,164.89,Approved
RET003343,ORD014915,PROD00477,2025-05-06,5,Other,874.8,Approved
RET003344,ORD044400,PROD00481,2026-04-02,2,Changed Mind,295.02,Approved
RET003345,ORD020337,PROD00046,2025-09-15,2,Late Delivery,77.94,Approved
RET003346,ORD045074,PROD00296,2025-06-19,2,Other,19.14,Approved
RET003347,ORD029786,PROD00235,2025-10-03,1,Not as Described,99.76,Pending
RET003348,ORD017109,PROD00227,2025-08-20,1,Damaged,35.09,Approved
RET003349,ORD019648,PROD00119,2026-06-18,5,Damaged,117.15,Approved
RET003350,ORD037824,PROD00173,2026-07-16,8,Damaged,345.92,Approved
RET003351,ORD030482,PROD00092,2026-06-13,3,Wrong Item,272.61,Approved
RET003352,ORD000270,PROD00312,2025-02-25,3,Not as Described,573.15,Approved
RET003353,ORD029408,PROD00122,2025-05-28,1,Wrong Item,79.1,Approved
RET003354,ORD004069,PROD00375,2025-09-19,5,Wrong Item,674.8,Approved
RET003355,ORD048496,PROD00307,2025-03-01,9,Quality Issue,2015.19,Approved
RET003356,ORD017179,PROD00462,2025-07-20,4,Wrong Item,683.4,Approved
RET003357,ORD039951,PROD00432,2026-04-10,9,Damaged,601.02,Approved
RET003358,ORD008518,PROD00306,2026-07-09,5,Wrong Item,937.1,Approved
RET003359,ORD046021,PROD00094,2026-04-05,5,Other,500.95,Approved
RET003360,ORD037917,PROD00209,2025-10-03,1,Not as Described,67.02,Pending
RET003361,ORD021444,PROD00387,2025-04-25,2,Changed Mind,52.38,Approved
RET003362,ORD037866,PROD00476,2025-10-23,1,Wrong Item,37.98,Approved
RET003363,ORD032828,PROD00148,2026-05-30,4,Quality Issue,252.08,Approved
RET003364,ORD006936,PROD00475,2025-08-21,2,Damaged,54.5,Approved
RET003365,ORD011418,PROD00258,2025-05-25,5,Quality Issue,280.15,Approved
RET003366,ORD007691,PROD00321,2025-08-25,1,Quality Issue,68.71,Approved
RET003367,ORD010997,PROD00336,2025-09-11,1,Quality Issue,140.08,Approved
RET003368,ORD038351,PROD00124,2025-06-07,4,Wrong Item,204.56,Approved
RET003369,ORD009572,PROD00129,2026-05-29,2,Late Delivery,284.62,Approved
RET003370,ORD029168,PROD00333,2025-06-30,4,Damaged,642.2,Approved
RET003371,ORD006327,PROD00265,2026-04-25,1,Changed Mind,207.66,Rejected
RET003372,ORD000830,PROD00213,2025-10-23,1,Quality Issue,84.13,Approved
RET003373,ORD028359,PROD00398,2026-07-12,3,Late Delivery,464.13,Rejected
RET003374,ORD010230,PROD00346,2026-06-11,8,Damaged,1665.2,Approved
RET003375,ORD003099,PROD00269,2025-10-01,1,Late Delivery,153.48,Approved
RET003376,ORD013752,PROD00107,2025-09-27,6,Other,814.14,Approved
RET003377,ORD037123,PROD00020,2025-08-28,4,Damaged,303.6,Approved
RET003378,ORD021601,PROD00235,2025-09-13,1,Wrong Item,99.76,Pending
RET003379,ORD023456,PROD00402,2025-02-27,3,Other,145.8,Approved
RET003380,ORD030555,PROD00108,2025-03-27,2,Quality Issue,179.18,Approved
RET003381,ORD004186,PROD00303,2025-11-11,1,Late Delivery,194.8,Approved
RET003382,ORD032643,PROD00220,2025-07-25,1,Other,70.98,Pending
RET003383,ORD007495,PROD00348,2025-08-17,2,Wrong Item,195.76,Approved
RET003384,ORD030264,PROD00096,2025-05-22,3,Wrong Item,141.57,Approved
RET003385,ORD007628,PROD00091,2025-02-21,5,Changed Mind,284.45,Approved
RET003386,ORD016157,PROD00463,2025-05-01,3,Quality Issue,78.3,Approved
RET003387,ORD042920,PROD00060,2026-03-25,2,Other,95.84,Approved
RET003388,ORD041383,PROD00241,2025-04-03,2,Changed Mind,270.0,Pending
RET003389,ORD047459,PROD00357,2025-09-21,3,Changed Mind,447.0,Approved
RET003390,ORD024338,PROD00324,2025-08-13,4,Damaged,915.2,Approved
RET003391,ORD008283,PROD00284,2025-09-15,3,Other,203.4,Approved
RET003392,ORD035476,PROD00036,2026-01-30,1,Changed Mind,147.59,Approved
RET003393,ORD037938,PROD00106,2025-09-01,1,Damaged,46.56,Approved
RET003394,ORD029755,PROD00338,2025-11-05,2,Not as Described,411.52,Approved
RET003395,ORD004148,PROD00469,2026-04-07,5,Damaged,280.5,Approved
RET003396,ORD023161,PROD00252,2025-09-27,1,Other,35.2,Approved
RET003397,ORD002660,PROD00363,2025-03-07,2,Changed Mind,55.16,Approved
RET003398,ORD021284,PROD00129,2026-02-10,3,Changed Mind,426.93,Approved
RET003399,ORD049277,PROD00135,2025-08-16,3,Damaged,196.62,Approved
RET003400,ORD000456,PROD00238,2025-11-23,5,Damaged,774.7,Approved
RET003401,ORD042778,PROD00344,2025-04-15,3,Not as Described,156.81,Approved
RET003402,ORD046458,PROD00178,2026-07-14,6,Changed Mind,64.62,Pending
RET003403,ORD041050,PROD00366,2025-04-28,1,Late Delivery,85.85,Approved
RET003404,ORD030310,PROD00075,2026-05-10,1,Not as Described,39.04,Approved
RET003405,ORD011853,PROD00230,2025-03-19,5,Other,224.15,Pending
RET003406,ORD024240,PROD00446,2026-01-29,2,Damaged,157.26,Approved
RET003407,ORD022045,PROD00103,2025-08-25,3,Damaged,130.86,Rejected
RET003408,ORD011963,PROD00315,2025-07-24,2,Late Delivery,267.72,Pending
RET003409,ORD003522,PROD00343,2026-03-14,1,Changed Mind,120.4,Approved
RET003410,ORD045047,PROD00143,2025-12-17,1,Other,84.1,Approved
RET003411,ORD044149,PROD00385,2026-04-22,2,Quality Issue,211.74,Approved
RET003412,ORD045627,PROD00107,2025-12-03,1,Quality Issue,135.69,Approved
RET003413,ORD009142,PROD00349,2025-08-06,6,Wrong Item,1271.16,Rejected
RET003414,ORD042459,PROD00392,2025-11-17,10,Damaged,859.1,Approved
RET003415,ORD046031,PROD00386,2026-04-04,2,Other,103.08,Approved
RET003416,ORD004072,PROD00382,2025-09-11,1,Changed Mind,109.04,Approved
RET003417,ORD044479,PROD00114,2025-04-27,8,Not as Described,402.32,Pending
RET003418,ORD006311,PROD00250,2025-09-30,3,Damaged,423.21,Pending
RET003419,ORD023530,PROD00146,2025-05-17,5,Quality Issue,1165.55,Approved
RET003420,ORD021255,PROD00171,2026-06-15,1,Quality Issue,103.74,Approved
RET003421,ORD047375,PROD00372,2025-04-26,1,Changed Mind,93.33,Pending
RET003422,ORD045192,PROD00070,2025-08-03,6,Quality Issue,993.9,Approved
RET003423,ORD027230,PROD00023,2025-06-10,2,Changed Mind,132.2,Approved
RET003424,ORD019942,PROD00384,2025-12-17,7,Damaged,463.19,Approved
RET003425,ORD020862,PROD00500,2026-03-31,4,Damaged,36.64,Approved
RET003426,ORD021666,PROD00082,2026-02-17,5,Wrong Item,693.15,Approved
RET003427,ORD006332,PROD00051,2025-04-15,5,Damaged,282.85,Approved
RET003428,ORD041161,PROD00173,2025-05-31,2,Damaged,86.48,Approved
RET003429,ORD004547,PROD00376,2025-02-19,2,Damaged,218.04,Approved
RET003430,ORD000533,PROD00354,2025-03-11,3,Changed Mind,335.97,Approved
RET003431,ORD040891,PROD00391,2025-09-25,6,Changed Mind,1258.08,Approved
RET003432,ORD048244,PROD00496,2026-03-16,9,Changed Mind,1370.25,Approved
RET003433,ORD010712,PROD00449,2026-05-31,7,Damaged,1143.45,Approved
RET003434,ORD035154,PROD00426,2025-11-12,7,Wrong Item,792.82,Pending
RET003435,ORD023421,PROD00356,2026-06-20,3,Wrong Item,287.52,Approved
RET003436,ORD046592,PROD00381,2025-06-08,2,Not as Described,139.66,Approved
RET003437,ORD044837,PROD00017,2026-01-10,6,Other,54.0,Pending
RET003438,ORD014719,PROD00242,2026-01-04,2,Other,237.5,Approved
RET003439,ORD022296,PROD00146,2025-12-14,3,Other,699.33,Approved
RET003440,ORD007303,PROD00166,2025-02-20,6,Quality Issue,1041.54,Approved
RET003441,ORD001015,PROD00108,2025-03-17,1,Damaged,89.59,Approved
RET003442,ORD022350,PROD00259,2026-07-21,7,Changed Mind,1199.24,Approved
RET003443,ORD020435,PROD00321,2025-10-23,9,Wrong Item,618.39,Rejected
RET003444,ORD040298,PROD00294,2026-02-04,2,Not as Described,145.24,Approved
RET003445,ORD014972,PROD00341,2025-04-07,4,Damaged,455.44,Approved
RET003446,ORD046855,PROD00029,2025-02-22,1,Other,78.76,Approved
RET003447,ORD033246,PROD00245,2025-08-04,4,Changed Mind,453.08,Approved
RET003448,ORD029992,PROD00329,2026-01-24,6,Not as Described,88.86,Approved
RET003449,ORD000512,PROD00349,2025-02-10,3,Changed Mind,635.58,Approved
RET003450,ORD011230,PROD00220,2026-06-28,1,Not as Described,70.98,Approved
RET003451,ORD012928,PROD00032,2026-06-23,1,Late Delivery,33.73,Approved
RET003452,ORD027686,PROD00477,2026-01-20,4,Damaged,699.84,Approved
RET003453,ORD013468,PROD00204,2025-02-18,4,Quality Issue,609.6,Approved
RET003454,ORD034584,PROD00273,2025-10-27,4,Late Delivery,276.72,Approved
RET003455,ORD010937,PROD00329,2025-09-25,6,Not as Described,88.86,Approved
RET003456,ORD040573,PROD00273,2025-09-28,6,Quality Issue,415.08,Pending
RET003457,ORD026089,PROD00460,2025-09-27,1,Late Delivery,157.34,Approved
RET003458,ORD043435,PROD00202,2025-05-14,6,Wrong Item,124.86,Approved
RET003459,ORD032000,PROD00351,2025-05-08,4,Late Delivery,720.28,Approved
RET003460,ORD019640,PROD00412,2025-06-05,2,Changed Mind,318.08,Approved
RET003461,ORD029427,PROD00368,2026-01-30,1,Damaged,9.96,Approved
RET003462,ORD030446,PROD00459,2025-12-31,5,Quality Issue,205.0,Approved
RET003463,ORD049809,PROD00241,2026-06-24,1,Damaged,135.0,Pending
RET003464,ORD006689,PROD00395,2026-01-10,3,Late Delivery,244.65,Approved
RET003465,ORD047682,PROD00403,2025-08-01,3,Damaged,476.07,Approved
RET003466,ORD028980,PROD00030,2025-02-02,4,Other,438.88,Approved
RET003467,ORD044387,PROD00285,2025-07-20,9,Not as Described,1444.32,Approved
RET003468,ORD040468,PROD00251,2026-01-04,3,Damaged,428.55,Approved
RET003469,ORD030916,PROD00079,2026-05-07,3,Quality Issue,140.31,Pending
RET003470,ORD029898,PROD00394,2025-08-30,2,Wrong Item,284.36,Approved
RET003471,ORD043878,PROD00398,2025-12-30,2,Wrong Item,309.42,Approved
RET003472,ORD040582,PROD00479,2025-09-06,4,Late Delivery,278.6,Approved
RET003473,ORD010857,PROD00471,2025-08-16,1,Quality Issue,25.55,Approved
RET003474,ORD001204,PROD00500,2026-06-25,1,Not as Described,9.16,Approved
RET003475,ORD023886,PROD00268,2026-05-28,1,Quality Issue,161.57,Approved
RET003476,ORD049023,PROD00117,2026-02-07,1,Quality Issue,152.39,Approved
RET003477,ORD029870,PROD00422,2026-02-08,4,Other,517.6,Approved
RET003478,ORD022255,PROD00291,2025-03-12,1,Wrong Item,161.17,Approved
RET003479,ORD037970,PROD00181,2025-04-29,1,Damaged,118.42,Approved
RET003480,ORD013809,PROD00029,2025-12-24,3,Not as Described,236.28,Approved
RET003481,ORD012493,PROD00072,2026-06-29,2,Wrong Item,63.56,Approved
RET003482,ORD028045,PROD00113,2025-02-14,5,Wrong Item,505.95,Approved
RET003483,ORD027790,PROD00158,2025-10-22,5,Changed Mind,619.6,Approved
RET003484,ORD008412,PROD00353,2026-06-20,4,Damaged,591.96,Approved
RET003485,ORD017505,PROD00291,2026-01-19,4,Late Delivery,644.68,Approved
RET003486,ORD023341,PROD00404,2025-12-18,3,Late Delivery,471.69,Approved
RET003487,ORD025770,PROD00117,2025-02-05,1,Quality Issue,152.39,Approved
RET003488,ORD029225,PROD00292,2025-07-22,1,Other,32.94,Approved
RET003489,ORD037414,PROD00435,2025-10-27,1,Damaged,21.75,Pending
RET003490,ORD001577,PROD00131,2025-08-31,8,Quality Issue,271.36,Approved
RET003491,ORD006079,PROD00283,2026-02-10,5,Damaged,420.25,Pending
RET003492,ORD029397,PROD00127,2025-10-31,3,Other,301.89,Approved
RET003493,ORD040304,PROD00351,2026-05-08,1,Wrong Item,180.07,Approved
RET003494,ORD032716,PROD00336,2026-01-24,1,Not as Described,140.08,Approved
RET003495,ORD026610,PROD00049,2025-03-09,7,Not as Described,560.42,Rejected
RET003496,ORD023704,PROD00240,2026-06-25,1,Quality Issue,16.52,Approved
RET003497,ORD047467,PROD00422,2025-10-11,2,Quality Issue,258.8,Approved
RET003498,ORD040810,PROD00241,2025-06-23,6,Changed Mind,810.0,Approved
RET003499,ORD036636,PROD00371,2025-04-29,6,Late Delivery,542.52,Approved
RET003500,ORD048905,PROD00106,2025-05-30,2,Late Delivery,93.12,Approved
RET003501,ORD046328,PROD00190,2025-03-03,3,Other,224.07,Approved
RET003502,ORD029640,PROD00053,2025-11-30,5,Other,57.45,Approved
RET003503,ORD043528,PROD00184,2025-12-23,9,Damaged,1254.69,Approved
RET003504,ORD002910,PROD00268,2026-06-09,5,Late Delivery,807.85,Approved
RET003505,ORD046562,PROD00353,2025-03-09,4,Changed Mind,591.96,Approved
RET003506,ORD020970,PROD00356,2026-01-25,2,Other,191.68,Approved
RET003507,ORD042130,PROD00043,2025-12-26,1,Damaged,80.75,Approved
RET003508,ORD046091,PROD00149,2025-11-30,4,Not as Described,899.32,Approved
RET003509,ORD002779,PROD00292,2025-12-13,1,Wrong Item,32.94,Approved
RET003510,ORD046367,PROD00079,2025-05-15,2,Quality Issue,93.54,Pending
RET003511,ORD021861,PROD00323,2026-05-02,5,Other,145.85,Approved
RET003512,ORD017977,PROD00402,2026-07-23,1,Late Delivery,48.6,Approved
RET003513,ORD020787,PROD00375,2025-06-27,2,Other,269.92,Approved
RET003514,ORD044581,PROD00123,2025-05-18,9,Late Delivery,129.15,Pending
RET003515,ORD049644,PROD00099,2026-06-26,3,Other,55.95,Approved
RET003516,ORD014155,PROD00437,2025-05-09,1,Other,91.71,Approved
RET003517,ORD014742,PROD00028,2025-09-27,7,Late Delivery,259.63,Approved
RET003518,ORD048977,PROD00342,2026-06-02,1,Wrong Item,128.8,Approved
RET003519,ORD038103,PROD00144,2025-10-05,1,Changed Mind,112.05,Approved
RET003520,ORD004014,PROD00260,2025-02-14,3,Not as Described,693.18,Approved
RET003521,ORD038915,PROD00349,2025-02-27,7,Late Delivery,1483.02,Approved
RET003522,ORD002485,PROD00373,2025-05-29,1,Quality Issue,66.6,Approved
RET003523,ORD031044,PROD00201,2025-06-02,5,Other,475.95,Approved
RET003524,ORD011875,PROD00080,2025-05-31,6,Wrong Item,380.04,Rejected
RET003525,ORD022216,PROD00394,2026-05-08,9,Damaged,1279.62,Approved
RET003526,ORD039832,PROD00291,2025-10-17,5,Wrong Item,805.85,Approved
RET003527,ORD008058,PROD00055,2025-11-29,7,Changed Mind,316.54,Approved
RET003528,ORD033952,PROD00162,2026-04-11,7,Wrong Item,1575.49,Approved
RET003529,ORD042675,PROD00313,2025-04-26,1,Wrong Item,75.97,Approved
RET003530,ORD046882,PROD00091,2026-07-21,2,Wrong Item,113.78,Approved
RET003531,ORD007341,PROD00352,2025-02-06,6,Wrong Item,475.86,Approved
RET003532,ORD041412,PROD00405,2026-06-27,7,Late Delivery,546.28,Approved
RET003533,ORD041910,PROD00139,2025-06-01,1,Other,39.1,Approved
RET003534,ORD014140,PROD00130,2025-04-03,7,Wrong Item,553.77,Approved
RET003535,ORD040226,PROD00338,2025-03-01,9,Wrong Item,1851.84,Approved
RET003536,ORD034944,PROD00225,2025-07-02,5,Wrong Item,538.7,Approved
RET003537,ORD001489,PROD00063,2026-03-03,4,Late Delivery,499.4,Approved
RET003538,ORD037626,PROD00047,2025-02-27,2,Not as Described,232.3,Approved
RET003539,ORD029356,PROD00059,2025-08-26,2,Changed Mind,81.0,Pending
RET003540,ORD009373,PROD00403,2026-05-17,3,Changed Mind,476.07,Pending
RET003541,ORD010614,PROD00278,2025-12-27,2,Other,44.1,Approved
RET003542,ORD020662,PROD00308,2025-03-29,3,Other,25.83,Pending
RET003543,ORD006643,PROD00391,2025-04-07,4,Damaged,838.72,Rejected
RET003544,ORD003356,PROD00147,2026-01-03,2,Quality Issue,268.44,Approved
RET003545,ORD046207,PROD00297,2025-08-23,1,Damaged,67.05,Approved
RET003546,ORD023947,PROD00450,2026-05-06,1,Other,72.17,Approved
RET003547,ORD022116,PROD00127,2026-04-21,3,Late Delivery,301.89,Approved
RET003548,ORD024573,PROD00243,2025-05-06,2,Damaged,257.04,Approved
RET003549,ORD005868,PROD00333,2026-02-25,2,Other,321.1,Approved
RET003550,ORD002958,PROD00126,2025-02-09,2,Not as Described,337.62,Rejected
RET003551,ORD034780,PROD00428,2025-03-09,5,Changed Mind,391.8,Approved
RET003552,ORD003781,PROD00189,2026-03-10,7,Damaged,89.95,Approved
RET003553,ORD021588,PROD00092,2025-10-21,3,Quality Issue,272.61,Pending
RET003554,ORD048700,PROD00182,2025-07-05,8,Late Delivery,527.76,Approved
RET003555,ORD030835,PROD00124,2026-01-04,2,Changed Mind,102.28,Rejected
RET003556,ORD045900,PROD00413,2025-11-02,1,Not as Described,47.58,Approved
RET003557,ORD001152,PROD00367,2026-06-24,3,Changed Mind,474.15,Approved
RET003558,ORD042292,PROD00178,2025-07-05,1,Wrong Item,10.77,Approved
RET003559,ORD034025,PROD00307,2026-02-04,1,Late Delivery,223.91,Approved
RET003560,ORD036367,PROD00146,2025-12-12,6,Other,1398.66,Approved
RET003561,ORD039387,PROD00126,2026-03-19,3,Not as Described,506.43,Approved
RET003562,ORD041091,PROD00150,2026-05-26,1,Quality Issue,179.4,Approved
RET003563,ORD049381,PROD00396,2026-02-21,5,Damaged,521.2,Pending
RET003564,ORD004227,PROD00358,2025-10-21,1,Changed Mind,225.39,Rejected
RET003565,ORD021807,PROD00033,2026-07-04,6,Quality Issue,1200.66,Approved
RET003566,ORD029527,PROD00197,2025-07-27,3,Late Delivery,415.11,Approved
RET003567,ORD030246,PROD00015,2025-12-12,5,Quality Issue,560.25,Pending
RET003568,ORD017728,PROD00234,2025-04-29,2,Damaged,231.88,Approved
RET003569,ORD039451,PROD00304,2026-01-22,8,Changed Mind,52.8,Approved
RET003570,ORD020617,PROD00441,2026-07-10,4,Not as Described,397.08,Pending
RET003571,ORD040032,PROD00156,2026-01-22,1,Other,176.19,Pending
RET003572,ORD000284,PROD00328,2026-02-13,1,Damaged,75.1,Approved
RET003573,ORD002926,PROD00033,2026-03-31,2,Other,400.22,Approved
RET003574,ORD001101,PROD00294,2025-10-12,2,Quality Issue,145.24,Approved
RET003575,ORD033270,PROD00437,2026-02-02,5,Damaged,458.55,Approved
RET003576,ORD013732,PROD00078,2025-05-15,4,Damaged,100.4,Approved
RET003577,ORD028964,PROD00010,2026-03-17,1,Damaged,42.61,Approved
RET003578,ORD028883,PROD00388,2026-04-08,2,Wrong Item,91.66,Approved
RET003579,ORD010086,PROD00434,2025-09-03,3,Quality Issue,444.0,Approved
RET003580,ORD001843,PROD00148,2026-05-26,2,Changed Mind,126.04,Approved
RET003581,ORD015688,PROD00078,2026-05-27,6,Other,150.6,Pending
RET003582,ORD030915,PROD00042,2025-03-23,1,Other,54.43,Approved
RET003583,ORD047579,PROD00415,2025-09-25,2,Changed Mind,350.34,Approved
RET003584,ORD009717,PROD00313,2025-05-09,1,Damaged,75.97,Approved
RET003585,ORD011478,PROD00206,2026-02-26,4,Late Delivery,146.16,Approved
RET003586,ORD013716,PROD00204,2025-09-11,3,Not as Described,457.2,Approved
RET003587,ORD017434,PROD00499,2026-06-28,2,Changed Mind,221.28,Approved
RET003588,ORD020424,PROD00492,2025-04-15,2,Other,86.76,Rejected
RET003589,ORD047933,PROD00120,2025-07-15,10,Not as Described,1872.6,Pending
RET003590,ORD027073,PROD00165,2025-02-18,3,Quality Issue,33.15,Approved
RET003591,ORD019683,PROD00225,2025-03-31,4,Other,430.96,Approved
RET003592,ORD028433,PROD00134,2025-08-16,1,Other,17.48,Pending
RET003593,ORD039932,PROD00301,2026-05-02,4,Wrong Item,192.12,Approved
RET003594,ORD032656,PROD00269,2026-05-14,1,Not as Described,153.48,Approved
RET003595,ORD043122,PROD00153,2025-11-12,1,Other,108.04,Approved
RET003596,ORD020944,PROD00150,2025-10-12,4,Late Delivery,717.6,Approved
RET003597,ORD008748,PROD00346,2026-07-17,1,Changed Mind,208.15,Approved
RET003598,ORD046218,PROD00290,2025-05-19,2,Not as Described,342.56,Approved
RET003599,ORD007490,PROD00104,2026-03-09,3,Wrong Item,531.75,Approved
RET003600,ORD013270,PROD00381,2025-03-10,1,Other,69.83,Approved
RET003601,ORD005852,PROD00066,2026-05-11,8,Quality Issue,1090.32,Approved
RET003602,ORD038693,PROD00042,2026-04-09,8,Other,435.44,Approved
RET003603,ORD016219,PROD00228,2025-02-14,3,Not as Described,75.81,Approved
RET003604,ORD028087,PROD00485,2025-07-11,3,Other,263.4,Approved
RET003605,ORD000869,PROD00338,2025-12-06,4,Other,823.04,Approved
RET003606,ORD011239,PROD00455,2026-03-06,1,Late Delivery,128.63,Approved
RET003607,ORD015258,PROD00129,2025-06-13,1,Not as Described,142.31,Pending
RET003608,ORD041511,PROD00005,2026-06-04,4,Changed Mind,311.16,Approved
RET003609,ORD023519,PROD00431,2026-02-27,1,Late Delivery,67.13,Pending
RET003610,ORD035402,PROD00297,2026-06-27,3,Late Delivery,201.15,Approved
RET003611,ORD004822,PROD00295,2025-09-09,2,Wrong Item,258.42,Approved
RET003612,ORD041687,PROD00053,2025-09-21,1,Not as Described,11.49,Approved
RET003613,ORD012622,PROD00265,2026-02-12,3,Other,622.98,Approved
RET003614,ORD036470,PROD00026,2025-12-13,1,Damaged,116.11,Approved
RET003615,ORD005168,PROD00114,2026-04-23,2,Damaged,100.58,Approved
RET003616,ORD023110,PROD00385,2025-05-07,9,Damaged,952.83,Approved
RET003617,ORD006076,PROD00088,2025-08-09,1,Changed Mind,31.21,Approved
RET003618,ORD048554,PROD00221,2025-09-07,3,Changed Mind,79.83,Approved
RET003619,ORD045344,PROD00133,2025-04-06,4,Changed Mind,62.92,Approved
RET003620,ORD032746,PROD00147,2026-01-01,1,Wrong Item,134.22,Approved
RET003621,ORD004097,PROD00435,2025-12-31,2,Changed Mind,43.5,Approved
RET003622,ORD039122,PROD00304,2025-05-20,8,Late Delivery,52.8,Approved
RET003623,ORD038902,PROD00345,2025-03-31,2,Late Delivery,310.1,Approved
RET003624,ORD024199,PROD00323,2025-03-19,1,Other,29.17,Approved
RET003625,ORD024662,PROD00114,2025-02-22,6,Not as Described,301.74,Approved
RET003626,ORD037947,PROD00462,2026-06-01,2,Other,341.7,Approved
RET003627,ORD004232,PROD00447,2026-03-25,1,Late Delivery,133.47,Approved
RET003628,ORD016662,PROD00233,2025-04-21,1,Damaged,127.44,Approved
RET003629,ORD004196,PROD00033,2026-06-09,1,Changed Mind,200.11,Approved
RET003630,ORD025713,PROD00238,2025-09-29,2,Damaged,309.88,Pending
RET003631,ORD002619,PROD00350,2026-07-05,2,Late Delivery,197.7,Approved
RET003632,ORD007224,PROD00058,2026-05-20,1,Changed Mind,58.18,Approved
RET003633,ORD047673,PROD00240,2026-03-22,4,Damaged,66.08,Approved
RET003634,ORD012481,PROD00100,2026-02-21,6,Other,898.74,Approved
RET003635,ORD015771,PROD00439,2026-04-24,4,Quality Issue,180.64,Approved
RET003636,ORD029223,PROD00007,2025-06-17,2,Changed Mind,443.68,Approved
RET003637,ORD010844,PROD00013,2025-02-09,1,Damaged,43.61,Approved
RET003638,ORD015607,PROD00259,2025-11-17,6,Late Delivery,1027.92,Approved
RET003639,ORD024767,PROD00132,2025-02-26,5,Quality Issue,740.7,Approved
RET003640,ORD025803,PROD00243,2025-03-19,1,Not as Described,128.52,Approved
RET003641,ORD004895,PROD00342,2025-07-01,3,Other,386.4,Rejected
RET003642,ORD036589,PROD00356,2025-03-10,2,Other,191.68,Approved
RET003643,ORD016305,PROD00357,2025-11-19,1,Quality Issue,149.0,Approved
RET003644,ORD017867,PROD00015,2026-07-13,5,Quality Issue,560.25,Approved
RET003645,ORD019273,PROD00121,2026-02-04,1,Late Delivery,127.34,Approved
RET003646,ORD031648,PROD00463,2026-03-06,5,Other,130.5,Approved
RET003647,ORD021954,PROD00152,2026-05-26,2,Changed Mind,127.36,Approved
RET003648,ORD012129,PROD00087,2026-04-22,2,Wrong Item,249.08,Approved
RET003649,ORD048498,PROD00185,2025-06-14,1,Changed Mind,42.57,Approved
RET003650,ORD005313,PROD00114,2025-03-09,2,Other,100.58,Approved
RET003651,ORD039076,PROD00123,2026-07-06,4,Changed Mind,57.4,Approved
RET003652,ORD001494,PROD00011,2025-06-11,4,Not as Described,586.76,Approved
RET003653,ORD035195,PROD00086,2026-05-11,1,Late Delivery,142.35,Approved
RET003654,ORD004045,PROD00143,2026-02-05,1,Late Delivery,84.1,Pending
RET003655,ORD045129,PROD00407,2026-01-03,2,Late Delivery,27.34,Rejected
RET003656,ORD032105,PROD00050,2025-04-25,2,Quality Issue,157.78,Approved
RET003657,ORD012014,PROD00215,2025-10-13,3,Wrong Item,156.87,Approved
RET003658,ORD020964,PROD00367,2025-04-22,4,Other,632.2,Approved
RET003659,ORD039067,PROD00305,2025-11-19,3,Other,63.48,Approved
RET003660,ORD031981,PROD00217,2026-04-24,1,Quality Issue,127.42,Approved
RET003661,ORD032225,PROD00181,2025-09-10,5,Wrong Item,592.1,Approved
RET003662,ORD037664,PROD00064,2025-03-16,3,Not as Described,331.29,Approved
RET003663,ORD026726,PROD00480,2025-11-01,8,Late Delivery,961.04,Approved
RET003664,ORD018544,PROD00028,2026-03-19,5,Damaged,185.45,Approved
RET003665,ORD003367,PROD00303,2025-06-16,5,Wrong Item,974.0,Approved
RET003666,ORD007621,PROD00322,2025-04-01,5,Not as Described,681.6,Approved
RET003667,ORD014639,PROD00477,2026-01-04,1,Changed Mind,174.96,Approved
RET003668,ORD020024,PROD00197,2026-03-23,1,Other,138.37,Approved
RET003669,ORD035205,PROD00208,2026-07-22,8,Wrong Item,1365.04,Approved
RET003670,ORD038423,PROD00077,2026-05-02,2,Other,139.54,Approved
RET003671,ORD001723,PROD00262,2025-01-31,1,Changed Mind,73.53,Approved
RET003672,ORD012744,PROD00102,2026-01-06,1,Late Delivery,115.41,Approved
RET003673,ORD038948,PROD00278,2025-08-10,1,Wrong Item,22.05,Pending
RET003674,ORD048745,PROD00229,2025-02-28,2,Other,254.7,Approved
RET003675,ORD019170,PROD00390,2026-01-13,1,Other,139.09,Approved
RET003676,ORD015015,PROD00226,2025-07-24,1,Late Delivery,145.83,Pending
RET003677,ORD035766,PROD00420,2026-07-21,3,Late Delivery,325.53,Approved
RET003678,ORD002884,PROD00420,2025-11-14,1,Changed Mind,108.51,Approved
RET003679,ORD003108,PROD00166,2025-09-21,2,Not as Described,347.18,Approved
RET003680,ORD032893,PROD00333,2025-06-19,5,Other,802.75,Approved
RET003681,ORD012368,PROD00359,2025-06-09,5,Wrong Item,1141.55,Rejected
RET003682,ORD040660,PROD00136,2025-08-16,4,Late Delivery,52.64,Approved
RET003683,ORD032994,PROD00311,2025-10-08,2,Quality Issue,69.42,Approved
RET003684,ORD040637,PROD00200,2026-03-19,7,Wrong Item,569.73,Approved
RET003685,ORD019420,PROD00238,2026-03-04,8,Late Delivery,1239.52,Pending
RET003686,ORD042260,PROD00379,2025-11-08,1,Quality Issue,99.09,Approved
RET003687,ORD018197,PROD00042,2025-06-22,3,Damaged,163.29,Approved
RET003688,ORD011388,PROD00218,2026-03-01,1,Not as Described,183.93,Approved
RET003689,ORD036695,PROD00351,2025-07-15,3,Changed Mind,540.21,Approved
RET003690,ORD028447,PROD00417,2025-07-03,3,Damaged,196.92,Pending
RET003691,ORD000182,PROD00373,2025-11-17,1,Wrong Item,66.6,Approved
RET003692,ORD040204,PROD00195,2025-04-22,4,Not as Described,115.24,Approved
RET003693,ORD037103,PROD00329,2025-07-29,2,Quality Issue,29.62,Rejected
RET003694,ORD036572,PROD00170,2025-02-13,3,Damaged,616.53,Approved
RET003695,ORD032932,PROD00049,2025-11-04,2,Quality Issue,160.12,Approved
RET003696,ORD029111,PROD00071,2026-05-05,5,Wrong Item,647.4,Pending
RET003697,ORD022660,PROD00300,2026-04-26,4,Not as Described,542.44,Approved
RET003698,ORD022332,PROD00054,2025-08-15,1,Quality Issue,225.87,Rejected
RET003699,ORD009472,PROD00014,2026-03-17,4,Not as Described,504.6,Pending
RET003700,ORD016169,PROD00108,2025-08-09,3,Damaged,268.77,Approved
RET003701,ORD002001,PROD00113,2025-09-07,2,Quality Issue,202.38,Approved
RET003702,ORD049463,PROD00377,2025-04-02,6,Wrong Item,265.8,Approved
RET003703,ORD005558,PROD00030,2026-05-24,3,Other,329.16,Approved
RET003704,ORD031557,PROD00436,2025-05-20,1,Other,39.39,Approved
RET003705,ORD037867,PROD00496,2026-04-11,2,Late Delivery,304.5,Approved
RET003706,ORD044700,PROD00157,2026-07-16,1,Other,18.92,Approved
RET003707,ORD007966,PROD00154,2025-11-13,2,Quality Issue,158.76,Approved
RET003708,ORD026960,PROD00012,2025-11-09,4,Damaged,411.68,Approved
RET003709,ORD003028,PROD00051,2026-06-10,1,Changed Mind,56.57,Approved
RET003710,ORD031083,PROD00072,2025-10-15,4,Damaged,127.12,Approved
RET003711,ORD020174,PROD00488,2026-03-04,3,Damaged,487.86,Approved
RET003712,ORD029008,PROD00468,2026-04-28,7,Other,1138.9,Approved
RET003713,ORD021508,PROD00344,2026-01-30,2,Quality Issue,104.54,Approved
RET003714,ORD035045,PROD00384,2025-07-26,1,Not as Described,66.17,Pending
RET003715,ORD018724,PROD00104,2025-12-19,1,Other,177.25,Approved
RET003716,ORD015367,PROD00363,2025-04-17,2,Damaged,55.16,Approved
RET003717,ORD026249,PROD00461,2026-05-21,7,Damaged,304.29,Approved
RET003718,ORD003030,PROD00123,2026-06-15,1,Damaged,14.35,Approved
RET003719,ORD045937,PROD00019,2026-04-07,1,Damaged,87.51,Approved
RET003720,ORD005760,PROD00383,2025-04-29,1,Other,22.35,Approved
RET003721,ORD004662,PROD00247,2025-02-06,1,Changed Mind,129.8,Approved
RET003722,ORD016146,PROD00118,2025-03-18,1,Damaged,67.18,Approved
RET003723,ORD018290,PROD00463,2025-06-02,4,Other,104.4,Approved
RET003724,ORD030960,PROD00410,2025-10-27,5,Late Delivery,717.05,Approved
RET003725,ORD023748,PROD00338,2025-10-14,1,Changed Mind,205.76,Approved
RET003726,ORD019882,PROD00314,2025-02-16,2,Quality Issue,108.94,Rejected
RET003727,ORD022476,PROD00344,2026-01-09,4,Damaged,209.08,Rejected
RET003728,ORD048423,PROD00160,2026-02-06,3,Wrong Item,615.42,Rejected
RET003729,ORD041177,PROD00138,2025-07-22,6,Quality Issue,957.66,Approved
RET003730,ORD036672,PROD00294,2026-02-05,1,Late Delivery,72.62,Approved
RET003731,ORD023112,PROD00065,2025-11-25,1,Not as Described,74.29,Approved
RET003732,ORD022059,PROD00456,2026-03-27,1,Not as Described,170.27,Approved
RET003733,ORD026322,PROD00263,2025-09-21,2,Quality Issue,74.1,Pending
RET003734,ORD007079,PROD00438,2025-06-20,2,Wrong Item,75.4,Pending
RET003735,ORD036496,PROD00208,2026-03-19,2,Wrong Item,341.26,Rejected
RET003736,ORD042863,PROD00236,2026-01-29,1,Damaged,120.44,Approved
RET003737,ORD006385,PROD00013,2025-09-21,6,Changed Mind,261.66,Approved
RET003738,ORD004794,PROD00318,2025-09-30,2,Quality Issue,287.58,Approved
RET003739,ORD027832,PROD00036,2025-06-20,2,Late Delivery,295.18,Approved
RET003740,ORD022824,PROD00494,2025-02-09,3,Not as Described,464.67,Approved
RET003741,ORD028854,PROD00428,2026-02-14,1,Changed Mind,78.36,Approved
RET003742,ORD017278,PROD00326,2025-09-16,3,Late Delivery,502.74,Approved
RET003743,ORD048074,PROD00067,2025-04-11,5,Damaged,739.5,Approved
RET003744,ORD039701,PROD00428,2025-07-19,2,Changed Mind,156.72,Approved
RET003745,ORD024550,PROD00207,2026-07-05,5,Not as Described,125.7,Approved
RET003746,ORD028337,PROD00231,2025-12-21,8,Damaged,233.76,Approved
RET003747,ORD014392,PROD00245,2025-03-20,1,Late Delivery,113.27,Pending
RET003748,ORD006457,PROD00346,2025-11-14,2,Changed Mind,416.3,Approved
RET003749,ORD007037,PROD00136,2026-05-05,3,Wrong Item,39.48,Approved
RET003750,ORD025060,PROD00284,2026-03-23,1,Late Delivery,67.8,Approved
RET003751,ORD040712,PROD00264,2025-03-05,1,Wrong Item,146.79,Approved
RET003752,ORD041843,PROD00470,2025-08-25,5,Quality Issue,665.4,Approved
RET003753,ORD044434,PROD00248,2025-12-02,3,Other,60.78,Approved
RET003754,ORD027939,PROD00177,2025-10-10,3,Damaged,503.49,Approved
RET003755,ORD006603,PROD00344,2026-05-28,1,Wrong Item,52.27,Approved
RET003756,ORD038551,PROD00081,2025-12-24,9,Changed Mind,1150.47,Approved
RET003757,ORD000055,PROD00431,2025-02-25,1,Quality Issue,67.13,Approved
RET003758,ORD008722,PROD00480,2026-01-09,6,Quality Issue,720.78,Approved
RET003759,ORD024714,PROD00157,2025-12-21,2,Damaged,37.84,Approved
RET003760,ORD004112,PROD00476,2025-02-25,2,Other,75.96,Approved
RET003761,ORD029253,PROD00493,2026-04-16,1,Late Delivery,98.73,Rejected
RET003762,ORD004820,PROD00472,2025-05-17,5,Changed Mind,824.45,Approved
RET003763,ORD041399,PROD00372,2025-08-22,1,Late Delivery,93.33,Pending
RET003764,ORD039049,PROD00247,2025-10-14,1,Damaged,129.8,Approved
RET003765,ORD013026,PROD00427,2026-04-24,3,Wrong Item,556.26,Approved
RET003766,ORD035879,PROD00103,2025-03-03,1,Other,43.62,Approved
RET003767,ORD002771,PROD00150,2026-04-05,2,Quality Issue,358.8,Approved
RET003768,ORD041363,PROD00475,2026-02-09,7,Not as Described,190.75,Approved
RET003769,ORD047365,PROD00196,2025-09-27,3,Other,370.5,Approved
RET003770,ORD037175,PROD00374,2025-11-04,2,Damaged,27.04,Approved
RET003771,ORD014700,PROD00313,2025-06-04,1,Not as Described,75.97,Pending
RET003772,ORD005726,PROD00199,2025-04-07,1,Other,82.67,Approved
RET003773,ORD040637,PROD00229,2025-04-25,7,Wrong Item,891.45,Approved
RET003774,ORD015271,PROD00037,2026-06-23,2,Changed Mind,292.7,Approved
RET003775,ORD033025,PROD00499,2025-04-21,10,Not as Described,1106.4,Approved
RET003776,ORD048011,PROD00367,2026-05-05,1,Other,158.05,Approved
RET003777,ORD046831,PROD00456,2026-03-19,6,Late Delivery,1021.62,Approved
RET003778,ORD001418,PROD00085,2025-03-06,7,Late Delivery,991.27,Approved
RET003779,ORD040499,PROD00342,2026-07-06,7,Changed Mind,901.6,Approved
RET003780,ORD036458,PROD00482,2025-08-26,2,Wrong Item,377.58,Approved
RET003781,ORD032598,PROD00239,2025-02-23,8,Wrong Item,323.6,Approved
RET003782,ORD049221,PROD00296,2025-12-11,5,Not as Described,47.85,Approved
RET003783,ORD028131,PROD00368,2025-09-21,2,Wrong Item,19.92,Approved
RET003784,ORD041910,PROD00135,2025-12-05,6,Other,393.24,Approved
RET003785,ORD009601,PROD00352,2025-06-01,2,Changed Mind,158.62,Rejected
RET003786,ORD024342,PROD00401,2025-09-16,4,Damaged,436.24,Approved
RET003787,ORD033140,PROD00400,2026-02-28,3,Other,257.13,Approved
RET003788,ORD048873,PROD00409,2026-01-28,4,Late Delivery,217.48,Approved
RET003789,ORD029512,PROD00343,2025-02-12,3,Other,361.2,Pending
RET003790,ORD032584,PROD00064,2025-05-06,1,Wrong Item,110.43,Approved
RET003791,ORD017930,PROD00363,2026-07-15,1,Damaged,27.58,Approved
RET003792,ORD047454,PROD00448,2025-10-15,3,Wrong Item,117.18,Approved
RET003793,ORD033119,PROD00451,2025-04-13,2,Damaged,220.2,Approved
RET003794,ORD029362,PROD00308,2026-03-05,2,Not as Described,17.22,Approved
RET003795,ORD019868,PROD00301,2025-11-24,2,Quality Issue,96.06,Approved
RET003796,ORD004139,PROD00181,2026-04-10,10,Wrong Item,1184.2,Approved
RET003797,ORD011094,PROD00025,2025-08-18,2,Damaged,280.02,Pending
RET003798,ORD033888,PROD00112,2026-05-08,1,Not as Described,25.43,Approved
RET003799,ORD014983,PROD00450,2026-06-20,1,Quality Issue,72.17,Rejected
RET003800,ORD005122,PROD00160,2025-10-13,9,Other,1846.26,Approved
RET003801,ORD038751,PROD00264,2025-04-28,1,Damaged,146.79,Approved
RET003802,ORD006210,PROD00312,2025-08-24,6,Quality Issue,1146.3,Approved
RET003803,ORD039068,PROD00017,2025-05-16,3,Wrong Item,27.0,Pending
RET003804,ORD027170,PROD00099,2026-03-31,2,Other,37.3,Approved
RET003805,ORD000405,PROD00361,2025-10-30,1,Changed Mind,78.9,Pending
RET003806,ORD009879,PROD00170,2025-09-28,5,Quality Issue,1027.55,Approved
RET003807,ORD039916,PROD00074,2026-02-02,7,Quality Issue,261.45,Approved
RET003808,ORD026036,PROD00162,2026-01-12,3,Not as Described,675.21,Approved
RET003809,ORD030930,PROD00043,2025-07-26,6,Changed Mind,484.5,Approved
RET003810,ORD040010,PROD00476,2026-07-22,7,Damaged,265.86,Approved
RET003811,ORD034373,PROD00433,2025-11-07,10,Quality Issue,1130.8,Approved
RET003812,ORD011574,PROD00319,2026-02-21,6,Not as Described,191.16,Approved
RET003813,ORD020384,PROD00312,2025-05-19,1,Late Delivery,191.05,Approved
RET003814,ORD032080,PROD00215,2025-11-06,2,Other,104.58,Approved
RET003815,ORD016347,PROD00346,2025-02-20,3,Other,624.45,Pending
RET003816,ORD032954,PROD00282,2025-03-12,1,Not as Described,22.12,Approved
RET003817,ORD016872,PROD00281,2025-07-03,3,Changed Mind,64.41,Approved
RET003818,ORD008773,PROD00130,2026-03-31,7,Not as Described,553.77,Approved
RET003819,ORD032243,PROD00190,2025-08-10,2,Changed Mind,149.38,Pending
RET003820,ORD042072,PROD00495,2026-06-13,2,Late Delivery,141.42,Approved
RET003821,ORD020209,PROD00314,2026-01-22,1,Quality Issue,54.47,Pending
RET003822,ORD046736,PROD00315,2025-08-25,3,Wrong Item,401.58,Approved
RET003823,ORD009971,PROD00049,2026-05-27,2,Not as Described,160.12,Approved
RET003824,ORD029248,PROD00325,2025-10-31,1,Wrong Item,70.7,Approved
RET003825,ORD003646,PROD00106,2025-03-16,9,Not as Described,419.04,Approved
RET003826,ORD004328,PROD00162,2025-04-09,1,Quality Issue,225.07,Approved
RET003827,ORD020932,PROD00261,2025-05-20,1,Other,140.75,Pending
RET003828,ORD037748,PROD00465,2025-03-11,9,Late Delivery,1313.91,Approved
RET003829,ORD011439,PROD00006,2025-05-21,3,Not as Described,304.08,Approved
RET003830,ORD025667,PROD00056,2025-06-24,1,Damaged,72.69,Approved
RET003831,ORD031185,PROD00405,2026-03-11,1,Not as Described,78.04,Approved
RET003832,ORD019145,PROD00239,2026-01-29,1,Wrong Item,40.45,Approved
RET003833,ORD025100,PROD00159,2026-01-15,2,Other,82.2,Approved
RET003834,ORD029129,PROD00011,2025-07-24,4,Quality Issue,586.76,Approved
RET003835,ORD017044,PROD00021,2025-11-06,1,Late Delivery,43.93,Approved
RET003836,ORD034963,PROD00045,2026-06-25,3,Quality Issue,655.65,Approved
RET003837,ORD035101,PROD00102,2025-10-26,2,Changed Mind,230.82,Approved
RET003838,ORD019822,PROD00455,2025-12-05,1,Not as Described,128.63,Pending
RET003839,ORD044805,PROD00255,2026-05-28,1,Quality Issue,74.88,Approved
RET003840,ORD001977,PROD00377,2025-04-28,1,Other,44.3,Approved
RET003841,ORD025427,PROD00488,2025-12-28,2,Quality Issue,325.24,Approved
RET003842,ORD012762,PROD00051,2026-07-19,1,Changed Mind,56.57,Pending
RET003843,ORD046664,PROD00305,2026-05-03,3,Damaged,63.48,Approved
RET003844,ORD026939,PROD00139,2025-09-16,3,Late Delivery,117.3,Approved
RET003845,ORD035846,PROD00260,2025-07-09,1,Not as Described,231.06,Approved
RET003846,ORD023983,PROD00329,2025-09-17,7,Not as Described,103.67,Approved
RET003847,ORD028583,PROD00409,2025-11-15,2,Changed Mind,108.74,Approved
RET003848,ORD017014,PROD00394,2025-06-21,3,Changed Mind,426.54,Approved
RET003849,ORD048494,PROD00287,2025-04-20,3,Damaged,528.48,Approved
RET003850,ORD034286,PROD00186,2025-10-27,1,Other,157.64,Approved
RET003851,ORD000963,PROD00419,2026-05-27,2,Not as Described,250.04,Approved
RET003852,ORD024926,PROD00199,2025-04-06,1,Not as Described,82.67,Approved
RET003853,ORD015021,PROD00106,2025-04-12,1,Other,46.56,Approved
RET003854,ORD035459,PROD00388,2026-02-28,3,Wrong Item,137.49,Approved
RET003855,ORD042167,PROD00462,2025-05-24,2,Changed Mind,341.7,Approved
RET003856,ORD007994,PROD00008,2025-07-29,9,Damaged,894.87,Rejected
RET003857,ORD035915,PROD00470,2025-09-10,1,Wrong Item,133.08,Approved
RET003858,ORD048801,PROD00215,2025-12-19,10,Damaged,522.9,Approved
RET003859,ORD021991,PROD00443,2025-04-17,4,Wrong Item,482.6,Approved
RET003860,ORD032346,PROD00249,2025-12-21,3,Damaged,571.05,Approved
RET003861,ORD032610,PROD00489,2025-05-04,1,Changed Mind,33.45,Approved
RET003862,ORD032477,PROD00105,2025-09-21,3,Quality Issue,300.12,Approved
RET003863,ORD042115,PROD00058,2026-05-24,2,Other,116.36,Pending
RET003864,ORD048171,PROD00420,2025-07-11,1,Wrong Item,108.51,Approved
RET003865,ORD002395,PROD00479,2025-05-07,2,Not as Described,139.3,Pending
RET003866,ORD030773,PROD00068,2025-06-21,6,Changed Mind,255.36,Approved
RET003867,ORD027582,PROD00180,2025-04-22,1,Other,83.61,Approved
RET003868,ORD040573,PROD00384,2026-01-27,3,Late Delivery,198.51,Approved
RET003869,ORD013207,PROD00406,2025-04-16,2,Not as Described,118.38,Approved
RET003870,ORD029738,PROD00292,2026-03-27,3,Damaged,98.82,Approved
RET003871,ORD027420,PROD00245,2025-06-08,4,Changed Mind,453.08,Pending
RET003872,ORD003755,PROD00049,2025-04-11,2,Not as Described,160.12,Approved
RET003873,ORD003871,PROD00464,2026-05-31,4,Not as Described,448.16,Approved
RET003874,ORD006906,PROD00467,2026-02-28,4,Quality Issue,178.92,Approved
RET003875,ORD021839,PROD00428,2026-01-21,3,Other,235.08,Approved
RET003876,ORD046633,PROD00289,2026-02-01,2,Damaged,31.0,Approved
RET003877,ORD024056,PROD00080,2025-02-14,1,Quality Issue,63.34,Approved
RET003878,ORD035750,PROD00031,2026-06-30,2,Damaged,53.44,Approved
RET003879,ORD028546,PROD00212,2026-07-14,5,Quality Issue,189.9,Approved
RET003880,ORD034037,PROD00451,2026-07-14,5,Damaged,550.5,Approved
RET003881,ORD031434,PROD00149,2025-04-08,2,Changed Mind,449.66,Approved
RET003882,ORD010430,PROD00260,2026-03-23,5,Other,1155.3,Approved
RET003883,ORD005060,PROD00397,2025-04-24,4,Late Delivery,320.76,Approved
RET003884,ORD038766,PROD00298,2025-10-25,1,Not as Described,161.23,Approved
RET003885,ORD011176,PROD00246,2026-01-29,3,Damaged,247.17,Approved
RET003886,ORD044986,PROD00430,2025-09-22,4,Quality Issue,460.84,Approved
RET003887,ORD034988,PROD00334,2026-04-15,1,Not as Described,148.88,Pending
RET003888,ORD047770,PROD00370,2025-10-15,4,Quality Issue,69.36,Approved
RET003889,ORD032385,PROD00307,2026-04-17,4,Late Delivery,895.64,Approved
RET003890,ORD040761,PROD00210,2026-07-12,4,Late Delivery,70.8,Approved
RET003891,ORD031644,PROD00411,2025-04-12,1,Late Delivery,151.02,Approved
RET003892,ORD004900,PROD00335,2025-09-16,2,Wrong Item,373.18,Approved
RET003893,ORD016737,PROD00446,2025-03-21,1,Damaged,78.63,Approved
RET003894,ORD039444,PROD00158,2025-03-21,4,Quality Issue,495.68,Pending
RET003895,ORD044386,PROD00283,2026-04-04,6,Late Delivery,504.3,Approved
RET003896,ORD002610,PROD00297,2025-07-26,4,Not as Described,268.2,Approved
RET003897,ORD016066,PROD00395,2025-09-23,1,Not as Described,81.55,Approved
RET003898,ORD032330,PROD00357,2026-05-29,4,Changed Mind,596.0,Approved
RET003899,ORD003634,PROD00295,2026-02-11,4,Changed Mind,516.84,Approved
RET003900,ORD046213,PROD00052,2026-02-08,1,Quality Issue,49.27,Approved
RET003901,ORD025408,PROD00380,2025-05-14,1,Late Delivery,57.26,Approved
RET003902,ORD040623,PROD00078,2026-06-09,1,Damaged,25.1,Approved
RET003903,ORD008275,PROD00406,2025-02-24,8,Wrong Item,473.52,Approved
RET003904,ORD016420,PROD00249,2026-07-20,4,Damaged,761.4,Approved
RET003905,ORD029611,PROD00305,2026-07-12,5,Not as Described,105.8,Approved
RET003906,ORD000152,PROD00465,2025-09-03,7,Not as Described,1021.93,Approved
RET003907,ORD021231,PROD00475,2025-03-11,1,Other,27.25,Approved
RET003908,ORD043567,PROD00203,2025-08-16,2,Late Delivery,141.66,Approved
RET003909,ORD015516,PROD00121,2025-12-15,1,Damaged,127.34,Approved
RET003910,ORD005051,PROD00162,2025-02-07,5,Late Delivery,1125.35,Approved
RET003911,ORD044359,PROD00183,2026-01-06,7,Not as Described,800.73,Approved
RET003912,ORD031475,PROD00236,2025-10-25,1,Not as Described,120.44,Approved
RET003913,ORD013931,PROD00199,2026-06-23,8,Not as Described,661.36,Approved
RET003914,ORD030466,PROD00006,2025-03-10,2,Damaged,202.72,Pending
RET003915,ORD024489,PROD00228,2026-03-04,2,Late Delivery,50.54,Pending
RET003916,ORD024373,PROD00156,2025-12-11,3,Wrong Item,528.57,Approved
RET003917,ORD028665,PROD00281,2025-08-05,1,Damaged,21.47,Approved
RET003918,ORD040336,PROD00169,2025-10-13,3,Other,543.48,Approved
RET003919,ORD048179,PROD00451,2026-05-17,1,Changed Mind,110.1,Approved
RET003920,ORD009982,PROD00126,2025-07-04,2,Damaged,337.62,Approved
RET003921,ORD008549,PROD00049,2026-06-01,1,Damaged,80.06,Pending
RET003922,ORD038491,PROD00035,2026-03-17,4,Late Delivery,206.04,Rejected
RET003923,ORD006933,PROD00108,2025-10-12,1,Quality Issue,89.59,Approved
RET003924,ORD030333,PROD00241,2026-03-22,1,Damaged,135.0,Approved
RET003925,ORD043689,PROD00145,2025-02-07,4,Late Delivery,316.16,Approved
RET003926,ORD024601,PROD00153,2025-08-16,2,Quality Issue,216.08,Approved
RET003927,ORD001217,PROD00155,2025-03-24,1,Quality Issue,4.57,Approved
RET003928,ORD017030,PROD00393,2026-04-20,3,Wrong Item,326.97,Approved
RET003929,ORD032056,PROD00085,2025-11-09,8,Late Delivery,1132.88,Rejected
RET003930,ORD000926,PROD00284,2025-06-12,5,Late Delivery,339.0,Approved
RET003931,ORD017098,PROD00460,2025-09-24,4,Other,629.36,Approved
RET003932,ORD012317,PROD00401,2026-03-07,10,Damaged,1090.6,Approved
RET003933,ORD035420,PROD00381,2026-01-18,1,Late Delivery,69.83,Approved
RET003934,ORD047551,PROD00456,2025-05-28,5,Late Delivery,851.35,Approved
RET003935,ORD002728,PROD00183,2026-07-08,1,Quality Issue,114.39,Approved
RET003936,ORD010352,PROD00120,2025-05-18,4,Other,749.04,Approved
RET003937,ORD008203,PROD00040,2025-11-23,2,Other,307.9,Pending
RET003938,ORD040837,PROD00110,2025-03-31,1,Other,69.75,Approved
RET003939,ORD033080,PROD00230,2025-04-27,1,Wrong Item,44.83,Approved
RET003940,ORD028864,PROD00384,2026-03-09,3,Other,198.51,Approved
RET003941,ORD009120,PROD00304,2025-04-05,3,Other,19.8,Approved
RET003942,ORD016499,PROD00115,2026-03-05,8,Late Delivery,1460.16,Approved
RET003943,ORD012748,PROD00282,2025-04-16,1,Quality Issue,22.12,Approved
RET003944,ORD041170,PROD00407,2026-07-03,1,Changed Mind,13.67,Approved
RET003945,ORD010540,PROD00021,2025-11-01,5,Wrong Item,219.65,Approved
RET003946,ORD013856,PROD00314,2025-08-15,4,Damaged,217.88,Pending
RET003947,ORD029765,PROD00285,2025-11-07,2,Changed Mind,320.96,Approved
RET003948,ORD015337,PROD00329,2025-07-11,1,Not as Described,14.81,Approved
RET003949,ORD004001,PROD00443,2025-03-16,6,Damaged,723.9,Approved
RET003950,ORD036316,PROD00369,2026-03-30,2,Wrong Item,228.12,Approved
RET003951,ORD044474,PROD00207,2025-10-14,2,Damaged,50.28,Approved
RET003952,ORD010599,PROD00454,2026-04-24,4,Damaged,492.36,Approved
RET003953,ORD016924,PROD00417,2025-06-13,4,Changed Mind,262.56,Approved
RET003954,ORD021127,PROD00478,2025-08-11,3,Late Delivery,144.33,Approved
RET003955,ORD005384,PROD00449,2025-08-07,3,Damaged,490.05,Approved
RET003956,ORD023666,PROD00067,2025-09-13,2,Other,295.8,Approved
RET003957,ORD042770,PROD00240,2025-10-31,6,Damaged,99.12,Approved
RET003958,ORD022627,PROD00222,2026-03-10,8,Late Delivery,436.0,Approved
RET003959,ORD000172,PROD00324,2025-12-31,3,Wrong Item,686.4,Approved
RET003960,ORD004756,PROD00352,2025-03-13,2,Late Delivery,158.62,Rejected
RET003961,ORD017747,PROD00428,2025-04-27,1,Damaged,78.36,Rejected
RET003962,ORD030410,PROD00392,2025-11-17,4,Damaged,343.64,Approved
RET003963,ORD020841,PROD00327,2025-09-26,3,Wrong Item,508.17,Approved
RET003964,ORD003495,PROD00056,2025-10-06,3,Other,218.07,Approved
RET003965,ORD018720,PROD00491,2025-06-16,1,Late Delivery,77.63,Approved
RET003966,ORD009534,PROD00113,2026-02-14,5,Not as Described,505.95,Approved
RET003967,ORD016192,PROD00160,2026-02-21,3,Damaged,615.42,Approved
RET003968,ORD013318,PROD00002,2026-06-06,1,Not as Described,178.14,Approved
RET003969,ORD010232,PROD00202,2026-03-08,1,Quality Issue,20.81,Approved
RET003970,ORD029753,PROD00143,2026-01-08,1,Late Delivery,84.1,Approved
RET003971,ORD044309,PROD00296,2025-10-19,1,Changed Mind,9.57,Approved
RET003972,ORD028198,PROD00448,2026-07-01,1,Other,39.06,Approved
RET003973,ORD036813,PROD00108,2025-12-07,1,Changed Mind,89.59,Rejected
RET003974,ORD013818,PROD00262,2026-02-04,3,Wrong Item,220.59,Approved
RET003975,ORD018886,PROD00312,2025-07-27,2,Quality Issue,382.1,Approved
RET003976,ORD049086,PROD00496,2026-05-23,3,Quality Issue,456.75,Approved
RET003977,ORD005376,PROD00180,2026-04-03,1,Changed Mind,83.61,Approved
RET003978,ORD033642,PROD00434,2025-07-20,1,Wrong Item,148.0,Approved
RET003979,ORD049541,PROD00293,2026-06-14,4,Wrong Item,100.64,Approved
RET003980,ORD018394,PROD00079,2026-06-16,3,Not as Described,140.31,Approved
RET003981,ORD033012,PROD00366,2025-09-27,5,Changed Mind,429.25,Approved
RET003982,ORD011956,PROD00500,2025-02-05,2,Late Delivery,18.32,Approved
RET003983,ORD033748,PROD00152,2026-06-18,1,Damaged,63.68,Rejected
RET003984,ORD039437,PROD00385,2025-07-31,2,Wrong Item,211.74,Approved
RET003985,ORD018678,PROD00397,2025-07-23,2,Wrong Item,160.38,Approved
RET003986,ORD048244,PROD00308,2025-04-29,4,Wrong Item,34.44,Approved
RET003987,ORD033733,PROD00184,2025-09-09,2,Wrong Item,278.82,Approved
RET003988,ORD001463,PROD00486,2025-03-25,2,Quality Issue,253.38,Approved
RET003989,ORD011957,PROD00189,2025-03-19,1,Changed Mind,12.85,Approved
RET003990,ORD038850,PROD00258,2025-12-01,6,Not as Described,336.18,Pending
RET003991,ORD019757,PROD00365,2025-02-25,3,Changed Mind,120.48,Approved
RET003992,ORD036279,PROD00353,2025-09-24,7,Changed Mind,1035.93,Approved
RET003993,ORD035782,PROD00138,2026-07-05,1,Quality Issue,159.61,Approved
RET003994,ORD005748,PROD00196,2025-06-08,2,Not as Described,247.0,Approved
RET003995,ORD005515,PROD00334,2025-04-14,2,Wrong Item,297.76,Approved
RET003996,ORD047064,PROD00360,2025-04-12,6,Damaged,672.3,Approved
RET003997,ORD002481,PROD00322,2025-04-05,2,Late Delivery,272.64,Approved
RET003998,ORD007872,PROD00352,2025-07-18,2,Wrong Item,158.62,Approved
RET003999,ORD005819,PROD00121,2026-03-03,5,Quality Issue,636.7,Rejected
RET004000,ORD021518,PROD00259,2025-05-15,2,Not as Described,342.64,Approved
RET004001,ORD032745,PROD00365,2026-05-30,1,Quality Issue,40.16,Rejected
RET004002,ORD048836,PROD00204,2026-07-24,8,Wrong Item,1219.2,Approved
RET004003,ORD049837,PROD00355,2026-02-09,4,Late Delivery,358.96,Approved
RET004004,ORD023655,PROD00190,2025-06-07,10,Changed Mind,746.9,Approved
RET004005,ORD025993,PROD00112,2025-07-08,2,Changed Mind,50.86,Approved
RET004006,ORD014567,PROD00248,2025-11-15,2,Damaged,40.52,Approved
RET004007,ORD015928,PROD00321,2026-01-12,1,Quality Issue,68.71,Approved
RET004008,ORD039559,PROD00155,2025-12-17,1,Quality Issue,4.57,Pending
RET004009,ORD009023,PROD00061,2026-04-02,2,Not as Described,383.04,Approved
RET004010,ORD020479,PROD00098,2025-07-17,7,Changed Mind,590.73,Approved
RET004011,ORD049375,PROD00148,2026-06-08,2,Changed Mind,126.04,Pending
RET004012,ORD007791,PROD00034,2026-01-14,1,Late Delivery,6.31,Approved
RET004013,ORD006050,PROD00265,2025-09-17,8,Other,1661.28,Approved
RET004014,ORD019465,PROD00464,2026-02-26,1,Changed Mind,112.04,Approved
RET004015,ORD026276,PROD00102,2025-12-06,8,Other,923.28,Approved
RET004016,ORD049864,PROD00426,2026-05-23,2,Quality Issue,226.52,Approved
RET004017,ORD002973,PROD00044,2025-05-18,2,Other,235.72,Approved
RET004018,ORD007136,PROD00215,2026-05-14,1,Quality Issue,52.29,Approved
RET004019,ORD035565,PROD00260,2026-03-11,3,Late Delivery,693.18,Rejected
RET004020,ORD024615,PROD00201,2025-07-03,1,Quality Issue,95.19,Pending
RET004021,ORD039537,PROD00169,2026-03-12,1,Wrong Item,181.16,Approved
RET004022,ORD039654,PROD00233,2025-07-27,2,Changed Mind,254.88,Approved
RET004023,ORD014970,PROD00246,2025-06-11,3,Late Delivery,247.17,Approved
RET004024,ORD021281,PROD00236,2025-07-05,5,Changed Mind,602.2,Approved
RET004025,ORD039855,PROD00382,2025-04-03,1,Damaged,109.04,Approved
RET004026,ORD022143,PROD00399,2026-07-03,3,Wrong Item,402.75,Rejected
RET004027,ORD000603,PROD00330,2026-03-19,1,Quality Issue,65.0,Approved
RET004028,ORD042854,PROD00078,2026-04-25,7,Quality Issue,175.7,Approved
RET004029,ORD025456,PROD00118,2025-02-01,2,Not as Described,134.36,Pending
RET004030,ORD013359,PROD00370,2025-08-05,1,Wrong Item,17.34,Approved
RET004031,ORD040465,PROD00174,2025-08-24,1,Quality Issue,123.99,Approved
RET004032,ORD021575,PROD00205,2025-04-23,2,Other,323.5,Approved
RET004033,ORD024019,PROD00406,2025-12-10,4,Quality Issue,236.76,Approved
RET004034,ORD025213,PROD00380,2025-03-14,2,Not as Described,114.52,Approved
RET004035,ORD015172,PROD00289,2025-05-28,7,Wrong Item,108.5,Pending
RET004036,ORD004791,PROD00120,2025-08-28,6,Other,1123.56,Pending
RET004037,ORD032322,PROD00477,2025-08-14,4,Wrong Item,699.84,Approved
RET004038,ORD021614,PROD00316,2025-07-19,1,Late Delivery,30.56,Approved
RET004039,ORD019136,PROD00320,2025-09-03,2,Not as Described,226.28,Approved
RET004040,ORD017243,PROD00134,2025-10-04,5,Late Delivery,87.4,Approved
RET004041,ORD044680,PROD00079,2025-12-28,1,Wrong Item,46.77,Approved
RET004042,ORD009941,PROD00359,2026-04-24,1,Damaged,228.31,Approved
RET004043,ORD003598,PROD00355,2025-12-20,1,Late Delivery,89.74,Rejected
RET004044,ORD005492,PROD00050,2025-08-23,3,Not as Described,236.67,Approved
RET004045,ORD039569,PROD00145,2025-02-10,4,Late Delivery,316.16,Approved
RET004046,ORD041090,PROD00424,2025-02-23,5,Damaged,787.2,Approved
RET004047,ORD045704,PROD00432,2025-09-10,2,Damaged,133.56,Approved
RET004048,ORD036245,PROD00248,2025-10-28,2,Not as Described,40.52,Approved
RET004049,ORD011806,PROD00379,2025-03-24,4,Wrong Item,396.36,Approved
RET004050,ORD033952,PROD00268,2025-12-09,1,Quality Issue,161.57,Approved
RET004051,ORD029629,PROD00417,2026-01-26,3,Other,196.92,Approved
RET004052,ORD016501,PROD00440,2025-07-18,1,Not as Described,139.5,Approved
RET004053,ORD001779,PROD00035,2026-03-28,4,Late Delivery,206.04,Approved
RET004054,ORD009229,PROD00285,2025-06-17,4,Quality Issue,641.92,Approved
RET004055,ORD029501,PROD00108,2026-03-15,1,Changed Mind,89.59,Approved
RET004056,ORD001012,PROD00091,2025-07-02,5,Other,284.45,Approved
RET004057,ORD002879,PROD00305,2025-03-11,5,Changed Mind,105.8,Approved
RET004058,ORD005329,PROD00456,2025-03-09,2,Quality Issue,340.54,Approved
RET004059,ORD030227,PROD00223,2026-02-10,8,Quality Issue,1458.88,Rejected
RET004060,ORD040419,PROD00355,2025-04-27,1,Changed Mind,89.74,Rejected
RET004061,ORD036894,PROD00352,2025-09-13,6,Damaged,475.86,Rejected
RET004062,ORD010612,PROD00466,2026-04-20,1,Changed Mind,55.46,Approved
RET004063,ORD013158,PROD00490,2026-05-17,2,Damaged,305.32,Approved
RET004064,ORD015700,PROD00244,2025-07-25,2,Changed Mind,386.52,Approved
RET004065,ORD011118,PROD00314,2025-09-11,7,Other,381.29,Approved
RET004066,ORD022963,PROD00116,2026-01-18,2,Damaged,63.8,Approved
RET004067,ORD006322,PROD00127,2025-05-20,2,Not as Described,201.26,Approved
RET004068,ORD036945,PROD00035,2025-03-27,1,Wrong Item,51.51,Approved
RET004069,ORD026948,PROD00227,2025-03-24,3,Changed Mind,105.27,Pending
RET004070,ORD024648,PROD00025,2026-03-03,7,Wrong Item,980.07,Approved
RET004071,ORD043003,PROD00428,2025-05-16,5,Quality Issue,391.8,Approved
RET004072,ORD018016,PROD00498,2025-07-18,3,Changed Mind,564.0,Approved
RET004073,ORD004968,PROD00276,2025-06-02,8,Changed Mind,1588.56,Approved
RET004074,ORD014794,PROD00339,2026-02-17,2,Late Delivery,373.64,Approved
RET004075,ORD010451,PROD00224,2025-04-22,2,Other,185.32,Approved
RET004076,ORD040528,PROD00325,2026-03-11,6,Wrong Item,424.2,Approved
RET004077,ORD014851,PROD00358,2025-08-21,3,Damaged,676.17,Approved
RET004078,ORD038019,PROD00294,2026-07-05,3,Damaged,217.86,Approved
RET004079,ORD043033,PROD00216,2026-04-11,1,Wrong Item,137.73,Approved
RET004080,ORD028484,PROD00240,2026-03-07,4,Not as Described,66.08,Pending
RET004081,ORD029607,PROD00311,2025-06-09,6,Other,208.26,Approved
RET004082,ORD013166,PROD00209,2025-04-22,2,Late Delivery,134.04,Approved
RET004083,ORD018203,PROD00006,2025-07-23,5,Quality Issue,506.8,Pending
RET004084,ORD044153,PROD00254,2025-05-28,7,Late Delivery,245.0,Approved
RET004085,ORD016766,PROD00194,2025-03-19,5,Damaged,707.6,Approved
RET004086,ORD016186,PROD00016,2026-05-04,1,Changed Mind,21.88,Approved
RET004087,ORD039716,PROD00209,2025-06-04,2,Late Delivery,134.04,Rejected
RET004088,ORD016430,PROD00243,2025-10-09,1,Wrong Item,128.52,Approved
RET004089,ORD033501,PROD00200,2025-09-28,3,Late Delivery,244.17,Approved
RET004090,ORD046408,PROD00234,2025-09-11,6,Wrong Item,695.64,Rejected
RET004091,ORD023920,PROD00206,2026-02-11,2,Changed Mind,73.08,Approved
RET004092,ORD010044,PROD00262,2026-06-30,3,Changed Mind,220.59,Pending
RET004093,ORD008885,PROD00085,2025-08-17,5,Damaged,708.05,Approved
RET004094,ORD012391,PROD00152,2025-07-14,4,Quality Issue,254.72,Pending
RET004095,ORD015174,PROD00098,2025-09-25,1,Late Delivery,84.39,Approved
RET004096,ORD019043,PROD00345,2025-03-20,1,Quality Issue,155.05,Approved
RET004097,ORD043644,PROD00355,2025-08-26,8,Wrong Item,717.92,Approved
RET004098,ORD039101,PROD00265,2026-01-14,2,Changed Mind,415.32,Approved
RET004099,ORD017600,PROD00282,2026-04-23,3,Not as Described,66.36,Approved
RET004100,ORD030316,PROD00348,2025-02-12,3,Damaged,293.64,Approved
RET004101,ORD028576,PROD00222,2025-09-08,1,Quality Issue,54.5,Approved
RET004102,ORD040691,PROD00457,2026-04-07,6,Quality Issue,1087.02,Approved
RET004103,ORD008108,PROD00020,2026-01-14,2,Damaged,151.8,Approved
RET004104,ORD041851,PROD00338,2025-10-31,4,Not as Described,823.04,Approved
RET004105,ORD049240,PROD00227,2025-10-22,5,Late Delivery,175.45,Approved
RET004106,ORD009111,PROD00053,2025-11-13,4,Other,45.96,Approved
RET004107,ORD024798,PROD00363,2025-06-27,1,Other,27.58,Approved
RET004108,ORD028785,PROD00322,2025-05-13,1,Wrong Item,136.32,Approved
RET004109,ORD012740,PROD00254,2026-03-17,1,Changed Mind,35.0,Approved
RET004110,ORD036853,PROD00287,2025-10-15,2,Other,352.32,Approved
RET004111,ORD002346,PROD00025,2025-05-02,8,Other,1120.08,Approved
RET004112,ORD010202,PROD00477,2025-07-06,6,Changed Mind,1049.76,Approved
RET004113,ORD013290,PROD00356,2026-07-17,3,Wrong Item,287.52,Pending
RET004114,ORD018472,PROD00446,2025-08-28,1,Late Delivery,78.63,Approved
RET004115,ORD038536,PROD00230,2026-07-19,1,Late Delivery,44.83,Approved
RET004116,ORD046292,PROD00038,2025-08-17,3,Not as Described,140.46,Approved
RET004117,ORD011340,PROD00283,2025-05-20,3,Not as Described,252.15,Approved
RET004118,ORD028033,PROD00376,2025-04-30,4,Wrong Item,436.08,Approved
RET004119,ORD007276,PROD00368,2025-02-26,8,Other,79.68,Approved
RET004120,ORD039747,PROD00496,2026-07-09,5,Other,761.25,Rejected
RET004121,ORD049905,PROD00337,2026-05-23,4,Other,618.4,Approved
RET004122,ORD046890,PROD00059,2026-05-01,6,Changed Mind,243.0,Approved
RET004123,ORD045688,PROD00168,2026-04-26,3,Damaged,207.27,Approved
RET004124,ORD047434,PROD00184,2026-06-29,2,Wrong Item,278.82,Approved
RET004125,ORD046657,PROD00491,2026-05-02,3,Not as Described,232.89,Pending
RET004126,ORD018529,PROD00134,2025-05-28,5,Changed Mind,87.4,Pending
RET004127,ORD038824,PROD00103,2025-08-02,8,Quality Issue,348.96,Approved
RET004128,ORD031141,PROD00471,2026-03-16,2,Damaged,51.1,Approved
RET004129,ORD040756,PROD00052,2026-07-19,1,Quality Issue,49.27,Approved
RET004130,ORD020914,PROD00372,2026-04-01,1,Damaged,93.33,Approved
RET004131,ORD018719,PROD00303,2025-07-15,5,Changed Mind,974.0,Approved
RET004132,ORD049122,PROD00303,2025-11-04,2,Other,389.6,Approved
RET004133,ORD010856,PROD00356,2025-04-30,5,Other,479.2,Approved
RET004134,ORD019774,PROD00450,2025-10-25,4,Damaged,288.68,Approved
RET004135,ORD000028,PROD00210,2026-06-05,6,Wrong Item,106.2,Approved
RET004136,ORD043559,PROD00403,2025-08-29,1,Changed Mind,158.69,Approved
RET004137,ORD049906,PROD00278,2026-03-20,3,Changed Mind,66.15,Approved
RET004138,ORD016802,PROD00115,2026-04-26,2,Quality Issue,365.04,Approved
RET004139,ORD034860,PROD00057,2026-05-04,1,Other,29.53,Approved
RET004140,ORD019370,PROD00117,2026-06-15,3,Other,457.17,Approved
RET004141,ORD014829,PROD00286,2025-12-12,5,Wrong Item,618.95,Approved
RET004142,ORD019751,PROD00369,2026-07-16,8,Other,912.48,Approved
RET004143,ORD047055,PROD00031,2025-11-19,1,Late Delivery,26.72,Approved
RET004144,ORD037244,PROD00485,2026-03-13,3,Wrong Item,263.4,Approved
RET004145,ORD046282,PROD00042,2026-02-10,4,Damaged,217.72,Approved
RET004146,ORD019280,PROD00244,2025-06-04,2,Wrong Item,386.52,Approved
RET004147,ORD032192,PROD00474,2026-01-08,5,Late Delivery,300.55,Approved
RET004148,ORD042153,PROD00477,2025-04-20,8,Quality Issue,1399.68,Approved
RET004149,ORD028369,PROD00226,2026-06-22,2,Late Delivery,291.66,Rejected
RET004150,ORD004125,PROD00028,2025-04-30,6,Changed Mind,222.54,Approved
RET004151,ORD021103,PROD00241,2025-12-03,7,Wrong Item,945.0,Approved
RET004152,ORD025408,PROD00379,2025-06-12,6,Not as Described,594.54,Approved
RET004153,ORD027315,PROD00466,2025-11-05,5,Other,277.3,Approved
RET004154,ORD031532,PROD00143,2025-07-26,1,Changed Mind,84.1,Approved
RET004155,ORD041361,PROD00334,2025-07-17,3,Not as Described,446.64,Approved
RET004156,ORD015912,PROD00332,2025-12-12,2,Late Delivery,111.66,Approved
RET004157,ORD011488,PROD00217,2025-12-27,5,Wrong Item,637.1,Approved
RET004158,ORD042394,PROD00430,2026-03-12,2,Other,230.42,Approved
RET004159,ORD037184,PROD00439,2025-12-13,5,Not as Described,225.8,Approved
RET004160,ORD042949,PROD00491,2025-08-01,3,Changed Mind,232.89,Approved
RET004161,ORD045735,PROD00087,2025-11-13,2,Quality Issue,249.08,Approved
RET004162,ORD030855,PROD00101,2025-10-17,1,Changed Mind,174.58,Rejected
RET004163,ORD045324,PROD00487,2025-03-12,4,Not as Described,194.92,Approved
RET004164,ORD014811,PROD00424,2025-03-14,4,Not as Described,629.76,Approved
RET004165,ORD043763,PROD00254,2025-12-11,6,Damaged,210.0,Approved
RET004166,ORD026536,PROD00423,2026-07-07,9,Other,521.55,Approved
RET004167,ORD028729,PROD00017,2025-09-18,5,Wrong Item,45.0,Approved
RET004168,ORD025684,PROD00498,2025-04-05,2,Not as Described,376.0,Approved
RET004169,ORD039625,PROD00390,2026-02-01,4,Other,556.36,Rejected
RET004170,ORD026336,PROD00497,2025-03-02,6,Late Delivery,298.74,Rejected
RET004171,ORD038313,PROD00370,2026-04-17,2,Changed Mind,34.68,Approved
RET004172,ORD022902,PROD00339,2025-04-05,7,Not as Described,1307.74,Approved
RET004173,ORD027049,PROD00024,2025-03-18,6,Quality Issue,557.28,Rejected
RET004174,ORD024438,PROD00365,2025-04-24,1,Wrong Item,40.16,Approved
RET004175,ORD021697,PROD00090,2026-04-27,1,Wrong Item,125.29,Approved
RET004176,ORD037148,PROD00175,2025-05-24,5,Wrong Item,153.15,Approved
RET004177,ORD034871,PROD00127,2026-05-28,5,Changed Mind,503.15,Approved
RET004178,ORD002174,PROD00100,2025-09-26,1,Not as Described,149.79,Approved
RET004179,ORD007357,PROD00055,2026-04-30,5,Late Delivery,226.1,Approved
RET004180,ORD044240,PROD00229,2025-06-16,4,Changed Mind,509.4,Approved
RET004181,ORD041177,PROD00016,2025-05-21,9,Late Delivery,196.92,Approved
RET004182,ORD002152,PROD00406,2025-07-06,2,Other,118.38,Approved
RET004183,ORD043514,PROD00232,2026-07-06,6,Wrong Item,757.5,Approved
RET004184,ORD030525,PROD00426,2025-09-19,5,Quality Issue,566.3,Approved
RET004185,ORD029011,PROD00447,2025-07-03,1,Damaged,133.47,Pending
RET004186,ORD035715,PROD00208,2025-06-05,3,Not as Described,511.89,Pending
RET004187,ORD021759,PROD00412,2026-02-01,1,Other,159.04,Approved
RET004188,ORD027714,PROD00192,2025-11-10,1,Quality Issue,7.95,Approved
RET004189,ORD041784,PROD00156,2025-03-22,3,Wrong Item,528.57,Approved
RET004190,ORD047842,PROD00022,2026-02-22,2,Damaged,278.14,Approved
RET004191,ORD008245,PROD00244,2026-01-06,2,Late Delivery,386.52,Approved
RET004192,ORD034924,PROD00472,2025-12-21,2,Changed Mind,329.78,Approved
RET004193,ORD041433,PROD00396,2026-04-18,4,Damaged,416.96,Approved
RET004194,ORD019690,PROD00105,2025-10-02,1,Quality Issue,100.04,Approved
RET004195,ORD029746,PROD00235,2025-12-05,1,Not as Described,99.76,Pending
RET004196,ORD012138,PROD00426,2026-01-27,7,Changed Mind,792.82,Approved
RET004197,ORD034223,PROD00369,2025-12-02,1,Late Delivery,114.06,Approved
RET004198,ORD038454,PROD00406,2025-06-29,1,Quality Issue,59.19,Approved
RET004199,ORD009740,PROD00402,2025-08-10,1,Not as Described,48.6,Pending
RET004200,ORD034502,PROD00041,2026-06-17,5,Wrong Item,94.1,Approved
RET004201,ORD012143,PROD00157,2025-11-23,1,Wrong Item,18.92,Approved
RET004202,ORD002103,PROD00033,2025-02-22,2,Other,400.22,Approved
RET004203,ORD022299,PROD00456,2025-05-03,1,Other,170.27,Approved
RET004204,ORD000675,PROD00015,2025-10-16,6,Late Delivery,672.3,Approved
RET004205,ORD030843,PROD00194,2026-02-14,8,Damaged,1132.16,Approved
RET004206,ORD014292,PROD00143,2026-02-22,7,Quality Issue,588.7,Approved
RET004207,ORD035187,PROD00056,2025-08-04,4,Changed Mind,290.76,Approved
RET004208,ORD036794,PROD00220,2025-10-08,1,Quality Issue,70.98,Approved
RET004209,ORD006395,PROD00225,2025-09-27,1,Wrong Item,107.74,Approved
RET004210,ORD022675,PROD00082,2026-01-02,1,Not as Described,138.63,Approved
RET004211,ORD014061,PROD00031,2025-04-08,2,Changed Mind,53.44,Pending
RET004212,ORD022227,PROD00010,2025-07-28,2,Other,85.22,Approved
RET004213,ORD045704,PROD00175,2025-05-12,3,Late Delivery,91.89,Approved
RET004214,ORD041602,PROD00004,2026-03-04,2,Quality Issue,198.3,Approved
RET004215,ORD043961,PROD00152,2026-07-11,3,Wrong Item,191.04,Approved
RET004216,ORD032836,PROD00485,2025-10-13,2,Quality Issue,175.6,Approved
RET004217,ORD000815,PROD00025,2025-05-01,9,Not as Described,1260.09,Approved
RET004218,ORD018892,PROD00102,2026-05-02,1,Damaged,115.41,Approved
RET004219,ORD031344,PROD00446,2025-02-10,2,Other,157.26,Approved
RET004220,ORD014724,PROD00019,2025-03-01,2,Wrong Item,175.02,Approved
RET004221,ORD033163,PROD00126,2025-02-26,1,Changed Mind,168.81,Approved
RET004222,ORD005460,PROD00099,2025-09-19,2,Late Delivery,37.3,Approved
RET004223,ORD023196,PROD00189,2025-05-18,1,Changed Mind,12.85,Approved
RET004224,ORD015242,PROD00207,2025-09-20,5,Late Delivery,125.7,Approved
RET004225,ORD027623,PROD00162,2025-02-18,3,Changed Mind,675.21,Approved
RET004226,ORD017678,PROD00286,2026-01-08,9,Damaged,1114.11,Approved
RET004227,ORD024670,PROD00092,2025-12-21,1,Wrong Item,90.87,Pending
RET004228,ORD008155,PROD00354,2025-05-25,1,Late Delivery,111.99,Approved
RET004229,ORD029940,PROD00341,2026-04-08,2,Changed Mind,227.72,Approved
RET004230,ORD012809,PROD00022,2026-06-26,3,Other,417.21,Approved
RET004231,ORD031423,PROD00340,2025-07-02,10,Other,1016.4,Approved
RET004232,ORD013714,PROD00349,2025-08-25,3,Late Delivery,635.58,Approved
RET004233,ORD036146,PROD00150,2025-10-18,3,Quality Issue,538.2,Approved
RET004234,ORD049597,PROD00015,2025-06-08,2,Not as Described,224.1,Approved
RET004235,ORD004498,PROD00458,2025-04-17,6,Quality Issue,1055.82,Approved
RET004236,ORD036790,PROD00251,2025-04-26,2,Changed Mind,285.7,Approved
RET004237,ORD024893,PROD00393,2025-05-08,1,Other,108.99,Approved
RET004238,ORD037670,PROD00459,2025-06-28,1,Not as Described,41.0,Approved
RET004239,ORD001879,PROD00074,2026-01-25,1,Late Delivery,37.35,Approved
RET004240,ORD022010,PROD00349,2026-06-23,3,Late Delivery,635.58,Approved
RET004241,ORD022600,PROD00088,2026-07-21,2,Changed Mind,62.42,Pending
RET004242,ORD010386,PROD00315,2025-02-21,1,Damaged,133.86,Approved
RET004243,ORD023000,PROD00116,2025-06-11,6,Quality Issue,191.4,Approved
RET004244,ORD006535,PROD00488,2025-11-02,4,Not as Described,650.48,Approved
RET004245,ORD043398,PROD00163,2026-04-26,1,Late Delivery,128.07,Approved
RET004246,ORD043574,PROD00265,2026-07-20,1,Changed Mind,207.66,Approved
RET004247,ORD021558,PROD00101,2026-03-13,1,Late Delivery,174.58,Approved
RET004248,ORD034154,PROD00303,2025-04-27,1,Damaged,194.8,Pending
RET004249,ORD009093,PROD00412,2025-10-06,1,Other,159.04,Pending
RET004250,ORD026626,PROD00034,2025-09-06,2,Late Delivery,12.62,Pending
RET004251,ORD007225,PROD00042,2025-02-09,1,Changed Mind,54.43,Approved
RET004252,ORD037564,PROD00298,2026-05-31,3,Not as Described,483.69,Approved
RET004253,ORD042898,PROD00255,2026-04-30,1,Damaged,74.88,Approved
RET004254,ORD011050,PROD00210,2025-04-19,6,Not as Described,106.2,Approved
RET004255,ORD043269,PROD00356,2025-05-09,2,Not as Described,191.68,Approved
RET004256,ORD037878,PROD00186,2026-04-30,3,Other,472.92,Approved
RET004257,ORD011931,PROD00203,2025-12-07,7,Late Delivery,495.81,Pending
RET004258,ORD018548,PROD00165,2025-12-29,2,Late Delivery,22.1,Pending
RET004259,ORD044789,PROD00009,2026-01-01,2,Other,206.48,Approved
RET004260,ORD016396,PROD00236,2025-09-02,2,Late Delivery,240.88,Approved
RET004261,ORD028484,PROD00338,2026-01-05,4,Not as Described,823.04,Approved
RET004262,ORD030831,PROD00024,2026-05-01,2,Other,185.76,Approved
RET004263,ORD002230,PROD00100,2025-10-12,2,Damaged,299.58,Approved
RET004264,ORD003367,PROD00053,2025-07-03,2,Other,22.98,Approved
RET004265,ORD030089,PROD00464,2025-06-12,2,Late Delivery,224.08,Approved
RET004266,ORD044419,PROD00358,2026-02-23,6,Late Delivery,1352.34,Approved
RET004267,ORD000669,PROD00244,2026-04-11,3,Late Delivery,579.78,Approved
RET004268,ORD000673,PROD00146,2025-11-16,2,Wrong Item,466.22,Approved
RET004269,ORD041738,PROD00089,2026-01-24,2,Other,199.4,Approved
RET004270,ORD030513,PROD00087,2025-04-29,7,Wrong Item,871.78,Approved
RET004271,ORD043320,PROD00157,2026-06-17,2,Quality Issue,37.84,Approved
RET004272,ORD011287,PROD00141,2025-12-02,1,Quality Issue,7.3,Approved
RET004273,ORD023816,PROD00196,2026-05-22,3,Damaged,370.5,Pending
RET004274,ORD026285,PROD00264,2026-07-09,3,Changed Mind,440.37,Approved
RET004275,ORD015394,PROD00003,2025-02-05,2,Other,273.56,Approved
RET004276,ORD005554,PROD00100,2026-07-01,1,Damaged,149.79,Approved
RET004277,ORD013178,PROD00069,2026-06-18,6,Damaged,795.54,Approved
RET004278,ORD002017,PROD00140,2026-05-21,2,Late Delivery,242.6,Approved
RET004279,ORD003602,PROD00221,2026-01-15,3,Late Delivery,79.83,Approved
RET004280,ORD031845,PROD00205,2025-08-20,7,Changed Mind,1132.25,Approved
RET004281,ORD029512,PROD00140,2026-01-07,4,Changed Mind,485.2,Approved
RET004282,ORD006297,PROD00461,2025-06-30,2,Other,86.94,Approved
RET004283,ORD010095,PROD00128,2025-02-12,6,Wrong Item,1244.46,Approved
RET004284,ORD021103,PROD00049,2026-07-01,2,Changed Mind,160.12,Approved
RET004285,ORD007189,PROD00477,2025-05-15,6,Other,1049.76,Approved
RET004286,ORD046092,PROD00071,2025-07-06,8,Quality Issue,1035.84,Approved
RET004287,ORD047742,PROD00315,2026-02-21,4,Other,535.44,Approved
RET004288,ORD039872,PROD00478,2025-05-29,3,Damaged,144.33,Approved
RET004289,ORD012608,PROD00241,2026-04-28,1,Late Delivery,135.0,Approved
RET004290,ORD024357,PROD00446,2026-03-03,2,Not as Described,157.26,Approved
RET004291,ORD000395,PROD00295,2025-06-29,6,Not as Described,775.26,Approved
RET004292,ORD002105,PROD00380,2025-06-05,6,Damaged,343.56,Pending
RET004293,ORD039176,PROD00444,2025-12-01,4,Changed Mind,873.48,Approved
RET004294,ORD014168,PROD00296,2025-08-02,5,Not as Described,47.85,Approved
RET004295,ORD014686,PROD00219,2026-01-20,2,Damaged,122.36,Approved
RET004296,ORD009331,PROD00228,2025-03-19,6,Not as Described,151.62,Approved
RET004297,ORD026300,PROD00217,2026-05-29,1,Changed Mind,127.42,Approved
RET004298,ORD014009,PROD00056,2025-02-26,1,Other,72.69,Approved
RET004299,ORD034908,PROD00330,2025-12-04,4,Not as Described,260.0,Approved
RET004300,ORD030921,PROD00189,2025-02-19,5,Changed Mind,64.25,Approved
RET004301,ORD030466,PROD00289,2025-03-26,4,Late Delivery,62.0,Pending
RET004302,ORD045037,PROD00490,2026-05-14,3,Other,457.98,Approved
RET004303,ORD026473,PROD00153,2025-02-14,3,Changed Mind,324.12,Approved
RET004304,ORD008288,PROD00248,2026-05-20,3,Wrong Item,60.78,Approved
RET004305,ORD015354,PROD00139,2025-08-31,7,Wrong Item,273.7,Approved
RET004306,ORD030744,PROD00168,2025-09-19,5,Changed Mind,345.45,Approved
RET004307,ORD015131,PROD00290,2025-02-15,8,Not as Described,1370.24,Pending
RET004308,ORD033460,PROD00182,2025-10-07,3,Other,197.91,Approved
RET004309,ORD008780,PROD00287,2025-02-02,7,Damaged,1233.12,Pending
RET004310,ORD012931,PROD00136,2025-06-28,1,Damaged,13.16,Approved
RET004311,ORD001406,PROD00199,2026-05-18,4,Quality Issue,330.68,Approved
RET004312,ORD024447,PROD00309,2025-08-14,1,Changed Mind,44.22,Pending
RET004313,ORD036252,PROD00252,2026-07-10,7,Late Delivery,246.4,Approved
RET004314,ORD009511,PROD00119,2026-04-16,1,Damaged,23.43,Approved
RET004315,ORD001152,PROD00362,2026-07-14,1,Damaged,104.64,Approved
RET004316,ORD008624,PROD00447,2026-02-08,3,Changed Mind,400.41,Approved
RET004317,ORD042901,PROD00426,2026-05-03,2,Not as Described,226.52,Approved
RET004318,ORD008151,PROD00392,2025-11-29,2,Other,171.82,Pending
RET004319,ORD045921,PROD00159,2025-05-27,1,Not as Described,41.1,Approved
RET004320,ORD035824,PROD00229,2026-01-13,3,Other,382.05,Pending
RET004321,ORD019108,PROD00022,2025-03-20,7,Quality Issue,973.49,Approved
RET004322,ORD038979,PROD00312,2025-09-07,6,Wrong Item,1146.3,Approved
RET004323,ORD026168,PROD00087,2025-09-28,2,Quality Issue,249.08,Approved
RET004324,ORD027809,PROD00060,2026-07-13,2,Late Delivery,95.84,Rejected
RET004325,ORD000723,PROD00360,2025-12-01,3,Not as Described,336.15,Approved
RET004326,ORD009165,PROD00076,2025-07-16,6,Damaged,1064.76,Approved
RET004327,ORD005839,PROD00262,2025-03-16,3,Wrong Item,220.59,Rejected
RET004328,ORD035671,PROD00224,2025-09-18,3,Late Delivery,277.98,Approved
RET004329,ORD023286,PROD00089,2026-05-28,4,Damaged,398.8,Approved
RET004330,ORD019110,PROD00162,2025-10-07,7,Quality Issue,1575.49,Approved
RET004331,ORD012607,PROD00001,2025-09-23,6,Wrong Item,742.38,Approved
RET004332,ORD001026,PROD00203,2026-03-24,5,Quality Issue,354.15,Approved
RET004333,ORD042904,PROD00099,2025-11-04,4,Not as Described,74.6,Approved
RET004334,ORD043884,PROD00260,2026-06-05,1,Other,231.06,Approved
RET004335,ORD046218,PROD00485,2025-11-16,1,Wrong Item,87.8,Approved
RET004336,ORD025950,PROD00083,2025-08-18,9,Damaged,1656.63,Approved
RET004337,ORD043843,PROD00120,2025-05-16,1,Wrong Item,187.26,Approved
RET004338,ORD019605,PROD00424,2025-02-23,1,Changed Mind,157.44,Rejected
RET004339,ORD040301,PROD00203,2026-04-21,1,Quality Issue,70.83,Rejected
RET004340,ORD047838,PROD00299,2025-07-14,5,Wrong Item,592.1,Approved
RET004341,ORD021316,PROD00359,2025-10-19,3,Late Delivery,684.93,Approved
RET004342,ORD049412,PROD00367,2025-01-31,2,Damaged,316.1,Approved
RET004343,ORD023024,PROD00379,2025-09-20,1,Other,99.09,Approved
RET004344,ORD035673,PROD00420,2025-05-27,2,Late Delivery,217.02,Approved
RET004345,ORD035056,PROD00468,2025-04-04,9,Other,1464.3,Approved
RET004346,ORD022062,PROD00012,2025-06-26,7,Damaged,720.44,Pending
RET004347,ORD044964,PROD00256,2025-03-29,1,Other,78.96,Rejected
RET004348,ORD000277,PROD00468,2025-06-28,4,Quality Issue,650.8,Approved
RET004349,ORD030016,PROD00384,2025-08-08,6,Late Delivery,397.02,Approved
RET004350,ORD017796,PROD00293,2025-07-23,7,Damaged,176.12,Approved
RET004351,ORD026483,PROD00244,2025-03-20,1,Other,193.26,Approved
RET004352,ORD041748,PROD00245,2026-05-07,3,Other,339.81,Approved
RET004353,ORD009972,PROD00191,2025-10-05,1,Wrong Item,66.42,Approved
RET004354,ORD002362,PROD00156,2026-05-05,1,Wrong Item,176.19,Rejected
RET004355,ORD022984,PROD00453,2025-04-22,2,Other,120.38,Approved
RET004356,ORD029989,PROD00310,2025-07-07,7,Not as Described,678.72,Approved
RET004357,ORD038970,PROD00136,2026-01-07,1,Other,13.16,Approved
RET004358,ORD013459,PROD00287,2026-06-26,2,Not as Described,352.32,Pending
RET004359,ORD016180,PROD00004,2025-09-13,2,Other,198.3,Approved
RET004360,ORD040350,PROD00258,2025-08-31,1,Changed Mind,56.03,Approved
RET004361,ORD002365,PROD00262,2025-11-08,6,Damaged,441.18,Approved
RET004362,ORD018116,PROD00070,2025-10-01,1,Changed Mind,165.65,Approved
RET004363,ORD027198,PROD00382,2025-07-03,8,Changed Mind,872.32,Rejected
RET004364,ORD033597,PROD00234,2025-04-02,5,Wrong Item,579.7,Approved
RET004365,ORD012421,PROD00046,2026-01-31,1,Damaged,38.97,Approved
RET004366,ORD033861,PROD00379,2025-10-22,1,Wrong Item,99.09,Approved
RET004367,ORD020569,PROD00161,2026-01-13,8,Other,1161.76,Approved
RET004368,ORD008953,PROD00360,2026-07-21,2,Damaged,224.1,Approved
RET004369,ORD018513,PROD00163,2026-03-10,1,Other,128.07,Approved
RET004370,ORD003798,PROD00164,2026-04-21,8,Changed Mind,1110.0,Approved
RET004371,ORD005993,PROD00483,2025-10-23,6,Other,600.24,Approved
RET004372,ORD013623,PROD00417,2025-06-26,3,Not as Described,196.92,Approved
RET004373,ORD046407,PROD00368,2025-05-27,6,Wrong Item,59.76,Approved
RET004374,ORD029284,PROD00382,2025-05-08,3,Quality Issue,327.12,Approved
RET004375,ORD012102,PROD00374,2025-10-13,2,Late Delivery,27.04,Approved
RET004376,ORD026105,PROD00090,2025-02-02,3,Other,375.87,Approved
RET004377,ORD004513,PROD00098,2025-05-02,4,Not as Described,337.56,Approved
RET004378,ORD036089,PROD00174,2026-07-06,5,Late Delivery,619.95,Approved
RET004379,ORD029355,PROD00413,2025-04-06,1,Wrong Item,47.58,Approved
RET004380,ORD041798,PROD00440,2025-08-18,1,Quality Issue,139.5,Pending
RET004381,ORD000037,PROD00395,2025-10-30,1,Quality Issue,81.55,Approved
RET004382,ORD032134,PROD00063,2025-12-09,2,Changed Mind,249.7,Approved
RET004383,ORD025972,PROD00313,2025-11-03,1,Not as Described,75.97,Approved
RET004384,ORD032777,PROD00027,2025-02-01,3,Quality Issue,189.15,Rejected
RET004385,ORD035463,PROD00041,2025-08-07,6,Other,112.92,Approved
RET004386,ORD015005,PROD00373,2025-10-05,2,Damaged,133.2,Approved
RET004387,ORD009548,PROD00241,2026-06-21,2,Quality Issue,270.0,Approved
RET004388,ORD040843,PROD00356,2025-05-03,1,Late Delivery,95.84,Rejected
RET004389,ORD031536,PROD00304,2025-07-10,7,Changed Mind,46.2,Approved
RET004390,ORD029690,PROD00175,2025-12-17,1,Other,30.63,Approved
RET004391,ORD031300,PROD00168,2026-01-27,2,Wrong Item,138.18,Approved
RET004392,ORD027967,PROD00445,2025-12-21,4,Other,795.88,Approved
RET004393,ORD007829,PROD00040,2025-09-16,2,Not as Described,307.9,Approved
RET004394,ORD037095,PROD00294,2026-04-08,2,Late Delivery,145.24,Approved
RET004395,ORD041336,PROD00189,2026-05-26,4,Damaged,51.4,Approved
RET004396,ORD018616,PROD00126,2026-04-11,7,Wrong Item,1181.67,Approved
RET004397,ORD014298,PROD00145,2026-04-08,8,Changed Mind,632.32,Approved
RET004398,ORD013479,PROD00357,2025-06-05,4,Damaged,596.0,Approved
RET004399,ORD010423,PROD00478,2025-05-03,1,Late Delivery,48.11,Approved
RET004400,ORD047623,PROD00043,2025-02-09,3,Not as Described,242.25,Approved
RET004401,ORD032727,PROD00340,2025-03-16,1,Quality Issue,101.64,Approved
RET004402,ORD023392,PROD00337,2025-02-28,1,Other,154.6,Approved
RET004403,ORD004528,PROD00265,2025-07-14,1,Changed Mind,207.66,Approved
RET004404,ORD023742,PROD00303,2025-08-19,1,Not as Described,194.8,Approved
RET004405,ORD040445,PROD00236,2025-09-13,8,Damaged,963.52,Approved
RET004406,ORD012093,PROD00238,2025-08-07,7,Other,1084.58,Approved
RET004407,ORD024117,PROD00152,2025-08-16,4,Late Delivery,254.72,Approved
RET004408,ORD020723,PROD00438,2025-10-15,2,Quality Issue,75.4,Approved
RET004409,ORD010762,PROD00238,2026-05-14,5,Quality Issue,774.7,Rejected
RET004410,ORD006808,PROD00441,2025-05-08,1,Quality Issue,99.27,Pending
RET004411,ORD023012,PROD00253,2025-06-19,1,Not as Described,19.19,Pending
RET004412,ORD027203,PROD00422,2025-06-25,1,Wrong Item,129.4,Approved
RET004413,ORD028571,PROD00232,2026-05-17,5,Not as Described,631.25,Approved
RET004414,ORD047216,PROD00443,2025-11-17,7,Not as Described,844.55,Approved
RET004415,ORD040769,PROD00190,2025-07-10,4,Changed Mind,298.76,Approved
RET004416,ORD004760,PROD00457,2026-05-28,1,Changed Mind,181.17,Approved
RET004417,ORD042213,PROD00362,2026-06-16,7,Late Delivery,732.48,Approved
RET004418,ORD035637,PROD00308,2025-09-27,1,Late Delivery,8.61,Approved
RET004419,ORD047640,PROD00489,2026-06-23,5,Not as Described,167.25,Approved
RET004420,ORD024921,PROD00459,2026-02-20,1,Late Delivery,41.0,Approved
RET004421,ORD027081,PROD00333,2026-04-28,1,Damaged,160.55,Approved
RET004422,ORD049221,PROD00232,2026-01-24,1,Quality Issue,126.25,Approved
RET004423,ORD012792,PROD00232,2026-03-25,3,Damaged,378.75,Approved
RET004424,ORD011976,PROD00274,2025-07-08,1,Changed Mind,160.35,Approved
RET004425,ORD028287,PROD00029,2026-01-07,1,Damaged,78.76,Approved
RET004426,ORD044766,PROD00097,2025-09-15,9,Quality Issue,1393.65,Approved
RET004427,ORD026889,PROD00202,2026-02-02,1,Not as Described,20.81,Approved
RET004428,ORD047814,PROD00002,2026-06-20,5,Late Delivery,890.7,Approved
RET004429,ORD038239,PROD00457,2026-04-22,5,Changed Mind,905.85,Approved
RET004430,ORD044069,PROD00229,2025-08-02,1,Quality Issue,127.35,Approved
RET004431,ORD037702,PROD00433,2026-02-28,3,Quality Issue,339.24,Approved
RET004432,ORD025244,PROD00085,2025-02-03,6,Not as Described,849.66,Approved
RET004433,ORD014717,PROD00359,2025-06-15,5,Other,1141.55,Approved
RET004434,ORD030291,PROD00110,2025-03-26,1,Quality Issue,69.75,Approved
RET004435,ORD000473,PROD00011,2025-06-25,6,Late Delivery,880.14,Approved
RET004436,ORD006353,PROD00344,2025-05-08,7,Not as Described,365.89,Approved
RET004437,ORD017649,PROD00167,2025-09-12,1,Not as Described,181.7,Approved
RET004438,ORD026498,PROD00247,2026-05-04,1,Late Delivery,129.8,Approved
RET004439,ORD048266,PROD00156,2025-08-11,3,Damaged,528.57,Approved
RET004440,ORD022254,PROD00001,2025-06-28,7,Changed Mind,866.11,Approved
RET004441,ORD004830,PROD00155,2025-07-17,1,Other,4.57,Approved
RET004442,ORD044522,PROD00418,2026-01-20,3,Quality Issue,319.8,Approved
RET004443,ORD019173,PROD00255,2025-08-07,7,Late Delivery,524.16,Approved
RET004444,ORD028321,PROD00180,2026-07-18,2,Late Delivery,167.22,Approved
RET004445,ORD015133,PROD00120,2026-02-01,5,Changed Mind,936.3,Approved
RET004446,ORD048811,PROD00225,2026-07-20,3,Changed Mind,323.22,Approved
RET004447,ORD036386,PROD00202,2026-07-10,2,Quality Issue,41.62,Approved
RET004448,ORD003389,PROD00203,2025-06-15,4,Wrong Item,283.32,Approved
RET004449,ORD045577,PROD00151,2025-07-27,2,Late Delivery,296.4,Approved
RET004450,ORD046850,PROD00496,2025-03-01,1,Changed Mind,152.25,Approved
RET004451,ORD002510,PROD00158,2025-03-19,4,Changed Mind,495.68,Approved
RET004452,ORD002651,PROD00163,2026-04-12,1,Not as Described,128.07,Approved
RET004453,ORD021434,PROD00071,2025-10-13,1,Changed Mind,129.48,Approved
RET004454,ORD038618,PROD00106,2025-03-21,7,Wrong Item,325.92,Approved
RET004455,ORD032544,PROD00287,2025-12-07,3,Other,528.48,Approved
RET004456,ORD030973,PROD00403,2026-05-29,2,Late Delivery,317.38,Approved
RET004457,ORD043951,PROD00188,2026-01-20,2,Late Delivery,352.96,Approved
RET004458,ORD008306,PROD00304,2025-05-20,4,Changed Mind,26.4,Approved
RET004459,ORD015263,PROD00371,2025-07-24,2,Changed Mind,180.84,Approved
RET004460,ORD003164,PROD00240,2025-12-23,5,Other,82.6,Approved
RET004461,ORD010785,PROD00383,2025-09-08,2,Quality Issue,44.7,Approved
RET004462,ORD025327,PROD00179,2025-09-29,1,Changed Mind,168.16,Approved
RET004463,ORD045618,PROD00308,2025-12-21,2,Other,17.22,Approved
RET004464,ORD001018,PROD00316,2026-03-01,1,Damaged,30.56,Rejected
RET004465,ORD004461,PROD00079,2025-08-29,5,Wrong Item,233.85,Approved
RET004466,ORD026141,PROD00223,2025-03-09,1,Not as Described,182.36,Approved
RET004467,ORD000929,PROD00211,2025-09-18,6,Not as Described,111.24,Approved
RET004468,ORD049094,PROD00368,2025-05-01,2,Changed Mind,19.92,Approved
RET004469,ORD031013,PROD00306,2025-11-16,2,Late Delivery,374.84,Approved
RET004470,ORD032341,PROD00368,2025-04-18,2,Wrong Item,19.92,Approved
RET004471,ORD049340,PROD00234,2025-05-21,1,Quality Issue,115.94,Approved
RET004472,ORD038003,PROD00128,2025-04-12,3,Wrong Item,622.23,Approved
RET004473,ORD003119,PROD00084,2025-04-12,1,Damaged,49.21,Approved
RET004474,ORD008954,PROD00025,2026-01-29,3,Changed Mind,420.03,Approved
RET004475,ORD037335,PROD00448,2025-07-12,1,Quality Issue,39.06,Rejected
RET004476,ORD036106,PROD00327,2025-04-12,2,Not as Described,338.78,Approved
RET004477,ORD035638,PROD00136,2025-11-15,4,Quality Issue,52.64,Approved
RET004478,ORD039185,PROD00429,2025-06-27,2,Other,242.98,Approved
RET004479,ORD010176,PROD00190,2025-08-26,3,Damaged,224.07,Pending
RET004480,ORD044302,PROD00317,2025-06-05,5,Damaged,785.25,Pending
RET004481,ORD006680,PROD00128,2025-10-17,1,Wrong Item,207.41,Pending
RET004482,ORD039051,PROD00212,2025-06-06,7,Wrong Item,265.86,Approved
RET004483,ORD018504,PROD00191,2026-02-12,1,Not as Described,66.42,Approved
RET004484,ORD033669,PROD00164,2025-11-26,1,Not as Described,138.75,Approved
RET004485,ORD005676,PROD00170,2026-02-07,1,Not as Described,205.51,Approved
RET004486,ORD031838,PROD00184,2025-07-28,1,Not as Described,139.41,Approved
RET004487,ORD030252,PROD00326,2026-03-14,2,Wrong Item,335.16,Approved
RET004488,ORD044460,PROD00032,2025-04-09,4,Damaged,134.92,Approved
RET004489,ORD032254,PROD00454,2025-09-11,5,Wrong Item,615.45,Approved
RET004490,ORD041282,PROD00071,2025-04-08,1,Damaged,129.48,Approved
RET004491,ORD018122,PROD00321,2025-08-13,1,Late Delivery,68.71,Pending
RET004492,ORD023544,PROD00028,2025-10-01,2,Quality Issue,74.18,Approved
RET004493,ORD016581,PROD00482,2026-05-11,1,Not as Described,188.79,Approved
RET004494,ORD017050,PROD00057,2026-05-09,1,Late Delivery,29.53,Approved
RET004495,ORD007047,PROD00375,2025-11-20,1,Not as Described,134.96,Pending
RET004496,ORD048628,PROD00111,2026-04-15,2,Quality Issue,264.94,Pending
RET004497,ORD042831,PROD00100,2025-08-05,5,Wrong Item,748.95,Pending
RET004498,ORD021224,PROD00127,2025-08-21,2,Not as Described,201.26,Approved
RET004499,ORD041630,PROD00138,2025-07-28,1,Damaged,159.61,Approved
RET004500,ORD041027,PROD00087,2025-11-21,2,Other,249.08,Approved
RET004501,ORD011308,PROD00073,2025-07-09,10,Other,780.2,Approved
RET004502,ORD019058,PROD00380,2025-08-19,1,Quality Issue,57.26,Approved
RET004503,ORD044038,PROD00040,2026-01-31,1,Not as Described,153.95,Approved
RET004504,ORD016781,PROD00069,2025-05-24,2,Damaged,265.18,Approved
RET004505,ORD043163,PROD00155,2025-04-16,1,Late Delivery,4.57,Pending
RET004506,ORD008598,PROD00242,2026-01-30,1,Changed Mind,118.75,Pending
RET004507,ORD012496,PROD00461,2025-10-06,5,Quality Issue,217.35,Approved
RET004508,ORD040568,PROD00301,2025-12-01,2,Other,96.06,Approved
RET004509,ORD049950,PROD00138,2026-01-07,2,Damaged,319.22,Approved
RET004510,ORD016821,PROD00476,2025-02-22,1,Other,37.98,Approved
RET004511,ORD002058,PROD00076,2025-07-15,4,Other,709.84,Approved
RET004512,ORD042542,PROD00070,2026-03-13,5,Quality Issue,828.25,Approved
RET004513,ORD018194,PROD00420,2025-07-24,1,Late Delivery,108.51,Approved
RET004514,ORD025070,PROD00269,2025-09-30,2,Wrong Item,306.96,Rejected
RET004515,ORD006502,PROD00332,2025-11-27,1,Late Delivery,55.83,Approved
RET004516,ORD026286,PROD00282,2025-08-22,8,Quality Issue,176.96,Approved
RET004517,ORD024258,PROD00001,2025-02-05,6,Late Delivery,742.38,Approved
RET004518,ORD049982,PROD00135,2026-02-12,3,Damaged,196.62,Approved
RET004519,ORD038895,PROD00069,2026-05-31,7,Wrong Item,928.13,Approved
RET004520,ORD038940,PROD00381,2026-05-16,3,Late Delivery,209.49,Approved
RET004521,ORD039802,PROD00421,2026-05-27,2,Wrong Item,25.26,Pending
RET004522,ORD003071,PROD00195,2026-06-22,5,Wrong Item,144.05,Approved
RET004523,ORD048523,PROD00404,2025-06-10,8,Quality Issue,1257.84,Approved
RET004524,ORD040076,PROD00446,2026-06-04,1,Damaged,78.63,Rejected
RET004525,ORD001811,PROD00142,2025-09-08,2,Wrong Item,294.14,Approved
RET004526,ORD001532,PROD00382,2025-10-07,2,Quality Issue,218.08,Approved
RET004527,ORD046207,PROD00291,2025-04-16,1,Late Delivery,161.17,Approved
RET004528,ORD003810,PROD00244,2026-06-22,6,Damaged,1159.56,Pending
RET004529,ORD004134,PROD00163,2025-03-24,5,Other,640.35,Approved
RET004530,ORD040440,PROD00151,2025-05-28,4,Not as Described,592.8,Approved
RET004531,ORD040444,PROD00125,2025-06-18,8,Not as Described,724.56,Approved
RET004532,ORD034305,PROD00081,2026-05-17,1,Damaged,127.83,Approved
RET004533,ORD033974,PROD00389,2026-02-12,5,Other,130.8,Approved
RET004534,ORD049772,PROD00252,2025-08-04,6,Late Delivery,211.2,Pending
RET004535,ORD021235,PROD00024,2026-02-17,6,Not as Described,557.28,Approved
RET004536,ORD035705,PROD00113,2026-07-24,4,Other,404.76,Approved
RET004537,ORD011002,PROD00127,2026-07-11,3,Damaged,301.89,Approved
RET004538,ORD010588,PROD00131,2025-04-29,3,Wrong Item,101.76,Approved
RET004539,ORD029257,PROD00043,2025-04-15,1,Not as Described,80.75,Pending
RET004540,ORD029976,PROD00485,2025-09-06,1,Wrong Item,87.8,Approved
RET004541,ORD013011,PROD00266,2025-03-11,2,Late Delivery,395.24,Rejected
RET004542,ORD026487,PROD00102,2026-05-24,6,Changed Mind,692.46,Approved
RET004543,ORD013927,PROD00451,2026-03-10,2,Late Delivery,220.2,Approved
RET004544,ORD026419,PROD00185,2026-07-24,1,Late Delivery,42.57,Approved
RET004545,ORD023250,PROD00432,2025-02-16,7,Changed Mind,467.46,Approved
RET004546,ORD040990,PROD00302,2025-04-21,2,Wrong Item,281.96,Approved
RET004547,ORD007288,PROD00165,2025-07-28,3,Late Delivery,33.15,Pending
RET004548,ORD011168,PROD00377,2026-01-10,2,Wrong Item,88.6,Approved
RET004549,ORD010303,PROD00368,2026-06-05,7,Quality Issue,69.72,Pending
RET004550,ORD023107,PROD00335,2025-04-07,4,Late Delivery,746.36,Approved
RET004551,ORD023222,PROD00317,2026-04-22,4,Not as Described,628.2,Approved
RET004552,ORD021606,PROD00404,2026-04-21,3,Wrong Item,471.69,Approved
RET004553,ORD019986,PROD00188,2025-03-20,1,Not as Described,176.48,Approved
RET004554,ORD040277,PROD00362,2026-03-03,1,Quality Issue,104.64,Approved
RET004555,ORD014374,PROD00389,2025-12-29,8,Wrong Item,209.28,Approved
RET004556,ORD013566,PROD00128,2026-05-18,3,Quality Issue,622.23,Approved
RET004557,ORD005789,PROD00199,2025-04-27,2,Other,165.34,Approved
RET004558,ORD010468,PROD00321,2026-06-18,4,Wrong Item,274.84,Approved
RET004559,ORD017898,PROD00036,2025-06-04,1,Late Delivery,147.59,Pending
RET004560,ORD001613,PROD00052,2025-09-07,7,Wrong Item,344.89,Approved
RET004561,ORD023656,PROD00329,2026-01-19,6,Changed Mind,88.86,Approved
RET004562,ORD030846,PROD00120,2025-12-12,1,Damaged,187.26,Rejected
RET004563,ORD002819,PROD00270,2026-07-01,7,Late Delivery,844.97,Approved
RET004564,ORD013868,PROD00494,2025-08-30,3,Not as Described,464.67,Approved
RET004565,ORD038585,PROD00169,2025-09-17,6,Wrong Item,1086.96,Approved
RET004566,ORD005453,PROD00444,2025-07-23,4,Wrong Item,873.48,Approved
RET004567,ORD006401,PROD00318,2025-10-12,9,Not as Described,1294.11,Approved
RET004568,ORD036881,PROD00128,2025-06-07,4,Changed Mind,829.64,Approved
RET004569,ORD003903,PROD00029,2026-05-29,1,Wrong Item,78.76,Pending
RET004570,ORD007536,PROD00419,2025-02-07,2,Late Delivery,250.04,Approved
RET004571,ORD013992,PROD00206,2025-05-09,1,Not as Described,36.54,Approved
RET004572,ORD003685,PROD00331,2025-04-17,2,Not as Described,305.58,Approved
RET004573,ORD015960,PROD00238,2025-03-11,5,Other,774.7,Approved
RET004574,ORD016705,PROD00382,2025-03-09,4,Quality Issue,436.16,Pending
RET004575,ORD003543,PROD00378,2025-12-10,2,Wrong Item,169.96,Approved
RET004576,ORD046011,PROD00160,2026-02-23,1,Damaged,205.14,Approved
RET004577,ORD045590,PROD00266,2025-10-24,6,Wrong Item,1185.72,Approved
RET004578,ORD029995,PROD00300,2025-03-04,1,Damaged,135.61,Approved
RET004579,ORD036737,PROD00234,2026-02-15,2,Quality Issue,231.88,Approved
RET004580,ORD006682,PROD00155,2025-11-14,2,Wrong Item,9.14,Approved
RET004581,ORD015661,PROD00331,2026-02-23,7,Quality Issue,1069.53,Approved
RET004582,ORD010634,PROD00198,2025-04-05,3,Damaged,176.46,Approved
RET004583,ORD018459,PROD00203,2025-05-20,1,Damaged,70.83,Approved
RET004584,ORD017382,PROD00241,2026-06-23,4,Changed Mind,540.0,Pending
RET004585,ORD023360,PROD00041,2025-09-18,6,Damaged,112.92,Approved
RET004586,ORD025204,PROD00140,2025-02-03,4,Quality Issue,485.2,Pending
RET004587,ORD020071,PROD00451,2025-07-07,1,Not as Described,110.1,Approved
RET004588,ORD021339,PROD00004,2026-02-05,2,Not as Described,198.3,Approved
RET004589,ORD023530,PROD00110,2026-07-13,2,Wrong Item,139.5,Approved
RET004590,ORD004607,PROD00297,2026-01-17,6,Changed Mind,402.3,Approved
RET004591,ORD015096,PROD00221,2026-01-01,7,Wrong Item,186.27,Rejected
RET004592,ORD009622,PROD00335,2026-07-17,5,Changed Mind,932.95,Rejected
RET004593,ORD037620,PROD00470,2025-11-25,7,Wrong Item,931.56,Pending
RET004594,ORD032393,PROD00126,2025-02-15,3,Changed Mind,506.43,Approved
RET004595,ORD004046,PROD00351,2025-02-02,3,Other,540.21,Approved
RET004596,ORD000881,PROD00246,2025-03-25,9,Other,741.51,Approved
RET004597,ORD000569,PROD00248,2025-07-28,1,Not as Described,20.26,Approved
RET004598,ORD040796,PROD00101,2025-08-07,2,Late Delivery,349.16,Approved
RET004599,ORD031665,PROD00199,2025-11-04,2,Damaged,165.34,Approved
RET004600,ORD046103,PROD00054,2025-07-10,1,Other,225.87,Approved
RET004601,ORD044396,PROD00407,2025-08-27,6,Damaged,82.02,Approved
RET004602,ORD026462,PROD00382,2025-11-09,3,Quality Issue,327.12,Approved
RET004603,ORD044379,PROD00047,2025-08-13,4,Quality Issue,464.6,Approved
RET004604,ORD029851,PROD00050,2026-05-25,1,Wrong Item,78.89,Approved
RET004605,ORD035673,PROD00352,2026-01-02,2,Other,158.62,Approved
RET004606,ORD035748,PROD00309,2026-05-10,2,Not as Described,88.44,Approved
RET004607,ORD007641,PROD00316,2025-08-11,1,Other,30.56,Approved
RET004608,ORD004419,PROD00222,2025-05-20,1,Quality Issue,54.5,Approved
RET004609,ORD032183,PROD00476,2025-11-17,1,Damaged,37.98,Approved
RET004610,ORD010513,PROD00113,2025-07-17,2,Changed Mind,202.38,Approved
RET004611,ORD014377,PROD00113,2026-07-22,3,Not as Described,303.57,Approved
RET004612,ORD023750,PROD00190,2025-10-30,2,Late Delivery,149.38,Approved
RET004613,ORD030617,PROD00311,2025-12-14,9,Changed Mind,312.39,Approved
RET004614,ORD016989,PROD00150,2025-12-11,2,Changed Mind,358.8,Approved
RET004615,ORD036233,PROD00066,2025-12-07,1,Other,136.29,Approved
RET004616,ORD047532,PROD00441,2026-04-15,5,Late Delivery,496.35,Approved
RET004617,ORD041123,PROD00208,2026-04-10,1,Other,170.63,Approved
RET004618,ORD000442,PROD00428,2026-01-28,3,Damaged,235.08,Approved
RET004619,ORD042556,PROD00408,2025-07-27,1,Quality Issue,20.9,Approved
RET004620,ORD011392,PROD00436,2025-03-08,1,Damaged,39.39,Approved
RET004621,ORD049927,PROD00041,2026-03-24,4,Wrong Item,75.28,Approved
RET004622,ORD005608,PROD00311,2025-08-20,1,Quality Issue,34.71,Approved
RET004623,ORD004319,PROD00181,2025-05-05,5,Wrong Item,592.1,Approved
RET004624,ORD048284,PROD00359,2025-04-14,6,Changed Mind,1369.86,Approved
RET004625,ORD005111,PROD00334,2026-03-30,3,Quality Issue,446.64,Approved
RET004626,ORD008200,PROD00467,2025-12-09,1,Other,44.73,Approved
RET004627,ORD046359,PROD00252,2025-08-25,8,Damaged,281.6,Approved
RET004628,ORD029827,PROD00168,2025-04-11,1,Wrong Item,69.09,Approved
RET004629,ORD003537,PROD00352,2025-05-25,1,Other,79.31,Approved
RET004630,ORD023879,PROD00008,2025-03-05,9,Wrong Item,894.87,Approved
RET004631,ORD048892,PROD00365,2025-03-28,4,Late Delivery,160.64,Approved
RET004632,ORD037838,PROD00451,2025-09-27,2,Late Delivery,220.2,Approved
RET004633,ORD023417,PROD00060,2026-04-18,1,Other,47.92,Approved
RET004634,ORD047794,PROD00469,2025-05-07,1,Quality Issue,56.1,Pending
RET004635,ORD010913,PROD00235,2026-02-22,9,Quality Issue,897.84,Approved
RET004636,ORD025807,PROD00145,2025-03-18,1,Wrong Item,79.04,Pending
RET004637,ORD021429,PROD00076,2026-01-20,2,Damaged,354.92,Approved
RET004638,ORD033203,PROD00312,2025-12-11,2,Late Delivery,382.1,Approved
RET004639,ORD019778,PROD00327,2025-03-10,1,Other,169.39,Approved
RET004640,ORD015211,PROD00093,2025-12-17,2,Other,156.72,Approved
RET004641,ORD000001,PROD00023,2025-10-04,1,Not as Described,66.1,Rejected
RET004642,ORD027284,PROD00493,2025-04-08,1,Wrong Item,98.73,Approved
RET004643,ORD044671,PROD00205,2025-12-16,1,Not as Described,161.75,Approved
RET004644,ORD001939,PROD00148,2025-09-16,4,Other,252.08,Rejected
RET004645,ORD046073,PROD00065,2025-02-24,1,Other,74.29,Approved
RET004646,ORD037174,PROD00473,2025-09-10,4,Late Delivery,281.76,Approved
RET004647,ORD015709,PROD00427,2025-11-10,3,Wrong Item,556.26,Approved
RET004648,ORD001708,PROD00140,2025-08-01,5,Late Delivery,606.5,Approved
RET004649,ORD044535,PROD00439,2025-11-04,3,Damaged,135.48,Approved
RET004650,ORD044578,PROD00073,2025-10-30,6,Changed Mind,468.12,Approved
RET004651,ORD003809,PROD00120,2025-12-04,2,Late Delivery,374.52,Approved
RET004652,ORD046234,PROD00455,2025-02-15,6,Changed Mind,771.78,Pending
RET004653,ORD046797,PROD00072,2025-09-14,3,Wrong Item,95.34,Approved
RET004654,ORD008676,PROD00440,2025-08-21,1,Other,139.5,Approved
RET004655,ORD021152,PROD00460,2025-09-25,3,Damaged,472.02,Approved
RET004656,ORD010369,PROD00431,2026-07-09,1,Not as Described,67.13,Approved
RET004657,ORD024721,PROD00029,2025-05-26,3,Other,236.28,Approved
RET004658,ORD042296,PROD00174,2026-05-23,5,Changed Mind,619.95,Approved
RET004659,ORD047730,PROD00263,2026-07-04,2,Wrong Item,74.1,Approved
RET004660,ORD042054,PROD00419,2025-02-26,2,Wrong Item,250.04,Rejected
RET004661,ORD015665,PROD00181,2026-03-18,3,Late Delivery,355.26,Approved
RET004662,ORD008789,PROD00005,2025-06-24,4,Changed Mind,311.16,Approved
RET004663,ORD000256,PROD00116,2025-03-10,4,Changed Mind,127.6,Approved
RET004664,ORD046228,PROD00127,2025-04-14,4,Changed Mind,402.52,Approved
RET004665,ORD019320,PROD00222,2025-07-01,8,Other,436.0,Approved
RET004666,ORD015064,PROD00222,2025-10-22,2,Late Delivery,109.0,Approved
RET004667,ORD025679,PROD00135,2025-10-05,9,Quality Issue,589.86,Approved
RET004668,ORD047620,PROD00174,2026-02-10,1,Damaged,123.99,Approved
RET004669,ORD026702,PROD00282,2025-06-09,1,Quality Issue,22.12,Approved
RET004670,ORD030226,PROD00073,2026-02-12,5,Other,390.1,Pending
RET004671,ORD037616,PROD00028,2025-07-14,1,Changed Mind,37.09,Approved
RET004672,ORD010416,PROD00463,2026-03-16,2,Quality Issue,52.2,Approved
RET004673,ORD004834,PROD00344,2025-04-29,7,Late Delivery,365.89,Approved
RET004674,ORD044334,PROD00330,2025-06-26,4,Quality Issue,260.0,Approved
RET004675,ORD035637,PROD00413,2026-06-11,1,Quality Issue,47.58,Approved
RET004676,ORD045414,PROD00087,2026-04-10,2,Late Delivery,249.08,Approved
RET004677,ORD044278,PROD00272,2026-07-11,1,Quality Issue,175.48,Approved
RET004678,ORD033794,PROD00156,2025-04-26,2,Late Delivery,352.38,Approved
RET004679,ORD011185,PROD00257,2026-02-28,5,Late Delivery,444.95,Approved
RET004680,ORD006544,PROD00335,2026-03-13,6,Not as Described,1119.54,Approved
RET004681,ORD047788,PROD00490,2026-01-04,1,Quality Issue,152.66,Approved
RET004682,ORD037796,PROD00101,2025-05-01,1,Wrong Item,174.58,Approved
RET004683,ORD038201,PROD00181,2026-01-14,5,Damaged,592.1,Approved
RET004684,ORD021767,PROD00046,2025-11-11,2,Changed Mind,77.94,Approved
RET004685,ORD033162,PROD00092,2026-07-07,2,Quality Issue,181.74,Approved
RET004686,ORD038061,PROD00422,2025-02-12,7,Not as Described,905.8,Approved
RET004687,ORD005199,PROD00136,2026-06-03,8,Changed Mind,105.28,Approved
RET004688,ORD021266,PROD00036,2025-06-03,2,Not as Described,295.18,Approved
RET004689,ORD014154,PROD00151,2025-02-09,1,Not as Described,148.2,Approved
RET004690,ORD015661,PROD00446,2026-01-29,1,Wrong Item,78.63,Approved
RET004691,ORD027491,PROD00122,2026-07-05,2,Late Delivery,158.2,Approved
RET004692,ORD028383,PROD00437,2026-03-11,1,Not as Described,91.71,Approved
RET004693,ORD024347,PROD00485,2026-01-31,1,Wrong Item,87.8,Approved
RET004694,ORD031576,PROD00127,2025-10-02,2,Not as Described,201.26,Pending
RET004695,ORD017443,PROD00157,2026-02-23,4,Quality Issue,75.68,Approved
RET004696,ORD014866,PROD00037,2025-07-03,2,Damaged,292.7,Approved
RET004697,ORD022364,PROD00033,2025-04-12,6,Not as Described,1200.66,Approved
RET004698,ORD043884,PROD00370,2025-06-17,1,Damaged,17.34,Approved
RET004699,ORD038325,PROD00015,2025-11-21,1,Quality Issue,112.05,Approved
RET004700,ORD034258,PROD00237,2026-07-15,3,Other,376.41,Approved
RET004701,ORD001010,PROD00444,2025-07-30,6,Wrong Item,1310.22,Pending
RET004702,ORD018884,PROD00069,2025-09-23,1,Other,132.59,Approved
RET004703,ORD033450,PROD00418,2025-12-17,6,Wrong Item,639.6,Approved
RET004704,ORD047310,PROD00217,2026-03-03,4,Not as Described,509.68,Approved
RET004705,ORD028308,PROD00031,2025-05-12,6,Changed Mind,160.32,Approved
RET004706,ORD045850,PROD00374,2026-04-08,4,Not as Described,54.08,Approved
RET004707,ORD027167,PROD00230,2025-02-15,3,Wrong Item,134.49,Approved
RET004708,ORD008920,PROD00083,2025-11-21,2,Damaged,368.14,Rejected
RET004709,ORD040160,PROD00466,2025-08-20,2,Not as Described,110.92,Pending
RET004710,ORD029007,PROD00400,2025-06-21,6,Not as Described,514.26,Approved
RET004711,ORD033054,PROD00292,2025-12-16,1,Other,32.94,Approved
RET004712,ORD027715,PROD00109,2025-03-17,1,Other,109.14,Approved
RET004713,ORD031644,PROD00070,2025-02-01,6,Changed Mind,993.9,Approved
RET004714,ORD030645,PROD00292,2025-09-22,8,Quality Issue,263.52,Pending
RET004715,ORD023349,PROD00286,2026-06-22,4,Wrong Item,495.16,Approved
RET004716,ORD010056,PROD00173,2025-09-03,3,Quality Issue,129.72,Approved
RET004717,ORD033967,PROD00058,2025-11-10,1,Wrong Item,58.18,Pending
RET004718,ORD018937,PROD00091,2025-12-18,8,Other,455.12,Pending
RET004719,ORD004428,PROD00127,2026-03-29,2,Damaged,201.26,Approved
RET004720,ORD031201,PROD00403,2025-05-27,7,Wrong Item,1110.83,Approved
RET004721,ORD012823,PROD00117,2025-03-11,7,Changed Mind,1066.73,Approved
RET004722,ORD038081,PROD00265,2025-04-10,2,Late Delivery,415.32,Approved
RET004723,ORD022032,PROD00256,2026-03-04,1,Damaged,78.96,Rejected
RET004724,ORD031244,PROD00341,2025-05-29,2,Not as Described,227.72,Rejected
RET004725,ORD031479,PROD00100,2025-11-16,2,Wrong Item,299.58,Approved
RET004726,ORD017191,PROD00338,2026-01-24,3,Quality Issue,617.28,Approved
RET004727,ORD027229,PROD00139,2025-07-02,7,Wrong Item,273.7,Approved
RET004728,ORD035205,PROD00082,2025-07-16,8,Late Delivery,1109.04,Approved
RET004729,ORD001346,PROD00077,2025-06-03,3,Late Delivery,209.31,Approved
RET004730,ORD037174,PROD00472,2025-11-10,1,Not as Described,164.89,Approved
RET004731,ORD032497,PROD00075,2025-06-02,4,Other,156.16,Rejected
RET004732,ORD041723,PROD00353,2025-07-17,1,Changed Mind,147.99,Approved
RET004733,ORD045908,PROD00378,2025-12-18,2,Late Delivery,169.96,Approved
RET004734,ORD048302,PROD00323,2025-06-21,2,Changed Mind,58.34,Approved
RET004735,ORD027874,PROD00141,2025-08-18,1,Other,7.3,Approved
RET004736,ORD039801,PROD00162,2025-12-16,3,Not as Described,675.21,Approved
RET004737,ORD002899,PROD00146,2025-05-02,3,Changed Mind,699.33,Approved
RET004738,ORD033904,PROD00028,2026-03-01,3,Late Delivery,111.27,Approved
RET004739,ORD044227,PROD00163,2025-12-09,1,Changed Mind,128.07,Approved
RET004740,ORD008643,PROD00271,2026-01-25,2,Not as Described,372.24,Rejected
RET004741,ORD011509,PROD00450,2025-10-06,1,Quality Issue,72.17,Approved
RET004742,ORD016885,PROD00353,2025-05-08,4,Quality Issue,591.96,Approved
RET004743,ORD046923,PROD00281,2025-02-13,6,Not as Described,128.82,Approved
RET004744,ORD005354,PROD00498,2025-05-01,2,Wrong Item,376.0,Approved
RET004745,ORD017088,PROD00050,2025-02-11,4,Quality Issue,315.56,Approved
RET004746,ORD003537,PROD00176,2026-05-11,1,Changed Mind,45.64,Approved
RET004747,ORD039608,PROD00153,2025-10-23,6,Changed Mind,648.24,Approved
RET004748,ORD036868,PROD00368,2025-06-21,1,Changed Mind,9.96,Approved
RET004749,ORD047652,PROD00289,2025-12-11,1,Changed Mind,15.5,Approved
RET004750,ORD017507,PROD00109,2026-02-11,1,Late Delivery,109.14,Approved
RET004751,ORD026308,PROD00359,2025-11-30,5,Late Delivery,1141.55,Approved
RET004752,ORD004522,PROD00446,2025-06-01,1,Late Delivery,78.63,Approved
RET004753,ORD035494,PROD00036,2026-02-23,5,Damaged,737.95,Approved
RET004754,ORD046766,PROD00308,2025-05-17,6,Late Delivery,51.66,Approved
RET004755,ORD001950,PROD00376,2025-08-05,2,Not as Described,218.04,Approved
RET004756,ORD004396,PROD00481,2026-03-31,4,Wrong Item,590.04,Approved
RET004757,ORD040644,PROD00416,2026-02-13,3,Late Delivery,357.66,Approved
RET004758,ORD036235,PROD00435,2025-05-16,2,Quality Issue,43.5,Approved
RET004759,ORD023349,PROD00338,2025-07-23,1,Quality Issue,205.76,Approved
RET004760,ORD010339,PROD00105,2026-05-07,2,Quality Issue,200.08,Pending
RET004761,ORD007609,PROD00234,2026-07-11,2,Not as Described,231.88,Approved
RET004762,ORD001745,PROD00115,2025-04-02,6,Quality Issue,1095.12,Pending
RET004763,ORD031818,PROD00355,2025-05-31,5,Damaged,448.7,Pending
RET004764,ORD031002,PROD00134,2025-10-11,3,Other,52.44,Pending
RET004765,ORD021957,PROD00050,2025-03-05,1,Damaged,78.89,Approved
RET004766,ORD041412,PROD00177,2025-08-02,1,Wrong Item,167.83,Approved
RET004767,ORD038247,PROD00327,2025-09-27,5,Damaged,846.95,Rejected
RET004768,ORD047065,PROD00085,2025-07-26,4,Late Delivery,566.44,Approved
RET004769,ORD001683,PROD00134,2025-05-18,3,Damaged,52.44,Pending
RET004770,ORD022241,PROD00455,2026-04-24,3,Quality Issue,385.89,Approved
RET004771,ORD035323,PROD00499,2025-10-21,8,Quality Issue,885.12,Approved
RET004772,ORD012943,PROD00227,2026-07-04,3,Changed Mind,105.27,Approved
RET004773,ORD020249,PROD00321,2026-07-11,1,Changed Mind,68.71,Pending
RET004774,ORD021553,PROD00246,2026-05-14,6,Not as Described,494.34,Approved
RET004775,ORD021729,PROD00220,2026-01-07,2,Damaged,141.96,Approved
RET004776,ORD046186,PROD00258,2025-08-14,2,Other,112.06,Approved
RET004777,ORD021370,PROD00456,2025-03-02,4,Not as Described,681.08,Approved
RET004778,ORD030432,PROD00077,2025-02-11,6,Damaged,418.62,Approved
RET004779,ORD024848,PROD00273,2025-12-29,4,Damaged,276.72,Pending
RET004780,ORD041179,PROD00146,2026-04-02,6,Not as Described,1398.66,Approved
RET004781,ORD013059,PROD00195,2025-05-20,3,Changed Mind,86.43,Approved
RET004782,ORD026028,PROD00152,2025-08-25,2,Quality Issue,127.36,Approved
RET004783,ORD004662,PROD00379,2026-01-28,3,Quality Issue,297.27,Approved
RET004784,ORD047618,PROD00341,2025-09-08,1,Wrong Item,113.86,Approved
RET004785,ORD042457,PROD00091,2025-07-21,2,Late Delivery,113.78,Approved
RET004786,ORD017857,PROD00418,2025-05-09,4,Wrong Item,426.4,Pending
RET004787,ORD002882,PROD00302,2025-12-02,4,Other,563.92,Approved
RET004788,ORD049770,PROD00245,2026-02-05,1,Late Delivery,113.27,Pending
RET004789,ORD009792,PROD00031,2025-07-02,1,Other,26.72,Approved
RET004790,ORD017809,PROD00239,2026-07-22,1,Quality Issue,40.45,Approved
RET004791,ORD022794,PROD00096,2025-06-30,1,Not as Described,47.19,Approved
RET004792,ORD028109,PROD00093,2025-09-18,3,Late Delivery,235.08,Approved
RET004793,ORD036272,PROD00456,2025-09-21,1,Quality Issue,170.27,Approved
RET004794,ORD040236,PROD00253,2025-05-17,3,Quality Issue,57.57,Pending
RET004795,ORD004702,PROD00389,2025-09-06,3,Not as Described,78.48,Pending
RET004796,ORD039472,PROD00374,2026-07-07,3,Changed Mind,40.56,Approved
RET004797,ORD047862,PROD00406,2026-02-11,2,Changed Mind,118.38,Pending
RET004798,ORD003872,PROD00168,2025-03-19,1,Wrong Item,69.09,Approved
RET004799,ORD027958,PROD00394,2026-01-23,5,Other,710.9,Approved
RET004800,ORD009671,PROD00097,2026-07-10,5,Changed Mind,774.25,Approved
RET004801,ORD032165,PROD00098,2025-12-20,6,Other,506.34,Approved
RET004802,ORD047450,PROD00187,2025-06-29,1,Other,15.5,Approved
RET004803,ORD043435,PROD00462,2025-07-08,7,Late Delivery,1195.95,Approved
RET004804,ORD013849,PROD00056,2025-04-29,5,Changed Mind,363.45,Approved
RET004805,ORD017249,PROD00345,2025-06-13,1,Other,155.05,Approved
RET004806,ORD000484,PROD00401,2026-04-12,5,Late Delivery,545.3,Approved
RET004807,ORD000928,PROD00335,2026-03-23,7,Late Delivery,1306.13,Approved
RET004808,ORD041608,PROD00038,2026-05-19,1,Quality Issue,46.82,Approved
RET004809,ORD044876,PROD00025,2025-09-05,1,Quality Issue,140.01,Approved
RET004810,ORD038186,PROD00211,2025-12-28,1,Not as Described,18.54,Pending
RET004811,ORD003205,PROD00317,2025-08-29,1,Quality Issue,157.05,Rejected
RET004812,ORD033428,PROD00326,2025-12-28,7,Changed Mind,1173.06,Approved
RET004813,ORD026801,PROD00459,2025-12-25,5,Late Delivery,205.0,Approved
RET004814,ORD033110,PROD00142,2026-07-17,6,Late Delivery,882.42,Approved
RET004815,ORD035336,PROD00408,2025-06-26,2,Late Delivery,41.8,Pending
RET004816,ORD000210,PROD00031,2025-05-19,2,Not as Described,53.44,Rejected
RET004817,ORD006831,PROD00022,2026-07-17,3,Not as Described,417.21,Approved
RET004818,ORD047373,PROD00106,2025-06-12,9,Changed Mind,419.04,Approved
RET004819,ORD011945,PROD00244,2025-02-22,1,Not as Described,193.26,Approved
RET004820,ORD041451,PROD00483,2026-06-06,1,Late Delivery,100.04,Approved
RET004821,ORD024744,PROD00054,2025-02-21,3,Other,677.61,Approved
RET004822,ORD047493,PROD00125,2025-03-07,4,Other,362.28,Approved
RET004823,ORD038772,PROD00411,2025-06-20,3,Not as Described,453.06,Approved
RET004824,ORD041370,PROD00056,2026-04-28,5,Damaged,363.45,Approved
RET004825,ORD040042,PROD00381,2025-07-23,2,Late Delivery,139.66,Approved
RET004826,ORD019606,PROD00338,2025-04-21,1,Quality Issue,205.76,Approved
RET004827,ORD042979,PROD00111,2026-03-23,3,Wrong Item,397.41,Approved
RET004828,ORD003378,PROD00168,2026-03-29,4,Damaged,276.36,Pending
RET004829,ORD006924,PROD00403,2025-08-30,3,Quality Issue,476.07,Approved
RET004830,ORD030866,PROD00297,2025-06-22,1,Other,67.05,Approved
RET004831,ORD026023,PROD00270,2026-01-17,3,Other,362.13,Approved
RET004832,ORD032813,PROD00392,2025-04-03,6,Other,515.46,Pending
RET004833,ORD002654,PROD00252,2025-05-15,8,Other,281.6,Approved
RET004834,ORD039647,PROD00386,2025-10-01,1,Wrong Item,51.54,Approved
RET004835,ORD020563,PROD00028,2026-01-22,10,Damaged,370.9,Approved
RET004836,ORD042479,PROD00455,2025-04-20,1,Quality Issue,128.63,Pending
RET004837,ORD003262,PROD00360,2025-04-26,1,Other,112.05,Approved
RET004838,ORD038387,PROD00405,2026-04-19,8,Not as Described,624.32,Approved
RET004839,ORD011845,PROD00065,2025-08-29,1,Late Delivery,74.29,Approved
RET004840,ORD002178,PROD00081,2025-05-12,1,Other,127.83,Approved
RET004841,ORD005763,PROD00194,2026-03-09,4,Damaged,566.08,Approved
RET004842,ORD022391,PROD00334,2025-05-26,3,Wrong Item,446.64,Approved
RET004843,ORD008010,PROD00228,2026-05-14,1,Not as Described,25.27,Approved
RET004844,ORD038636,PROD00001,2026-05-21,4,Changed Mind,494.92,Approved
RET004845,ORD021852,PROD00169,2026-02-15,1,Damaged,181.16,Approved
RET004846,ORD027868,PROD00244,2026-02-02,1,Not as Described,193.26,Approved
RET004847,ORD001662,PROD00348,2025-12-09,2,Changed Mind,195.76,Approved
RET004848,ORD023237,PROD00241,2026-01-12,2,Changed Mind,270.0,Approved
RET004849,ORD026770,PROD00277,2026-07-25,2,Late Delivery,57.58,Approved
RET004850,ORD023578,PROD00490,2025-04-01,5,Late Delivery,763.3,Pending
RET004851,ORD002737,PROD00034,2025-11-15,2,Other,12.62,Approved
RET004852,ORD033303,PROD00465,2025-04-07,6,Wrong Item,875.94,Approved
RET004853,ORD029361,PROD00315,2026-06-20,7,Other,937.02,Approved
RET004854,ORD022496,PROD00476,2026-01-25,8,Wrong Item,303.84,Approved
RET004855,ORD028279,PROD00280,2025-09-02,2,Other,260.26,Approved
RET004856,ORD015353,PROD00119,2025-10-07,1,Quality Issue,23.43,Approved
RET004857,ORD038282,PROD00202,2026-03-05,1,Wrong Item,20.81,Approved
RET004858,ORD012683,PROD00425,2025-07-27,4,Not as Described,755.68,Approved
RET004859,ORD026124,PROD00246,2026-06-22,4,Late Delivery,329.56,Approved
RET004860,ORD024648,PROD00474,2025-12-29,5,Changed Mind,300.55,Approved
RET004861,ORD003717,PROD00241,2025-07-25,1,Other,135.0,Approved
RET004862,ORD043067,PROD00354,2025-02-28,1,Damaged,111.99,Approved
RET004863,ORD038179,PROD00050,2026-05-09,8,Late Delivery,631.12,Approved
RET004864,ORD027000,PROD00198,2026-01-24,7,Quality Issue,411.74,Approved
RET004865,ORD039905,PROD00106,2025-12-16,4,Quality Issue,186.24,Approved
RET004866,ORD012949,PROD00173,2026-02-02,2,Changed Mind,86.48,Approved
RET004867,ORD045187,PROD00009,2025-10-28,8,Damaged,825.92,Pending
RET004868,ORD012717,PROD00284,2025-08-25,1,Late Delivery,67.8,Approved
RET004869,ORD019784,PROD00247,2025-07-23,3,Not as Described,389.4,Approved
RET004870,ORD040546,PROD00003,2025-09-20,3,Other,410.34,Approved
RET004871,ORD018761,PROD00111,2025-05-02,2,Quality Issue,264.94,Approved
RET004872,ORD024149,PROD00114,2025-07-20,2,Not as Described,100.58,Approved
RET004873,ORD007351,PROD00080,2025-06-29,1,Not as Described,63.34,Approved
RET004874,ORD026061,PROD00061,2025-04-28,1,Damaged,191.52,Pending
RET004875,ORD045626,PROD00058,2025-11-30,2,Not as Described,116.36,Rejected
RET004876,ORD030068,PROD00250,2025-05-26,2,Quality Issue,282.14,Approved
RET004877,ORD049258,PROD00177,2026-05-16,1,Late Delivery,167.83,Approved
RET004878,ORD001557,PROD00114,2025-10-23,6,Changed Mind,301.74,Approved
RET004879,ORD008858,PROD00041,2025-12-29,7,Quality Issue,131.74,Approved
RET004880,ORD028289,PROD00153,2025-05-13,3,Late Delivery,324.12,Approved
RET004881,ORD031060,PROD00439,2025-02-22,2,Damaged,90.32,Approved
RET004882,ORD039240,PROD00497,2026-03-12,2,Not as Described,99.58,Approved
RET004883,ORD030997,PROD00045,2025-08-28,2,Quality Issue,437.1,Approved
RET004884,ORD002961,PROD00240,2025-04-17,5,Not as Described,82.6,Rejected
RET004885,ORD024614,PROD00214,2025-08-23,3,Not as Described,305.73,Approved
RET004886,ORD047468,PROD00175,2026-04-12,2,Not as Described,61.26,Approved
RET004887,ORD008280,PROD00397,2026-04-11,4,Changed Mind,320.76,Approved
RET004888,ORD019413,PROD00497,2025-03-07,2,Damaged,99.58,Approved
RET004889,ORD043449,PROD00499,2026-03-19,9,Wrong Item,995.76,Approved
RET004890,ORD037356,PROD00444,2026-06-09,1,Damaged,218.37,Rejected
RET004891,ORD001104,PROD00477,2025-02-13,3,Quality Issue,524.88,Approved
RET004892,ORD017932,PROD00402,2026-04-25,2,Late Delivery,97.2,Pending
RET004893,ORD002793,PROD00469,2025-12-10,5,Wrong Item,280.5,Approved
RET004894,ORD011050,PROD00312,2026-07-12,5,Wrong Item,955.25,Approved
RET004895,ORD002467,PROD00288,2026-04-10,1,Wrong Item,38.75,Rejected
RET004896,ORD006755,PROD00241,2026-07-09,1,Not as Described,135.0,Approved
RET004897,ORD030615,PROD00202,2026-04-22,1,Late Delivery,20.81,Approved
RET004898,ORD028445,PROD00430,2025-04-18,3,Not as Described,345.63,Approved
RET004899,ORD027058,PROD00176,2025-08-03,4,Late Delivery,182.56,Approved
RET004900,ORD022903,PROD00331,2025-12-14,3,Changed Mind,458.37,Approved
RET004901,ORD040305,PROD00369,2025-10-24,4,Other,456.24,Approved
RET004902,ORD021879,PROD00485,2025-03-14,3,Late Delivery,263.4,Approved
RET004903,ORD048127,PROD00175,2026-03-31,1,Late Delivery,30.63,Approved
RET004904,ORD033632,PROD00070,2025-11-23,2,Other,331.3,Rejected
RET004905,ORD020308,PROD00450,2026-02-26,2,Wrong Item,144.34,Approved
RET004906,ORD012881,PROD00033,2026-07-02,3,Changed Mind,600.33,Approved
RET004907,ORD043542,PROD00066,2025-07-04,5,Not as Described,681.45,Approved
RET004908,ORD004591,PROD00427,2026-03-17,4,Late Delivery,741.68,Approved
RET004909,ORD019203,PROD00043,2026-07-19,2,Changed Mind,161.5,Pending
RET004910,ORD048543,PROD00303,2025-04-30,5,Other,974.0,Approved
RET004911,ORD007477,PROD00464,2025-07-21,3,Damaged,336.12,Approved
RET004912,ORD015748,PROD00032,2025-03-19,4,Wrong Item,134.92,Rejected
RET004913,ORD030924,PROD00112,2025-03-04,2,Wrong Item,50.86,Approved
RET004914,ORD049287,PROD00484,2026-07-03,1,Quality Issue,6.36,Approved
RET004915,ORD047539,PROD00348,2025-06-22,6,Quality Issue,587.28,Approved
RET004916,ORD036364,PROD00359,2026-06-30,7,Damaged,1598.17,Approved
RET004917,ORD000133,PROD00051,2025-03-21,5,Not as Described,282.85,Approved
RET004918,ORD049842,PROD00378,2026-07-01,3,Not as Described,254.94,Approved
RET004919,ORD021038,PROD00495,2025-10-23,2,Not as Described,141.42,Approved
RET004920,ORD014049,PROD00025,2025-03-19,2,Quality Issue,280.02,Approved
RET004921,ORD007860,PROD00070,2026-07-17,1,Wrong Item,165.65,Approved
RET004922,ORD037540,PROD00013,2025-06-03,7,Other,305.27,Approved
RET004923,ORD033110,PROD00442,2025-04-03,1,Not as Described,127.42,Approved
RET004924,ORD006837,PROD00345,2026-01-23,1,Quality Issue,155.05,Approved
RET004925,ORD005007,PROD00473,2026-05-22,1,Quality Issue,70.44,Approved
RET004926,ORD012680,PROD00323,2026-02-27,7,Other,204.19,Approved
RET004927,ORD012127,PROD00214,2025-02-06,6,Other,611.46,Approved
RET004928,ORD024207,PROD00142,2026-05-23,3,Wrong Item,441.21,Approved
RET004929,ORD048307,PROD00424,2026-02-21,6,Other,944.64,Approved
RET004930,ORD027371,PROD00109,2025-03-04,6,Damaged,654.84,Approved
RET004931,ORD029556,PROD00021,2025-02-21,2,Not as Described,87.86,Approved
RET004932,ORD024048,PROD00474,2025-10-01,1,Wrong Item,60.11,Rejected
RET004933,ORD008925,PROD00071,2025-04-18,4,Other,517.92,Pending
RET004934,ORD035365,PROD00018,2025-04-14,10,Changed Mind,340.4,Pending
RET004935,ORD020067,PROD00450,2025-03-26,4,Other,288.68,Approved
RET004936,ORD015326,PROD00376,2025-11-01,5,Quality Issue,545.1,Approved
RET004937,ORD044938,PROD00095,2025-09-14,1,Wrong Item,153.36,Approved
RET004938,ORD020102,PROD00041,2025-04-30,3,Other,56.46,Approved
RET004939,ORD008611,PROD00477,2025-07-24,3,Not as Described,524.88,Approved
RET004940,ORD023722,PROD00486,2026-04-18,5,Other,633.45,Approved
RET004941,ORD004407,PROD00092,2025-09-02,1,Late Delivery,90.87,Approved
RET004942,ORD007183,PROD00463,2026-04-29,8,Wrong Item,208.8,Approved
RET004943,ORD018493,PROD00186,2025-03-14,4,Quality Issue,630.56,Approved
RET004944,ORD013965,PROD00412,2025-12-20,3,Not as Described,477.12,Approved
RET004945,ORD008509,PROD00392,2026-01-06,3,Not as Described,257.73,Approved
RET004946,ORD034778,PROD00022,2026-06-12,1,Late Delivery,139.07,Approved
RET004947,ORD024450,PROD00011,2025-03-15,3,Not as Described,440.07,Approved
RET004948,ORD041595,PROD00497,2026-07-08,1,Other,49.79,Pending
RET004949,ORD008956,PROD00047,2025-05-29,2,Not as Described,232.3,Approved
RET004950,ORD000505,PROD00062,2025-07-11,2,Other,7.84,Approved
RET004951,ORD033777,PROD00156,2025-04-17,2,Changed Mind,352.38,Approved
RET004952,ORD046855,PROD00158,2025-06-18,7,Wrong Item,867.44,Rejected
RET004953,ORD024668,PROD00037,2025-11-26,3,Wrong Item,439.05,Approved
RET004954,ORD025410,PROD00031,2025-09-24,8,Late Delivery,213.76,Approved
RET004955,ORD021609,PROD00442,2025-03-02,1,Changed Mind,127.42,Approved
RET004956,ORD015906,PROD00173,2025-09-02,1,Other,43.24,Approved
RET004957,ORD039777,PROD00192,2025-03-25,4,Not as Described,31.8,Approved
RET004958,ORD037392,PROD00092,2025-04-28,2,Quality Issue,181.74,Approved
RET004959,ORD044516,PROD00241,2025-10-10,7,Changed Mind,945.0,Rejected
RET004960,ORD016318,PROD00030,2026-06-15,1,Damaged,109.72,Approved
RET004961,ORD041214,PROD00308,2026-01-14,3,Not as Described,25.83,Approved
RET004962,ORD017933,PROD00128,2025-04-12,3,Quality Issue,622.23,Approved
RET004963,ORD013140,PROD00467,2025-01-31,1,Not as Described,44.73,Approved
RET004964,ORD043468,PROD00031,2026-03-06,8,Not as Described,213.76,Approved
RET004965,ORD021041,PROD00451,2026-03-19,1,Late Delivery,110.1,Approved
RET004966,ORD031872,PROD00471,2026-07-09,2,Late Delivery,51.1,Approved
RET004967,ORD008643,PROD00291,2025-02-21,2,Quality Issue,322.34,Approved
RET004968,ORD049764,PROD00001,2025-09-18,1,Not as Described,123.73,Pending
RET004969,ORD018861,PROD00116,2025-03-12,9,Late Delivery,287.1,Approved
RET004970,ORD006414,PROD00165,2026-02-11,3,Other,33.15,Approved
RET004971,ORD018259,PROD00061,2026-07-15,2,Other,383.04,Approved
RET004972,ORD038006,PROD00201,2025-11-07,1,Changed Mind,95.19,Approved
RET004973,ORD040645,PROD00393,2025-08-18,2,Late Delivery,217.98,Approved
RET004974,ORD036672,PROD00283,2026-01-11,2,Late Delivery,168.1,Approved
RET004975,ORD014133,PROD00025,2025-11-26,3,Quality Issue,420.03,Pending
RET004976,ORD029983,PROD00310,2026-06-19,2,Other,193.92,Approved
RET004977,ORD022698,PROD00118,2026-02-20,4,Wrong Item,268.72,Approved
RET004978,ORD035400,PROD00349,2025-04-21,1,Changed Mind,211.86,Rejected
RET004979,ORD042498,PROD00371,2026-04-03,7,Not as Described,632.94,Approved
RET004980,ORD006787,PROD00305,2026-02-07,3,Damaged,63.48,Approved
RET004981,ORD017244,PROD00052,2025-11-19,1,Quality Issue,49.27,Approved
RET004982,ORD046087,PROD00179,2026-06-20,7,Quality Issue,1177.12,Approved
RET004983,ORD002581,PROD00221,2026-03-09,5,Late Delivery,133.05,Approved
RET004984,ORD007510,PROD00495,2025-07-04,5,Changed Mind,353.55,Approved
RET004985,ORD038223,PROD00198,2025-12-07,1,Changed Mind,58.82,Approved
RET004986,ORD026163,PROD00231,2026-03-03,5,Damaged,146.1,Approved
RET004987,ORD047875,PROD00482,2025-02-25,2,Changed Mind,377.58,Approved
RET004988,ORD018907,PROD00178,2026-02-13,3,Damaged,32.31,Approved
RET004989,ORD046610,PROD00234,2025-04-28,2,Late Delivery,231.88,Approved
RET004990,ORD022984,PROD00048,2025-03-07,3,Other,454.5,Approved
RET004991,ORD038460,PROD00163,2025-11-02,2,Other,256.14,Approved
RET004992,ORD010080,PROD00262,2025-03-06,7,Wrong Item,514.71,Approved
RET004993,ORD039129,PROD00333,2026-03-12,2,Late Delivery,321.1,Pending
RET004994,ORD044590,PROD00022,2025-06-23,2,Quality Issue,278.14,Pending
RET004995,ORD001092,PROD00459,2025-12-06,5,Wrong Item,205.0,Approved
RET004996,ORD045582,PROD00212,2025-10-11,3,Wrong Item,113.94,Approved
RET004997,ORD024118,PROD00181,2025-03-27,1,Wrong Item,118.42,Approved
RET004998,ORD012886,PROD00026,2026-01-30,6,Not as Described,696.66,Approved
RET004999,ORD003351,PROD00495,2025-06-17,4,Late Delivery,282.84,Rejected
RET005000,ORD049965,PROD00281,2026-02-01,6,Late Delivery,128.82,Approved
RET005001,ORD028176,PROD00047,2025-06-21,3,Wrong Item,348.45,Approved
RET005002,ORD047995,PROD00340,2025-03-08,6,Late Delivery,609.84,Approved
RET005003,ORD011597,PROD00069,2026-04-11,9,Not as Described,1193.31,Approved
RET005004,ORD045268,PROD00042,2025-09-01,3,Late Delivery,163.29,Approved
RET005005,ORD001322,PROD00482,2025-06-06,5,Late Delivery,943.95,Approved
RET005006,ORD004969,PROD00373,2026-03-05,2,Changed Mind,133.2,Approved
RET005007,ORD019980,PROD00500,2025-03-31,4,Not as Described,36.64,Pending
RET005008,ORD000975,PROD00373,2026-06-13,1,Changed Mind,66.6,Approved
RET005009,ORD015246,PROD00150,2026-05-25,1,Other,179.4,Approved
RET005010,ORD007037,PROD00168,2025-05-16,1,Not as Described,69.09,Pending
RET005011,ORD042297,PROD00478,2026-05-06,5,Not as Described,240.55,Approved
RET005012,ORD048326,PROD00236,2025-08-06,7,Late Delivery,843.08,Approved
RET005013,ORD002826,PROD00376,2026-04-15,2,Other,218.04,Approved
RET005014,ORD045270,PROD00055,2026-03-05,1,Late Delivery,45.22,Pending
RET005015,ORD000462,PROD00452,2025-03-21,1,Not as Described,56.06,Approved
RET005016,ORD009169,PROD00306,2025-04-23,1,Other,187.42,Approved
RET005017,ORD034947,PROD00138,2025-03-09,1,Not as Described,159.61,Approved
RET005018,ORD006861,PROD00062,2025-06-10,3,Late Delivery,11.76,Approved
RET005019,ORD033713,PROD00331,2026-07-14,7,Late Delivery,1069.53,Approved
RET005020,ORD002001,PROD00088,2026-01-08,7,Not as Described,218.47,Pending
RET005021,ORD011325,PROD00092,2025-05-03,1,Not as Described,90.87,Rejected
RET005022,ORD036638,PROD00036,2026-07-20,4,Wrong Item,590.36,Approved
RET005023,ORD048636,PROD00417,2026-02-26,7,Damaged,459.48,Approved
RET005024,ORD048910,PROD00126,2025-08-23,1,Damaged,168.81,Approved
RET005025,ORD049680,PROD00033,2026-07-11,7,Late Delivery,1400.77,Approved
RET005026,ORD014426,PROD00277,2025-05-13,4,Changed Mind,115.16,Approved
RET005027,ORD026502,PROD00480,2026-07-25,1,Damaged,120.13,Approved
RET005028,ORD034099,PROD00484,2025-06-19,1,Late Delivery,6.36,Approved
RET005029,ORD005628,PROD00089,2026-04-10,2,Late Delivery,199.4,Pending
RET005030,ORD046601,PROD00439,2025-07-23,3,Changed Mind,135.48,Approved
RET005031,ORD031029,PROD00169,2026-01-19,2,Wrong Item,362.32,Pending
RET005032,ORD044652,PROD00100,2025-05-26,3,Changed Mind,449.37,Approved
RET005033,ORD041087,PROD00104,2025-12-06,2,Damaged,354.5,Approved
RET005034,ORD032740,PROD00387,2025-07-15,1,Changed Mind,26.19,Approved
RET005035,ORD000877,PROD00471,2025-06-13,1,Not as Described,25.55,Approved
RET005036,ORD048071,PROD00233,2025-09-19,3,Not as Described,382.32,Approved
RET005037,ORD002054,PROD00378,2026-03-19,5,Wrong Item,424.9,Approved
RET005038,ORD043314,PROD00422,2026-07-17,7,Changed Mind,905.8,Approved
RET005039,ORD036604,PROD00335,2025-11-08,7,Other,1306.13,Approved
RET005040,ORD008472,PROD00020,2025-06-05,1,Changed Mind,75.9,Pending
RET005041,ORD011279,PROD00303,2025-05-21,2,Wrong Item,389.6,Approved
RET005042,ORD004673,PROD00316,2025-06-07,7,Changed Mind,213.92,Pending
RET005043,ORD036331,PROD00082,2025-07-12,10,Late Delivery,1386.3,Approved
RET005044,ORD034719,PROD00115,2025-04-25,8,Changed Mind,1460.16,Approved
RET005045,ORD034559,PROD00382,2026-04-18,1,Wrong Item,109.04,Approved
RET005046,ORD048787,PROD00320,2025-02-22,4,Late Delivery,452.56,Approved
RET005047,ORD030927,PROD00114,2026-02-15,1,Damaged,50.29,Approved
RET005048,ORD017117,PROD00483,2025-03-25,7,Changed Mind,700.28,Approved
RET005049,ORD045361,PROD00097,2025-07-19,1,Other,154.85,Approved
RET005050,ORD034934,PROD00351,2025-03-03,6,Quality Issue,1080.42,Pending
RET005051,ORD000110,PROD00086,2025-06-15,3,Damaged,427.05,Approved
RET005052,ORD001247,PROD00225,2026-05-06,1,Damaged,107.74,Approved
RET005053,ORD048867,PROD00318,2025-07-06,2,Other,287.58,Approved
RET005054,ORD049321,PROD00480,2025-05-23,1,Not as Described,120.13,Approved
RET005055,ORD005523,PROD00336,2026-02-15,1,Quality Issue,140.08,Approved
RET005056,ORD022456,PROD00474,2025-08-25,6,Wrong Item,360.66,Approved
RET005057,ORD047855,PROD00099,2025-08-16,4,Other,74.6,Approved
RET005058,ORD018597,PROD00165,2026-04-15,2,Other,22.1,Approved
RET005059,ORD025563,PROD00050,2026-02-18,2,Wrong Item,157.78,Approved
RET005060,ORD037734,PROD00186,2025-03-10,1,Changed Mind,157.64,Approved
RET005061,ORD016888,PROD00280,2026-06-09,2,Changed Mind,260.26,Approved
RET005062,ORD026399,PROD00049,2025-09-09,5,Quality Issue,400.3,Approved
RET005063,ORD040973,PROD00322,2025-07-04,5,Wrong Item,681.6,Approved
RET005064,ORD038642,PROD00186,2026-06-22,1,Other,157.64,Rejected
RET005065,ORD017931,PROD00191,2026-06-26,7,Late Delivery,464.94,Approved
RET005066,ORD044318,PROD00040,2025-10-17,1,Changed Mind,153.95,Approved
RET005067,ORD038236,PROD00442,2026-04-12,2,Late Delivery,254.84,Approved
RET005068,ORD031697,PROD00011,2025-11-26,1,Damaged,146.69,Pending
RET005069,ORD009956,PROD00173,2025-10-18,1,Changed Mind,43.24,Approved
RET005070,ORD007254,PROD00097,2025-06-06,2,Late Delivery,309.7,Approved
RET005071,ORD048799,PROD00327,2025-04-25,1,Damaged,169.39,Rejected
RET005072,ORD004915,PROD00002,2025-06-13,8,Other,1425.12,Approved
RET005073,ORD045605,PROD00416,2025-04-06,2,Other,238.44,Approved
RET005074,ORD011289,PROD00029,2025-06-18,2,Wrong Item,157.52,Approved
RET005075,ORD014223,PROD00003,2026-02-23,1,Damaged,136.78,Approved
RET005076,ORD008263,PROD00086,2026-03-23,6,Late Delivery,854.1,Approved
RET005077,ORD049798,PROD00330,2025-03-07,6,Quality Issue,390.0,Approved
RET005078,ORD005313,PROD00298,2025-03-23,6,Changed Mind,967.38,Pending
RET005079,ORD022472,PROD00162,2025-05-21,3,Damaged,675.21,Approved
RET005080,ORD044232,PROD00477,2026-03-03,1,Changed Mind,174.96,Approved
RET005081,ORD002167,PROD00178,2025-10-27,1,Damaged,10.77,Rejected
RET005082,ORD035192,PROD00475,2025-06-10,4,Changed Mind,109.0,Approved
RET005083,ORD021906,PROD00127,2026-02-25,9,Damaged,905.67,Approved
RET005084,ORD033939,PROD00087,2026-05-30,2,Changed Mind,249.08,Approved
RET005085,ORD017693,PROD00381,2025-02-26,3,Wrong Item,209.49,Approved
RET005086,ORD045207,PROD00414,2025-02-08,4,Wrong Item,244.84,Rejected
RET005087,ORD002207,PROD00013,2025-03-22,3,Late Delivery,130.83,Approved
RET005088,ORD001500,PROD00326,2025-12-03,4,Damaged,670.32,Approved
RET005089,ORD003542,PROD00104,2025-09-05,3,Not as Described,531.75,Approved
RET005090,ORD023919,PROD00025,2025-09-13,2,Quality Issue,280.02,Approved
RET005091,ORD001677,PROD00480,2026-02-14,5,Late Delivery,600.65,Approved
RET005092,ORD002118,PROD00433,2025-12-13,7,Changed Mind,791.56,Approved
RET005093,ORD006553,PROD00086,2025-07-14,2,Damaged,284.7,Approved
RET005094,ORD046223,PROD00083,2026-03-19,4,Quality Issue,736.28,Pending
RET005095,ORD012762,PROD00105,2025-06-11,2,Quality Issue,200.08,Rejected
RET005096,ORD030835,PROD00121,2025-06-21,2,Wrong Item,254.68,Approved
RET005097,ORD036480,PROD00402,2025-08-15,5,Wrong Item,243.0,Approved
RET005098,ORD003169,PROD00060,2025-05-23,1,Changed Mind,47.92,Approved
RET005099,ORD028671,PROD00170,2026-04-02,8,Changed Mind,1644.08,Approved
RET005100,ORD018265,PROD00042,2026-02-21,2,Damaged,108.86,Approved
RET005101,ORD034980,PROD00477,2026-02-08,2,Quality Issue,349.92,Approved
RET005102,ORD005416,PROD00324,2025-04-10,8,Other,1830.4,Approved
RET005103,ORD001800,PROD00125,2025-05-06,1,Changed Mind,90.57,Approved
RET005104,ORD020445,PROD00166,2025-08-02,3,Wrong Item,520.77,Approved
RET005105,ORD036898,PROD00146,2025-02-22,4,Damaged,932.44,Approved
RET005106,ORD049838,PROD00070,2026-06-03,3,Quality Issue,496.95,Approved
RET005107,ORD031094,PROD00473,2026-06-17,3,Not as Described,211.32,Approved
RET005108,ORD009183,PROD00416,2025-04-23,1,Late Delivery,119.22,Approved
RET005109,ORD033133,PROD00422,2025-07-05,3,Damaged,388.2,Pending
RET005110,ORD027230,PROD00445,2025-03-27,3,Late Delivery,596.91,Approved
RET005111,ORD010150,PROD00231,2026-02-04,2,Quality Issue,58.44,Approved
RET005112,ORD010422,PROD00437,2025-05-21,3,Wrong Item,275.13,Approved
RET005113,ORD002578,PROD00060,2025-04-09,3,Wrong Item,143.76,Rejected
RET005114,ORD027318,PROD00436,2026-03-23,8,Quality Issue,315.12,Pending
RET005115,ORD031965,PROD00228,2025-07-30,2,Late Delivery,50.54,Approved
RET005116,ORD001324,PROD00063,2026-01-03,1,Quality Issue,124.85,Approved
RET005117,ORD035884,PROD00262,2025-12-03,6,Changed Mind,441.18,Approved
RET005118,ORD048727,PROD00242,2025-07-20,9,Wrong Item,1068.75,Approved
RET005119,ORD011268,PROD00387,2025-09-07,3,Late Delivery,78.57,Approved
RET005120,ORD035175,PROD00282,2026-03-20,2,Damaged,44.24,Pending
RET005121,ORD039346,PROD00344,2026-07-11,2,Damaged,104.54,Approved
RET005122,ORD016302,PROD00240,2026-05-19,3,Quality Issue,49.56,Approved
RET005123,ORD031151,PROD00223,2025-08-24,2,Quality Issue,364.72,Approved
RET005124,ORD040263,PROD00056,2025-10-31,2,Not as Described,145.38,Approved
RET005125,ORD046780,PROD00264,2026-04-14,4,Quality Issue,587.16,Approved
RET005126,ORD013073,PROD00280,2025-03-15,10,Not as Described,1301.3,Approved
RET005127,ORD010067,PROD00397,2025-11-05,3,Damaged,240.57,Approved
RET005128,ORD037201,PROD00325,2025-09-16,3,Other,212.1,Approved
RET005129,ORD001476,PROD00192,2026-04-26,4,Damaged,31.8,Approved
RET005130,ORD011677,PROD00189,2025-07-22,1,Wrong Item,12.85,Approved
RET005131,ORD029828,PROD00426,2025-02-02,10,Damaged,1132.6,Approved
RET005132,ORD012021,PROD00067,2025-04-23,8,Not as Described,1183.2,Pending
RET005133,ORD040422,PROD00408,2026-03-17,3,Late Delivery,62.7,Approved
RET005134,ORD025924,PROD00116,2025-03-29,1,Quality Issue,31.9,Approved
RET005135,ORD014504,PROD00258,2025-10-16,1,Changed Mind,56.03,Approved
RET005136,ORD046438,PROD00278,2025-03-30,8,Late Delivery,176.4,Approved
RET005137,ORD029800,PROD00134,2026-03-27,3,Damaged,52.44,Approved
RET005138,ORD045926,PROD00425,2025-05-29,5,Quality Issue,944.6,Approved
RET005139,ORD005988,PROD00049,2025-04-09,1,Changed Mind,80.06,Approved
RET005140,ORD013502,PROD00266,2025-07-05,5,Changed Mind,988.1,Approved
RET005141,ORD018453,PROD00497,2025-08-02,1,Quality Issue,49.79,Approved
RET005142,ORD043548,PROD00015,2025-06-22,1,Wrong Item,112.05,Approved
RET005143,ORD004362,PROD00487,2026-07-14,2,Quality Issue,97.46,Approved
RET005144,ORD009885,PROD00099,2025-05-30,2,Changed Mind,37.3,Approved
RET005145,ORD012859,PROD00005,2026-06-11,5,Damaged,388.95,Approved
RET005146,ORD028099,PROD00035,2025-02-22,2,Wrong Item,103.02,Pending
RET005147,ORD040038,PROD00138,2025-09-07,1,Changed Mind,159.61,Pending
RET005148,ORD045155,PROD00002,2026-03-04,1,Quality Issue,178.14,Approved
RET005149,ORD017231,PROD00369,2025-04-15,1,Not as Described,114.06,Approved
RET005150,ORD017158,PROD00434,2025-03-06,2,Damaged,296.0,Approved
RET005151,ORD000700,PROD00086,2025-02-19,3,Other,427.05,Approved
RET005152,ORD037912,PROD00157,2025-06-04,3,Late Delivery,56.76,Approved
RET005153,ORD041926,PROD00034,2025-12-11,3,Damaged,18.93,Approved
RET005154,ORD003557,PROD00207,2025-08-03,1,Damaged,25.14,Approved
RET005155,ORD049876,PROD00126,2026-07-25,4,Not as Described,675.24,Approved
RET005156,ORD023772,PROD00330,2026-01-08,1,Changed Mind,65.0,Approved
RET005157,ORD017274,PROD00201,2026-06-12,3,Late Delivery,285.57,Approved
RET005158,ORD033078,PROD00396,2025-06-04,4,Damaged,416.96,Approved
RET005159,ORD035564,PROD00195,2025-11-09,5,Not as Described,144.05,Approved
RET005160,ORD047598,PROD00286,2025-04-05,4,Not as Described,495.16,Approved
RET005161,ORD036732,PROD00430,2026-07-10,2,Late Delivery,230.42,Approved
RET005162,ORD014575,PROD00439,2025-05-13,2,Wrong Item,90.32,Rejected
RET005163,ORD041528,PROD00357,2025-05-05,2,Not as Described,298.0,Approved
RET005164,ORD037143,PROD00208,2025-04-08,5,Late Delivery,853.15,Approved
RET005165,ORD029523,PROD00397,2025-04-09,7,Not as Described,561.33,Approved
RET005166,ORD045888,PROD00314,2025-03-22,6,Not as Described,326.82,Pending
RET005167,ORD016522,PROD00161,2026-05-12,1,Quality Issue,145.22,Approved
RET005168,ORD041328,PROD00047,2026-07-16,6,Damaged,696.9,Pending
RET005169,ORD018498,PROD00100,2026-02-26,6,Damaged,898.74,Approved
RET005170,ORD030870,PROD00348,2025-07-27,4,Late Delivery,391.52,Approved
RET005171,ORD017241,PROD00026,2025-07-18,4,Late Delivery,464.44,Approved
RET005172,ORD024715,PROD00500,2025-03-26,2,Changed Mind,18.32,Approved
RET005173,ORD002970,PROD00471,2026-06-13,7,Not as Described,178.85,Rejected
RET005174,ORD038090,PROD00349,2025-04-07,1,Wrong Item,211.86,Pending
RET005175,ORD028273,PROD00194,2025-03-29,5,Not as Described,707.6,Approved
RET005176,ORD033261,PROD00112,2025-12-04,9,Changed Mind,228.87,Approved
RET005177,ORD037554,PROD00273,2025-09-14,2,Changed Mind,138.36,Approved
RET005178,ORD021460,PROD00027,2025-09-22,1,Not as Described,63.05,Pending
RET005179,ORD023994,PROD00025,2026-05-03,5,Wrong Item,700.05,Approved
RET005180,ORD000743,PROD00309,2026-07-04,3,Other,132.66,Approved
RET005181,ORD029366,PROD00387,2025-09-07,5,Late Delivery,130.95,Rejected
RET005182,ORD013938,PROD00130,2025-05-04,1,Late Delivery,79.11,Approved
RET005183,ORD030224,PROD00236,2026-05-31,1,Wrong Item,120.44,Approved
RET005184,ORD012908,PROD00381,2025-10-04,1,Other,69.83,Approved
RET005185,ORD042904,PROD00350,2025-03-27,1,Damaged,98.85,Approved
RET005186,ORD031665,PROD00139,2025-08-16,5,Other,195.5,Approved
RET005187,ORD023478,PROD00089,2026-03-12,2,Not as Described,199.4,Approved
RET005188,ORD022287,PROD00350,2025-03-31,9,Changed Mind,889.65,Approved
RET005189,ORD025166,PROD00144,2025-11-06,8,Changed Mind,896.4,Approved
RET005190,ORD002940,PROD00158,2025-06-20,9,Other,1115.28,Approved
RET005191,ORD026478,PROD00269,2025-06-23,5,Changed Mind,767.4,Approved
RET005192,ORD010676,PROD00130,2026-05-21,6,Wrong Item,474.66,Approved
RET005193,ORD049453,PROD00255,2025-12-27,2,Other,149.76,Approved
RET005194,ORD022579,PROD00031,2025-02-22,1,Wrong Item,26.72,Approved
RET005195,ORD029835,PROD00029,2025-05-31,3,Not as Described,236.28,Approved
RET005196,ORD016530,PROD00074,2025-09-24,5,Other,186.75,Approved
RET005197,ORD017063,PROD00451,2026-07-10,1,Late Delivery,110.1,Approved
RET005198,ORD039002,PROD00425,2025-08-22,9,Late Delivery,1700.28,Approved
RET005199,ORD005414,PROD00014,2025-06-03,2,Not as Described,252.3,Approved
RET005200,ORD045621,PROD00080,2026-02-17,1,Not as Described,63.34,Approved
RET005201,ORD027435,PROD00015,2026-04-15,5,Late Delivery,560.25,Approved
RET005202,ORD037558,PROD00190,2026-02-12,6,Quality Issue,448.14,Approved
RET005203,ORD027685,PROD00119,2026-01-15,4,Other,93.72,Approved
RET005204,ORD047523,PROD00056,2025-03-30,7,Other,508.83,Approved
RET005205,ORD007742,PROD00427,2025-12-06,2,Other,370.84,Approved
RET005206,ORD005655,PROD00489,2025-11-04,1,Damaged,33.45,Approved
RET005207,ORD018336,PROD00163,2026-05-18,5,Changed Mind,640.35,Pending
RET005208,ORD006453,PROD00064,2026-06-01,2,Quality Issue,220.86,Approved
RET005209,ORD017652,PROD00102,2025-05-21,1,Late Delivery,115.41,Approved
RET005210,ORD032133,PROD00249,2025-08-25,3,Damaged,571.05,Approved
RET005211,ORD026805,PROD00397,2025-02-20,8,Changed Mind,641.52,Pending
RET005212,ORD044206,PROD00383,2025-08-06,2,Late Delivery,44.7,Approved
RET005213,ORD006031,PROD00148,2026-03-03,7,Wrong Item,441.14,Approved
RET005214,ORD030304,PROD00112,2025-03-30,3,Other,76.29,Approved
RET005215,ORD008952,PROD00103,2026-01-16,3,Wrong Item,130.86,Approved
RET005216,ORD009563,PROD00376,2025-12-30,2,Damaged,218.04,Approved
RET005217,ORD048231,PROD00049,2025-04-15,2,Changed Mind,160.12,Approved
RET005218,ORD001815,PROD00226,2025-06-07,1,Changed Mind,145.83,Pending
RET005219,ORD007803,PROD00166,2026-03-31,2,Other,347.18,Approved
RET005220,ORD000806,PROD00259,2025-04-22,1,Quality Issue,171.32,Rejected
RET005221,ORD033722,PROD00012,2026-02-07,5,Damaged,514.6,Approved
RET005222,ORD037405,PROD00332,2026-02-04,1,Damaged,55.83,Approved
RET005223,ORD045159,PROD00097,2025-12-14,3,Not as Described,464.55,Approved
RET005224,ORD029646,PROD00150,2025-03-20,3,Wrong Item,538.2,Rejected
RET005225,ORD040079,PROD00499,2026-05-04,5,Other,553.2,Approved
RET005226,ORD041054,PROD00192,2026-06-02,7,Wrong Item,55.65,Approved
RET005227,ORD019526,PROD00402,2025-12-26,2,Late Delivery,97.2,Approved
RET005228,ORD029843,PROD00464,2026-02-27,1,Wrong Item,112.04,Approved
RET005229,ORD044801,PROD00260,2025-04-13,2,Not as Described,462.12,Approved
RET005230,ORD020097,PROD00183,2026-04-02,2,Wrong Item,228.78,Approved
RET005231,ORD016411,PROD00266,2025-02-09,1,Wrong Item,197.62,Approved
RET005232,ORD027509,PROD00492,2026-04-21,1,Damaged,43.38,Approved
RET005233,ORD006225,PROD00300,2026-07-13,1,Not as Described,135.61,Approved
RET005234,ORD049988,PROD00109,2025-10-01,8,Damaged,873.12,Approved
RET005235,ORD003746,PROD00214,2025-02-17,2,Quality Issue,203.82,Approved
RET005236,ORD022160,PROD00204,2025-12-26,4,Quality Issue,609.6,Pending
RET005237,ORD029504,PROD00019,2025-04-26,2,Late Delivery,175.02,Pending
RET005238,ORD025996,PROD00381,2026-04-17,5,Wrong Item,349.15,Approved
RET005239,ORD014567,PROD00390,2026-01-26,7,Quality Issue,973.63,Pending
RET005240,ORD016994,PROD00054,2026-06-07,6,Wrong Item,1355.22,Approved
RET005241,ORD043176,PROD00021,2025-12-25,2,Other,87.86,Approved
RET005242,ORD016951,PROD00448,2025-10-10,1,Not as Described,39.06,Approved
RET005243,ORD021376,PROD00354,2026-07-25,1,Not as Described,111.99,Approved
RET005244,ORD043886,PROD00030,2026-07-16,3,Other,329.16,Approved
RET005245,ORD010953,PROD00207,2025-02-09,5,Other,125.7,Approved
RET005246,ORD048114,PROD00494,2025-07-26,3,Damaged,464.67,Approved
RET005247,ORD045210,PROD00303,2026-04-30,2,Late Delivery,389.6,Approved
RET005248,ORD004086,PROD00384,2026-07-08,1,Quality Issue,66.17,Approved
RET005249,ORD011757,PROD00029,2026-03-15,1,Damaged,78.76,Approved
RET005250,ORD024621,PROD00220,2025-05-13,1,Quality Issue,70.98,Approved
RET005251,ORD034649,PROD00426,2025-12-05,3,Damaged,339.78,Pending
RET005252,ORD015766,PROD00414,2025-04-09,2,Other,122.42,Approved
RET005253,ORD032406,PROD00232,2025-07-14,5,Not as Described,631.25,Approved
RET005254,ORD043944,PROD00160,2025-07-03,2,Wrong Item,410.28,Approved
RET005255,ORD015808,PROD00132,2025-06-24,2,Damaged,296.28,Approved
RET005256,ORD043186,PROD00489,2025-08-10,5,Late Delivery,167.25,Approved
RET005257,ORD003094,PROD00272,2026-01-25,1,Damaged,175.48,Pending
RET005258,ORD024913,PROD00103,2025-03-31,1,Quality Issue,43.62,Approved
RET005259,ORD008011,PROD00274,2026-05-27,1,Changed Mind,160.35,Approved
RET005260,ORD002385,PROD00058,2025-05-25,3,Wrong Item,174.54,Approved
RET005261,ORD006133,PROD00178,2025-03-07,3,Damaged,32.31,Approved
RET005262,ORD025469,PROD00164,2025-08-08,2,Other,277.5,Rejected
RET005263,ORD039833,PROD00194,2025-02-18,2,Not as Described,283.04,Approved
RET005264,ORD002085,PROD00304,2026-02-07,3,Quality Issue,19.8,Approved
RET005265,ORD027183,PROD00219,2026-01-13,2,Not as Described,122.36,Approved
RET005266,ORD014552,PROD00259,2025-05-27,7,Late Delivery,1199.24,Approved
RET005267,ORD048398,PROD00369,2026-01-18,2,Wrong Item,228.12,Approved
RET005268,ORD038872,PROD00014,2026-01-12,1,Changed Mind,126.15,Approved
RET005269,ORD020854,PROD00196,2026-06-02,3,Quality Issue,370.5,Approved
RET005270,ORD028898,PROD00440,2025-12-18,2,Damaged,279.0,Pending
RET005271,ORD026739,PROD00434,2025-04-13,1,Late Delivery,148.0,Approved
RET005272,ORD013481,PROD00408,2026-02-06,7,Wrong Item,146.3,Approved
RET005273,ORD011296,PROD00051,2026-03-19,1,Not as Described,56.57,Approved
RET005274,ORD042952,PROD00066,2025-11-28,4,Changed Mind,545.16,Approved
RET005275,ORD013241,PROD00410,2025-10-09,2,Late Delivery,286.82,Approved
RET005276,ORD016854,PROD00137,2025-08-23,1,Other,25.72,Rejected
RET005277,ORD020962,PROD00330,2025-07-25,1,Not as Described,65.0,Approved
RET005278,ORD021057,PROD00332,2026-02-24,1,Damaged,55.83,Approved
RET005279,ORD011517,PROD00360,2026-01-13,9,Other,1008.45,Pending
RET005280,ORD040371,PROD00228,2026-05-20,4,Late Delivery,101.08,Rejected
RET005281,ORD044619,PROD00200,2025-11-09,8,Other,651.12,Approved
RET005282,ORD023091,PROD00359,2025-07-18,1,Damaged,228.31,Approved
RET005283,ORD047360,PROD00285,2026-02-08,1,Changed Mind,160.48,Approved
RET005284,ORD019962,PROD00491,2026-04-07,3,Damaged,232.89,Approved
RET005285,ORD022208,PROD00373,2025-10-18,1,Wrong Item,66.6,Approved
RET005286,ORD039608,PROD00306,2026-06-15,1,Wrong Item,187.42,Approved
RET005287,ORD000585,PROD00216,2025-08-05,1,Wrong Item,137.73,Approved
RET005288,ORD011189,PROD00034,2025-02-27,3,Changed Mind,18.93,Approved
RET005289,ORD011441,PROD00009,2026-05-26,4,Quality Issue,412.96,Approved
RET005290,ORD028964,PROD00246,2026-01-02,1,Wrong Item,82.39,Approved
RET005291,ORD008642,PROD00141,2025-04-21,1,Late Delivery,7.3,Approved
RET005292,ORD005567,PROD00297,2026-03-26,1,Late Delivery,67.05,Approved
RET005293,ORD004966,PROD00381,2026-05-04,1,Late Delivery,69.83,Approved
RET005294,ORD000764,PROD00197,2026-06-01,4,Damaged,553.48,Approved
RET005295,ORD031367,PROD00060,2025-05-23,5,Changed Mind,239.6,Approved
RET005296,ORD038555,PROD00121,2026-05-27,7,Not as Described,891.38,Approved
RET005297,ORD019459,PROD00484,2025-03-21,2,Other,12.72,Approved
RET005298,ORD005762,PROD00224,2026-03-04,2,Damaged,185.32,Approved
RET005299,ORD012706,PROD00495,2025-08-26,10,Other,707.1,Rejected
RET005300,ORD046749,PROD00465,2025-04-19,4,Late Delivery,583.96,Approved
RET005301,ORD045131,PROD00040,2026-07-02,5,Changed Mind,769.75,Approved
RET005302,ORD043682,PROD00087,2026-04-30,3,Changed Mind,373.62,Approved
RET005303,ORD038143,PROD00106,2026-04-11,1,Quality Issue,46.56,Approved
RET005304,ORD039498,PROD00185,2025-11-07,8,Other,340.56,Approved
RET005305,ORD041578,PROD00076,2025-10-31,5,Other,887.3,Approved
RET005306,ORD023393,PROD00008,2025-12-24,5,Other,497.15,Approved
RET005307,ORD049237,PROD00415,2025-05-31,6,Wrong Item,1051.02,Pending
RET005308,ORD047160,PROD00240,2026-03-12,2,Not as Described,33.04,Approved
RET005309,ORD024132,PROD00309,2025-11-16,2,Wrong Item,88.44,Approved
RET005310,ORD019606,PROD00321,2025-07-26,6,Wrong Item,412.26,Approved
RET005311,ORD049163,PROD00334,2026-01-10,5,Changed Mind,744.4,Approved
RET005312,ORD002954,PROD00148,2025-06-20,8,Other,504.16,Approved
RET005313,ORD009061,PROD00475,2025-02-01,1,Changed Mind,27.25,Pending
RET005314,ORD001439,PROD00478,2025-08-17,2,Quality Issue,96.22,Approved
RET005315,ORD008810,PROD00087,2025-12-14,6,Quality Issue,747.24,Approved
RET005316,ORD021759,PROD00479,2025-09-08,4,Not as Described,278.6,Approved
RET005317,ORD019096,PROD00046,2025-07-08,2,Damaged,77.94,Approved
RET005318,ORD031249,PROD00068,2025-06-20,1,Late Delivery,42.56,Approved
RET005319,ORD001649,PROD00232,2025-08-18,1,Other,126.25,Approved
RET005320,ORD046483,PROD00363,2025-11-15,9,Not as Described,248.22,Approved
RET005321,ORD010926,PROD00222,2025-10-02,2,Late Delivery,109.0,Approved
RET005322,ORD022197,PROD00286,2025-03-23,1,Late Delivery,123.79,Approved
RET005323,ORD040598,PROD00337,2025-02-12,2,Wrong Item,309.2,Approved
RET005324,ORD009907,PROD00293,2025-10-27,2,Changed Mind,50.32,Rejected
RET005325,ORD005540,PROD00023,2025-02-16,3,Not as Described,198.3,Approved
RET005326,ORD041014,PROD00220,2026-05-23,4,Not as Described,283.92,Pending
RET005327,ORD045046,PROD00083,2026-06-08,3,Other,552.21,Approved
RET005328,ORD036640,PROD00202,2025-07-17,1,Late Delivery,20.81,Approved
RET005329,ORD003568,PROD00036,2026-01-30,1,Wrong Item,147.59,Pending
RET005330,ORD014104,PROD00076,2025-02-22,2,Not as Described,354.92,Approved
RET005331,ORD034842,PROD00125,2026-02-17,6,Changed Mind,543.42,Pending
RET005332,ORD020792,PROD00065,2025-09-22,1,Wrong Item,74.29,Approved
RET005333,ORD000862,PROD00041,2025-12-11,8,Not as Described,150.56,Approved
RET005334,ORD009150,PROD00212,2026-07-06,2,Wrong Item,75.96,Approved
RET005335,ORD049116,PROD00299,2025-09-26,2,Changed Mind,236.84,Approved
RET005336,ORD007381,PROD00261,2025-12-02,3,Other,422.25,Approved
RET005337,ORD042156,PROD00198,2026-06-11,4,Changed Mind,235.28,Approved
RET005338,ORD008822,PROD00230,2026-04-28,2,Damaged,89.66,Approved
RET005339,ORD034468,PROD00263,2026-06-25,7,Late Delivery,259.35,Pending
RET005340,ORD018393,PROD00074,2026-07-22,2,Damaged,74.7,Approved
RET005341,ORD046723,PROD00080,2025-02-09,3,Changed Mind,190.02,Approved
RET005342,ORD024819,PROD00309,2025-11-09,1,Quality Issue,44.22,Approved
RET005343,ORD012600,PROD00131,2026-02-03,3,Changed Mind,101.76,Pending
RET005344,ORD027839,PROD00415,2025-12-06,5,Damaged,875.85,Pending
RET005345,ORD027431,PROD00362,2025-12-05,4,Late Delivery,418.56,Approved
RET005346,ORD007779,PROD00151,2025-12-24,1,Not as Described,148.2,Approved
RET005347,ORD006277,PROD00025,2025-03-10,2,Changed Mind,280.02,Approved
RET005348,ORD027086,PROD00302,2026-01-24,1,Not as Described,140.98,Approved
RET005349,ORD026922,PROD00211,2025-07-11,4,Other,74.16,Approved
RET005350,ORD046735,PROD00328,2025-07-06,4,Quality Issue,300.4,Approved
RET005351,ORD042004,PROD00048,2025-12-29,1,Damaged,151.5,Approved
RET005352,ORD021860,PROD00196,2025-11-28,4,Changed Mind,494.0,Approved
RET005353,ORD019323,PROD00317,2025-02-03,3,Quality Issue,471.15,Approved
RET005354,ORD023281,PROD00375,2025-07-17,6,Damaged,809.76,Rejected
RET005355,ORD037476,PROD00219,2026-06-24,7,Late Delivery,428.26,Approved
RET005356,ORD013146,PROD00052,2026-06-08,1,Damaged,49.27,Rejected
RET005357,ORD039088,PROD00482,2025-11-30,2,Damaged,377.58,Approved
RET005358,ORD034662,PROD00274,2025-07-23,9,Wrong Item,1443.15,Pending
RET005359,ORD023380,PROD00009,2026-03-06,6,Not as Described,619.44,Approved
RET005360,ORD029812,PROD00275,2025-11-21,1,Not as Described,61.49,Approved
RET005361,ORD017008,PROD00491,2025-12-24,3,Late Delivery,232.89,Approved
RET005362,ORD029198,PROD00234,2025-09-04,2,Changed Mind,231.88,Approved
RET005363,ORD045542,PROD00312,2025-04-09,4,Other,764.2,Approved
RET005364,ORD025584,PROD00390,2026-06-01,5,Changed Mind,695.45,Approved
RET005365,ORD011736,PROD00312,2025-06-13,2,Late Delivery,382.1,Approved
RET005366,ORD039275,PROD00289,2025-10-31,1,Wrong Item,15.5,Pending
RET005367,ORD033348,PROD00282,2025-08-06,2,Late Delivery,44.24,Approved
RET005368,ORD007226,PROD00319,2026-04-16,2,Wrong Item,63.72,Approved
RET005369,ORD012094,PROD00497,2026-01-30,2,Changed Mind,99.58,Approved
RET005370,ORD032507,PROD00330,2025-05-02,4,Not as Described,260.0,Approved
RET005371,ORD035738,PROD00293,2025-08-25,3,Quality Issue,75.48,Approved
RET005372,ORD025612,PROD00104,2025-04-11,3,Other,531.75,Approved
RET005373,ORD015710,PROD00190,2025-03-09,2,Not as Described,149.38,Approved
RET005374,ORD045913,PROD00340,2026-04-12,1,Changed Mind,101.64,Approved
RET005375,ORD031333,PROD00058,2026-01-13,7,Changed Mind,407.26,Approved
RET005376,ORD034544,PROD00375,2025-07-15,4,Not as Described,539.84,Approved
RET005377,ORD032878,PROD00094,2026-06-12,4,Wrong Item,400.76,Approved
RET005378,ORD045740,PROD00285,2025-12-02,6,Other,962.88,Approved
RET005379,ORD029442,PROD00320,2025-08-05,4,Wrong Item,452.56,Approved
RET005380,ORD010012,PROD00441,2025-03-26,1,Quality Issue,99.27,Approved
RET005381,ORD009157,PROD00129,2025-05-26,6,Damaged,853.86,Approved
RET005382,ORD003742,PROD00032,2026-07-03,1,Late Delivery,33.73,Approved
RET005383,ORD019979,PROD00447,2025-11-20,2,Wrong Item,266.94,Approved
RET005384,ORD045860,PROD00441,2025-09-18,2,Other,198.54,Pending
RET005385,ORD042054,PROD00384,2026-03-06,6,Not as Described,397.02,Pending
RET005386,ORD001131,PROD00499,2025-08-28,1,Damaged,110.64,Approved
RET005387,ORD039432,PROD00208,2025-10-29,8,Changed Mind,1365.04,Approved
RET005388,ORD007345,PROD00207,2025-09-13,1,Not as Described,25.14,Approved
RET005389,ORD032881,PROD00004,2025-06-08,6,Not as Described,594.9,Approved
RET005390,ORD007268,PROD00138,2025-05-06,3,Late Delivery,478.83,Approved
RET005391,ORD031997,PROD00465,2025-07-11,3,Wrong Item,437.97,Approved
RET005392,ORD028144,PROD00289,2026-04-13,1,Late Delivery,15.5,Rejected
RET005393,ORD042378,PROD00370,2025-02-23,5,Changed Mind,86.7,Approved
RET005394,ORD023599,PROD00188,2026-06-11,6,Late Delivery,1058.88,Approved
RET005395,ORD035082,PROD00325,2025-02-09,1,Not as Described,70.7,Approved
RET005396,ORD019172,PROD00441,2025-04-08,2,Wrong Item,198.54,Approved
RET005397,ORD049684,PROD00396,2025-02-10,3,Wrong Item,312.72,Approved
RET005398,ORD040133,PROD00376,2026-01-05,6,Not as Described,654.12,Approved
RET005399,ORD035625,PROD00146,2025-06-09,6,Late Delivery,1398.66,Approved
RET005400,ORD012755,PROD00225,2026-03-09,5,Late Delivery,538.7,Approved
RET005401,ORD003068,PROD00161,2025-06-12,5,Damaged,726.1,Approved
RET005402,ORD030411,PROD00158,2025-04-25,3,Late Delivery,371.76,Approved
RET005403,ORD026138,PROD00297,2025-11-25,3,Quality Issue,201.15,Approved
RET005404,ORD016120,PROD00218,2025-12-11,2,Late Delivery,367.86,Approved
RET005405,ORD013487,PROD00472,2026-02-01,1,Changed Mind,164.89,Approved
RET005406,ORD020946,PROD00172,2026-07-03,1,Damaged,40.55,Approved
RET005407,ORD024718,PROD00165,2025-02-24,3,Changed Mind,33.15,Approved
RET005408,ORD005711,PROD00245,2025-06-21,5,Late Delivery,566.35,Approved
RET005409,ORD013301,PROD00418,2025-06-22,2,Other,213.2,Approved
RET005410,ORD002605,PROD00475,2025-05-08,9,Damaged,245.25,Approved
RET005411,ORD023743,PROD00444,2026-02-02,6,Other,1310.22,Approved
RET005412,ORD033969,PROD00269,2025-08-31,2,Changed Mind,306.96,Approved
RET005413,ORD012091,PROD00218,2025-04-16,3,Late Delivery,551.79,Rejected
RET005414,ORD049576,PROD00468,2026-06-24,4,Changed Mind,650.8,Approved
RET005415,ORD003423,PROD00430,2025-11-14,8,Other,921.68,Approved
RET005416,ORD000274,PROD00301,2025-04-01,1,Damaged,48.03,Approved
RET005417,ORD044538,PROD00024,2025-11-03,1,Damaged,92.88,Approved
RET005418,ORD038483,PROD00432,2025-03-17,4,Other,267.12,Approved
RET005419,ORD032439,PROD00253,2025-03-05,3,Quality Issue,57.57,Approved
RET005420,ORD037162,PROD00447,2025-07-01,1,Quality Issue,133.47,Approved
RET005421,ORD017317,PROD00117,2025-02-28,3,Late Delivery,457.17,Approved
RET005422,ORD047334,PROD00440,2025-07-01,6,Damaged,837.0,Approved
RET005423,ORD018357,PROD00398,2026-06-27,3,Damaged,464.13,Approved
RET005424,ORD018946,PROD00472,2025-11-19,1,Quality Issue,164.89,Approved
RET005425,ORD013819,PROD00318,2025-02-08,2,Late Delivery,287.58,Approved
RET005426,ORD027024,PROD00363,2025-01-31,3,Wrong Item,82.74,Approved
RET005427,ORD013805,PROD00406,2025-08-13,10,Wrong Item,591.9,Approved
RET005428,ORD044003,PROD00397,2025-08-10,4,Other,320.76,Approved
RET005429,ORD006451,PROD00037,2026-07-02,3,Other,439.05,Approved
RET005430,ORD012926,PROD00186,2025-04-04,1,Quality Issue,157.64,Approved
RET005431,ORD016033,PROD00064,2026-06-30,1,Late Delivery,110.43,Approved
RET005432,ORD007208,PROD00087,2026-01-13,5,Damaged,622.7,Pending
RET005433,ORD037690,PROD00187,2025-04-22,1,Quality Issue,15.5,Approved
RET005434,ORD037537,PROD00022,2026-07-25,1,Late Delivery,139.07,Approved
RET005435,ORD003942,PROD00062,2025-09-05,1,Changed Mind,3.92,Approved
RET005436,ORD026436,PROD00231,2025-06-27,4,Wrong Item,116.88,Approved
RET005437,ORD048918,PROD00360,2025-11-29,2,Damaged,224.1,Approved
RET005438,ORD026098,PROD00290,2026-02-15,2,Not as Described,342.56,Approved
RET005439,ORD043409,PROD00002,2026-06-14,1,Not as Described,178.14,Approved
RET005440,ORD034819,PROD00373,2025-04-20,1,Not as Described,66.6,Approved
RET005441,ORD023860,PROD00353,2025-09-30,6,Damaged,887.94,Pending
RET005442,ORD019539,PROD00355,2026-05-18,3,Late Delivery,269.22,Approved
RET005443,ORD022650,PROD00292,2026-06-17,6,Other,197.64,Approved
RET005444,ORD033968,PROD00128,2026-05-29,1,Changed Mind,207.41,Approved
RET005445,ORD023509,PROD00273,2025-06-14,1,Damaged,69.18,Approved
RET005446,ORD017875,PROD00225,2026-01-07,5,Quality Issue,538.7,Approved
RET005447,ORD006861,PROD00441,2025-08-09,4,Late Delivery,397.08,Approved
RET005448,ORD026913,PROD00443,2025-12-22,1,Quality Issue,120.65,Approved
RET005449,ORD003302,PROD00383,2025-03-21,10,Late Delivery,223.5,Approved
RET005450,ORD002960,PROD00388,2026-04-29,6,Wrong Item,274.98,Approved
RET005451,ORD013141,PROD00248,2025-05-28,1,Late Delivery,20.26,Pending
RET005452,ORD007286,PROD00492,2026-02-13,4,Quality Issue,173.52,Rejected
RET005453,ORD013170,PROD00426,2025-08-02,7,Wrong Item,792.82,Approved
RET005454,ORD036049,PROD00413,2025-09-08,8,Not as Described,380.64,Approved
RET005455,ORD041681,PROD00342,2025-02-16,1,Not as Described,128.8,Approved
RET005456,ORD040770,PROD00468,2025-03-23,1,Wrong Item,162.7,Rejected
RET005457,ORD013913,PROD00359,2026-05-29,1,Damaged,228.31,Rejected
RET005458,ORD000479,PROD00009,2025-11-10,1,Late Delivery,103.24,Approved
RET005459,ORD030019,PROD00193,2025-07-15,5,Not as Described,354.7,Approved
RET005460,ORD029628,PROD00418,2026-04-23,2,Damaged,213.2,Approved
RET005461,ORD000975,PROD00467,2026-01-18,2,Other,89.46,Pending
RET005462,ORD001010,PROD00171,2025-05-10,1,Changed Mind,103.74,Pending
RET005463,ORD012763,PROD00139,2025-02-19,1,Other,39.1,Approved
RET005464,ORD008276,PROD00003,2026-05-06,8,Not as Described,1094.24,Rejected
RET005465,ORD021316,PROD00468,2025-02-27,4,Not as Described,650.8,Approved
RET005466,ORD039051,PROD00274,2025-12-30,2,Changed Mind,320.7,Approved
RET005467,ORD014608,PROD00261,2026-06-13,1,Late Delivery,140.75,Approved
RET005468,ORD001463,PROD00145,2026-04-28,6,Not as Described,474.24,Approved
RET005469,ORD008411,PROD00328,2026-03-11,2,Other,150.2,Approved
RET005470,ORD031022,PROD00045,2026-04-04,2,Damaged,437.1,Approved
RET005471,ORD009454,PROD00125,2025-05-15,6,Late Delivery,543.42,Approved
RET005472,ORD009511,PROD00077,2025-11-27,1,Not as Described,69.77,Approved
RET005473,ORD021971,PROD00008,2025-07-06,6,Not as Described,596.58,Pending
RET005474,ORD012404,PROD00487,2026-07-10,2,Wrong Item,97.46,Approved
RET005475,ORD025104,PROD00441,2026-07-07,3,Changed Mind,297.81,Approved
RET005476,ORD022462,PROD00170,2026-03-08,3,Not as Described,616.53,Approved
RET005477,ORD026638,PROD00484,2026-02-19,2,Other,12.72,Approved
RET005478,ORD000949,PROD00299,2025-06-17,2,Changed Mind,236.84,Approved
RET005479,ORD009739,PROD00381,2025-04-04,1,Other,69.83,Approved
RET005480,ORD004897,PROD00371,2026-04-21,3,Wrong Item,271.26,Approved
RET005481,ORD018910,PROD00170,2026-03-12,4,Quality Issue,822.04,Pending
RET005482,ORD024230,PROD00343,2026-03-03,1,Damaged,120.4,Approved
RET005483,ORD046062,PROD00428,2025-12-08,5,Not as Described,391.8,Approved
RET005484,ORD033369,PROD00066,2025-06-27,3,Changed Mind,408.87,Approved
RET005485,ORD023130,PROD00400,2026-04-25,3,Late Delivery,257.13,Approved
RET005486,ORD022738,PROD00259,2025-02-12,3,Damaged,513.96,Approved
RET005487,ORD026124,PROD00089,2025-08-26,1,Late Delivery,99.7,Rejected
RET005488,ORD017802,PROD00283,2026-05-31,5,Damaged,420.25,Approved
RET005489,ORD009116,PROD00411,2025-09-27,1,Quality Issue,151.02,Approved
RET005490,ORD004325,PROD00471,2025-07-12,4,Damaged,102.2,Approved
RET005491,ORD001228,PROD00153,2025-09-13,1,Damaged,108.04,Rejected
RET005492,ORD008229,PROD00222,2026-05-16,2,Changed Mind,109.0,Approved
RET005493,ORD046267,PROD00194,2026-01-26,9,Late Delivery,1273.68,Approved
RET005494,ORD049414,PROD00110,2025-03-30,2,Damaged,139.5,Approved
RET005495,ORD003842,PROD00409,2025-03-14,2,Other,108.74,Approved
RET005496,ORD003171,PROD00423,2025-08-10,2,Wrong Item,115.9,Approved
RET005497,ORD027098,PROD00244,2026-07-12,9,Late Delivery,1739.34,Approved
RET005498,ORD012810,PROD00373,2026-05-12,3,Not as Described,199.8,Approved
RET005499,ORD035011,PROD00317,2026-03-29,1,Changed Mind,157.05,Approved
RET005500,ORD007999,PROD00201,2026-01-20,1,Other,95.19,Approved
RET005501,ORD043025,PROD00444,2026-01-27,1,Other,218.37,Approved
RET005502,ORD008328,PROD00461,2025-02-09,1,Damaged,43.47,Approved
RET005503,ORD010745,PROD00065,2025-11-22,1,Quality Issue,74.29,Approved
RET005504,ORD048900,PROD00310,2025-06-11,2,Not as Described,193.92,Approved
RET005505,ORD047834,PROD00156,2026-03-01,1,Quality Issue,176.19,Approved
RET005506,ORD012669,PROD00484,2025-05-14,4,Other,25.44,Approved
RET005507,ORD039984,PROD00327,2025-04-25,4,Wrong Item,677.56,Approved
RET005508,ORD017395,PROD00345,2026-01-07,1,Other,155.05,Approved
RET005509,ORD014546,PROD00389,2025-04-11,4,Changed Mind,104.64,Approved
RET005510,ORD022626,PROD00268,2025-05-23,3,Late Delivery,484.71,Pending
RET005511,ORD040535,PROD00324,2026-02-23,2,Not as Described,457.6,Approved
RET005512,ORD027999,PROD00160,2026-06-29,2,Late Delivery,410.28,Approved
RET005513,ORD044215,PROD00438,2025-11-24,7,Wrong Item,263.9,Approved
RET005514,ORD002513,PROD00472,2026-07-19,1,Late Delivery,164.89,Pending
RET005515,ORD013749,PROD00309,2026-06-04,5,Late Delivery,221.1,Approved
RET005516,ORD039067,PROD00426,2026-04-23,4,Wrong Item,453.04,Approved
RET005517,ORD020639,PROD00246,2025-06-19,2,Other,164.78,Approved
RET005518,ORD047499,PROD00111,2025-05-05,3,Changed Mind,397.41,Approved
RET005519,ORD031697,PROD00391,2026-06-26,2,Not as Described,419.36,Approved
RET005520,ORD003602,PROD00019,2025-09-25,9,Other,787.59,Approved
RET005521,ORD022635,PROD00098,2026-07-09,2,Changed Mind,168.78,Rejected
RET005522,ORD026023,PROD00228,2025-02-16,5,Quality Issue,126.35,Approved
RET005523,ORD030320,PROD00191,2025-08-05,5,Late Delivery,332.1,Approved
RET005524,ORD018641,PROD00094,2026-05-27,8,Quality Issue,801.52,Approved
RET005525,ORD044058,PROD00394,2026-04-25,4,Wrong Item,568.72,Approved
RET005526,ORD036773,PROD00086,2025-10-17,10,Damaged,1423.5,Approved
RET005527,ORD038733,PROD00203,2025-08-17,1,Wrong Item,70.83,Approved
RET005528,ORD041961,PROD00395,2026-03-20,5,Late Delivery,407.75,Rejected
RET005529,ORD041529,PROD00046,2025-08-12,3,Quality Issue,116.91,Approved
RET005530,ORD047048,PROD00285,2025-05-13,5,Other,802.4,Approved
RET005531,ORD000871,PROD00161,2025-12-10,4,Late Delivery,580.88,Pending
RET005532,ORD007917,PROD00183,2026-04-06,1,Changed Mind,114.39,Approved
RET005533,ORD039107,PROD00462,2026-05-31,4,Changed Mind,683.4,Rejected
RET005534,ORD022982,PROD00245,2025-07-15,1,Not as Described,113.27,Approved
RET005535,ORD029321,PROD00448,2025-09-19,3,Quality Issue,117.18,Pending
RET005536,ORD021880,PROD00378,2026-07-21,2,Wrong Item,169.96,Approved
RET005537,ORD022199,PROD00194,2025-08-02,1,Other,141.52,Approved
RET005538,ORD048918,PROD00221,2025-08-03,2,Other,53.22,Approved
RET005539,ORD034000,PROD00291,2025-10-01,9,Changed Mind,1450.53,Approved
RET005540,ORD017123,PROD00309,2026-01-15,3,Quality Issue,132.66,Approved
RET005541,ORD013877,PROD00339,2025-08-27,3,Late Delivery,560.46,Approved
RET005542,ORD010245,PROD00064,2025-02-08,9,Damaged,993.87,Approved
RET005543,ORD036395,PROD00343,2025-09-25,2,Changed Mind,240.8,Approved
RET005544,ORD012427,PROD00029,2025-05-13,1,Wrong Item,78.76,Approved
RET005545,ORD016048,PROD00318,2025-05-28,8,Quality Issue,1150.32,Approved
RET005546,ORD002714,PROD00089,2026-07-21,3,Wrong Item,299.1,Pending
RET005547,ORD012573,PROD00184,2026-05-10,1,Not as Described,139.41,Approved
RET005548,ORD002279,PROD00486,2025-12-14,4,Other,506.76,Approved
RET005549,ORD008908,PROD00251,2026-05-07,6,Late Delivery,857.1,Approved
RET005550,ORD036842,PROD00444,2026-03-21,1,Not as Described,218.37,Approved
RET005551,ORD008999,PROD00390,2025-12-20,4,Not as Described,556.36,Approved
RET005552,ORD048081,PROD00198,2025-10-28,1,Changed Mind,58.82,Approved
RET005553,ORD039975,PROD00449,2025-10-11,7,Changed Mind,1143.45,Approved
RET005554,ORD002533,PROD00251,2025-06-11,4,Not as Described,571.4,Approved
RET005555,ORD033834,PROD00242,2026-04-12,2,Wrong Item,237.5,Approved
RET005556,ORD028233,PROD00160,2026-01-05,1,Changed Mind,205.14,Approved
RET005557,ORD039105,PROD00003,2025-05-24,2,Quality Issue,273.56,Approved
RET005558,ORD008221,PROD00113,2026-03-20,3,Wrong Item,303.57,Approved
RET005559,ORD031067,PROD00057,2025-09-02,1,Changed Mind,29.53,Approved
RET005560,ORD019760,PROD00390,2026-03-22,4,Late Delivery,556.36,Rejected
RET005561,ORD007381,PROD00481,2025-05-26,2,Not as Described,295.02,Approved
RET005562,ORD021139,PROD00080,2025-04-22,1,Damaged,63.34,Approved
RET005563,ORD035712,PROD00476,2025-02-17,2,Changed Mind,75.96,Approved
RET005564,ORD016998,PROD00479,2025-12-31,1,Not as Described,69.65,Approved
RET005565,ORD035366,PROD00129,2025-07-04,8,Not as Described,1138.48,Approved
RET005566,ORD042137,PROD00292,2025-03-30,6,Late Delivery,197.64,Approved
RET005567,ORD049153,PROD00124,2026-02-07,1,Late Delivery,51.14,Approved
RET005568,ORD037806,PROD00208,2025-12-12,7,Wrong Item,1194.41,Approved
RET005569,ORD009935,PROD00362,2026-02-12,4,Late Delivery,418.56,Approved
RET005570,ORD013327,PROD00243,2025-06-09,3,Late Delivery,385.56,Approved
RET005571,ORD031220,PROD00416,2025-07-31,2,Late Delivery,238.44,Approved
RET005572,ORD009803,PROD00023,2025-03-20,7,Damaged,462.7,Pending
RET005573,ORD045276,PROD00084,2026-05-26,2,Late Delivery,98.42,Approved
RET005574,ORD033865,PROD00470,2025-07-11,5,Damaged,665.4,Approved
RET005575,ORD020672,PROD00065,2025-11-08,6,Wrong Item,445.74,Approved
RET005576,ORD024483,PROD00153,2025-03-25,7,Quality Issue,756.28,Pending
RET005577,ORD047558,PROD00317,2025-07-23,7,Wrong Item,1099.35,Pending
RET005578,ORD046258,PROD00201,2025-11-17,4,Late Delivery,380.76,Approved
RET005579,ORD033790,PROD00350,2025-07-22,1,Wrong Item,98.85,Approved
RET005580,ORD019470,PROD00075,2025-08-09,2,Changed Mind,78.08,Approved
RET005581,ORD011173,PROD00104,2025-04-27,6,Damaged,1063.5,Approved
RET005582,ORD034703,PROD00013,2025-11-18,3,Wrong Item,130.83,Approved
RET005583,ORD009001,PROD00215,2025-12-28,9,Late Delivery,470.61,Approved
RET005584,ORD027481,PROD00425,2025-06-01,3,Other,566.76,Approved
RET005585,ORD044308,PROD00236,2025-02-09,2,Other,240.88,Approved
RET005586,ORD018352,PROD00066,2026-05-30,5,Wrong Item,681.45,Approved
RET005587,ORD044296,PROD00108,2025-06-21,6,Not as Described,537.54,Approved
RET005588,ORD015165,PROD00500,2026-05-18,5,Wrong Item,45.8,Approved
RET005589,ORD049238,PROD00375,2025-03-21,3,Other,404.88,Approved
RET005590,ORD006827,PROD00020,2025-02-06,8,Not as Described,607.2,Approved
RET005591,ORD013269,PROD00462,2025-04-17,1,Late Delivery,170.85,Approved
RET005592,ORD000013,PROD00052,2025-08-23,5,Changed Mind,246.35,Approved
RET005593,ORD019028,PROD00086,2026-07-11,1,Wrong Item,142.35,Approved
RET005594,ORD002831,PROD00450,2025-10-17,6,Not as Described,433.02,Approved
RET005595,ORD044871,PROD00038,2025-02-11,2,Damaged,93.64,Approved
RET005596,ORD015017,PROD00404,2025-03-08,9,Not as Described,1415.07,Approved
RET005597,ORD018459,PROD00317,2025-05-14,1,Damaged,157.05,Approved
RET005598,ORD017325,PROD00470,2025-08-03,2,Changed Mind,266.16,Approved
RET005599,ORD015888,PROD00328,2026-05-02,5,Damaged,375.5,Approved
RET005600,ORD003636,PROD00308,2025-06-29,5,Not as Described,43.05,Approved
RET005601,ORD026133,PROD00411,2026-05-08,3,Other,453.06,Pending
RET005602,ORD047248,PROD00305,2025-02-16,1,Damaged,21.16,Approved
RET005603,ORD040513,PROD00060,2026-04-27,3,Wrong Item,143.76,Rejected
RET005604,ORD026679,PROD00482,2026-06-16,6,Other,1132.74,Approved
RET005605,ORD012051,PROD00469,2025-05-11,9,Late Delivery,504.9,Approved
RET005606,ORD011393,PROD00193,2026-05-08,1,Late Delivery,70.94,Approved
RET005607,ORD040465,PROD00469,2025-04-05,1,Quality Issue,56.1,Approved
RET005608,ORD000759,PROD00023,2026-05-28,3,Late Delivery,198.3,Approved
RET005609,ORD041559,PROD00158,2026-03-31,3,Damaged,371.76,Approved
RET005610,ORD028229,PROD00203,2026-03-05,1,Damaged,70.83,Approved
RET005611,ORD006136,PROD00340,2026-03-25,1,Not as Described,101.64,Approved
RET005612,ORD039801,PROD00414,2025-03-25,8,Changed Mind,489.68,Approved
RET005613,ORD007678,PROD00331,2026-07-12,1,Quality Issue,152.79,Approved
RET005614,ORD033632,PROD00248,2026-06-17,2,Changed Mind,40.52,Approved
RET005615,ORD003034,PROD00178,2026-05-10,2,Late Delivery,21.54,Approved
RET005616,ORD015894,PROD00155,2026-05-28,4,Not as Described,18.28,Approved
RET005617,ORD041107,PROD00442,2025-09-25,6,Late Delivery,764.52,Approved
RET005618,ORD037374,PROD00481,2025-05-23,5,Quality Issue,737.55,Approved
RET005619,ORD048444,PROD00254,2025-10-14,1,Damaged,35.0,Rejected
RET005620,ORD026621,PROD00085,2025-08-13,3,Quality Issue,424.83,Approved
RET005621,ORD002301,PROD00372,2025-09-16,5,Not as Described,466.65,Approved
RET005622,ORD047776,PROD00337,2026-05-15,2,Other,309.2,Approved
RET005623,ORD004492,PROD00242,2026-03-31,1,Changed Mind,118.75,Approved
RET005624,ORD041044,PROD00437,2026-05-26,3,Other,275.13,Approved
RET005625,ORD023053,PROD00209,2025-10-16,2,Not as Described,134.04,Approved
RET005626,ORD012408,PROD00314,2025-07-19,1,Quality Issue,54.47,Approved
RET005627,ORD004043,PROD00030,2026-07-11,2,Changed Mind,219.44,Approved
RET005628,ORD023979,PROD00359,2026-07-16,1,Wrong Item,228.31,Approved
RET005629,ORD040772,PROD00409,2025-03-31,1,Other,54.37,Approved
RET005630,ORD007139,PROD00382,2026-02-17,10,Not as Described,1090.4,Approved
RET005631,ORD043534,PROD00026,2025-04-03,1,Late Delivery,116.11,Approved
RET005632,ORD021361,PROD00042,2026-03-13,7,Other,381.01,Approved
RET005633,ORD013874,PROD00290,2026-01-20,1,Late Delivery,171.28,Approved
RET005634,ORD021804,PROD00164,2025-06-23,3,Wrong Item,416.25,Approved
RET005635,ORD010598,PROD00293,2025-12-01,1,Damaged,25.16,Approved
RET005636,ORD002296,PROD00076,2026-05-01,7,Quality Issue,1242.22,Approved
RET005637,ORD009438,PROD00190,2025-03-02,4,Late Delivery,298.76,Approved
RET005638,ORD007924,PROD00052,2026-04-04,2,Damaged,98.54,Approved
RET005639,ORD017461,PROD00043,2025-12-01,1,Damaged,80.75,Approved
RET005640,ORD039079,PROD00373,2026-02-01,3,Damaged,199.8,Pending
RET005641,ORD026659,PROD00008,2025-07-23,6,Other,596.58,Approved
RET005642,ORD028577,PROD00171,2025-04-26,1,Late Delivery,103.74,Approved
RET005643,ORD010698,PROD00187,2026-05-11,1,Quality Issue,15.5,Approved
RET005644,ORD029353,PROD00437,2026-04-03,3,Wrong Item,275.13,Approved
RET005645,ORD018924,PROD00208,2025-05-30,1,Quality Issue,170.63,Approved
RET005646,ORD021272,PROD00035,2026-07-22,4,Quality Issue,206.04,Approved
RET005647,ORD008039,PROD00381,2026-02-26,5,Not as Described,349.15,Approved
RET005648,ORD016640,PROD00225,2026-05-16,1,Not as Described,107.74,Approved
RET005649,ORD043444,PROD00300,2025-10-13,1,Damaged,135.61,Approved
RET005650,ORD002444,PROD00421,2026-01-29,6,Changed Mind,75.78,Approved
RET005651,ORD008383,PROD00424,2025-11-15,6,Changed Mind,944.64,Approved
RET005652,ORD022295,PROD00025,2025-04-04,8,Wrong Item,1120.08,Approved
RET005653,ORD014888,PROD00500,2025-08-27,5,Wrong Item,45.8,Approved
RET005654,ORD030027,PROD00238,2026-03-04,3,Late Delivery,464.82,Approved
RET005655,ORD004164,PROD00367,2025-08-01,4,Changed Mind,632.2,Approved
RET005656,ORD033810,PROD00319,2025-09-01,3,Other,95.58,Approved
RET005657,ORD036396,PROD00429,2025-04-27,1,Damaged,121.49,Approved
RET005658,ORD043204,PROD00431,2025-07-07,7,Damaged,469.91,Approved
RET005659,ORD031961,PROD00184,2025-08-23,5,Quality Issue,697.05,Approved
RET005660,ORD049659,PROD00281,2025-07-24,3,Other,64.41,Approved
RET005661,ORD041367,PROD00284,2025-08-08,3,Quality Issue,203.4,Approved
RET005662,ORD002985,PROD00492,2025-11-11,1,Changed Mind,43.38,Approved
RET005663,ORD011114,PROD00034,2025-12-27,6,Late Delivery,37.86,Approved
RET005664,ORD034690,PROD00202,2025-06-10,3,Wrong Item,62.43,Approved
RET005665,ORD048460,PROD00190,2025-02-14,7,Not as Described,522.83,Approved
RET005666,ORD012748,PROD00444,2026-02-12,3,Changed Mind,655.11,Approved
RET005667,ORD012216,PROD00495,2026-02-25,1,Damaged,70.71,Approved
RET005668,ORD003669,PROD00366,2025-10-12,2,Changed Mind,171.7,Approved
RET005669,ORD032276,PROD00341,2026-06-23,3,Damaged,341.58,Approved
RET005670,ORD033666,PROD00200,2025-03-21,9,Late Delivery,732.51,Approved
RET005671,ORD034245,PROD00240,2026-04-05,7,Damaged,115.64,Rejected
RET005672,ORD015119,PROD00209,2025-07-25,1,Other,67.02,Approved
RET005673,ORD007019,PROD00074,2025-04-17,9,Wrong Item,336.15,Approved
RET005674,ORD011359,PROD00383,2025-06-03,8,Not as Described,178.8,Approved
RET005675,ORD007023,PROD00363,2025-08-03,6,Other,165.48,Approved
RET005676,ORD036885,PROD00464,2025-11-01,4,Wrong Item,448.16,Approved
RET005677,ORD047519,PROD00167,2026-02-17,1,Changed Mind,181.7,Pending
RET005678,ORD048694,PROD00256,2025-03-19,2,Quality Issue,157.92,Pending
RET005679,ORD040276,PROD00011,2026-04-12,8,Not as Described,1173.52,Approved
RET005680,ORD043262,PROD00429,2025-11-10,4,Not as Described,485.96,Approved
RET005681,ORD036000,PROD00042,2026-01-08,3,Changed Mind,163.29,Pending
RET005682,ORD044454,PROD00192,2025-02-27,1,Damaged,7.95,Approved
RET005683,ORD029679,PROD00195,2025-10-01,3,Other,86.43,Approved
RET005684,ORD020651,PROD00192,2026-05-07,5,Other,39.75,Approved
RET005685,ORD042971,PROD00197,2025-10-14,4,Late Delivery,553.48,Approved
RET005686,ORD003750,PROD00130,2026-01-02,4,Damaged,316.44,Pending
RET005687,ORD002774,PROD00467,2025-06-29,7,Other,313.11,Approved
RET005688,ORD046065,PROD00003,2026-06-19,7,Other,957.46,Approved
RET005689,ORD024932,PROD00054,2026-04-06,3,Other,677.61,Approved
RET005690,ORD012146,PROD00243,2025-07-06,3,Late Delivery,385.56,Approved
RET005691,ORD044184,PROD00456,2025-04-30,1,Late Delivery,170.27,Approved
RET005692,ORD038059,PROD00268,2025-10-14,8,Late Delivery,1292.56,Approved
RET005693,ORD000886,PROD00344,2025-11-29,1,Damaged,52.27,Approved
RET005694,ORD035668,PROD00057,2026-05-10,2,Not as Described,59.06,Pending
RET005695,ORD021707,PROD00223,2025-09-08,1,Changed Mind,182.36,Approved
RET005696,ORD004719,PROD00227,2025-05-23,1,Late Delivery,35.09,Approved
RET005697,ORD017241,PROD00077,2025-09-02,5,Late Delivery,348.85,Approved
RET005698,ORD032771,PROD00353,2025-12-13,4,Changed Mind,591.96,Approved
RET005699,ORD033727,PROD00483,2026-06-28,2,Quality Issue,200.08,Approved
RET005700,ORD023762,PROD00016,2026-06-30,5,Changed Mind,109.4,Approved
RET005701,ORD030136,PROD00306,2026-03-09,1,Wrong Item,187.42,Approved
RET005702,ORD032174,PROD00145,2025-06-09,1,Damaged,79.04,Pending
RET005703,ORD011706,PROD00295,2025-08-29,1,Not as Described,129.21,Approved
RET005704,ORD020447,PROD00096,2025-10-29,1,Changed Mind,47.19,Approved
RET005705,ORD012598,PROD00318,2025-03-15,3,Wrong Item,431.37,Approved
RET005706,ORD003116,PROD00179,2025-02-16,4,Quality Issue,672.64,Approved
RET005707,ORD020408,PROD00438,2026-07-20,1,Not as Described,37.7,Approved
RET005708,ORD029653,PROD00307,2026-07-16,5,Other,1119.55,Approved
RET005709,ORD012854,PROD00311,2026-07-10,5,Wrong Item,173.55,Approved
RET005710,ORD023255,PROD00189,2026-06-19,1,Damaged,12.85,Rejected
RET005711,ORD035645,PROD00009,2026-02-03,2,Not as Described,206.48,Approved
RET005712,ORD048881,PROD00488,2025-09-08,4,Late Delivery,650.48,Approved
RET005713,ORD001478,PROD00354,2025-04-11,1,Changed Mind,111.99,Pending
RET005714,ORD047557,PROD00362,2026-06-02,4,Late Delivery,418.56,Approved
RET005715,ORD014358,PROD00051,2025-04-24,3,Damaged,169.71,Approved
RET005716,ORD030988,PROD00282,2025-07-14,4,Not as Described,88.48,Pending
RET005717,ORD036171,PROD00056,2025-03-24,1,Changed Mind,72.69,Approved
RET005718,ORD016299,PROD00454,2025-10-02,2,Changed Mind,246.18,Pending
RET005719,ORD040171,PROD00372,2025-06-26,9,Not as Described,839.97,Approved
RET005720,ORD034790,PROD00204,2026-04-05,2,Wrong Item,304.8,Approved
RET005721,ORD021313,PROD00467,2026-04-03,1,Wrong Item,44.73,Approved
RET005722,ORD008660,PROD00387,2026-05-22,6,Changed Mind,157.14,Approved
RET005723,ORD015325,PROD00139,2025-11-04,2,Wrong Item,78.2,Approved
RET005724,ORD010233,PROD00489,2025-07-30,2,Not as Described,66.9,Approved
RET005725,ORD044613,PROD00294,2026-02-02,2,Changed Mind,145.24,Approved
RET005726,ORD001360,PROD00416,2025-02-20,3,Not as Described,357.66,Approved
RET005727,ORD004894,PROD00313,2025-08-17,3,Late Delivery,227.91,Approved
RET005728,ORD003033,PROD00157,2025-07-06,1,Not as Described,18.92,Approved
RET005729,ORD048299,PROD00483,2026-07-02,4,Late Delivery,400.16,Approved
RET005730,ORD005539,PROD00460,2025-04-01,4,Quality Issue,629.36,Pending
RET005731,ORD004831,PROD00394,2025-10-28,4,Not as Described,568.72,Approved
RET005732,ORD019812,PROD00422,2026-03-25,9,Quality Issue,1164.6,Approved
RET005733,ORD031874,PROD00181,2025-12-31,4,Quality Issue,473.68,Approved
RET005734,ORD007916,PROD00182,2025-07-12,1,Quality Issue,65.97,Approved
RET005735,ORD010261,PROD00261,2026-03-12,1,Other,140.75,Approved
RET005736,ORD046898,PROD00416,2025-05-03,1,Other,119.22,Approved
RET005737,ORD024235,PROD00201,2025-11-01,1,Other,95.19,Approved
RET005738,ORD026233,PROD00276,2025-03-11,3,Not as Described,595.71,Approved
RET005739,ORD047235,PROD00300,2025-11-15,4,Wrong Item,542.44,Approved
RET005740,ORD036192,PROD00040,2026-04-19,1,Late Delivery,153.95,Approved
RET005741,ORD021861,PROD00313,2025-12-26,7,Damaged,531.79,Approved
RET005742,ORD012493,PROD00265,2025-03-27,5,Wrong Item,1038.3,Pending
RET005743,ORD003163,PROD00451,2025-11-11,5,Other,550.5,Rejected
RET005744,ORD034620,PROD00422,2026-02-11,2,Damaged,258.8,Approved
RET005745,ORD015181,PROD00012,2025-05-31,5,Late Delivery,514.6,Approved
RET005746,ORD035938,PROD00175,2026-05-19,6,Changed Mind,183.78,Approved
RET005747,ORD023415,PROD00388,2025-05-12,5,Damaged,229.15,Approved
RET005748,ORD040736,PROD00363,2025-11-19,3,Other,82.74,Approved
RET005749,ORD013253,PROD00159,2025-11-09,4,Not as Described,164.4,Approved
RET005750,ORD012394,PROD00114,2025-06-06,4,Late Delivery,201.16,Approved
RET005751,ORD023835,PROD00028,2025-03-12,3,Changed Mind,111.27,Approved
RET005752,ORD021960,PROD00214,2025-06-10,4,Quality Issue,407.64,Approved
RET005753,ORD045163,PROD00006,2025-02-08,7,Wrong Item,709.52,Approved
RET005754,ORD028005,PROD00159,2025-05-05,1,Wrong Item,41.1,Approved
RET005755,ORD014870,PROD00386,2025-05-26,3,Quality Issue,154.62,Approved
RET005756,ORD018024,PROD00132,2025-09-13,1,Wrong Item,148.14,Approved
RET005757,ORD021882,PROD00460,2025-11-14,5,Other,786.7,Pending
RET005758,ORD007048,PROD00429,2025-04-14,7,Late Delivery,850.43,Approved
RET005759,ORD018552,PROD00105,2025-02-03,1,Damaged,100.04,Rejected
RET005760,ORD024306,PROD00282,2025-07-16,4,Damaged,88.48,Approved
RET005761,ORD021695,PROD00097,2025-06-03,1,Wrong Item,154.85,Approved
RET005762,ORD012465,PROD00048,2025-03-16,9,Changed Mind,1363.5,Approved
RET005763,ORD030252,PROD00352,2026-01-17,4,Wrong Item,317.24,Approved
RET005764,ORD003988,PROD00071,2025-11-30,3,Wrong Item,388.44,Approved
RET005765,ORD003732,PROD00319,2026-06-26,4,Not as Described,127.44,Pending
RET005766,ORD035574,PROD00024,2026-05-14,5,Damaged,464.4,Approved
RET005767,ORD011788,PROD00238,2025-02-22,1,Late Delivery,154.94,Approved
RET005768,ORD023918,PROD00195,2025-08-02,1,Wrong Item,28.81,Approved
RET005769,ORD004772,PROD00431,2025-03-11,6,Changed Mind,402.78,Approved
RET005770,ORD022448,PROD00461,2025-07-23,1,Wrong Item,43.47,Approved
RET005771,ORD000601,PROD00117,2025-12-17,2,Other,304.78,Approved
RET005772,ORD032427,PROD00311,2026-02-01,3,Other,104.13,Approved
RET005773,ORD034654,PROD00322,2025-09-10,2,Changed Mind,272.64,Approved
RET005774,ORD022040,PROD00336,2025-05-11,2,Late Delivery,280.16,Approved
RET005775,ORD000765,PROD00113,2025-06-18,9,Changed Mind,910.71,Approved
RET005776,ORD006136,PROD00459,2026-02-26,1,Wrong Item,41.0,Approved
RET005777,ORD043137,PROD00071,2026-05-27,4,Other,517.92,Approved
RET005778,ORD013311,PROD00153,2026-02-04,2,Wrong Item,216.08,Approved
RET005779,ORD026625,PROD00403,2025-02-11,8,Damaged,1269.52,Approved
RET005780,ORD049466,PROD00221,2026-04-07,2,Damaged,53.22,Approved
RET005781,ORD018747,PROD00468,2026-05-02,1,Not as Described,162.7,Approved
RET005782,ORD013886,PROD00144,2026-02-05,2,Quality Issue,224.1,Pending
RET005783,ORD036571,PROD00122,2026-01-20,1,Damaged,79.1,Pending
RET005784,ORD016882,PROD00193,2026-01-26,1,Quality Issue,70.94,Approved
RET005785,ORD029185,PROD00250,2026-07-12,1,Other,141.07,Approved
RET005786,ORD027507,PROD00498,2025-06-24,2,Other,376.0,Approved
RET005787,ORD010876,PROD00409,2025-07-03,2,Late Delivery,108.74,Approved
RET005788,ORD029439,PROD00217,2025-12-20,1,Damaged,127.42,Approved
RET005789,ORD013797,PROD00087,2025-04-08,1,Other,124.54,Approved
RET005790,ORD003534,PROD00377,2026-01-29,6,Wrong Item,265.8,Approved
RET005791,ORD036312,PROD00453,2025-03-08,6,Damaged,361.14,Approved
RET005792,ORD041033,PROD00180,2025-10-29,1,Quality Issue,83.61,Rejected
RET005793,ORD040547,PROD00199,2025-10-13,3,Not as Described,248.01,Approved
RET005794,ORD018886,PROD00331,2025-05-12,3,Changed Mind,458.37,Approved
RET005795,ORD049283,PROD00258,2025-06-05,9,Quality Issue,504.27,Approved
RET005796,ORD043396,PROD00222,2025-11-01,1,Late Delivery,54.5,Approved
RET005797,ORD049202,PROD00456,2025-08-27,6,Damaged,1021.62,Approved
RET005798,ORD045250,PROD00409,2025-02-14,4,Changed Mind,217.48,Approved
RET005799,ORD032068,PROD00378,2026-01-12,4,Damaged,339.92,Approved
RET005800,ORD001523,PROD00238,2026-07-21,3,Other,464.82,Approved
RET005801,ORD043571,PROD00064,2025-11-06,8,Changed Mind,883.44,Approved
RET005802,ORD022877,PROD00123,2026-05-03,7,Wrong Item,100.45,Approved
RET005803,ORD017846,PROD00287,2025-12-14,3,Changed Mind,528.48,Approved
RET005804,ORD015353,PROD00356,2026-03-08,7,Damaged,670.88,Approved
RET005805,ORD037190,PROD00390,2025-02-11,1,Changed Mind,139.09,Approved
RET005806,ORD001790,PROD00361,2025-06-28,2,Damaged,157.8,Approved
RET005807,ORD028611,PROD00210,2025-05-30,2,Quality Issue,35.4,Approved
RET005808,ORD002877,PROD00475,2025-08-16,3,Other,81.75,Approved
RET005809,ORD025550,PROD00413,2026-02-28,1,Damaged,47.58,Approved
RET005810,ORD049888,PROD00470,2025-06-19,2,Not as Described,266.16,Approved
RET005811,ORD017530,PROD00232,2025-08-11,2,Other,252.5,Rejected
RET005812,ORD022821,PROD00388,2026-03-23,5,Quality Issue,229.15,Approved
RET005813,ORD032825,PROD00157,2026-02-16,2,Quality Issue,37.84,Approved
RET005814,ORD027381,PROD00393,2025-10-30,4,Quality Issue,435.96,Approved
RET005815,ORD031359,PROD00284,2026-01-30,1,Late Delivery,67.8,Approved
RET005816,ORD006403,PROD00256,2025-04-29,1,Changed Mind,78.96,Approved
RET005817,ORD011041,PROD00101,2026-04-28,1,Quality Issue,174.58,Approved
RET005818,ORD015001,PROD00227,2025-02-22,1,Not as Described,35.09,Approved
RET005819,ORD023888,PROD00080,2025-11-22,3,Late Delivery,190.02,Approved
RET005820,ORD016298,PROD00170,2025-05-23,1,Changed Mind,205.51,Approved
RET005821,ORD046398,PROD00266,2025-07-13,1,Not as Described,197.62,Approved
RET005822,ORD009828,PROD00269,2026-02-25,5,Other,767.4,Approved
RET005823,ORD016510,PROD00311,2026-02-11,1,Damaged,34.71,Approved
RET005824,ORD026846,PROD00207,2025-11-18,4,Damaged,100.56,Approved
RET005825,ORD028051,PROD00425,2025-03-23,5,Changed Mind,944.6,Approved
RET005826,ORD005633,PROD00212,2026-04-18,5,Late Delivery,189.9,Approved
RET005827,ORD003249,PROD00380,2025-08-15,3,Wrong Item,171.78,Approved
RET005828,ORD005518,PROD00392,2025-03-30,1,Other,85.91,Approved
RET005829,ORD028415,PROD00011,2026-07-15,4,Other,586.76,Approved
RET005830,ORD020803,PROD00130,2025-05-08,10,Damaged,791.1,Approved
RET005831,ORD005809,PROD00478,2025-10-15,3,Late Delivery,144.33,Approved
RET005832,ORD021536,PROD00473,2025-09-07,6,Damaged,422.64,Approved
RET005833,ORD002953,PROD00226,2025-12-01,2,Changed Mind,291.66,Approved
RET005834,ORD045449,PROD00226,2026-06-10,2,Other,291.66,Approved
RET005835,ORD011670,PROD00399,2025-12-23,10,Quality Issue,1342.5,Approved
RET005836,ORD037000,PROD00179,2026-02-19,3,Quality Issue,504.48,Approved
RET005837,ORD004124,PROD00251,2025-09-28,5,Not as Described,714.25,Approved
RET005838,ORD031824,PROD00248,2026-01-07,3,Quality Issue,60.78,Approved
RET005839,ORD030115,PROD00411,2025-09-24,3,Not as Described,453.06,Approved
RET005840,ORD003238,PROD00292,2026-06-12,1,Changed Mind,32.94,Approved
RET005841,ORD013678,PROD00151,2025-07-18,3,Quality Issue,444.6,Approved
RET005842,ORD014035,PROD00098,2026-06-07,4,Damaged,337.56,Approved
RET005843,ORD040288,PROD00102,2025-05-01,8,Other,923.28,Approved
RET005844,ORD039310,PROD00375,2025-09-22,2,Quality Issue,269.92,Approved
RET005845,ORD045486,PROD00485,2025-07-16,4,Late Delivery,351.2,Approved
RET005846,ORD049911,PROD00341,2026-03-13,3,Quality Issue,341.58,Approved
RET005847,ORD026440,PROD00090,2026-04-08,2,Changed Mind,250.58,Approved
RET005848,ORD000638,PROD00059,2026-03-25,3,Not as Described,121.5,Approved
RET005849,ORD037105,PROD00118,2026-01-22,4,Quality Issue,268.72,Approved
RET005850,ORD000753,PROD00452,2025-11-12,2,Late Delivery,112.12,Approved
RET005851,ORD035944,PROD00173,2025-12-12,2,Late Delivery,86.48,Approved
RET005852,ORD025268,PROD00087,2025-10-09,3,Not as Described,373.62,Approved
RET005853,ORD029485,PROD00254,2025-11-25,7,Quality Issue,245.0,Approved
RET005854,ORD048999,PROD00356,2026-02-08,2,Other,191.68,Approved
RET005855,ORD031694,PROD00444,2025-02-08,2,Wrong Item,436.74,Rejected
RET005856,ORD020766,PROD00054,2025-02-02,3,Wrong Item,677.61,Approved
RET005857,ORD021443,PROD00303,2025-05-17,4,Quality Issue,779.2,Pending
RET005858,ORD022306,PROD00405,2025-10-30,4,Other,312.16,Pending
RET005859,ORD034854,PROD00219,2025-06-27,7,Other,428.26,Approved
RET005860,ORD044494,PROD00156,2025-03-26,7,Wrong Item,1233.33,Approved
RET005861,ORD032995,PROD00151,2025-02-15,4,Wrong Item,592.8,Approved
RET005862,ORD013897,PROD00488,2026-05-20,2,Not as Described,325.24,Approved
RET005863,ORD036084,PROD00292,2025-07-15,1,Late Delivery,32.94,Approved
RET005864,ORD002469,PROD00029,2025-06-26,7,Wrong Item,551.32,Approved
RET005865,ORD037830,PROD00099,2025-09-18,3,Changed Mind,55.95,Approved
RET005866,ORD043084,PROD00486,2025-11-21,6,Late Delivery,760.14,Approved
RET005867,ORD029646,PROD00220,2026-03-27,1,Not as Described,70.98,Approved
RET005868,ORD029759,PROD00199,2025-10-29,4,Changed Mind,330.68,Approved
RET005869,ORD031149,PROD00383,2025-02-16,4,Quality Issue,89.4,Approved
RET005870,ORD006683,PROD00389,2025-03-27,1,Changed Mind,26.16,Approved
RET005871,ORD001099,PROD00041,2026-03-15,1,Late Delivery,18.82,Approved
RET005872,ORD035507,PROD00329,2025-04-22,1,Damaged,14.81,Approved
RET005873,ORD034238,PROD00465,2026-04-19,4,Other,583.96,Rejected
RET005874,ORD032211,PROD00338,2026-06-25,5,Damaged,1028.8,Approved
RET005875,ORD010751,PROD00083,2026-04-14,1,Changed Mind,184.07,Approved
RET005876,ORD006561,PROD00290,2025-08-20,1,Damaged,171.28,Approved
RET005877,ORD018263,PROD00080,2025-09-05,6,Quality Issue,380.04,Approved
RET005878,ORD005257,PROD00247,2026-03-28,4,Damaged,519.2,Approved
RET005879,ORD013280,PROD00366,2026-07-16,9,Late Delivery,772.65,Approved
RET005880,ORD040407,PROD00082,2026-05-31,2,Quality Issue,277.26,Pending
RET005881,ORD038982,PROD00363,2026-06-11,3,Changed Mind,82.74,Approved
RET005882,ORD031464,PROD00206,2026-07-24,1,Changed Mind,36.54,Approved
RET005883,ORD007879,PROD00302,2026-03-11,1,Quality Issue,140.98,Approved
RET005884,ORD040521,PROD00085,2025-02-18,2,Changed Mind,283.22,Approved
RET005885,ORD014635,PROD00006,2026-02-13,4,Other,405.44,Approved
RET005886,ORD013203,PROD00210,2026-05-17,1,Not as Described,17.7,Approved
RET005887,ORD032193,PROD00268,2026-07-15,2,Quality Issue,323.14,Approved
RET005888,ORD023147,PROD00423,2026-04-04,2,Wrong Item,115.9,Approved
RET005889,ORD044697,PROD00258,2026-04-19,3,Not as Described,168.09,Approved
RET005890,ORD009491,PROD00404,2026-02-11,1,Quality Issue,157.23,Approved
RET005891,ORD048767,PROD00004,2026-07-18,2,Quality Issue,198.3,Approved
RET005892,ORD042619,PROD00431,2026-01-26,1,Wrong Item,67.13,Approved
RET005893,ORD009356,PROD00221,2026-01-02,8,Changed Mind,212.88,Approved
RET005894,ORD035797,PROD00138,2026-01-25,2,Changed Mind,319.22,Approved
RET005895,ORD028986,PROD00406,2025-05-28,1,Damaged,59.19,Approved
RET005896,ORD039997,PROD00089,2026-02-15,7,Damaged,697.9,Approved
RET005897,ORD027946,PROD00062,2025-05-25,2,Wrong Item,7.84,Approved
RET005898,ORD007130,PROD00167,2025-02-08,8,Not as Described,1453.6,Approved
RET005899,ORD010128,PROD00235,2026-01-13,1,Changed Mind,99.76,Approved
RET005900,ORD009357,PROD00436,2025-02-10,5,Changed Mind,196.95,Approved
RET005901,ORD035244,PROD00402,2025-09-09,3,Damaged,145.8,Approved
RET005902,ORD008658,PROD00300,2026-04-16,2,Not as Described,271.22,Approved
RET005903,ORD015016,PROD00043,2026-01-22,1,Quality Issue,80.75,Approved
RET005904,ORD019476,PROD00100,2025-04-13,1,Changed Mind,149.79,Approved
RET005905,ORD033984,PROD00341,2025-12-08,1,Wrong Item,113.86,Approved
RET005906,ORD000637,PROD00005,2025-07-03,3,Changed Mind,233.37,Approved
RET005907,ORD008560,PROD00205,2026-07-17,9,Changed Mind,1455.75,Approved
RET005908,ORD010962,PROD00245,2025-12-31,2,Quality Issue,226.54,Approved
RET005909,ORD047026,PROD00477,2025-12-10,2,Damaged,349.92,Approved
RET005910,ORD017401,PROD00189,2025-02-09,6,Wrong Item,77.1,Approved
RET005911,ORD025451,PROD00318,2025-11-04,1,Damaged,143.79,Approved
RET005912,ORD046374,PROD00017,2025-03-19,1,Late Delivery,9.0,Approved
RET005913,ORD028625,PROD00172,2025-12-28,10,Damaged,405.5,Approved
RET005914,ORD014543,PROD00405,2025-03-27,1,Damaged,78.04,Pending
RET005915,ORD016124,PROD00290,2026-06-14,3,Changed Mind,513.84,Approved
RET005916,ORD038395,PROD00395,2025-04-15,3,Quality Issue,244.65,Approved
RET005917,ORD034128,PROD00291,2025-12-12,5,Quality Issue,805.85,Approved
RET005918,ORD006673,PROD00457,2025-02-06,8,Quality Issue,1449.36,Approved
RET005919,ORD045339,PROD00286,2025-04-15,6,Late Delivery,742.74,Approved
RET005920,ORD035170,PROD00090,2025-08-24,2,Wrong Item,250.58,Approved
RET005921,ORD024065,PROD00455,2025-11-11,1,Not as Described,128.63,Approved
RET005922,ORD035163,PROD00487,2025-08-06,2,Changed Mind,97.46,Approved
RET005923,ORD038132,PROD00488,2026-05-23,7,Changed Mind,1138.34,Approved
RET005924,ORD015009,PROD00416,2025-11-27,2,Changed Mind,238.44,Approved
RET005925,ORD039186,PROD00500,2025-06-25,2,Changed Mind,18.32,Approved
RET005926,ORD034177,PROD00234,2025-06-21,1,Late Delivery,115.94,Approved
RET005927,ORD042842,PROD00438,2025-04-05,8,Changed Mind,301.6,Approved
RET005928,ORD046033,PROD00340,2026-05-26,1,Changed Mind,101.64,Approved
RET005929,ORD034705,PROD00185,2025-07-28,8,Not as Described,340.56,Approved
RET005930,ORD012483,PROD00405,2026-03-11,3,Quality Issue,234.12,Approved
RET005931,ORD020094,PROD00086,2025-12-07,1,Damaged,142.35,Approved
RET005932,ORD022383,PROD00442,2025-05-12,4,Wrong Item,509.68,Approved
RET005933,ORD033407,PROD00438,2026-02-10,7,Late Delivery,263.9,Approved
RET005934,ORD039346,PROD00200,2025-07-13,3,Wrong Item,244.17,Approved
RET005935,ORD035836,PROD00361,2026-04-08,3,Not as Described,236.7,Approved
RET005936,ORD027535,PROD00039,2025-05-24,5,Quality Issue,637.6,Rejected
RET005937,ORD032994,PROD00044,2026-02-12,1,Other,117.86,Approved
RET005938,ORD019346,PROD00314,2026-03-15,1,Changed Mind,54.47,Approved
RET005939,ORD040512,PROD00101,2026-02-01,3,Other,523.74,Approved
RET005940,ORD049489,PROD00120,2025-11-16,7,Damaged,1310.82,Rejected
RET005941,ORD020678,PROD00082,2025-09-04,2,Late Delivery,277.26,Approved
RET005942,ORD022273,PROD00379,2026-01-19,6,Other,594.54,Approved
RET005943,ORD020521,PROD00118,2025-10-17,1,Late Delivery,67.18,Pending
RET005944,ORD028583,PROD00053,2025-10-03,1,Other,11.49,Rejected
RET005945,ORD031080,PROD00245,2025-02-08,1,Quality Issue,113.27,Approved
RET005946,ORD032855,PROD00313,2025-10-27,4,Quality Issue,303.88,Approved
RET005947,ORD028356,PROD00217,2025-12-15,2,Other,254.84,Approved
RET005948,ORD015910,PROD00035,2025-08-11,3,Quality Issue,154.53,Approved
RET005949,ORD013907,PROD00352,2026-03-25,3,Other,237.93,Approved
RET005950,ORD018686,PROD00451,2025-10-03,2,Not as Described,220.2,Approved
RET005951,ORD030756,PROD00010,2025-07-11,5,Changed Mind,213.05,Rejected
RET005952,ORD020819,PROD00321,2025-08-26,2,Other,137.42,Approved
RET005953,ORD009325,PROD00051,2025-06-07,9,Other,509.13,Approved
RET005954,ORD005355,PROD00183,2025-03-13,4,Quality Issue,457.56,Approved
RET005955,ORD024939,PROD00263,2026-03-21,4,Damaged,148.2,Approved
RET005956,ORD018741,PROD00349,2026-06-09,1,Late Delivery,211.86,Pending
RET005957,ORD015899,PROD00296,2025-11-09,2,Changed Mind,19.14,Approved
RET005958,ORD024933,PROD00191,2025-09-18,1,Changed Mind,66.42,Approved
RET005959,ORD026769,PROD00430,2025-11-01,1,Damaged,115.21,Pending
RET005960,ORD023644,PROD00453,2025-10-23,1,Quality Issue,60.19,Approved
RET005961,ORD025851,PROD00484,2025-08-27,1,Changed Mind,6.36,Approved
RET005962,ORD022641,PROD00379,2026-06-15,6,Changed Mind,594.54,Approved
RET005963,ORD009602,PROD00338,2025-10-02,1,Quality Issue,205.76,Approved
RET005964,ORD005803,PROD00163,2026-07-25,2,Damaged,256.14,Approved
RET005965,ORD010907,PROD00471,2025-10-02,1,Changed Mind,25.55,Rejected
RET005966,ORD009397,PROD00462,2025-10-11,6,Other,1025.1,Approved
RET005967,ORD041717,PROD00351,2026-04-27,2,Late Delivery,360.14,Approved
RET005968,ORD018920,PROD00222,2025-07-24,2,Not as Described,109.0,Approved
RET005969,ORD012207,PROD00115,2025-04-03,8,Changed Mind,1460.16,Approved
RET005970,ORD049603,PROD00399,2025-06-24,2,Wrong Item,268.5,Rejected
RET005971,ORD022668,PROD00267,2025-03-04,2,Damaged,359.3,Approved
RET005972,ORD034995,PROD00269,2025-03-24,1,Quality Issue,153.48,Approved
RET005973,ORD022988,PROD00457,2025-04-18,2,Quality Issue,362.34,Approved
RET005974,ORD006674,PROD00011,2025-07-25,1,Other,146.69,Approved
RET005975,ORD038186,PROD00085,2025-05-24,7,Other,991.27,Approved
RET005976,ORD010132,PROD00369,2025-05-31,1,Damaged,114.06,Approved
RET005977,ORD019166,PROD00369,2025-07-16,1,Wrong Item,114.06,Pending
RET005978,ORD034339,PROD00391,2026-01-22,2,Changed Mind,419.36,Approved
RET005979,ORD000782,PROD00131,2025-03-23,4,Quality Issue,135.68,Approved
RET005980,ORD018875,PROD00109,2025-11-06,4,Quality Issue,436.56,Approved
RET005981,ORD035582,PROD00346,2025-08-25,8,Quality Issue,1665.2,Approved
RET005982,ORD001196,PROD00259,2026-05-21,7,Quality Issue,1199.24,Approved
RET005983,ORD010067,PROD00411,2025-05-08,2,Changed Mind,302.04,Approved
RET005984,ORD026607,PROD00086,2025-03-29,1,Quality Issue,142.35,Approved
RET005985,ORD044495,PROD00261,2025-09-05,1,Damaged,140.75,Approved
RET005986,ORD017499,PROD00347,2026-01-12,3,Other,244.53,Approved
RET005987,ORD046039,PROD00193,2025-07-11,9,Other,638.46,Approved
RET005988,ORD018157,PROD00217,2026-05-24,2,Other,254.84,Approved
RET005989,ORD011964,PROD00280,2025-04-26,1,Quality Issue,130.13,Approved
RET005990,ORD029520,PROD00038,2025-12-23,1,Quality Issue,46.82,Approved
RET005991,ORD045659,PROD00144,2025-06-22,2,Other,224.1,Approved
RET005992,ORD027660,PROD00229,2025-08-05,1,Late Delivery,127.35,Approved
RET005993,ORD001660,PROD00214,2025-02-16,2,Changed Mind,203.82,Rejected
RET005994,ORD038245,PROD00474,2025-06-05,2,Damaged,120.22,Approved
RET005995,ORD036693,PROD00054,2026-07-06,9,Other,2032.83,Approved
RET005996,ORD042514,PROD00172,2025-07-26,6,Quality Issue,243.3,Approved
RET005997,ORD022697,PROD00353,2026-07-22,2,Damaged,295.98,Approved
RET005998,ORD029149,PROD00411,2025-07-10,5,Quality Issue,755.1,Pending
RET005999,ORD035130,PROD00359,2025-06-01,6,Wrong Item,1369.86,Pending
RET006000,ORD016935,PROD00222,2025-11-24,6,Changed Mind,327.0,Approved
RET006001,ORD028445,PROD00258,2025-07-17,1,Wrong Item,56.03,Approved
RET006002,ORD009282,PROD00067,2026-04-08,5,Late Delivery,739.5,Pending
RET006003,ORD020007,PROD00075,2025-12-27,5,Late Delivery,195.2,Approved
RET006004,ORD013430,PROD00457,2025-04-13,7,Damaged,1268.19,Approved
RET006005,ORD029757,PROD00271,2025-02-12,6,Not as Described,1116.72,Approved
RET006006,ORD035629,PROD00240,2025-06-20,1,Damaged,16.52,Rejected
RET006007,ORD024115,PROD00146,2026-03-19,8,Not as Described,1864.88,Approved
RET006008,ORD034542,PROD00281,2025-08-16,1,Quality Issue,21.47,Approved
RET006009,ORD037567,PROD00490,2025-10-12,5,Changed Mind,763.3,Approved
RET006010,ORD039077,PROD00399,2025-08-04,1,Damaged,134.25,Approved
RET006011,ORD010085,PROD00327,2025-05-17,3,Late Delivery,508.17,Approved
RET006012,ORD024750,PROD00323,2025-12-19,4,Wrong Item,116.68,Approved
RET006013,ORD026700,PROD00040,2026-01-13,3,Not as Described,461.85,Approved
RET006014,ORD010159,PROD00089,2025-08-02,1,Quality Issue,99.7,Approved
RET006015,ORD022736,PROD00408,2026-01-06,2,Other,41.8,Approved
RET006016,ORD033623,PROD00295,2025-03-10,2,Not as Described,258.42,Pending
RET006017,ORD001245,PROD00089,2026-03-14,2,Damaged,199.4,Pending
RET006018,ORD003676,PROD00468,2025-02-20,4,Damaged,650.8,Approved
RET006019,ORD002268,PROD00090,2025-09-02,2,Quality Issue,250.58,Approved
RET006020,ORD037308,PROD00369,2025-12-01,5,Quality Issue,570.3,Approved
RET006021,ORD047873,PROD00080,2025-12-13,4,Not as Described,253.36,Rejected
RET006022,ORD044564,PROD00348,2025-04-07,3,Wrong Item,293.64,Approved
RET006023,ORD036657,PROD00337,2026-03-07,2,Wrong Item,309.2,Pending
RET006024,ORD005647,PROD00012,2026-02-21,1,Damaged,102.92,Approved
RET006025,ORD048274,PROD00410,2026-06-07,5,Wrong Item,717.05,Approved
RET006026,ORD012703,PROD00260,2025-06-10,3,Wrong Item,693.18,Approved
RET006027,ORD018324,PROD00220,2026-07-06,1,Late Delivery,70.98,Approved
RET006028,ORD020892,PROD00311,2025-11-23,6,Not as Described,208.26,Approved
RET006029,ORD041142,PROD00427,2025-05-21,2,Not as Described,370.84,Approved
RET006030,ORD049056,PROD00287,2025-05-13,5,Other,880.8,Approved
RET006031,ORD044203,PROD00116,2025-06-20,1,Other,31.9,Approved
RET006032,ORD011507,PROD00175,2025-02-25,4,Not as Described,122.52,Approved
RET006033,ORD004756,PROD00173,2025-03-10,3,Damaged,129.72,Approved
RET006034,ORD022819,PROD00397,2025-09-05,1,Not as Described,80.19,Approved
RET006035,ORD022828,PROD00365,2025-10-27,4,Late Delivery,160.64,Approved
RET006036,ORD032060,PROD00367,2026-01-03,2,Wrong Item,316.1,Approved
RET006037,ORD006692,PROD00453,2025-09-14,9,Changed Mind,541.71,Approved
RET006038,ORD041900,PROD00232,2026-06-10,3,Not as Described,378.75,Approved
RET006039,ORD026167,PROD00437,2025-03-27,4,Late Delivery,366.84,Pending
RET006040,ORD040428,PROD00458,2025-11-03,3,Quality Issue,527.91,Approved
RET006041,ORD015708,PROD00254,2025-09-22,3,Quality Issue,105.0,Approved
RET006042,ORD014661,PROD00225,2026-02-26,3,Damaged,323.22,Approved
RET006043,ORD007664,PROD00227,2026-05-04,1,Not as Described,35.09,Approved
RET006044,ORD036815,PROD00477,2025-11-18,4,Wrong Item,699.84,Pending
RET006045,ORD014587,PROD00373,2025-06-06,6,Damaged,399.6,Approved
RET006046,ORD033421,PROD00167,2025-04-17,2,Changed Mind,363.4,Approved
RET006047,ORD008578,PROD00490,2025-10-07,9,Late Delivery,1373.94,Approved
RET006048,ORD003809,PROD00098,2026-06-26,2,Late Delivery,168.78,Approved
RET006049,ORD004513,PROD00029,2025-12-06,1,Quality Issue,78.76,Approved
RET006050,ORD025678,PROD00498,2026-06-19,2,Quality Issue,376.0,Rejected
RET006051,ORD019242,PROD00304,2025-06-03,2,Late Delivery,13.2,Approved
RET006052,ORD006159,PROD00259,2025-10-21,7,Quality Issue,1199.24,Approved
RET006053,ORD042382,PROD00361,2025-12-11,4,Wrong Item,315.6,Approved
RET006054,ORD014345,PROD00466,2026-02-03,2,Quality Issue,110.92,Approved
RET006055,ORD041413,PROD00095,2025-06-07,5,Wrong Item,766.8,Approved
RET006056,ORD047895,PROD00111,2026-06-18,6,Changed Mind,794.82,Approved
RET006057,ORD022707,PROD00492,2025-06-02,1,Other,43.38,Approved
RET006058,ORD009125,PROD00177,2026-07-05,1,Not as Described,167.83,Approved
RET006059,ORD030511,PROD00170,2025-12-19,1,Wrong Item,205.51,Approved
RET006060,ORD012172,PROD00354,2026-06-24,6,Wrong Item,671.94,Approved
RET006061,ORD047304,PROD00183,2025-02-21,1,Other,114.39,Pending
RET006062,ORD009482,PROD00423,2025-10-15,1,Damaged,57.95,Approved
RET006063,ORD019986,PROD00411,2026-05-11,5,Changed Mind,755.1,Approved
RET006064,ORD047566,PROD00252,2026-02-14,2,Wrong Item,70.4,Approved
RET006065,ORD015294,PROD00467,2025-07-31,10,Other,447.3,Rejected
RET006066,ORD046374,PROD00274,2026-07-10,1,Late Delivery,160.35,Approved
RET006067,ORD023006,PROD00432,2026-01-13,3,Other,200.34,Rejected
RET006068,ORD005554,PROD00183,2025-11-24,1,Changed Mind,114.39,Approved
RET006069,ORD016020,PROD00213,2025-03-26,1,Other,84.13,Approved
RET006070,ORD010510,PROD00222,2026-06-08,5,Damaged,272.5,Approved
RET006071,ORD036050,PROD00130,2026-05-24,2,Late Delivery,158.22,Approved
RET006072,ORD012559,PROD00102,2026-05-24,3,Other,346.23,Approved
RET006073,ORD033761,PROD00459,2026-03-21,5,Other,205.0,Approved
RET006074,ORD025684,PROD00046,2025-08-13,1,Changed Mind,38.97,Approved
RET006075,ORD026004,PROD00181,2026-05-12,1,Damaged,118.42,Approved
RET006076,ORD010874,PROD00386,2026-04-23,4,Wrong Item,206.16,Approved
RET006077,ORD037998,PROD00158,2026-03-29,2,Not as Described,247.84,Approved
RET006078,ORD035948,PROD00251,2025-06-08,4,Other,571.4,Approved
RET006079,ORD036059,PROD00218,2026-01-10,1,Late Delivery,183.93,Approved
RET006080,ORD021710,PROD00367,2026-02-23,8,Changed Mind,1264.4,Approved
RET006081,ORD041247,PROD00022,2025-05-26,5,Damaged,695.35,Approved
RET006082,ORD020475,PROD00392,2025-06-23,5,Not as Described,429.55,Approved
RET006083,ORD029928,PROD00195,2026-04-06,5,Other,144.05,Approved
RET006084,ORD022779,PROD00225,2025-12-27,1,Wrong Item,107.74,Approved
RET006085,ORD030249,PROD00378,2025-10-19,5,Quality Issue,424.9,Approved
RET006086,ORD001030,PROD00108,2025-11-08,3,Changed Mind,268.77,Approved
RET006087,ORD026884,PROD00097,2025-10-11,1,Other,154.85,Approved
RET006088,ORD025351,PROD00452,2025-04-17,5,Quality Issue,280.3,Approved
RET006089,ORD022962,PROD00470,2026-03-03,2,Damaged,266.16,Approved
RET006090,ORD001890,PROD00400,2025-07-31,5,Late Delivery,428.55,Approved
RET006091,ORD017745,PROD00061,2025-08-30,3,Changed Mind,574.56,Approved
RET006092,ORD009193,PROD00050,2025-05-04,6,Late Delivery,473.34,Approved
RET006093,ORD015351,PROD00113,2025-03-25,2,Damaged,202.38,Approved
RET006094,ORD014298,PROD00076,2026-03-20,1,Damaged,177.46,Rejected
RET006095,ORD048364,PROD00027,2026-05-08,9,Quality Issue,567.45,Approved
RET006096,ORD028173,PROD00432,2025-04-03,2,Quality Issue,133.56,Approved
RET006097,ORD021809,PROD00424,2025-11-16,9,Changed Mind,1416.96,Pending
RET006098,ORD006118,PROD00340,2026-06-11,1,Quality Issue,101.64,Approved
RET006099,ORD024539,PROD00450,2025-12-04,7,Late Delivery,505.19,Approved
RET006100,ORD025377,PROD00130,2026-01-29,6,Other,474.66,Approved
RET006101,ORD046801,PROD00240,2025-04-15,2,Wrong Item,33.04,Pending
RET006102,ORD041610,PROD00049,2025-02-09,7,Damaged,560.42,Approved
RET006103,ORD020012,PROD00310,2025-08-16,4,Not as Described,387.84,Approved
RET006104,ORD032347,PROD00396,2025-09-27,5,Not as Described,521.2,Approved
RET006105,ORD024110,PROD00179,2025-07-23,4,Damaged,672.64,Approved
RET006106,ORD029470,PROD00125,2026-01-18,7,Damaged,633.99,Approved
RET006107,ORD004697,PROD00175,2025-12-23,2,Quality Issue,61.26,Approved
RET006108,ORD021280,PROD00427,2025-03-23,9,Quality Issue,1668.78,Approved
RET006109,ORD003572,PROD00034,2026-02-07,2,Other,12.62,Approved
RET006110,ORD015119,PROD00253,2025-02-16,2,Not as Described,38.38,Approved
RET006111,ORD034079,PROD00386,2025-12-29,1,Changed Mind,51.54,Approved
RET006112,ORD002903,PROD00450,2025-05-09,1,Not as Described,72.17,Approved
RET006113,ORD032067,PROD00442,2025-06-25,4,Wrong Item,509.68,Pending
RET006114,ORD023540,PROD00129,2025-07-28,7,Wrong Item,996.17,Approved
RET006115,ORD007740,PROD00084,2025-09-12,1,Late Delivery,49.21,Approved
RET006116,ORD004810,PROD00243,2026-01-02,1,Quality Issue,128.52,Pending
RET006117,ORD045066,PROD00296,2025-10-11,1,Other,9.57,Approved
RET006118,ORD020477,PROD00198,2025-06-24,1,Changed Mind,58.82,Pending
RET006119,ORD047242,PROD00086,2025-08-21,6,Other,854.1,Approved
RET006120,ORD026675,PROD00433,2025-04-07,1,Not as Described,113.08,Pending
RET006121,ORD011206,PROD00008,2025-07-13,6,Wrong Item,596.58,Approved
RET006122,ORD034528,PROD00343,2025-11-08,1,Quality Issue,120.4,Approved
RET006123,ORD001099,PROD00094,2025-06-17,4,Quality Issue,400.76,Approved
RET006124,ORD023611,PROD00375,2026-06-22,1,Not as Described,134.96,Approved
RET006125,ORD045189,PROD00324,2026-04-07,3,Other,686.4,Approved
RET006126,ORD044974,PROD00254,2026-04-07,1,Damaged,35.0,Approved
RET006127,ORD006323,PROD00126,2026-06-04,5,Other,844.05,Approved
RET006128,ORD038208,PROD00445,2026-03-14,9,Damaged,1790.73,Approved
RET006129,ORD040188,PROD00008,2025-02-04,6,Not as Described,596.58,Approved
RET006130,ORD024012,PROD00395,2025-10-23,4,Late Delivery,326.2,Approved
RET006131,ORD044668,PROD00214,2026-02-28,7,Damaged,713.37,Approved
RET006132,ORD017595,PROD00309,2025-08-31,4,Not as Described,176.88,Approved
RET006133,ORD012715,PROD00299,2025-03-27,1,Quality Issue,118.42,Pending
RET006134,ORD008111,PROD00079,2026-04-06,1,Wrong Item,46.77,Approved
RET006135,ORD018952,PROD00303,2025-03-29,1,Other,194.8,Approved
RET006136,ORD024113,PROD00054,2026-02-07,5,Changed Mind,1129.35,Approved
RET006137,ORD032284,PROD00309,2025-12-01,2,Wrong Item,88.44,Rejected
RET006138,ORD032290,PROD00280,2025-11-26,3,Changed Mind,390.39,Approved
RET006139,ORD010510,PROD00291,2025-09-18,2,Late Delivery,322.34,Approved
RET006140,ORD016402,PROD00405,2026-04-27,7,Changed Mind,546.28,Approved
RET006141,ORD037986,PROD00210,2026-04-30,2,Changed Mind,35.4,Approved
RET006142,ORD005333,PROD00037,2025-04-24,2,Quality Issue,292.7,Approved
RET006143,ORD045691,PROD00111,2026-07-09,7,Other,927.29,Approved
RET006144,ORD019912,PROD00348,2026-02-01,7,Quality Issue,685.16,Approved
RET006145,ORD044658,PROD00129,2026-03-06,4,Late Delivery,569.24,Approved
RET006146,ORD016284,PROD00203,2025-11-02,2,Quality Issue,141.66,Approved
RET006147,ORD032689,PROD00467,2026-02-28,4,Not as Described,178.92,Approved
RET006148,ORD007378,PROD00273,2025-05-26,2,Damaged,138.36,Approved
RET006149,ORD020323,PROD00112,2025-10-23,7,Changed Mind,178.01,Approved
RET006150,ORD009253,PROD00267,2026-06-15,1,Not as Described,179.65,Approved
RET006151,ORD047181,PROD00068,2025-07-10,2,Late Delivery,85.12,Approved
RET006152,ORD048324,PROD00262,2026-01-08,7,Damaged,514.71,Rejected
RET006153,ORD032392,PROD00299,2026-07-22,10,Late Delivery,1184.2,Approved
RET006154,ORD044210,PROD00246,2025-08-10,1,Not as Described,82.39,Approved
RET006155,ORD010444,PROD00430,2025-03-31,3,Late Delivery,345.63,Approved
