shipment_id,purchase_order_id,origin_country,destination_country,shipment_date,estimated_arrival_date,actual_arrival_date,shipping_method,freight_cost,import_duty,other_import_cost,shipment_status
SHIP000001,PO001258,UK,UK,2026-02-21,2026-02-26,2026-02-26,Road Freight,3629.23,0.0,465.55,Delivered
SHIP000002,PO001118,UK,UK,2026-04-26,2026-04-21,2026-04-21,Courier,1949.61,0.0,480.8,Delivered
SHIP000003,PO001849,India,UK,2026-07-29,2026-08-19,2026-08-19,Air Freight,656.07,513.7,119.84,Delivered
SHIP000004,PO001598,China,UK,2025-10-05,2025-11-15,2025-11-15,Air Freight,4333.83,1301.44,173.08,Delivered
SHIP000005,PO001998,UK,UK,2025-08-21,2025-08-21,2025-08-21,Courier,4337.74,0.0,400.81,Delivered
SHIP000006,PO001888,China,UK,2025-03-07,2025-04-22,2025-04-23,Air Freight,239.82,105.91,229.47,Delivered
SHIP000007,PO000627,UK,UK,2025-06-11,2025-06-10,2025-06-10,Courier,2882.65,0.0,210.49,Delivered
SHIP000008,PO001532,China,UK,2026-04-05,2026-05-29,2026-05-29,Air Freight,3790.2,686.69,404.69,Delivered
SHIP000009,PO000905,China,UK,2026-06-15,2026-07-24,2026-07-24,Sea Freight,221.39,1287.92,59.6,Delivered
SHIP000010,PO000223,China,UK,2026-07-03,2026-08-22,2026-08-22,Rail Freight,3450.61,1130.51,487.11,Delivered
SHIP000011,PO001976,India,UK,2025-08-06,2025-09-01,2025-09-08,Sea Freight,3201.38,1402.77,68.64,Delivered
SHIP000012,PO000756,UK,UK,2025-08-12,2025-08-11,2025-08-11,Courier,2053.91,0.0,423.99,Delivered
SHIP000013,PO000370,China,UK,2025-08-19,2025-10-01,2025-10-01,Sea Freight,2911.82,330.51,416.18,Delivered
SHIP000014,PO000605,India,UK,2025-03-28,2025-05-02,2025-05-02,Sea Freight,3837.87,993.33,452.61,Delivered
SHIP000015,PO001931,India,UK,2025-07-04,2025-07-29,2025-07-29,Sea Freight,4960.49,791.61,74.14,Delivered
SHIP000016,PO000197,China,UK,2026-01-08,2026-02-16,2026-02-16,Sea Freight,913.87,155.43,399.28,Delivered
SHIP000017,PO001021,India,UK,2025-12-03,2025-12-25,2025-12-25,Air Freight,3158.13,351.63,382.74,Delivered
SHIP000018,PO001392,India,UK,2026-02-19,2026-03-13,2026-03-16,Sea Freight,2688.26,916.01,295.81,Delayed
SHIP000019,PO000782,China,UK,2025-05-18,2025-06-15,2025-06-16,Rail Freight,2308.87,312.33,334.85,Delayed
SHIP000020,PO000490,China,UK,2025-10-14,2025-12-06,2025-12-06,Air Freight,4804.11,1212.51,117.74,Delivered
SHIP000021,PO000207,China,UK,2025-11-28,2025-12-31,2026-01-01,Air Freight,2875.7,752.67,259.11,Delayed
SHIP000022,PO001929,India,UK,2025-10-01,2025-10-25,2025-10-26,Sea Freight,3309.25,1298.27,423.58,Delayed
SHIP000023,PO001549,China,UK,2026-06-06,2026-07-30,2026-07-30,Air Freight,4849.81,1271.84,250.09,Delivered
SHIP000024,PO001375,China,UK,2026-06-19,2026-07-25,2026-07-26,Air Freight,3736.7,1301.19,488.65,Delivered
SHIP000025,PO000582,China,UK,2026-03-15,2026-05-05,2026-05-12,Sea Freight,4777.14,577.32,464.46,Delayed
SHIP000026,PO000076,India,UK,2026-03-30,2026-04-25,2026-04-25,Air Freight,4576.83,1245.64,169.79,Delivered
SHIP000027,PO001654,India,UK,2025-08-08,2025-09-03,2025-09-10,Air Freight,241.88,628.36,231.25,Delayed
SHIP000028,PO001546,India,UK,2026-03-25,2026-04-24,2026-04-27,Sea Freight,3527.03,1221.58,322.43,Delayed
SHIP000029,PO000504,India,UK,2026-04-19,2026-05-15,2026-05-15,Air Freight,685.83,1277.16,402.0,Delivered
SHIP000030,PO000805,China,UK,2025-07-23,2025-08-22,2025-08-22,Sea Freight,467.65,524.25,317.18,Delivered
SHIP000031,PO001432,UK,UK,2025-09-25,2025-09-26,2025-09-27,Road Freight,3503.04,0.0,235.63,Delayed
SHIP000032,PO001527,China,UK,2026-04-29,2026-06-09,2026-06-12,Air Freight,2392.61,1084.77,487.52,Delayed
SHIP000033,PO001411,UK,UK,2026-03-22,2026-03-23,2026-03-24,Courier,3630.98,0.0,446.21,Delivered
SHIP000034,PO000544,India,UK,2026-07-10,2026-08-06,2026-08-06,Air Freight,3614.67,1053.84,112.58,Delivered
SHIP000035,PO000611,China,UK,2026-03-04,2026-04-09,2026-04-10,Rail Freight,4011.84,427.94,383.11,Delayed
SHIP000036,PO001750,China,UK,2026-03-29,2026-05-23,2026-05-23,Air Freight,653.98,502.31,342.55,Delivered
SHIP000037,PO001043,China,UK,2025-01-12,2025-02-22,2025-02-23,Rail Freight,401.95,1422.47,424.1,Delivered
SHIP000038,PO000733,China,UK,2025-05-15,2025-06-28,2025-06-28,Rail Freight,568.91,885.1,59.45,Delivered
SHIP000039,PO000385,India,UK,2026-07-26,2026-08-21,2026-08-21,Air Freight,3775.74,1149.92,395.59,Delivered
SHIP000040,PO000520,UK,UK,2025-11-24,2025-11-29,2025-11-30,Courier,3666.73,0.0,301.04,Delivered
SHIP000041,PO001920,UK,UK,2025-06-03,2025-06-03,2025-06-03,Courier,482.8,0.0,158.73,Delivered
SHIP000042,PO000269,UK,UK,2025-09-04,2025-09-03,2025-09-03,Courier,2252.7,0.0,346.26,Delivered
SHIP000043,PO001096,China,UK,2025-04-03,2025-05-15,2025-05-16,Sea Freight,1217.75,1166.68,187.34,Delivered
SHIP000044,PO001959,China,UK,2026-02-27,2026-04-21,2026-04-24,Air Freight,2570.65,1031.2,365.72,Delivered
SHIP000045,PO000755,India,UK,2026-03-18,2026-04-19,2026-04-19,Sea Freight,1083.52,1345.9,135.32,Delivered
SHIP000046,PO000875,UK,UK,2025-12-15,2025-12-14,2025-12-15,Courier,772.55,0.0,169.72,Delivered
SHIP000047,PO000664,China,UK,2025-06-19,2025-08-08,2025-08-15,Air Freight,944.77,103.75,330.21,Delivered
SHIP000048,PO001361,China,UK,2025-05-22,2025-07-11,2025-07-14,Sea Freight,1123.01,559.45,263.42,Delayed
SHIP000049,PO001033,China,UK,2025-06-18,2025-07-18,2025-07-18,Rail Freight,3614.46,937.03,216.98,Delivered
SHIP000050,PO001186,China,UK,2025-08-16,2025-09-28,2025-09-28,Rail Freight,766.51,1008.63,114.51,Delivered
SHIP000051,PO001338,China,UK,2025-05-21,2025-07-09,2025-07-10,Air Freight,3392.98,456.03,343.81,Delayed
SHIP000052,PO000903,India,UK,2025-05-01,2025-05-25,2025-05-25,Air Freight,2706.1,177.61,215.59,Delivered
SHIP000053,PO001030,UK,UK,2025-07-13,2025-07-17,2025-07-17,Courier,2963.63,0.0,167.77,Delivered
SHIP000054,PO001822,China,UK,2026-06-07,2026-07-15,2026-07-16,Sea Freight,3044.16,463.01,395.31,Delayed
SHIP000055,PO000380,China,UK,2026-07-28,2026-08-29,2026-08-29,Rail Freight,2230.87,742.66,323.14,Delivered
SHIP000056,PO000646,China,UK,2026-03-01,2026-04-09,2026-04-09,Rail Freight,3006.22,1440.56,379.15,Delivered
SHIP000057,PO000509,China,UK,2026-02-13,2026-03-26,2026-03-27,Air Freight,1849.72,1441.55,354.23,Delivered
SHIP000058,PO000954,UK,UK,2025-06-11,2025-06-13,2025-06-13,Road Freight,4481.21,0.0,328.62,Delivered
SHIP000059,PO001303,China,UK,2025-12-31,2026-02-16,2026-02-16,Rail Freight,2298.26,662.15,113.06,Delivered
SHIP000060,PO001407,UK,UK,2026-03-27,2026-03-29,2026-03-29,Road Freight,1540.46,0.0,63.43,Delivered
SHIP000061,PO000556,India,UK,2025-05-06,2025-06-03,2025-06-03,Sea Freight,4364.86,167.96,268.27,Delivered
SHIP000062,PO000266,China,UK,2025-03-14,2025-05-08,2025-05-09,Rail Freight,665.15,1042.53,260.11,Delayed
SHIP000063,PO000451,India,UK,2026-01-30,2026-03-01,2026-03-08,Air Freight,3926.26,1405.81,375.49,Delayed
SHIP000064,PO001933,China,UK,2026-01-13,2026-02-23,2026-02-23,Rail Freight,1471.59,942.57,178.48,Delivered
SHIP000065,PO000340,UK,UK,2026-06-09,2026-06-09,2026-06-16,Courier,3526.84,0.0,226.36,Delayed
SHIP000066,PO001687,India,UK,2025-02-05,2025-03-06,2025-03-06,Sea Freight,3347.53,1431.16,384.43,Delivered
SHIP000067,PO001402,UK,UK,2025-03-14,2025-03-09,2025-03-09,Courier,2254.25,0.0,175.88,Delivered
SHIP000068,PO001730,China,UK,2025-03-04,2025-04-17,2025-04-18,Sea Freight,714.77,1008.59,485.84,Delayed
SHIP000069,PO000712,China,UK,2025-10-31,2025-12-19,2025-12-19,Sea Freight,3826.07,478.86,191.57,Delivered
SHIP000070,PO001547,India,UK,2025-03-26,2025-04-23,2025-04-23,Sea Freight,3283.15,1394.93,184.26,Delivered
SHIP000071,PO000071,China,UK,2025-09-25,2025-11-06,2025-11-07,Sea Freight,2758.19,1058.03,461.7,Delayed
SHIP000072,PO000290,China,UK,2026-01-21,2026-03-06,2026-03-06,Sea Freight,218.18,304.0,99.51,Delivered
SHIP000073,PO001779,China,UK,2025-12-16,2026-01-25,2026-01-28,Sea Freight,510.05,1368.79,240.34,Delayed
SHIP000074,PO001287,China,UK,2025-12-08,2026-01-25,2026-01-25,Rail Freight,865.97,275.22,299.01,Delivered
SHIP000075,PO000035,China,UK,2025-06-07,2025-07-24,2025-07-24,Air Freight,4190.94,995.61,390.85,Delivered
SHIP000076,PO000116,India,UK,2026-06-16,2026-07-09,2026-07-09,Air Freight,208.05,1442.12,412.93,Delivered
SHIP000077,PO001874,China,UK,2026-05-21,2026-06-21,2026-06-22,Rail Freight,216.6,913.35,180.92,Delayed
SHIP000078,PO000143,China,UK,2025-05-01,2025-06-25,2025-07-02,Sea Freight,4214.71,1141.31,86.07,Delivered
SHIP000079,PO000737,China,UK,2026-03-03,2026-04-19,2026-04-20,Sea Freight,1969.47,339.1,343.55,Delivered
SHIP000080,PO000246,UK,UK,2026-02-13,2026-02-19,2026-02-20,Road Freight,728.87,0.0,236.7,Delivered
SHIP000081,PO000810,China,UK,2025-09-10,2025-11-01,2025-11-04,Sea Freight,778.41,1087.22,99.22,Delayed
SHIP000082,PO000342,China,UK,2026-06-10,2026-08-01,2026-08-02,Rail Freight,1467.5,612.02,282.71,Delivered
SHIP000083,PO001987,India,UK,2026-07-16,2026-08-19,2026-08-19,Air Freight,4448.69,606.33,73.21,Delivered
SHIP000084,PO001386,UK,UK,2026-02-26,2026-02-28,2026-02-28,Courier,1380.97,0.0,436.08,Delivered
SHIP000085,PO000437,India,UK,2026-05-19,2026-06-15,2026-06-15,Sea Freight,3001.55,542.78,396.88,Delivered
SHIP000086,PO001724,China,UK,2026-01-24,2026-02-24,2026-02-24,Rail Freight,4192.32,914.72,142.82,Delivered
SHIP000087,PO001298,China,UK,2025-07-08,2025-08-23,2025-08-23,Air Freight,4763.27,556.88,55.8,Delivered
SHIP000088,PO001346,UK,UK,2026-07-31,2026-08-02,2026-08-02,Road Freight,2075.07,0.0,244.92,Delivered
SHIP000089,PO001271,India,UK,2025-12-14,2026-01-08,2026-01-08,Air Freight,4039.34,848.63,339.07,Delivered
SHIP000090,PO001088,China,UK,2025-12-10,2026-01-24,2026-01-25,Rail Freight,3393.58,592.21,392.29,Delivered
SHIP000091,PO001860,UK,UK,2025-01-10,2025-01-09,2025-01-12,Road Freight,1393.14,0.0,121.35,Delivered
SHIP000092,PO000763,China,UK,2026-07-02,2026-08-22,2026-08-22,Air Freight,4740.62,1162.35,474.28,Delivered
SHIP000093,PO000261,India,UK,2025-05-21,2025-06-18,2025-06-18,Air Freight,4557.45,364.55,475.35,Delivered
SHIP000094,PO000384,China,UK,2025-11-07,2025-12-21,2025-12-22,Air Freight,3119.26,331.45,59.11,Delayed
SHIP000095,PO000305,UK,UK,2025-07-24,2025-07-25,2025-07-25,Road Freight,3559.35,0.0,446.75,Delivered
SHIP000096,PO001330,China,UK,2026-03-15,2026-04-14,2026-04-14,Sea Freight,647.41,229.12,137.39,Delivered
SHIP000097,PO000360,India,UK,2025-09-09,2025-10-05,2025-10-06,Air Freight,2324.29,438.79,276.48,Delayed
SHIP000098,PO001636,China,UK,2025-12-19,2026-02-11,2026-02-14,Rail Freight,3594.69,996.27,165.79,Delivered
SHIP000099,PO000314,China,UK,2025-06-15,2025-08-01,2025-08-01,Air Freight,3161.1,1298.66,318.11,Delivered
SHIP000100,PO000250,India,UK,2025-10-16,2025-11-08,2025-11-08,Air Freight,3927.56,485.05,116.24,Delivered
SHIP000101,PO000642,China,UK,2025-04-02,2025-05-24,2025-05-24,Sea Freight,288.78,209.83,114.73,Delivered
SHIP000102,PO000324,China,UK,2025-10-19,2025-11-22,2025-11-29,Air Freight,3864.08,867.96,230.73,Delivered
SHIP000103,PO000851,UK,UK,2026-05-31,2026-05-28,2026-05-28,Courier,4872.53,0.0,191.89,Delivered
SHIP000104,PO000938,China,UK,2026-03-15,2026-04-29,2026-04-29,Rail Freight,2514.83,112.09,224.93,Delivered
SHIP000105,PO000118,UK,UK,2026-04-25,2026-04-30,2026-05-03,Courier,1047.96,0.0,166.57,Delivered
SHIP000106,PO001440,India,UK,2026-02-06,2026-03-12,2026-03-15,Sea Freight,4787.87,1045.14,196.05,Delivered
SHIP000107,PO001390,China,UK,2025-03-03,2025-04-15,2025-04-16,Rail Freight,1558.37,577.06,118.32,Delivered
SHIP000108,PO001420,China,UK,2026-02-16,2026-04-10,2026-04-10,Air Freight,942.57,1214.01,433.91,Delivered
SHIP000109,PO000478,India,UK,2025-11-12,2025-12-15,2025-12-15,Air Freight,2760.23,1354.62,272.65,Delivered
SHIP000110,PO001589,India,UK,2025-07-13,2025-08-09,2025-08-09,Sea Freight,4469.82,1147.56,133.7,Delivered
SHIP000111,PO001323,China,UK,2025-06-10,2025-07-28,2025-07-29,Rail Freight,1695.11,1428.63,106.55,Delivered
SHIP000112,PO000997,India,UK,2026-05-07,2026-06-08,2026-06-08,Air Freight,2414.06,383.16,316.18,Delivered
SHIP000113,PO000372,UK,UK,2025-07-01,2025-07-02,2025-07-02,Courier,125.34,0.0,381.49,Delivered
SHIP000114,PO001656,China,UK,2025-10-15,2025-12-05,2025-12-05,Air Freight,4470.71,512.28,183.65,Delivered
SHIP000115,PO001862,China,UK,2026-03-10,2026-04-20,2026-04-21,Sea Freight,2910.54,1190.72,396.61,Delayed
SHIP000116,PO001273,China,UK,2026-04-19,2026-05-24,2026-05-24,Air Freight,551.84,1322.24,366.77,Delivered
SHIP000117,PO001767,China,UK,2025-02-01,2025-03-15,2025-03-18,Sea Freight,3491.72,472.04,237.56,Delivered
SHIP000118,PO001141,UK,UK,2026-01-22,2026-01-24,2026-01-24,Road Freight,1357.68,0.0,388.51,Delivered
SHIP000119,PO001775,China,UK,2025-11-08,2025-12-20,2025-12-21,Air Freight,2154.88,263.58,334.09,Delivered
SHIP000120,PO001541,China,UK,2025-04-18,2025-06-08,2025-06-08,Air Freight,276.73,473.84,223.34,Delivered
SHIP000121,PO000127,China,UK,2026-01-13,2026-03-01,2026-03-04,Rail Freight,1738.67,724.09,361.31,Delayed
SHIP000122,PO001083,India,UK,2025-12-08,2026-01-06,2026-01-06,Air Freight,1730.78,760.59,498.84,Delivered
SHIP000123,PO000975,UK,UK,2025-04-01,2025-04-07,2025-04-07,Road Freight,4698.54,0.0,64.61,Delivered
SHIP000124,PO001427,China,UK,2025-05-01,2025-06-23,2025-06-26,Air Freight,1652.37,489.13,192.77,Delivered
SHIP000125,PO001537,China,UK,2026-01-26,2026-03-07,2026-03-07,Air Freight,4070.76,1040.99,403.1,Delivered
SHIP000126,PO001538,UK,UK,2025-11-09,2025-11-13,2025-11-13,Road Freight,2319.42,0.0,453.85,Delivered
SHIP000127,PO000743,China,UK,2025-06-10,2025-08-05,2025-08-08,Air Freight,637.3,1008.32,385.3,Delivered
SHIP000128,PO000633,China,UK,2025-01-09,2025-02-20,2025-02-20,Sea Freight,2430.48,434.29,370.25,Delivered
SHIP000129,PO000313,China,UK,2026-03-19,2026-05-03,2026-05-03,Rail Freight,3324.78,372.32,432.42,Delivered
SHIP000130,PO001791,China,UK,2025-03-10,2025-05-04,2025-05-07,Sea Freight,2427.37,931.18,388.89,Delivered
SHIP000131,PO000253,UK,UK,2025-11-08,2025-11-10,2025-11-13,Road Freight,4650.67,0.0,428.46,Delivered
SHIP000132,PO000322,India,UK,2025-12-21,2026-01-22,2026-01-22,Sea Freight,3636.4,504.82,296.05,Delivered
SHIP000133,PO001990,China,UK,2026-01-12,2026-02-12,2026-02-12,Sea Freight,1435.11,1179.98,424.71,Delivered
SHIP000134,PO001939,UK,UK,2025-05-05,2025-05-06,2025-05-13,Courier,2004.52,0.0,467.61,Delayed
SHIP000135,PO001277,India,UK,2026-06-18,2026-07-14,2026-07-14,Sea Freight,4987.85,864.66,71.59,Delivered
SHIP000136,PO001066,UK,UK,2026-06-20,2026-06-19,2026-06-20,Courier,832.47,0.0,63.5,Delayed
SHIP000137,PO000438,India,UK,2026-04-05,2026-05-02,2026-05-02,Air Freight,4861.56,529.2,271.45,Delivered
SHIP000138,PO001464,India,UK,2025-07-07,2025-08-04,2025-08-04,Air Freight,4021.26,1351.92,357.59,Delivered
SHIP000139,PO000462,UK,UK,2025-03-01,2025-03-04,2025-03-05,Courier,3977.4,0.0,325.42,Delayed
SHIP000140,PO000243,UK,UK,2026-01-03,2026-01-09,2026-01-09,Courier,2139.56,0.0,91.64,Delivered
SHIP000141,PO001727,China,UK,2025-08-15,2025-09-25,2025-09-28,Rail Freight,946.63,441.76,319.38,Delivered
SHIP000142,PO001937,India,UK,2025-11-13,2025-12-14,2025-12-14,Air Freight,3188.5,157.73,430.13,Delivered
SHIP000143,PO001992,China,UK,2025-08-08,2025-09-30,2025-09-30,Air Freight,2762.86,168.92,424.64,Delivered
SHIP000144,PO001789,India,UK,2026-02-18,2026-03-25,2026-03-25,Sea Freight,892.67,937.56,186.38,Delivered
SHIP000145,PO001765,China,UK,2025-05-01,2025-06-02,2025-06-02,Rail Freight,218.03,1084.9,303.79,Delivered
SHIP000146,PO001597,China,UK,2025-03-27,2025-05-13,2025-05-13,Air Freight,4786.9,563.47,279.25,Delivered
SHIP000147,PO000368,China,UK,2025-09-29,2025-11-12,2025-11-19,Sea Freight,3000.34,1381.72,103.4,Delivered
SHIP000148,PO000676,India,UK,2025-08-27,2025-09-21,2025-09-21,Sea Freight,931.5,1492.8,406.02,Delivered
SHIP000149,PO001536,China,UK,2026-05-29,2026-06-28,2026-06-28,Sea Freight,376.02,529.82,141.62,Delivered
SHIP000150,PO000029,China,UK,2025-05-17,2025-07-08,2025-07-08,Sea Freight,2029.8,1370.58,443.02,Delivered
SHIP000151,PO001814,China,UK,2026-05-01,2026-06-01,2026-06-01,Air Freight,4622.15,1130.17,148.94,Delivered
SHIP000152,PO000069,China,UK,2025-06-16,2025-08-04,2025-08-04,Sea Freight,2153.83,333.1,122.35,Delivered
SHIP000153,PO000983,China,UK,2025-08-29,2025-10-20,2025-10-21,Air Freight,3584.21,794.95,179.72,Delayed
SHIP000154,PO001952,China,UK,2025-08-22,2025-10-14,2025-10-14,Rail Freight,3506.63,392.37,156.21,Delivered
SHIP000155,PO001544,China,UK,2025-04-24,2025-06-05,2025-06-05,Sea Freight,3850.36,1074.04,372.9,Delivered
SHIP000156,PO000738,China,UK,2026-05-04,2026-06-09,2026-06-09,Rail Freight,3933.52,223.85,371.58,Delivered
SHIP000157,PO000740,China,UK,2025-02-15,2025-04-02,2025-04-02,Sea Freight,4835.08,1378.94,498.77,Delivered
SHIP000158,PO001229,China,UK,2026-06-17,2026-08-10,2026-08-10,Air Freight,4920.72,614.59,423.81,Delivered
SHIP000159,PO000955,China,UK,2025-11-04,2025-12-08,2025-12-08,Sea Freight,1886.95,212.48,252.8,Delivered
SHIP000160,PO000404,India,UK,2025-05-14,2025-06-14,2025-06-17,Sea Freight,4720.39,1162.18,250.77,Delivered
SHIP000161,PO000511,China,UK,2025-08-29,2025-09-27,2025-09-27,Rail Freight,1867.02,767.24,433.84,Delivered
SHIP000162,PO001431,China,UK,2026-01-24,2026-03-17,2026-03-17,Sea Freight,1206.33,978.07,268.5,Delivered
SHIP000163,PO001938,China,UK,2025-05-12,2025-06-28,2025-06-28,Air Freight,2284.15,279.3,216.94,Delivered
SHIP000164,PO000512,China,UK,2025-02-12,2025-03-27,2025-03-30,Rail Freight,1483.56,1372.61,337.92,Delivered
SHIP000165,PO001025,India,UK,2026-01-30,2026-02-26,2026-02-26,Air Freight,3816.6,1443.54,67.43,Delivered
SHIP000166,PO001510,China,UK,2025-09-05,2025-10-17,2025-10-20,Sea Freight,139.02,631.36,105.97,Delivered
SHIP000167,PO001241,China,UK,2025-01-08,2025-02-13,2025-02-13,Sea Freight,2628.52,1183.53,266.02,Delivered
SHIP000168,PO000214,China,UK,2026-03-16,2026-04-24,2026-04-25,Air Freight,2021.08,1380.18,138.4,Delivered
SHIP000169,PO001614,India,UK,2025-06-11,2025-07-14,2025-07-14,Sea Freight,3423.83,120.29,419.94,Delivered
SHIP000170,PO000565,India,UK,2025-11-02,2025-11-26,2025-11-26,Sea Freight,2729.42,180.84,467.31,Delivered
SHIP000171,PO001325,India,UK,2025-10-19,2025-11-19,2025-11-19,Air Freight,1397.28,559.86,259.12,Delivered
SHIP000172,PO000122,China,UK,2026-05-17,2026-07-03,2026-07-03,Sea Freight,757.18,1331.48,282.61,Delivered
SHIP000173,PO001796,UK,UK,2025-02-04,2025-02-01,2025-02-01,Courier,2927.23,0.0,97.34,Delivered
SHIP000174,PO000792,China,UK,2026-04-20,2026-05-24,2026-05-25,Rail Freight,3169.85,1499.33,388.35,Delayed
SHIP000175,PO001079,China,UK,2026-02-27,2026-04-07,2026-04-07,Rail Freight,4789.02,485.72,479.34,Delivered
SHIP000176,PO001649,India,UK,2025-09-08,2025-10-05,2025-10-05,Sea Freight,1445.24,1468.63,122.01,Delivered
SHIP000177,PO000435,India,UK,2026-02-23,2026-03-22,2026-03-22,Sea Freight,2182.84,1215.82,301.49,Delivered
SHIP000178,PO000995,UK,UK,2025-11-06,2025-11-01,2025-11-01,Road Freight,2085.35,0.0,288.96,Delivered
SHIP000179,PO000614,China,UK,2026-06-29,2026-08-02,2026-08-02,Air Freight,3811.27,865.3,385.74,Delivered
SHIP000180,PO001708,China,UK,2026-05-24,2026-07-11,2026-07-11,Sea Freight,4002.17,1027.14,161.25,Delivered
SHIP000181,PO000432,UK,UK,2026-07-10,2026-07-10,2026-07-11,Courier,4241.37,0.0,268.64,Delivered
SHIP000182,PO001621,China,UK,2025-02-05,2025-04-01,2025-04-01,Air Freight,403.71,1124.25,461.99,Delivered
SHIP000183,PO000182,China,UK,2026-02-24,2026-04-19,2026-04-19,Sea Freight,1350.27,1430.01,96.95,Delivered
SHIP000184,PO001289,China,UK,2025-10-31,2025-12-06,2025-12-07,Rail Freight,2307.15,970.44,374.37,Delivered
SHIP000185,PO001265,UK,UK,2026-07-17,2026-07-16,2026-07-23,Courier,2364.15,0.0,219.68,Delayed
SHIP000186,PO001821,China,UK,2025-08-06,2025-09-30,2025-10-14,Rail Freight,626.67,200.66,83.03,Delayed
SHIP000187,PO001852,China,UK,2025-09-14,2025-10-24,2025-10-24,Air Freight,206.76,1053.68,240.0,Delivered
SHIP000188,PO000230,China,UK,2025-07-01,2025-08-22,2025-08-29,Air Freight,1539.87,1239.14,120.14,Delivered
SHIP000189,PO001309,India,UK,2025-01-07,2025-02-09,2025-02-12,Sea Freight,656.65,412.04,197.59,Delivered
SHIP000190,PO001232,China,UK,2026-07-10,2026-08-27,2026-08-27,Sea Freight,1971.89,1197.46,451.08,Delivered
SHIP000191,PO000038,India,UK,2025-07-19,2025-08-11,2025-08-14,Sea Freight,3670.05,495.51,200.75,Delayed
SHIP000192,PO000911,UK,UK,2026-06-24,2026-06-24,2026-07-01,Road Freight,831.72,0.0,490.46,Delivered
SHIP000193,PO000780,India,UK,2025-04-16,2025-05-11,2025-05-14,Sea Freight,2587.79,1154.1,273.02,Delayed
SHIP000194,PO001972,UK,UK,2026-06-02,2026-06-05,2026-06-05,Courier,3166.97,0.0,387.56,Delivered
SHIP000195,PO000131,China,UK,2025-12-11,2026-02-04,2026-02-04,Sea Freight,1660.72,640.65,469.26,Delivered
SHIP000196,PO000710,India,UK,2025-01-15,2025-02-05,2025-02-05,Sea Freight,4570.97,1425.29,90.57,Delivered
SHIP000197,PO000172,UK,UK,2025-06-03,2025-06-03,2025-06-03,Courier,3751.18,0.0,329.65,Delivered
SHIP000198,PO000323,UK,UK,2025-11-12,2025-11-10,2025-11-10,Road Freight,3571.69,0.0,188.19,Delivered
SHIP000199,PO001732,China,UK,2025-06-29,2025-08-24,2025-08-25,Sea Freight,3047.11,724.34,134.33,Delivered
SHIP000200,PO001020,China,UK,2026-05-22,2026-06-23,2026-06-24,Air Freight,2737.75,224.92,443.85,Delivered
SHIP000201,PO001068,China,UK,2025-11-24,2026-01-07,2026-01-07,Rail Freight,888.69,1021.47,407.4,Delivered
SHIP000202,PO000055,India,UK,2026-04-15,2026-05-10,2026-05-11,Air Freight,818.49,1018.69,384.54,Delayed
SHIP000203,PO001511,India,UK,2026-01-15,2026-02-07,2026-02-10,Sea Freight,1075.55,1333.19,307.01,Delayed
SHIP000204,PO001422,UK,UK,2026-02-25,2026-02-26,2026-03-12,Courier,3442.86,0.0,122.58,Delivered
SHIP000205,PO000386,China,UK,2025-08-25,2025-10-20,2025-10-21,Sea Freight,1526.56,629.32,95.72,Delivered
SHIP000206,PO001717,China,UK,2026-03-17,2026-04-22,2026-04-23,Sea Freight,4452.65,402.8,309.33,Delayed
SHIP000207,PO001128,UK,UK,2025-05-29,2025-06-02,2025-06-05,Courier,241.38,0.0,419.67,Delivered
SHIP000208,PO001458,UK,UK,2026-03-06,2026-03-10,2026-03-11,Road Freight,1596.1,0.0,325.43,Delivered
SHIP000209,PO001809,China,UK,2026-02-09,2026-03-26,2026-03-26,Sea Freight,122.3,227.85,375.79,Delivered
SHIP000210,PO001274,India,UK,2026-07-24,2026-08-21,2026-08-21,Air Freight,1511.01,581.94,456.42,Delivered
SHIP000211,PO000403,India,UK,2025-02-09,2025-03-02,2025-03-03,Air Freight,3077.17,679.52,195.75,Delivered
SHIP000212,PO000816,China,UK,2025-10-29,2025-12-01,2025-12-01,Rail Freight,3066.74,414.07,478.18,Delivered
SHIP000213,PO001567,UK,UK,2026-06-09,2026-06-12,2026-06-12,Courier,299.28,0.0,333.23,Delivered
SHIP000214,PO001835,China,UK,2025-10-04,2025-11-19,2025-11-19,Rail Freight,1741.94,1441.13,498.1,Delivered
SHIP000215,PO000362,China,UK,2025-06-18,2025-07-27,2025-07-28,Rail Freight,1601.25,1492.92,297.65,Delivered
SHIP000216,PO001418,India,UK,2025-01-06,2025-02-01,2025-02-01,Sea Freight,4503.93,320.7,472.64,Delivered
SHIP000217,PO001963,India,UK,2025-02-08,2025-03-04,2025-03-04,Air Freight,1022.23,721.46,156.15,Delivered
SHIP000218,PO000994,India,UK,2026-01-12,2026-02-07,2026-02-07,Sea Freight,4961.86,1287.85,58.74,Delivered
SHIP000219,PO000084,China,UK,2026-02-26,2026-04-18,2026-04-21,Air Freight,1012.18,1060.39,213.64,Delivered
SHIP000220,PO000065,India,UK,2026-01-30,2026-02-28,2026-03-01,Air Freight,2402.22,760.03,138.95,Delivered
SHIP000221,PO000702,China,UK,2026-07-02,2026-08-28,2026-08-29,Air Freight,2612.21,109.57,333.18,Delivered
SHIP000222,PO000580,China,UK,2025-01-12,2025-02-20,2025-02-20,Rail Freight,1532.68,1256.71,381.26,Delivered
SHIP000223,PO000079,UK,UK,2025-11-11,2025-11-16,2025-11-16,Road Freight,3295.29,0.0,330.64,Delivered
SHIP000224,PO001047,UK,UK,2025-05-13,2025-05-09,2025-05-09,Courier,2836.9,0.0,57.71,Delivered
SHIP000225,PO000778,India,UK,2025-03-21,2025-04-11,2025-04-14,Air Freight,1547.56,1304.73,299.55,Delivered
SHIP000226,PO000221,China,UK,2025-07-10,2025-08-11,2025-08-11,Air Freight,1775.8,363.23,135.84,Delivered
SHIP000227,PO000075,China,UK,2025-12-29,2026-02-19,2026-02-20,Sea Freight,1691.41,513.0,180.52,Delivered
SHIP000228,PO000171,UK,UK,2025-10-13,2025-10-12,2025-10-12,Courier,3985.34,0.0,487.42,Delivered
SHIP000229,PO000585,UK,UK,2025-07-30,2025-07-27,2025-07-30,Road Freight,2940.0,0.0,253.6,Delayed
SHIP000230,PO000640,India,UK,2026-03-31,2026-04-27,2026-04-27,Sea Freight,2375.21,635.48,146.53,Delivered
SHIP000231,PO001036,India,UK,2026-01-06,2026-02-09,2026-02-09,Sea Freight,953.58,884.44,73.86,Delivered
SHIP000232,PO001345,India,UK,2026-05-23,2026-06-28,2026-06-28,Air Freight,882.7,690.82,57.85,Delivered
SHIP000233,PO001691,China,UK,2025-12-19,2026-02-03,2026-02-03,Air Freight,2991.22,1176.93,365.25,Delivered
SHIP000234,PO000456,China,UK,2025-01-29,2025-03-05,2025-03-05,Sea Freight,4275.98,615.83,117.18,Delivered
SHIP000235,PO001642,India,UK,2025-09-03,2025-10-05,2025-10-05,Sea Freight,3277.22,1090.13,402.38,Delivered
SHIP000236,PO000506,China,UK,2025-01-26,2025-03-14,2025-03-21,Rail Freight,571.14,1263.95,218.55,Delayed
SHIP000237,PO001625,China,UK,2025-07-14,2025-08-26,2025-08-26,Air Freight,4540.62,1181.88,433.07,Delivered
SHIP000238,PO000555,China,UK,2025-08-18,2025-09-30,2025-10-01,Rail Freight,3601.08,527.91,316.16,Delayed
SHIP000239,PO001035,India,UK,2025-12-09,2026-01-05,2026-01-12,Air Freight,463.8,1359.33,156.48,Delayed
SHIP000240,PO000051,China,UK,2025-07-04,2025-08-25,2025-09-01,Air Freight,2884.38,459.62,452.46,Delayed
SHIP000241,PO000901,China,UK,2025-01-19,2025-02-23,2025-02-23,Sea Freight,1125.19,880.12,123.79,Delivered
SHIP000242,PO000794,India,UK,2025-05-07,2025-06-06,2025-06-13,Air Freight,457.34,1089.82,365.82,Delivered
SHIP000243,PO001391,China,UK,2025-10-20,2025-12-01,2025-12-02,Rail Freight,2334.54,483.31,174.29,Delayed
SHIP000244,PO001072,China,UK,2026-02-19,2026-04-10,2026-04-13,Air Freight,1695.7,871.97,422.95,Delivered
SHIP000245,PO001236,China,UK,2025-10-21,2025-12-06,2025-12-07,Sea Freight,849.98,813.72,394.69,Delivered
SHIP000246,PO000232,UK,UK,2025-11-05,2025-11-08,2025-11-15,Courier,2861.89,0.0,111.55,Delivered
SHIP000247,PO000082,China,UK,2026-05-31,2026-07-02,2026-07-05,Air Freight,3928.89,633.3,491.54,Delayed
SHIP000248,PO001915,UK,UK,2026-02-22,2026-02-22,2026-02-22,Courier,1963.39,0.0,397.76,Delivered
SHIP000249,PO001668,India,UK,2026-05-16,2026-06-10,2026-06-10,Sea Freight,4025.62,842.9,458.11,Delivered
SHIP000250,PO000106,China,UK,2026-01-26,2026-03-11,2026-03-11,Rail Freight,3473.35,910.28,247.69,Delivered
SHIP000251,PO000457,China,UK,2026-04-30,2026-06-18,2026-06-21,Sea Freight,2796.78,190.33,383.16,Delayed
SHIP000252,PO000449,India,UK,2025-03-29,2025-04-21,2025-04-22,Sea Freight,315.07,563.3,165.71,Delayed
SHIP000253,PO000620,UK,UK,2025-06-12,2025-06-17,2025-06-17,Courier,1095.66,0.0,450.84,Delivered
SHIP000254,PO001242,India,UK,2025-10-22,2025-11-10,2025-11-17,Air Freight,237.58,212.02,278.69,Delivered
SHIP000255,PO000285,UK,UK,2026-02-21,2026-02-25,2026-02-25,Courier,620.98,0.0,161.27,Delivered
SHIP000256,PO000623,China,UK,2026-04-28,2026-05-27,2026-05-30,Air Freight,4591.39,1406.79,418.44,Delayed
SHIP000257,PO000334,China,UK,2025-02-24,2025-04-15,2025-04-15,Air Freight,4037.03,1494.14,398.19,Delivered
SHIP000258,PO000991,India,UK,2025-11-23,2025-12-24,2025-12-25,Sea Freight,841.96,1448.12,192.3,Delivered
SHIP000259,PO000036,India,UK,2026-02-26,2026-03-28,2026-03-28,Air Freight,3418.89,915.1,209.53,Delivered
SHIP000260,PO001092,China,UK,2026-02-12,2026-03-14,2026-03-17,Rail Freight,4127.42,452.39,155.62,Delivered
SHIP000261,PO001503,UK,UK,2025-06-12,2025-06-16,2025-06-16,Road Freight,457.32,0.0,129.65,Delivered
SHIP000262,PO001752,India,UK,2025-01-18,2025-02-21,2025-02-21,Sea Freight,2898.2,1125.54,320.24,Delivered
SHIP000263,PO000757,India,UK,2025-06-04,2025-06-30,2025-06-30,Air Freight,872.31,1338.63,367.05,Delivered
SHIP000264,PO001493,India,UK,2025-12-04,2026-01-03,2026-01-10,Air Freight,1816.45,1370.15,419.07,Delayed
SHIP000265,PO000734,China,UK,2026-07-26,2026-09-21,2026-09-22,Rail Freight,1268.22,249.23,73.64,Delayed
SHIP000266,PO001548,China,UK,2025-06-22,2025-08-14,2025-08-14,Air Freight,1115.76,188.21,68.26,Delivered
SHIP000267,PO001985,India,UK,2025-11-30,2025-12-20,2025-12-23,Sea Freight,3011.16,1431.78,242.04,Delivered
SHIP000268,PO001763,China,UK,2026-04-28,2026-06-01,2026-06-04,Sea Freight,772.26,628.12,276.17,Delivered
SHIP000269,PO001572,UK,UK,2025-04-05,2025-04-11,2025-04-14,Road Freight,613.14,0.0,111.26,Delivered
SHIP000270,PO000050,China,UK,2026-05-23,2026-06-29,2026-06-29,Rail Freight,2771.09,1408.28,362.86,Delivered
SHIP000271,PO001237,UK,UK,2025-06-06,2025-06-03,2025-06-04,Courier,1667.46,0.0,475.19,Delivered
SHIP000272,PO000177,India,UK,2025-12-21,2026-01-19,2026-01-20,Air Freight,2219.47,1056.69,324.15,Delivered
SHIP000273,PO000415,India,UK,2026-07-20,2026-08-11,2026-08-11,Air Freight,114.93,1387.67,102.93,Delivered
SHIP000274,PO001655,India,UK,2026-06-13,2026-07-09,2026-07-09,Sea Freight,4428.44,1095.64,378.27,Delivered
SHIP000275,PO001923,India,UK,2025-01-25,2025-02-21,2025-02-21,Air Freight,962.02,840.83,84.91,Delivered
SHIP000276,PO000571,China,UK,2025-06-30,2025-08-21,2025-08-22,Rail Freight,2577.49,168.24,192.41,Delivered
SHIP000277,PO001864,India,UK,2025-07-29,2025-08-26,2025-08-29,Air Freight,429.4,1426.31,248.32,Delayed
SHIP000278,PO001246,India,UK,2026-07-25,2026-08-26,2026-08-26,Sea Freight,1517.59,501.79,76.27,Delivered
SHIP000279,PO001100,China,UK,2025-09-12,2025-10-27,2025-10-30,Rail Freight,3631.74,1470.89,225.55,Delayed
SHIP000280,PO000596,UK,UK,2026-01-14,2026-01-12,2026-01-12,Road Freight,1580.12,0.0,190.01,Delivered
SHIP000281,PO001977,UK,UK,2025-12-25,2025-12-27,2025-12-27,Courier,1038.96,0.0,323.43,Delivered
SHIP000282,PO000572,China,UK,2026-02-20,2026-04-16,2026-04-16,Rail Freight,504.32,1247.43,366.77,Delivered
SHIP000283,PO001366,China,UK,2025-06-09,2025-07-20,2025-07-20,Sea Freight,508.15,1273.48,316.75,Delivered
SHIP000284,PO000194,China,UK,2025-05-08,2025-06-11,2025-06-11,Air Freight,3444.07,151.72,94.18,Delivered
SHIP000285,PO001445,India,UK,2026-06-25,2026-07-26,2026-07-26,Air Freight,2762.56,978.42,140.28,Delivered
SHIP000286,PO001207,India,UK,2025-04-03,2025-05-02,2025-05-02,Sea Freight,1724.65,502.63,499.95,Delivered
SHIP000287,PO001423,UK,UK,2025-11-04,2025-11-06,2025-11-07,Courier,4911.21,0.0,160.69,Delayed
SHIP000288,PO000841,India,UK,2026-04-22,2026-05-19,2026-05-20,Air Freight,4334.74,1293.43,169.09,Delivered
SHIP000289,PO000852,China,UK,2025-04-07,2025-05-24,2025-05-31,Air Freight,1955.4,1248.97,353.79,Delayed
SHIP000290,PO001854,India,UK,2025-06-24,2025-07-20,2025-07-20,Sea Freight,2661.61,1018.4,172.94,Delivered
SHIP000291,PO001712,China,UK,2026-01-09,2026-02-19,2026-02-19,Air Freight,867.39,1437.32,150.76,Delivered
SHIP000292,PO001362,China,UK,2025-04-05,2025-05-12,2025-05-13,Sea Freight,4123.02,274.9,490.59,Delivered
SHIP000293,PO001825,China,UK,2025-02-24,2025-04-09,2025-04-12,Air Freight,1678.85,269.8,394.59,Delivered
SHIP000294,PO001806,India,UK,2025-04-21,2025-05-19,2025-05-22,Sea Freight,2358.07,1430.71,177.57,Delayed
SHIP000295,PO000419,India,UK,2025-09-30,2025-10-28,2025-11-04,Sea Freight,2220.83,1193.23,318.67,Delivered
SHIP000296,PO001612,China,UK,2025-05-09,2025-06-06,2025-06-06,Rail Freight,687.48,1046.05,399.65,Delivered
SHIP000297,PO000130,China,UK,2026-04-30,2026-06-02,2026-06-02,Sea Freight,2793.56,786.72,387.36,Delivered
SHIP000298,PO000320,China,UK,2025-07-11,2025-09-04,2025-09-05,Rail Freight,1826.71,1202.5,253.58,Delivered
SHIP000299,PO000349,China,UK,2025-11-21,2026-01-12,2026-01-15,Air Freight,2488.39,780.95,339.88,Delayed
SHIP000300,PO000487,India,UK,2026-04-06,2026-05-07,2026-05-07,Air Freight,4784.27,143.52,464.74,Delivered
SHIP000301,PO000959,China,UK,2025-12-09,2026-01-08,2026-01-08,Rail Freight,3405.19,1283.19,411.94,Delivered
SHIP000302,PO001829,China,UK,2025-10-26,2025-11-30,2025-11-30,Rail Freight,3562.62,1424.96,236.84,Delivered
SHIP000303,PO000910,China,UK,2025-06-29,2025-08-12,2025-08-12,Air Freight,1629.79,1016.86,367.63,Delivered
SHIP000304,PO000496,India,UK,2025-02-05,2025-03-02,2025-03-03,Air Freight,631.76,316.51,287.42,Delivered
SHIP000305,PO000204,India,UK,2025-09-03,2025-10-02,2025-10-09,Sea Freight,2381.04,1480.51,190.1,Delayed
SHIP000306,PO000463,China,UK,2025-08-15,2025-10-05,2025-10-05,Rail Freight,988.08,789.89,198.39,Delivered
SHIP000307,PO001380,China,UK,2025-03-03,2025-04-26,2025-04-26,Rail Freight,2940.45,317.75,396.68,Delivered
SHIP000308,PO001716,China,UK,2025-02-17,2025-03-24,2025-03-24,Rail Freight,1117.64,968.92,434.14,Delivered
SHIP000309,PO001995,China,UK,2025-10-25,2025-11-24,2025-11-24,Sea Freight,4044.83,121.29,87.0,Delivered
SHIP000310,PO000281,China,UK,2026-02-26,2026-04-07,2026-04-08,Air Freight,4619.21,455.68,444.84,Delivered
SHIP000311,PO000443,China,UK,2025-03-22,2025-05-05,2025-05-05,Rail Freight,1930.56,1413.34,167.53,Delivered
SHIP000312,PO000073,China,UK,2026-02-21,2026-03-27,2026-03-30,Sea Freight,3203.38,231.98,377.03,Delivered
SHIP000313,PO000749,India,UK,2025-09-08,2025-10-03,2025-10-10,Air Freight,256.08,657.61,372.03,Delayed
SHIP000314,PO000968,China,UK,2026-07-16,2026-09-07,2026-09-08,Sea Freight,4102.37,844.94,172.53,Delayed
SHIP000315,PO001772,India,UK,2025-04-30,2025-06-02,2025-06-02,Sea Freight,548.24,531.24,293.71,Delivered
SHIP000316,PO001823,India,UK,2025-12-06,2025-12-30,2025-12-30,Sea Freight,1349.04,1479.15,303.6,Delivered
SHIP000317,PO001408,China,UK,2025-11-04,2025-12-26,2025-12-26,Sea Freight,2687.07,1425.35,164.72,Delivered
SHIP000318,PO000394,China,UK,2026-05-21,2026-07-10,2026-07-10,Rail Freight,3851.7,545.26,244.82,Delivered
SHIP000319,PO001679,China,UK,2025-02-16,2025-04-04,2025-04-04,Sea Freight,4419.55,1133.65,402.43,Delivered
SHIP000320,PO001327,India,UK,2025-03-28,2025-04-27,2025-04-28,Sea Freight,2614.95,827.98,291.32,Delivered
SHIP000321,PO001685,UK,UK,2026-05-22,2026-05-22,2026-05-25,Road Freight,4973.36,0.0,230.42,Delivered
SHIP000322,PO001001,India,UK,2025-09-20,2025-10-15,2025-10-18,Sea Freight,149.06,219.84,466.66,Delayed
SHIP000323,PO000703,India,UK,2025-01-20,2025-02-14,2025-02-14,Air Freight,338.44,675.07,441.24,Delivered
SHIP000324,PO001412,UK,UK,2025-08-30,2025-08-31,2025-08-31,Courier,483.64,0.0,190.57,Delivered
SHIP000325,PO001530,India,UK,2025-07-30,2025-08-30,2025-08-30,Sea Freight,753.12,1440.4,369.31,Delivered
SHIP000326,PO001578,UK,UK,2025-09-01,2025-08-29,2025-08-30,Road Freight,4879.6,0.0,144.66,Delayed
SHIP000327,PO001836,China,UK,2026-05-29,2026-07-10,2026-07-10,Air Freight,503.85,134.39,306.15,Delivered
SHIP000328,PO001377,India,UK,2026-01-13,2026-02-01,2026-02-01,Sea Freight,1947.91,1059.2,74.51,Delivered
SHIP000329,PO001308,China,UK,2025-10-04,2025-11-13,2025-11-16,Air Freight,3945.77,1326.73,118.3,Delivered
SHIP000330,PO001583,China,UK,2025-08-16,2025-10-09,2025-10-09,Air Freight,3243.31,552.86,112.56,Delivered
SHIP000331,PO000651,India,UK,2025-06-08,2025-06-29,2025-06-30,Air Freight,2013.73,1173.31,404.94,Delayed
SHIP000332,PO000612,China,UK,2025-08-09,2025-09-12,2025-09-12,Air Freight,1290.2,786.59,354.44,Delivered
SHIP000333,PO000860,China,UK,2025-12-21,2026-01-31,2026-01-31,Rail Freight,1455.89,1041.66,133.71,Delivered
SHIP000334,PO000276,India,UK,2026-03-13,2026-04-13,2026-04-13,Air Freight,738.92,1164.38,251.57,Delivered
SHIP000335,PO000908,China,UK,2026-01-03,2026-02-05,2026-02-05,Sea Freight,4640.87,924.61,143.41,Delivered
SHIP000336,PO000254,India,UK,2025-07-08,2025-07-28,2025-07-31,Air Freight,3858.75,1459.51,121.25,Delivered
SHIP000337,PO001509,India,UK,2025-11-19,2025-12-15,2025-12-15,Air Freight,3712.43,524.77,369.37,Delivered
SHIP000338,PO001560,UK,UK,2026-05-18,2026-05-22,2026-06-05,Courier,2889.0,0.0,363.46,Delivered
SHIP000339,PO000369,China,UK,2025-08-30,2025-10-09,2025-10-09,Sea Freight,2215.1,1357.67,356.34,Delivered
SHIP000340,PO001275,India,UK,2025-01-15,2025-02-11,2025-02-14,Sea Freight,3332.48,622.94,339.32,Delayed
SHIP000341,PO000505,UK,UK,2025-05-22,2025-05-24,2025-05-24,Road Freight,229.5,0.0,264.21,Delivered
SHIP000342,PO001435,UK,UK,2025-12-31,2026-01-01,2026-01-01,Courier,4868.41,0.0,153.28,Delivered
SHIP000343,PO000552,China,UK,2025-08-10,2025-09-19,2025-09-19,Rail Freight,239.11,697.15,181.07,Delivered
SHIP000344,PO001904,India,UK,2026-05-30,2026-06-20,2026-06-20,Air Freight,4566.5,405.85,263.62,Delivered
SHIP000345,PO000545,UK,UK,2025-04-15,2025-04-10,2025-04-10,Courier,420.99,0.0,444.96,Delivered
SHIP000346,PO000077,India,UK,2025-09-14,2025-10-08,2025-10-08,Sea Freight,1981.57,290.84,319.65,Delivered
SHIP000347,PO000927,UK,UK,2025-05-24,2025-05-19,2025-05-19,Road Freight,937.82,0.0,169.37,Delivered
SHIP000348,PO000274,China,UK,2025-05-15,2025-07-05,2025-07-06,Rail Freight,2891.0,1305.7,258.72,Delayed
SHIP000349,PO000057,China,UK,2025-05-07,2025-06-19,2025-06-20,Sea Freight,2102.28,1013.84,215.67,Delayed
SHIP000350,PO000475,UK,UK,2025-06-03,2025-06-06,2025-06-07,Courier,3126.07,0.0,367.19,Delivered
SHIP000351,PO001334,China,UK,2025-09-07,2025-10-06,2025-10-06,Sea Freight,327.62,665.39,62.5,Delivered
SHIP000352,PO000978,China,UK,2025-03-22,2025-05-03,2025-05-04,Rail Freight,3276.24,122.71,185.76,Delayed
SHIP000353,PO000350,China,UK,2025-03-10,2025-04-20,2025-04-21,Air Freight,4122.88,1290.63,216.98,Delivered
SHIP000354,PO001356,China,UK,2025-04-19,2025-06-01,2025-06-01,Air Freight,1623.49,381.54,428.8,Delivered
SHIP000355,PO000613,China,UK,2026-02-28,2026-04-21,2026-04-22,Air Freight,561.37,319.71,118.49,Delivered
SHIP000356,PO001182,China,UK,2025-05-08,2025-06-15,2025-06-15,Sea Freight,2568.03,953.9,136.02,Delivered
SHIP000357,PO001223,China,UK,2025-12-26,2026-01-30,2026-01-30,Rail Freight,3844.1,985.56,465.17,Delivered
SHIP000358,PO001800,India,UK,2025-05-09,2025-06-02,2025-06-02,Sea Freight,129.2,608.54,316.39,Delivered
SHIP000359,PO000846,China,UK,2025-05-14,2025-07-05,2025-07-05,Rail Freight,562.84,535.53,291.37,Delivered
SHIP000360,PO000489,China,UK,2025-02-21,2025-04-04,2025-04-04,Rail Freight,4501.18,1017.11,491.42,Delivered
SHIP000361,PO001202,China,UK,2025-06-29,2025-08-11,2025-08-11,Rail Freight,3359.82,589.83,242.11,Delivered
SHIP000362,PO001482,China,UK,2025-06-10,2025-07-14,2025-07-14,Rail Freight,3226.54,180.82,466.48,Delivered
SHIP000363,PO001759,India,UK,2025-05-24,2025-06-18,2025-06-18,Air Freight,3996.41,532.82,357.41,Delivered
SHIP000364,PO000921,China,UK,2026-01-20,2026-03-13,2026-03-16,Rail Freight,516.48,413.59,304.48,Delayed
SHIP000365,PO001974,India,UK,2025-11-18,2025-12-19,2025-12-20,Sea Freight,1705.23,1158.17,102.35,Delayed
SHIP000366,PO000508,China,UK,2026-04-27,2026-06-11,2026-06-25,Rail Freight,2179.61,173.9,430.3,Delivered
SHIP000367,PO001918,UK,UK,2026-01-11,2026-01-10,2026-01-10,Courier,1291.82,0.0,332.34,Delivered
SHIP000368,PO000202,UK,UK,2025-05-26,2025-05-21,2025-05-22,Road Freight,1452.24,0.0,367.49,Delayed
SHIP000369,PO000576,India,UK,2025-08-20,2025-09-22,2025-09-22,Sea Freight,1683.8,435.56,137.73,Delivered
SHIP000370,PO001686,UK,UK,2025-01-25,2025-01-30,2025-01-31,Courier,4525.4,0.0,399.41,Delayed
SHIP000371,PO000583,China,UK,2026-01-02,2026-02-22,2026-02-23,Air Freight,2698.03,213.71,434.86,Delivered
SHIP000372,PO001637,China,UK,2025-06-16,2025-08-02,2025-08-02,Sea Freight,1430.48,774.89,250.47,Delivered
SHIP000373,PO000604,India,UK,2026-01-14,2026-02-16,2026-02-16,Sea Freight,2646.76,307.76,92.4,Delivered
SHIP000374,PO000150,UK,UK,2025-05-19,2025-05-21,2025-05-21,Road Freight,805.41,0.0,358.99,Delivered
SHIP000375,PO001501,India,UK,2026-03-08,2026-04-12,2026-04-12,Sea Freight,4078.48,583.5,320.12,Delivered
SHIP000376,PO000707,China,UK,2025-02-03,2025-03-22,2025-04-05,Sea Freight,3089.44,1291.4,227.37,Delivered
SHIP000377,PO001870,China,UK,2025-04-17,2025-06-08,2025-06-08,Air Freight,482.13,765.24,477.35,Delivered
SHIP000378,PO000357,China,UK,2025-07-18,2025-08-31,2025-09-03,Air Freight,2616.71,792.46,154.32,Delayed
SHIP000379,PO001556,China,UK,2025-10-17,2025-11-27,2025-12-04,Air Freight,3558.96,1303.26,153.8,Delayed
SHIP000380,PO001437,India,UK,2025-02-04,2025-03-08,2025-03-08,Sea Freight,3313.35,490.72,95.69,Delivered
SHIP000381,PO000986,China,UK,2026-05-30,2026-07-03,2026-07-04,Rail Freight,998.84,280.21,396.59,Delayed
SHIP000382,PO000650,India,UK,2026-02-06,2026-03-08,2026-03-09,Sea Freight,2115.14,870.91,200.11,Delivered
SHIP000383,PO000617,UK,UK,2025-08-09,2025-08-13,2025-08-13,Road Freight,164.13,0.0,73.85,Delivered
SHIP000384,PO000286,UK,UK,2026-01-05,2026-01-06,2026-01-13,Courier,4903.07,0.0,239.07,Delayed
SHIP000385,PO000193,China,UK,2026-01-31,2026-03-05,2026-03-05,Sea Freight,1336.93,391.57,437.51,Delivered
SHIP000386,PO000881,China,UK,2025-11-07,2025-12-29,2025-12-29,Rail Freight,4407.85,1321.01,380.79,Delivered
SHIP000387,PO000258,India,UK,2025-04-01,2025-04-30,2025-05-03,Air Freight,2852.99,527.05,456.9,Delivered
SHIP000388,PO001948,China,UK,2026-01-21,2026-03-09,2026-03-12,Sea Freight,3275.56,356.53,448.58,Delayed
SHIP000389,PO000561,UK,UK,2026-07-18,2026-07-14,2026-07-15,Road Freight,3391.01,0.0,303.83,Delayed
SHIP000390,PO001249,China,UK,2025-12-19,2026-01-27,2026-01-27,Air Freight,1900.84,564.34,378.71,Delivered
SHIP000391,PO000436,India,UK,2026-01-25,2026-02-23,2026-02-23,Sea Freight,1422.41,740.85,306.58,Delivered
SHIP000392,PO000859,China,UK,2026-01-23,2026-03-09,2026-03-09,Rail Freight,831.51,1264.42,252.05,Delivered
SHIP000393,PO000453,China,UK,2026-03-01,2026-04-13,2026-04-16,Sea Freight,1373.8,1087.82,89.13,Delivered
SHIP000394,PO000641,India,UK,2025-08-16,2025-09-15,2025-09-15,Air Freight,716.58,411.94,248.97,Delivered
SHIP000395,PO001042,India,UK,2025-02-16,2025-03-10,2025-03-10,Sea Freight,123.17,692.76,154.3,Delivered
SHIP000396,PO001615,China,UK,2026-03-05,2026-04-03,2026-04-03,Air Freight,1525.93,1352.47,132.2,Delivered
SHIP000397,PO001483,China,UK,2025-08-24,2025-10-13,2025-10-27,Air Freight,1900.08,1149.25,338.84,Delayed
SHIP000398,PO001575,India,UK,2026-04-29,2026-06-03,2026-06-04,Sea Freight,1868.21,1480.88,130.66,Delayed
SHIP000399,PO000265,India,UK,2025-05-04,2025-05-23,2025-05-26,Sea Freight,4928.21,548.85,391.57,Delivered
SHIP000400,PO001430,UK,UK,2025-02-05,2025-02-10,2025-02-11,Courier,1192.08,0.0,329.74,Delivered
SHIP000401,PO001304,China,UK,2026-04-16,2026-06-07,2026-06-07,Rail Freight,2010.08,1214.79,320.15,Delivered
SHIP000402,PO000553,UK,UK,2025-05-07,2025-05-08,2025-05-09,Courier,3622.48,0.0,152.24,Delivered
SHIP000403,PO000803,China,UK,2025-03-13,2025-04-21,2025-04-21,Rail Freight,4099.54,1080.53,132.16,Delivered
SHIP000404,PO000402,India,UK,2026-05-24,2026-06-15,2026-06-15,Sea Freight,2246.38,756.34,437.96,Delivered
SHIP000405,PO001454,China,UK,2026-06-18,2026-08-12,2026-08-12,Sea Freight,1634.95,648.26,369.35,Delivered
SHIP000406,PO001387,China,UK,2025-02-27,2025-04-24,2025-04-24,Rail Freight,4118.27,785.2,289.43,Delivered
SHIP000407,PO001347,India,UK,2025-03-04,2025-03-28,2025-03-28,Sea Freight,712.45,762.64,119.54,Delivered
SHIP000408,PO001620,India,UK,2026-06-28,2026-07-20,2026-07-23,Air Freight,3046.31,1423.68,170.91,Delivered
SHIP000409,PO001353,China,UK,2025-02-01,2025-03-14,2025-03-14,Sea Freight,2472.89,233.49,204.52,Delivered
SHIP000410,PO000429,China,UK,2025-04-04,2025-05-25,2025-05-28,Sea Freight,1627.44,679.51,211.41,Delivered
SHIP000411,PO001463,India,UK,2025-10-01,2025-10-26,2025-10-29,Air Freight,4369.83,1106.85,157.16,Delayed
SHIP000412,PO001592,China,UK,2026-04-07,2026-05-26,2026-05-26,Air Freight,1293.38,792.52,227.16,Delivered
SHIP000413,PO000879,UK,UK,2025-06-01,2025-05-28,2025-05-31,Road Freight,1346.45,0.0,363.83,Delayed
SHIP000414,PO001638,UK,UK,2026-03-21,2026-03-21,2026-03-21,Road Freight,3541.23,0.0,307.51,Delivered
SHIP000415,PO000523,China,UK,2026-03-16,2026-04-27,2026-04-28,Air Freight,1932.21,981.47,459.69,Delayed
SHIP000416,PO001152,China,UK,2025-07-17,2025-08-25,2025-08-25,Rail Freight,4892.36,172.36,415.27,Delivered
SHIP000417,PO000191,India,UK,2026-03-26,2026-04-27,2026-04-28,Sea Freight,1705.54,1308.09,336.49,Delayed
SHIP000418,PO000179,China,UK,2025-10-08,2025-11-25,2025-11-26,Rail Freight,2112.95,351.85,273.44,Delayed
SHIP000419,PO000308,India,UK,2025-09-22,2025-10-21,2025-10-24,Air Freight,1487.63,751.65,422.63,Delivered
SHIP000420,PO000521,China,UK,2026-01-10,2026-03-06,2026-03-07,Air Freight,3848.01,742.07,197.78,Delivered
SHIP000421,PO000599,China,UK,2025-10-14,2025-12-03,2025-12-10,Air Freight,993.08,749.04,283.87,Delivered
SHIP000422,PO000317,China,UK,2025-08-28,2025-10-19,2025-10-19,Air Freight,1812.11,649.74,132.75,Delivered
SHIP000423,PO001876,China,UK,2025-08-12,2025-09-14,2025-09-14,Air Freight,4706.68,179.9,410.5,Delivered
SHIP000424,PO000589,China,UK,2025-07-04,2025-08-05,2025-08-05,Sea Freight,3362.95,658.1,325.37,Delivered
SHIP000425,PO001653,China,UK,2025-03-27,2025-05-12,2025-05-13,Rail Freight,4463.16,292.82,58.15,Delayed
SHIP000426,PO001159,China,UK,2025-12-19,2026-02-10,2026-02-13,Rail Freight,2222.72,1334.75,364.69,Delayed
SHIP000427,PO001930,China,UK,2025-09-15,2025-10-15,2025-10-15,Rail Freight,3563.65,1072.47,405.42,Delivered
SHIP000428,PO001769,India,UK,2025-07-04,2025-07-25,2025-07-26,Sea Freight,1134.78,152.45,375.47,Delayed
SHIP000429,PO001957,UK,UK,2026-02-06,2026-02-10,2026-02-17,Courier,2718.09,0.0,254.71,Delivered
SHIP000430,PO000848,India,UK,2026-04-03,2026-04-23,2026-04-26,Sea Freight,1136.89,496.51,299.44,Delayed
SHIP000431,PO000446,China,UK,2025-09-05,2025-10-18,2025-10-21,Air Freight,2764.61,1237.45,193.96,Delayed
SHIP000432,PO000391,China,UK,2026-07-06,2026-08-04,2026-08-04,Sea Freight,2109.75,317.65,85.96,Delivered
SHIP000433,PO000956,China,UK,2025-02-20,2025-04-06,2025-04-06,Rail Freight,581.1,199.9,196.04,Delivered
SHIP000434,PO000621,China,UK,2026-01-11,2026-03-06,2026-03-06,Sea Freight,821.7,621.11,430.54,Delivered
SHIP000435,PO000953,UK,UK,2026-05-22,2026-05-28,2026-05-28,Road Freight,245.88,0.0,66.79,Delivered
SHIP000436,PO001004,China,UK,2026-07-07,2026-08-19,2026-08-22,Sea Freight,2996.25,1230.54,326.81,Delayed
SHIP000437,PO000652,India,UK,2026-01-26,2026-02-24,2026-02-25,Air Freight,2460.92,1313.68,306.27,Delivered
SHIP000438,PO000184,UK,UK,2025-06-20,2025-06-20,2025-06-20,Road Freight,504.14,0.0,233.67,Delivered
SHIP000439,PO000562,India,UK,2025-11-05,2025-11-30,2025-12-07,Air Freight,120.4,492.59,300.9,Delayed
SHIP000440,PO001832,India,UK,2025-02-12,2025-03-05,2025-03-06,Sea Freight,4742.87,831.55,391.33,Delivered
SHIP000441,PO000630,China,UK,2026-03-28,2026-05-05,2026-05-05,Air Freight,2000.77,1062.29,329.57,Delivered
SHIP000442,PO000797,India,UK,2025-10-07,2025-11-03,2025-11-06,Sea Freight,2258.01,710.52,153.83,Delivered
SHIP000443,PO000352,India,UK,2026-06-21,2026-07-17,2026-07-17,Air Freight,453.88,1323.8,80.4,Delivered
SHIP000444,PO000867,India,UK,2025-04-23,2025-05-23,2025-05-23,Air Freight,4359.73,659.07,107.49,Delivered
SHIP000445,PO001552,China,UK,2025-03-09,2025-05-01,2025-05-08,Rail Freight,1075.31,1335.84,442.39,Delayed
SHIP000446,PO001183,India,UK,2025-09-15,2025-10-16,2025-10-17,Air Freight,2903.96,624.37,443.2,Delivered
SHIP000447,PO001251,India,UK,2025-11-12,2025-12-03,2025-12-04,Sea Freight,4703.0,876.38,471.44,Delayed
SHIP000448,PO000993,UK,UK,2026-03-03,2026-02-26,2026-02-26,Road Freight,4651.37,0.0,159.19,Delivered
SHIP000449,PO000745,China,UK,2025-09-15,2025-11-03,2025-11-03,Air Freight,4486.52,1184.09,420.7,Delivered
SHIP000450,PO001858,China,UK,2025-10-08,2025-11-20,2025-11-20,Sea Freight,2300.36,837.16,330.9,Delivered
SHIP000451,PO000209,China,UK,2025-05-15,2025-06-23,2025-06-26,Rail Freight,2809.7,500.28,362.28,Delivered
SHIP000452,PO000018,China,UK,2025-10-29,2025-12-02,2025-12-09,Sea Freight,1696.3,963.4,58.3,Delayed
SHIP000453,PO000280,India,UK,2026-03-27,2026-04-20,2026-04-20,Air Freight,4491.54,285.1,367.3,Delivered
SHIP000454,PO000638,UK,UK,2026-06-14,2026-06-13,2026-06-14,Road Freight,2226.98,0.0,315.14,Delayed
SHIP000455,PO001281,China,UK,2025-02-09,2025-04-02,2025-04-05,Rail Freight,4653.84,294.16,241.44,Delivered
SHIP000456,PO000936,China,UK,2026-07-09,2026-08-27,2026-08-27,Air Freight,3008.28,828.26,171.54,Delivered
SHIP000457,PO000540,India,UK,2026-06-19,2026-07-14,2026-07-14,Air Freight,4320.77,1345.64,284.88,Delivered
SHIP000458,PO000885,China,UK,2025-07-12,2025-08-23,2025-08-23,Air Freight,1681.16,442.64,124.25,Delivered
SHIP000459,PO000726,India,UK,2025-03-03,2025-03-31,2025-03-31,Air Freight,4286.18,355.71,287.32,Delivered
SHIP000460,PO000837,China,UK,2026-07-17,2026-08-16,2026-08-16,Rail Freight,2694.51,334.28,358.89,Delivered
SHIP000461,PO000960,India,UK,2026-07-18,2026-08-08,2026-08-11,Air Freight,3919.12,651.88,312.22,Delayed
SHIP000462,PO000849,China,UK,2026-01-30,2026-03-05,2026-03-06,Sea Freight,1997.41,1344.55,390.81,Delivered
SHIP000463,PO001394,China,UK,2025-08-07,2025-09-15,2025-09-22,Rail Freight,2651.94,158.33,475.17,Delivered
SHIP000464,PO000210,India,UK,2025-10-17,2025-11-11,2025-11-11,Sea Freight,1858.26,1434.53,333.53,Delivered
SHIP000465,PO001471,India,UK,2025-05-25,2025-06-24,2025-06-25,Air Freight,3086.62,273.89,73.0,Delayed
SHIP000466,PO001698,India,UK,2026-06-08,2026-07-05,2026-07-12,Air Freight,1013.84,1306.41,385.38,Delayed
SHIP000467,PO001805,China,UK,2026-07-28,2026-08-27,2026-08-28,Air Freight,461.55,903.23,345.86,Delivered
SHIP000468,PO001872,India,UK,2025-08-06,2025-09-01,2025-09-08,Sea Freight,1387.6,289.32,84.5,Delivered
SHIP000469,PO001132,India,UK,2025-11-15,2025-12-13,2025-12-13,Sea Freight,424.73,549.2,362.38,Delivered
SHIP000470,PO001101,UK,UK,2026-06-14,2026-06-16,2026-06-16,Road Freight,2131.75,0.0,403.58,Delivered
SHIP000471,PO001543,India,UK,2025-02-22,2025-03-17,2025-03-18,Air Freight,633.86,314.25,406.87,Delayed
SHIP000472,PO001703,India,UK,2026-04-26,2026-05-23,2026-05-26,Sea Freight,778.71,765.91,457.64,Delivered
SHIP000473,PO001116,China,UK,2026-02-25,2026-04-20,2026-04-20,Air Freight,1675.66,461.64,84.3,Delivered
SHIP000474,PO001319,India,UK,2026-06-21,2026-07-25,2026-07-25,Air Freight,4164.88,1293.16,472.49,Delivered
SHIP000475,PO000915,China,UK,2025-10-26,2025-12-09,2025-12-09,Rail Freight,829.44,913.15,366.94,Delivered
SHIP000476,PO001174,UK,UK,2025-12-01,2025-12-01,2025-12-01,Courier,115.22,0.0,307.99,Delivered
SHIP000477,PO001069,China,UK,2025-09-21,2025-10-31,2025-11-07,Air Freight,4687.83,321.75,102.4,Delivered
SHIP000478,PO000327,China,UK,2025-12-14,2026-02-10,2026-02-10,Air Freight,435.92,678.81,180.69,Delivered
SHIP000479,PO000062,China,UK,2025-01-11,2025-03-05,2025-03-05,Air Freight,1558.64,684.59,112.71,Delivered
SHIP000480,PO000629,China,UK,2025-02-16,2025-04-14,2025-04-21,Sea Freight,3810.53,370.61,214.54,Delayed
SHIP000481,PO001381,UK,UK,2025-04-17,2025-04-21,2025-04-21,Road Freight,2419.89,0.0,384.95,Delivered
SHIP000482,PO001817,China,UK,2025-12-25,2026-01-30,2026-02-02,Sea Freight,2523.94,362.61,325.88,Delivered
SHIP000483,PO000683,India,UK,2026-05-23,2026-06-15,2026-06-16,Air Freight,1897.31,210.37,202.16,Delayed
SHIP000484,PO001480,India,UK,2025-04-28,2025-05-25,2025-05-25,Sea Freight,4823.37,155.51,490.6,Delivered
SHIP000485,PO000049,UK,UK,2025-04-13,2025-04-13,2025-04-13,Road Freight,4130.43,0.0,454.8,Delivered
SHIP000486,PO000107,UK,UK,2025-02-05,2025-02-09,2025-02-09,Courier,2813.19,0.0,164.39,Delivered
SHIP000487,PO000289,China,UK,2025-09-04,2025-10-25,2025-10-26,Rail Freight,2091.59,1210.09,98.53,Delayed
SHIP000488,PO001396,China,UK,2026-06-16,2026-07-20,2026-07-23,Air Freight,1447.17,778.4,388.73,Delivered
SHIP000489,PO000371,China,UK,2026-06-24,2026-08-01,2026-08-01,Rail Freight,224.08,1437.22,115.95,Delivered
SHIP000490,PO000108,China,UK,2025-02-05,2025-03-18,2025-03-19,Rail Freight,1601.24,1160.17,76.86,Delivered
SHIP000491,PO001203,UK,UK,2025-09-20,2025-09-19,2025-09-19,Courier,3356.89,0.0,275.3,Delivered
SHIP000492,PO000687,India,UK,2025-09-29,2025-10-22,2025-10-22,Sea Freight,3835.0,1056.66,78.03,Delivered
SHIP000493,PO001960,India,UK,2025-02-17,2025-03-16,2025-03-16,Sea Freight,2084.1,778.9,86.19,Delivered
SHIP000494,PO000114,China,UK,2025-04-10,2025-05-22,2025-05-22,Rail Freight,1183.23,1043.03,417.44,Delivered
SHIP000495,PO000649,India,UK,2026-03-09,2026-04-04,2026-04-05,Sea Freight,4279.35,725.85,469.43,Delivered
SHIP000496,PO001979,China,UK,2026-07-25,2026-09-11,2026-09-11,Sea Freight,153.37,589.05,238.32,Delivered
SHIP000497,PO000966,China,UK,2025-03-18,2025-05-01,2025-05-04,Rail Freight,3540.41,861.87,80.57,Delayed
SHIP000498,PO001413,India,UK,2025-12-25,2026-01-22,2026-01-23,Sea Freight,2253.73,1173.17,451.65,Delivered
SHIP000499,PO000711,India,UK,2025-05-14,2025-06-13,2025-06-16,Air Freight,3796.92,1307.97,251.98,Delivered
SHIP000500,PO000824,UK,UK,2026-05-22,2026-05-22,2026-06-05,Courier,1970.22,0.0,297.11,Delivered
SHIP000501,PO000831,China,UK,2025-11-10,2025-12-28,2025-12-28,Sea Freight,1404.89,121.33,342.36,Delivered
SHIP000502,PO000450,China,UK,2026-03-15,2026-05-06,2026-05-06,Sea Freight,1923.48,1141.43,454.82,Delivered
SHIP000503,PO001395,India,UK,2026-04-05,2026-04-28,2026-04-28,Sea Freight,3946.48,481.61,374.25,Delivered
SHIP000504,PO001294,UK,UK,2026-05-10,2026-05-11,2026-05-11,Road Freight,4409.37,0.0,325.5,Delivered
SHIP000505,PO000135,UK,UK,2026-04-18,2026-04-22,2026-04-23,Road Freight,788.39,0.0,127.32,Delayed
SHIP000506,PO001587,China,UK,2026-01-11,2026-02-19,2026-02-19,Sea Freight,1895.42,1313.49,108.76,Delivered
SHIP000507,PO000558,India,UK,2026-04-24,2026-05-19,2026-05-19,Sea Freight,811.12,383.21,204.55,Delivered
SHIP000508,PO001943,India,UK,2025-07-02,2025-07-31,2025-07-31,Sea Freight,3045.23,211.37,313.02,Delivered
SHIP000509,PO000078,India,UK,2026-01-08,2026-02-05,2026-02-06,Sea Freight,2244.89,462.42,257.32,Delayed
SHIP000510,PO001188,China,UK,2025-02-08,2025-03-09,2025-03-09,Rail Freight,717.14,168.38,308.71,Delivered
SHIP000511,PO001702,UK,UK,2026-06-18,2026-06-19,2026-06-22,Road Freight,4707.99,0.0,180.42,Delayed
SHIP000512,PO001170,India,UK,2026-04-03,2026-04-25,2026-04-25,Air Freight,1009.97,1295.54,193.79,Delivered
SHIP000513,PO001926,China,UK,2025-06-24,2025-08-14,2025-08-14,Sea Freight,639.24,1189.65,261.84,Delivered
SHIP000514,PO000507,India,UK,2026-03-05,2026-04-01,2026-04-01,Sea Freight,4343.3,1496.93,429.28,Delivered
SHIP000515,PO001056,China,UK,2025-02-25,2025-04-17,2025-04-18,Sea Freight,2525.96,578.87,223.89,Delayed
SHIP000516,PO000532,India,UK,2026-03-15,2026-04-11,2026-04-11,Air Freight,2631.08,457.34,351.46,Delivered
SHIP000517,PO000887,India,UK,2025-03-17,2025-04-16,2025-04-17,Air Freight,2749.48,890.66,107.11,Delayed
SHIP000518,PO000725,UK,UK,2025-10-07,2025-10-08,2025-10-08,Courier,3288.05,0.0,132.09,Delivered
SHIP000519,PO001989,UK,UK,2025-02-28,2025-02-28,2025-03-07,Road Freight,3611.08,0.0,227.48,Delayed
SHIP000520,PO001240,China,UK,2025-09-25,2025-11-17,2025-11-24,Sea Freight,3123.29,291.93,159.29,Delivered
SHIP000521,PO001310,UK,UK,2025-03-23,2025-03-21,2025-03-21,Road Freight,3922.38,0.0,239.89,Delivered
SHIP000522,PO001897,India,UK,2026-01-20,2026-02-16,2026-02-16,Air Freight,1075.51,279.99,94.83,Delivered
SHIP000523,PO000781,India,UK,2026-06-29,2026-07-24,2026-07-27,Air Freight,115.69,977.86,109.79,Delayed
SHIP000524,PO000426,China,UK,2025-02-14,2025-03-19,2025-03-19,Sea Freight,226.26,1381.02,76.66,Delivered
SHIP000525,PO000661,China,UK,2025-03-26,2025-05-12,2025-05-12,Sea Freight,432.46,933.74,204.87,Delivered
SHIP000526,PO001145,China,UK,2026-04-01,2026-05-11,2026-05-11,Rail Freight,4188.62,1206.54,343.42,Delivered
SHIP000527,PO000326,India,UK,2026-01-19,2026-02-25,2026-02-25,Sea Freight,4531.31,1331.91,149.91,Delivered
SHIP000528,PO000238,UK,UK,2026-01-02,2026-01-02,2026-01-02,Road Freight,4784.97,0.0,104.43,Delivered
SHIP000529,PO001700,UK,UK,2025-05-21,2025-05-26,2025-05-26,Road Freight,4876.32,0.0,334.58,Delivered
SHIP000530,PO000670,India,UK,2025-12-13,2026-01-08,2026-01-15,Sea Freight,306.5,740.49,356.0,Delivered
SHIP000531,PO001647,India,UK,2026-06-15,2026-07-20,2026-07-20,Air Freight,2027.1,1439.31,106.41,Delivered
SHIP000532,PO001815,China,UK,2025-09-15,2025-10-24,2025-10-25,Sea Freight,1555.73,182.83,414.21,Delayed
SHIP000533,PO000939,China,UK,2025-10-28,2025-12-08,2025-12-11,Rail Freight,913.73,1239.43,121.37,Delivered
SHIP000534,PO000157,UK,UK,2026-06-05,2026-06-07,2026-06-07,Courier,4639.32,0.0,87.01,Delivered
SHIP000535,PO001768,India,UK,2025-05-04,2025-06-01,2025-06-01,Air Freight,3806.96,1023.62,446.98,Delivered
SHIP000536,PO001518,China,UK,2026-02-20,2026-04-16,2026-04-17,Air Freight,4891.4,1195.71,461.47,Delayed
SHIP000537,PO000783,China,UK,2025-12-25,2026-01-28,2026-01-29,Rail Freight,4460.51,1245.22,174.5,Delayed
SHIP000538,PO001944,India,UK,2026-02-14,2026-03-24,2026-03-24,Air Freight,1249.37,420.8,454.99,Delivered
SHIP000539,PO001044,China,UK,2025-03-26,2025-04-30,2025-05-03,Rail Freight,3988.2,1346.67,448.99,Delivered
SHIP000540,PO001650,UK,UK,2025-09-04,2025-08-30,2025-08-31,Road Freight,4236.04,0.0,221.67,Delayed
SHIP000541,PO001158,UK,UK,2025-01-07,2025-01-08,2025-01-08,Courier,2203.43,0.0,387.84,Delivered
SHIP000542,PO001344,India,UK,2025-11-20,2025-12-17,2025-12-31,Air Freight,3312.35,677.6,384.47,Delivered
SHIP000543,PO001164,China,UK,2026-01-31,2026-03-07,2026-03-08,Sea Freight,3892.36,312.37,199.35,Delivered
SHIP000544,PO001731,India,UK,2026-05-25,2026-06-16,2026-06-17,Sea Freight,3430.35,1173.43,462.61,Delivered
SHIP000545,PO000302,China,UK,2025-12-10,2026-01-08,2026-01-22,Air Freight,1375.77,1375.89,131.62,Delivered
SHIP000546,PO001604,China,UK,2025-06-22,2025-07-31,2025-08-03,Rail Freight,1589.35,1191.32,434.11,Delayed
SHIP000547,PO001364,UK,UK,2025-06-02,2025-06-02,2025-06-02,Road Freight,2024.08,0.0,169.98,Delivered
SHIP000548,PO001438,China,UK,2025-02-20,2025-04-05,2025-04-06,Air Freight,640.09,514.85,418.68,Delivered
SHIP000549,PO001639,India,UK,2026-04-20,2026-05-18,2026-05-18,Air Freight,2322.28,313.01,87.33,Delivered
SHIP000550,PO001588,China,UK,2025-11-06,2025-12-09,2025-12-12,Rail Freight,2665.67,855.49,360.81,Delivered
SHIP000551,PO001741,China,UK,2025-10-21,2025-12-01,2025-12-15,Rail Freight,3387.4,873.08,180.96,Delivered
SHIP000552,PO001233,China,UK,2025-10-02,2025-11-13,2025-11-13,Rail Freight,3864.08,762.08,478.25,Delivered
SHIP000553,PO001635,UK,UK,2025-11-15,2025-11-12,2025-11-12,Road Freight,3604.62,0.0,131.4,Delivered
SHIP000554,PO001760,China,UK,2025-10-24,2025-11-28,2025-12-01,Rail Freight,1899.32,111.94,369.08,Delayed
SHIP000555,PO001593,China,UK,2026-02-05,2026-03-31,2026-04-01,Rail Freight,4952.41,410.99,210.2,Delayed
SHIP000556,PO001404,India,UK,2026-04-30,2026-05-26,2026-05-27,Sea Freight,2564.19,1173.19,234.15,Delivered
SHIP000557,PO001776,UK,UK,2026-02-10,2026-02-08,2026-02-08,Road Freight,2273.05,0.0,284.23,Delivered
SHIP000558,PO001439,UK,UK,2026-06-19,2026-06-23,2026-06-23,Road Freight,2974.14,0.0,441.37,Delivered
SHIP000559,PO001448,UK,UK,2025-09-21,2025-09-20,2025-09-20,Road Freight,2704.65,0.0,219.69,Delivered
SHIP000560,PO001419,India,UK,2025-03-25,2025-04-19,2025-04-26,Air Freight,3624.49,550.42,280.89,Delivered
SHIP000561,PO000950,China,UK,2026-03-27,2026-05-14,2026-05-14,Sea Freight,4293.45,481.97,484.8,Delivered
SHIP000562,PO000519,India,UK,2026-05-26,2026-06-22,2026-06-22,Sea Freight,763.03,1193.74,300.57,Delivered
SHIP000563,PO001315,China,UK,2026-02-10,2026-04-06,2026-04-06,Air Freight,4209.41,256.96,275.37,Delivered
SHIP000564,PO000293,China,UK,2025-04-22,2025-05-22,2025-05-29,Sea Freight,3975.99,672.57,432.25,Delivered
SHIP000565,PO001848,UK,UK,2025-11-30,2025-12-01,2025-12-08,Courier,4785.53,0.0,253.59,Delayed
SHIP000566,PO000376,China,UK,2025-08-19,2025-09-19,2025-09-19,Sea Freight,2678.32,649.05,137.69,Delivered
SHIP000567,PO001190,India,UK,2026-07-29,2026-08-22,2026-08-22,Air Freight,4026.96,671.91,372.12,Delivered
SHIP000568,PO000249,China,UK,2026-04-12,2026-05-23,2026-05-23,Air Freight,490.48,770.61,327.26,Delivered
SHIP000569,PO000579,China,UK,2026-04-16,2026-05-16,2026-05-16,Rail Freight,240.11,734.44,346.41,Delivered
SHIP000570,PO001869,China,UK,2026-07-23,2026-08-28,2026-09-04,Rail Freight,2959.13,1133.5,482.71,Delivered
SHIP000571,PO001577,UK,UK,2025-12-15,2025-12-11,2025-12-18,Road Freight,4144.7,0.0,328.38,Delayed
SHIP000572,PO000219,India,UK,2026-06-14,2026-07-10,2026-07-10,Air Freight,739.3,603.04,367.04,Delivered
SHIP000573,PO001606,China,UK,2025-08-13,2025-09-20,2025-09-27,Rail Freight,4107.57,115.03,312.13,Delivered
SHIP000574,PO001558,UK,UK,2026-01-17,2026-01-16,2026-01-16,Courier,4475.79,0.0,313.61,Delivered
SHIP000575,PO000064,China,UK,2025-04-22,2025-05-26,2025-05-29,Air Freight,2926.18,1196.04,389.06,Delivered
SHIP000576,PO001954,China,UK,2026-01-27,2026-03-20,2026-03-23,Air Freight,1045.95,894.14,132.69,Delayed
SHIP000577,PO001576,UK,UK,2025-12-26,2025-12-29,2025-12-29,Road Freight,1207.77,0.0,90.77,Delivered
SHIP000578,PO000382,UK,UK,2026-04-05,2026-04-08,2026-04-15,Road Freight,2270.83,0.0,246.81,Delayed
SHIP000579,PO001041,China,UK,2026-04-15,2026-05-27,2026-05-28,Air Freight,3401.27,384.59,383.64,Delivered
SHIP000580,PO000644,China,UK,2025-01-21,2025-03-14,2025-03-14,Air Freight,4951.74,180.16,244.86,Delivered
SHIP000581,PO001121,India,UK,2025-10-17,2025-11-14,2025-11-21,Sea Freight,1589.8,1459.66,410.41,Delayed
SHIP000582,PO001603,UK,UK,2025-10-31,2025-10-30,2025-10-30,Road Freight,1036.83,0.0,480.7,Delivered
SHIP000583,PO001284,China,UK,2026-06-15,2026-07-30,2026-08-06,Rail Freight,1565.49,1189.89,245.4,Delivered
SHIP000584,PO000793,India,UK,2025-03-27,2025-04-19,2025-04-20,Sea Freight,2354.99,612.48,70.9,Delayed
SHIP000585,PO001436,China,UK,2025-10-29,2025-12-26,2025-12-27,Rail Freight,325.13,846.05,148.62,Delivered
SHIP000586,PO000769,China,UK,2025-06-18,2025-07-21,2025-07-21,Rail Freight,3944.45,105.47,354.06,Delivered
SHIP000587,PO000125,China,UK,2026-02-11,2026-04-01,2026-04-01,Air Freight,3835.23,1071.64,405.52,Delivered
SHIP000588,PO001252,China,UK,2025-05-10,2025-06-27,2025-06-27,Sea Freight,4424.98,219.98,355.59,Delivered
SHIP000589,PO001201,UK,UK,2025-10-18,2025-10-18,2025-10-18,Road Freight,650.48,0.0,468.83,Delivered
SHIP000590,PO000548,China,UK,2025-09-16,2025-11-05,2025-11-12,Sea Freight,198.96,910.34,494.04,Delayed
SHIP000591,PO000539,India,UK,2025-04-30,2025-05-22,2025-05-22,Air Freight,3017.46,271.57,96.29,Delivered
SHIP000592,PO000087,India,UK,2026-04-22,2026-05-23,2026-05-30,Sea Freight,1593.89,481.14,284.7,Delivered
SHIP000593,PO000684,India,UK,2026-04-01,2026-04-25,2026-04-26,Air Freight,1519.16,585.33,140.1,Delayed
SHIP000594,PO000957,China,UK,2025-10-02,2025-11-27,2025-11-30,Sea Freight,3957.54,673.49,327.86,Delayed
SHIP000595,PO000401,India,UK,2026-04-17,2026-05-26,2026-05-26,Sea Freight,3447.27,974.8,451.98,Delivered
SHIP000596,PO001795,China,UK,2026-07-10,2026-08-20,2026-08-20,Sea Freight,328.4,581.08,110.23,Delivered
SHIP000597,PO000090,UK,UK,2025-08-01,2025-08-02,2025-08-03,Courier,3061.12,0.0,327.44,Delayed
SHIP000598,PO001678,China,UK,2025-12-10,2026-01-24,2026-01-24,Sea Freight,1537.83,703.63,428.52,Delivered
SHIP000599,PO000347,China,UK,2025-08-08,2025-09-23,2025-09-23,Rail Freight,1543.68,906.24,104.74,Delivered
SHIP000600,PO001050,China,UK,2025-08-20,2025-10-10,2025-10-10,Rail Freight,560.44,1278.94,200.76,Delivered
SHIP000601,PO000819,China,UK,2025-09-09,2025-10-26,2025-10-27,Rail Freight,1536.55,1429.61,173.39,Delayed
SHIP000602,PO000713,India,UK,2025-06-09,2025-07-02,2025-07-05,Sea Freight,4242.21,1397.2,299.69,Delivered
SHIP000603,PO000862,India,UK,2026-07-23,2026-08-21,2026-08-28,Sea Freight,1194.93,1323.36,263.32,Delivered
SHIP000604,PO001248,China,UK,2025-06-12,2025-07-18,2025-07-19,Rail Freight,1795.21,990.39,262.2,Delivered
SHIP000605,PO000476,China,UK,2025-04-12,2025-06-01,2025-06-08,Air Freight,1715.23,1173.96,155.71,Delayed
SHIP000606,PO000516,China,UK,2025-10-01,2025-11-07,2025-11-07,Sea Freight,1773.67,269.66,442.42,Delivered
SHIP000607,PO001757,UK,UK,2026-05-24,2026-05-30,2026-05-30,Courier,3066.64,0.0,214.76,Delivered
SHIP000608,PO000303,India,UK,2026-03-23,2026-04-19,2026-04-19,Sea Freight,4689.18,298.3,452.92,Delivered
SHIP000609,PO000857,UK,UK,2025-08-11,2025-08-10,2025-08-10,Road Freight,4411.34,0.0,493.72,Delivered
SHIP000610,PO001984,India,UK,2025-12-06,2026-01-05,2026-01-06,Air Freight,3150.28,975.97,74.79,Delivered
SHIP000611,PO001365,China,UK,2025-11-23,2026-01-07,2026-01-07,Rail Freight,2141.07,383.85,310.6,Delivered
SHIP000612,PO001553,UK,UK,2026-05-17,2026-05-19,2026-05-19,Road Freight,4433.27,0.0,414.25,Delivered
SHIP000613,PO000802,China,UK,2025-04-25,2025-06-05,2025-06-05,Air Freight,3654.64,1374.06,410.13,Delivered
SHIP000614,PO001885,India,UK,2026-01-27,2026-03-05,2026-03-08,Air Freight,519.13,460.51,297.19,Delayed
SHIP000615,PO001704,China,UK,2026-07-03,2026-08-17,2026-08-17,Air Freight,4368.22,1084.95,453.94,Delivered
SHIP000616,PO001343,India,UK,2025-09-14,2025-10-13,2025-10-13,Sea Freight,827.19,857.59,223.84,Delivered
SHIP000617,PO000827,China,UK,2025-05-24,2025-06-27,2025-06-28,Air Freight,2613.84,1381.55,319.2,Delivered
SHIP000618,PO001379,UK,UK,2025-10-18,2025-10-22,2025-10-25,Road Freight,1527.14,0.0,328.05,Delivered
SHIP000619,PO001087,China,UK,2026-04-18,2026-06-09,2026-06-10,Air Freight,4047.68,158.13,299.94,Delayed
SHIP000620,PO001652,UK,UK,2025-01-11,2025-01-12,2025-01-12,Road Freight,2577.25,0.0,445.44,Delivered
SHIP000621,PO000345,China,UK,2025-05-27,2025-07-11,2025-07-12,Rail Freight,981.88,745.26,406.89,Delivered
SHIP000622,PO000990,India,UK,2026-03-05,2026-04-04,2026-04-04,Sea Freight,1448.06,879.3,338.7,Delivered
SHIP000623,PO001868,UK,UK,2025-05-29,2025-05-29,2025-05-29,Road Freight,2420.33,0.0,289.87,Delivered
SHIP000624,PO001670,China,UK,2025-03-08,2025-04-26,2025-04-29,Air Freight,265.01,604.05,491.02,Delayed
SHIP000625,PO001919,UK,UK,2026-05-22,2026-05-25,2026-05-25,Road Freight,4931.56,0.0,489.14,Delivered
SHIP000626,PO000826,India,UK,2026-03-21,2026-04-12,2026-04-12,Air Freight,3530.9,394.27,278.77,Delivered
SHIP000627,PO000186,UK,UK,2026-06-14,2026-06-16,2026-06-16,Road Freight,3976.19,0.0,162.18,Delivered
SHIP000628,PO001107,India,UK,2025-02-13,2025-03-13,2025-03-13,Sea Freight,321.63,1266.2,209.96,Delivered
SHIP000629,PO001105,India,UK,2025-02-26,2025-03-22,2025-03-25,Air Freight,1604.04,1024.27,491.44,Delivered
SHIP000630,PO000092,India,UK,2026-02-08,2026-03-05,2026-03-05,Sea Freight,4262.2,217.96,307.93,Delivered
SHIP000631,PO001666,China,UK,2025-04-16,2025-05-18,2025-05-18,Air Freight,4693.25,231.36,304.09,Delivered
SHIP000632,PO001900,China,UK,2025-11-17,2025-12-30,2025-12-30,Rail Freight,2371.13,580.5,498.05,Delivered
SHIP000633,PO000482,UK,UK,2025-07-09,2025-07-10,2025-07-13,Courier,2021.98,0.0,65.92,Delayed
SHIP000634,PO000060,China,UK,2025-06-01,2025-07-24,2025-07-24,Air Freight,1123.61,1241.02,63.35,Delivered
SHIP000635,PO001500,China,UK,2026-03-21,2026-04-24,2026-04-25,Rail Freight,1182.27,899.81,396.25,Delivered
SHIP000636,PO000233,UK,UK,2025-05-29,2025-05-30,2025-06-06,Road Freight,2842.32,0.0,370.44,Delivered
SHIP000637,PO000120,China,UK,2025-09-09,2025-10-11,2025-10-11,Rail Freight,4242.93,1096.9,164.7,Delivered
SHIP000638,PO000922,China,UK,2025-10-12,2025-11-15,2025-11-15,Rail Freight,3955.29,534.66,75.97,Delivered
SHIP000639,PO001231,UK,UK,2025-04-25,2025-04-27,2025-04-27,Courier,3209.33,0.0,261.65,Delivered
SHIP000640,PO001819,UK,UK,2025-11-28,2025-12-01,2025-12-01,Courier,3446.27,0.0,230.75,Delivered
SHIP000641,PO000183,India,UK,2026-07-14,2026-08-08,2026-08-08,Air Freight,4868.24,417.7,176.16,Delivered
SHIP000642,PO001456,China,UK,2025-11-11,2025-12-25,2025-12-25,Sea Freight,1377.78,1108.47,110.71,Delivered
SHIP000643,PO000618,India,UK,2025-06-01,2025-07-03,2025-07-04,Air Freight,4421.53,433.44,376.66,Delivered
SHIP000644,PO001557,China,UK,2026-02-21,2026-04-15,2026-04-15,Rail Freight,3868.1,371.71,307.36,Delivered
SHIP000645,PO000023,UK,UK,2025-11-11,2025-11-06,2025-11-06,Road Freight,2924.95,0.0,470.45,Delivered
SHIP000646,PO000447,China,UK,2025-09-08,2025-10-14,2025-10-14,Sea Freight,935.06,1056.45,206.6,Delivered
SHIP000647,PO001340,China,UK,2025-12-05,2026-01-29,2026-01-30,Air Freight,2752.86,563.29,417.87,Delivered
SHIP000648,PO000301,UK,UK,2026-01-14,2026-01-21,2026-01-21,Road Freight,2847.69,0.0,419.82,Delivered
SHIP000649,PO001584,China,UK,2025-07-05,2025-08-05,2025-08-06,Air Freight,4426.04,745.22,441.97,Delayed
SHIP000650,PO000452,China,UK,2025-12-14,2026-02-03,2026-02-03,Air Freight,1525.93,804.28,492.82,Delivered
SHIP000651,PO001756,China,UK,2025-12-27,2026-02-06,2026-02-07,Air Freight,1212.9,1159.4,458.45,Delayed
SHIP000652,PO001168,China,UK,2025-09-30,2025-11-01,2025-11-08,Sea Freight,3650.43,752.7,480.36,Delivered
SHIP000653,PO000037,China,UK,2025-08-16,2025-10-01,2025-10-01,Air Freight,1622.52,454.97,216.59,Delivered
SHIP000654,PO000882,China,UK,2025-03-12,2025-04-29,2025-05-02,Rail Freight,2981.09,1358.57,232.43,Delivered
SHIP000655,PO000935,India,UK,2026-02-15,2026-03-13,2026-03-13,Sea Freight,2175.86,638.45,173.11,Delivered
SHIP000656,PO000225,China,UK,2026-02-13,2026-03-15,2026-03-16,Air Freight,3220.9,1050.55,451.58,Delayed
SHIP000657,PO001533,China,UK,2025-11-24,2026-01-12,2026-01-19,Rail Freight,1393.19,1229.39,362.59,Delayed
SHIP000658,PO000344,India,UK,2026-03-07,2026-03-31,2026-03-31,Air Freight,1156.26,534.85,255.4,Delivered
SHIP000659,PO000588,China,UK,2025-02-13,2025-03-17,2025-03-17,Sea Freight,2201.76,875.69,151.07,Delivered
SHIP000660,PO001460,India,UK,2025-09-04,2025-10-01,2025-10-04,Air Freight,2466.09,1114.65,444.42,Delivered
SHIP000661,PO000907,China,UK,2026-04-03,2026-05-15,2026-05-15,Air Freight,2448.3,1391.62,115.64,Delivered
SHIP000662,PO001424,UK,UK,2026-02-02,2026-02-02,2026-02-03,Road Freight,1540.97,0.0,145.99,Delayed
SHIP000663,PO000359,UK,UK,2025-04-25,2025-04-25,2025-04-28,Courier,3463.19,0.0,344.03,Delayed
SHIP000664,PO000662,UK,UK,2025-06-21,2025-06-17,2025-06-17,Courier,2715.8,0.0,370.08,Delivered
SHIP000665,PO000156,India,UK,2026-03-20,2026-04-15,2026-04-18,Air Freight,852.38,489.98,220.49,Delayed
SHIP000666,PO000379,China,UK,2025-02-23,2025-04-08,2025-04-11,Rail Freight,175.4,1365.46,259.86,Delayed
SHIP000667,PO000089,China,UK,2025-08-03,2025-09-03,2025-09-04,Sea Freight,2491.47,1123.17,178.28,Delayed
SHIP000668,PO000054,UK,UK,2025-09-07,2025-09-08,2025-09-08,Courier,4206.02,0.0,332.99,Delivered
SHIP000669,PO000493,China,UK,2025-06-16,2025-08-08,2025-08-08,Rail Freight,679.78,1464.53,107.66,Delivered
SHIP000670,PO000164,China,UK,2025-07-21,2025-08-29,2025-08-29,Sea Freight,1289.6,1304.46,368.62,Delivered
SHIP000671,PO000727,China,UK,2025-10-18,2025-12-01,2025-12-02,Rail Freight,2724.2,1012.88,364.06,Delayed
SHIP000672,PO001846,India,UK,2026-02-08,2026-03-11,2026-03-18,Sea Freight,1824.19,1498.2,264.6,Delayed
SHIP000673,PO001204,China,UK,2026-04-30,2026-06-19,2026-06-19,Air Freight,3065.43,1301.38,321.9,Delivered
SHIP000674,PO001913,India,UK,2025-09-26,2025-10-20,2025-10-20,Air Freight,2457.93,414.04,424.24,Delivered
SHIP000675,PO001744,China,UK,2025-07-05,2025-08-24,2025-08-24,Rail Freight,2299.64,593.04,459.67,Delivered
SHIP000676,PO001632,China,UK,2026-01-26,2026-03-16,2026-03-19,Rail Freight,3556.23,1099.72,113.61,Delivered
SHIP000677,PO000526,China,UK,2025-10-06,2025-11-06,2025-11-06,Air Freight,3933.2,607.02,496.37,Delivered
SHIP000678,PO000188,India,UK,2025-03-09,2025-04-02,2025-04-03,Sea Freight,3983.14,137.28,470.82,Delivered
SHIP000679,PO001019,India,UK,2025-10-02,2025-10-30,2025-11-06,Sea Freight,820.82,1472.55,478.89,Delayed
SHIP000680,PO000967,China,UK,2026-03-10,2026-04-22,2026-04-22,Air Freight,3009.74,1296.64,106.87,Delivered
SHIP000681,PO000739,India,UK,2025-01-07,2025-01-31,2025-01-31,Air Freight,3203.72,1008.69,286.88,Delivered
SHIP000682,PO001599,China,UK,2026-07-22,2026-08-31,2026-09-01,Sea Freight,3146.19,1433.45,349.55,Delivered
SHIP000683,PO001622,UK,UK,2026-03-28,2026-03-31,2026-03-31,Courier,1105.31,0.0,239.86,Delivered
SHIP000684,PO000554,UK,UK,2025-02-27,2025-02-26,2025-02-26,Courier,3843.41,0.0,486.76,Delivered
SHIP000685,PO000364,China,UK,2025-03-10,2025-04-22,2025-04-22,Rail Freight,1828.39,1192.91,389.73,Delivered
SHIP000686,PO001384,India,UK,2026-01-10,2026-02-11,2026-02-14,Air Freight,4075.37,988.17,110.69,Delivered
SHIP000687,PO001958,China,UK,2025-07-15,2025-08-15,2025-08-18,Air Freight,1691.44,923.12,431.23,Delivered
SHIP000688,PO001725,China,UK,2025-03-14,2025-05-05,2025-05-06,Air Freight,3885.86,604.88,384.95,Delayed
SHIP000689,PO001057,China,UK,2026-01-16,2026-02-20,2026-02-20,Sea Freight,444.23,1153.99,225.96,Delivered
SHIP000690,PO000951,India,UK,2026-02-10,2026-03-08,2026-03-22,Air Freight,3002.53,982.93,208.98,Delayed
SHIP000691,PO000632,India,UK,2025-01-27,2025-02-25,2025-02-26,Sea Freight,2246.94,230.79,111.91,Delivered
SHIP000692,PO001023,India,UK,2025-11-28,2025-12-21,2025-12-24,Air Freight,4896.72,1180.66,211.12,Delivered
SHIP000693,PO000257,China,UK,2026-03-29,2026-05-01,2026-05-02,Sea Freight,3811.28,570.64,480.09,Delivered
SHIP000694,PO001661,India,UK,2025-02-02,2025-02-28,2025-03-07,Sea Freight,2449.35,867.04,376.62,Delayed
SHIP000695,PO001055,UK,UK,2026-05-18,2026-05-16,2026-05-16,Road Freight,1804.49,0.0,342.5,Delivered
SHIP000696,PO001472,China,UK,2026-04-12,2026-05-28,2026-05-29,Rail Freight,987.37,1281.25,247.65,Delivered
SHIP000697,PO000330,India,UK,2025-08-23,2025-09-15,2025-09-16,Sea Freight,508.39,1498.43,145.02,Delivered
SHIP000698,PO000459,India,UK,2025-11-24,2025-12-26,2025-12-29,Sea Freight,4292.24,332.95,405.48,Delivered
SHIP000699,PO001899,China,UK,2025-08-19,2025-10-09,2025-10-09,Sea Freight,3239.76,125.07,131.41,Delivered
SHIP000700,PO000877,UK,UK,2025-04-23,2025-04-20,2025-04-21,Courier,4905.45,0.0,93.21,Delayed
SHIP000701,PO000325,India,UK,2026-03-01,2026-03-26,2026-03-26,Sea Freight,3345.08,238.31,150.25,Delivered
SHIP000702,PO000454,China,UK,2025-01-22,2025-03-20,2025-03-20,Rail Freight,4210.53,1321.46,330.06,Delivered
SHIP000703,PO000693,China,UK,2026-05-18,2026-07-12,2026-07-12,Air Freight,3676.42,137.74,468.93,Delivered
SHIP000704,PO000390,India,UK,2025-04-10,2025-05-11,2025-05-18,Sea Freight,1428.33,297.94,92.28,Delivered
SHIP000705,PO000595,China,UK,2025-09-01,2025-10-17,2025-10-18,Rail Freight,3242.21,581.8,223.99,Delayed
SHIP000706,PO001945,India,UK,2025-12-05,2025-12-31,2025-12-31,Air Freight,3056.69,167.59,347.38,Delivered
SHIP000707,PO000190,India,UK,2025-01-25,2025-02-16,2025-02-16,Sea Freight,4850.55,391.79,493.25,Delivered
SHIP000708,PO001333,India,UK,2025-03-16,2025-04-19,2025-04-20,Sea Freight,218.18,133.6,243.37,Delivered
SHIP000709,PO000653,China,UK,2025-06-01,2025-07-21,2025-07-28,Rail Freight,1479.28,1135.46,193.53,Delayed
SHIP000710,PO000772,UK,UK,2025-09-04,2025-09-06,2025-09-06,Courier,2602.57,0.0,244.89,Delivered
SHIP000711,PO001495,India,UK,2025-12-03,2025-12-30,2025-12-30,Air Freight,999.83,468.01,179.42,Delivered
SHIP000712,PO000893,China,UK,2025-10-29,2025-12-14,2025-12-21,Sea Freight,895.71,997.1,410.94,Delayed
SHIP000713,PO001842,China,UK,2025-09-27,2025-11-20,2025-11-21,Air Freight,684.95,691.84,383.33,Delivered
SHIP000714,PO000312,China,UK,2025-03-22,2025-05-16,2025-05-16,Rail Freight,3056.18,313.7,75.39,Delivered
SHIP000715,PO000847,UK,UK,2026-04-21,2026-04-18,2026-04-18,Courier,3083.28,0.0,128.42,Delivered
SHIP000716,PO000486,China,UK,2025-01-19,2025-03-06,2025-03-07,Air Freight,1242.69,1170.89,82.82,Delayed
SHIP000717,PO001299,UK,UK,2026-06-04,2026-06-09,2026-06-09,Road Freight,2984.8,0.0,157.05,Delivered
SHIP000718,PO001180,China,UK,2025-02-11,2025-03-25,2025-03-28,Sea Freight,4659.22,688.62,372.26,Delayed
SHIP000719,PO000397,India,UK,2026-03-15,2026-04-16,2026-04-16,Air Freight,991.44,1394.59,499.79,Delivered
SHIP000720,PO001415,China,UK,2025-02-28,2025-04-12,2025-04-13,Air Freight,732.63,1022.52,153.92,Delayed
SHIP000721,PO000112,India,UK,2025-01-20,2025-02-11,2025-02-12,Air Freight,4124.8,201.1,318.62,Delayed
SHIP000722,PO000133,India,UK,2025-07-26,2025-08-16,2025-08-17,Air Freight,1468.88,412.14,446.15,Delayed
SHIP000723,PO001400,India,UK,2025-12-18,2026-01-11,2026-01-14,Sea Freight,3074.42,587.46,231.55,Delayed
SHIP000724,PO000789,China,UK,2026-04-14,2026-05-21,2026-05-22,Rail Freight,2658.78,1386.79,90.22,Delayed
SHIP000725,PO000373,UK,UK,2026-07-10,2026-07-10,2026-07-10,Courier,1904.63,0.0,477.2,Delivered
SHIP000726,PO001782,India,UK,2025-04-13,2025-05-04,2025-05-04,Air Freight,1885.64,1455.42,345.02,Delivered
SHIP000727,PO000715,China,UK,2026-05-19,2026-07-01,2026-07-01,Air Freight,3724.29,876.07,109.63,Delivered
SHIP000728,PO000766,China,UK,2025-10-04,2025-11-05,2025-11-06,Rail Freight,2679.58,1453.97,490.26,Delivered
SHIP000729,PO000820,China,UK,2025-05-04,2025-06-09,2025-06-09,Air Freight,2384.88,121.56,138.57,Delivered
SHIP000730,PO000220,India,UK,2025-08-19,2025-09-13,2025-09-13,Sea Freight,4511.0,1354.05,256.09,Delivered
SHIP000731,PO001093,China,UK,2025-12-11,2026-01-20,2026-01-23,Sea Freight,748.52,325.02,96.33,Delayed
SHIP000732,PO000149,UK,UK,2025-10-01,2025-09-26,2025-09-26,Road Freight,847.22,0.0,179.4,Delivered
SHIP000733,PO001434,UK,UK,2026-03-21,2026-03-23,2026-03-26,Courier,3846.42,0.0,353.63,Delivered
SHIP000734,PO001336,India,UK,2026-01-22,2026-02-19,2026-02-22,Air Freight,3908.01,222.12,193.96,Delayed
SHIP000735,PO001045,China,UK,2025-09-22,2025-11-08,2025-11-08,Air Freight,950.25,322.73,261.8,Delivered
SHIP000736,PO001573,India,UK,2025-05-11,2025-06-08,2025-06-08,Sea Freight,1747.72,501.44,478.81,Delivered
SHIP000737,PO001317,China,UK,2026-06-15,2026-08-04,2026-08-04,Sea Freight,2575.79,576.28,349.63,Delivered
SHIP000738,PO001631,India,UK,2025-01-09,2025-01-31,2025-02-03,Sea Freight,4471.71,1189.06,295.54,Delivered
SHIP000739,PO000744,China,UK,2025-12-02,2026-01-19,2026-01-22,Air Freight,344.3,239.68,372.83,Delayed
SHIP000740,PO001266,China,UK,2025-06-26,2025-08-06,2025-08-07,Sea Freight,4939.77,604.89,72.64,Delayed
SHIP000741,PO000812,India,UK,2025-09-08,2025-10-09,2025-10-16,Air Freight,2523.34,943.09,202.3,Delivered
SHIP000742,PO001975,China,UK,2026-01-03,2026-02-13,2026-02-13,Rail Freight,1283.31,937.25,383.57,Delivered
SHIP000743,PO000012,India,UK,2025-10-08,2025-11-03,2025-11-04,Sea Freight,2492.33,1096.94,233.59,Delayed
SHIP000744,PO001694,India,UK,2025-07-22,2025-08-20,2025-08-23,Sea Freight,1599.0,762.43,166.65,Delivered
SHIP000745,PO001803,China,UK,2025-04-18,2025-06-01,2025-06-01,Air Freight,3065.43,325.99,466.31,Delivered
SHIP000746,PO000298,China,UK,2025-04-05,2025-05-19,2025-05-19,Rail Freight,247.15,285.92,267.47,Delivered
SHIP000747,PO000307,India,UK,2025-07-14,2025-08-10,2025-08-10,Air Freight,4967.63,880.85,262.86,Delivered
SHIP000748,PO000659,India,UK,2025-03-31,2025-04-23,2025-05-07,Air Freight,4713.48,1080.0,144.14,Delivered
SHIP000749,PO000972,China,UK,2025-03-31,2025-05-24,2025-05-25,Sea Freight,4284.17,242.45,434.45,Delayed
SHIP000750,PO000809,UK,UK,2026-05-24,2026-05-26,2026-05-26,Road Freight,911.98,0.0,124.07,Delivered
SHIP000751,PO000136,China,UK,2026-06-30,2026-08-05,2026-08-08,Sea Freight,1884.4,465.43,361.09,Delayed
SHIP000752,PO001179,China,UK,2025-09-25,2025-10-27,2025-11-03,Rail Freight,4389.78,587.94,423.42,Delayed
SHIP000753,PO000341,India,UK,2025-04-19,2025-05-15,2025-05-15,Sea Freight,1449.21,218.41,495.95,Delivered
SHIP000754,PO001104,China,UK,2026-02-25,2026-04-16,2026-04-19,Air Freight,2670.35,314.81,400.79,Delayed
SHIP000755,PO000795,China,UK,2025-06-08,2025-07-22,2025-07-22,Air Freight,577.81,898.02,295.07,Delivered
SHIP000756,PO001499,China,UK,2025-04-22,2025-06-09,2025-06-12,Air Freight,3287.91,874.14,130.12,Delayed
SHIP000757,PO001866,UK,UK,2026-03-05,2026-03-03,2026-03-10,Courier,1906.45,0.0,397.09,Delayed
SHIP000758,PO001005,India,UK,2025-10-11,2025-11-09,2025-11-09,Sea Freight,4257.98,921.87,206.86,Delivered
SHIP000759,PO000821,India,UK,2025-11-12,2025-12-08,2025-12-15,Sea Freight,2709.58,1051.73,200.6,Delivered
SHIP000760,PO000728,UK,UK,2025-05-18,2025-05-22,2025-05-22,Road Freight,3954.59,0.0,346.94,Delivered
SHIP000761,PO001058,China,UK,2025-07-15,2025-09-05,2025-09-05,Air Freight,3410.15,1175.49,103.67,Delivered
SHIP000762,PO001942,India,UK,2026-04-06,2026-04-29,2026-04-30,Air Freight,2978.45,466.58,167.16,Delivered
SHIP000763,PO000167,China,UK,2026-01-19,2026-02-27,2026-03-02,Rail Freight,2601.17,1393.33,338.47,Delivered
SHIP000764,PO001459,China,UK,2025-11-25,2026-01-10,2026-01-11,Sea Freight,595.25,1373.2,83.01,Delayed
SHIP000765,PO000667,UK,UK,2025-10-15,2025-10-11,2025-10-14,Road Freight,2214.25,0.0,144.71,Delayed
SHIP000766,PO000542,India,UK,2025-04-08,2025-05-04,2025-05-07,Sea Freight,4311.67,143.92,340.88,Delayed
SHIP000767,PO001554,UK,UK,2025-11-30,2025-12-04,2025-12-05,Road Freight,1687.28,0.0,356.12,Delayed
SHIP000768,PO000628,China,UK,2025-12-27,2026-02-01,2026-02-04,Sea Freight,1584.27,1132.59,112.12,Delayed
SHIP000769,PO000205,China,UK,2025-12-14,2026-01-26,2026-01-27,Sea Freight,2828.47,1407.85,220.67,Delivered
SHIP000770,PO001645,India,UK,2025-06-01,2025-06-30,2025-07-01,Sea Freight,2409.66,176.05,163.37,Delivered
SHIP000771,PO001847,China,UK,2025-08-15,2025-09-29,2025-09-29,Rail Freight,3850.48,153.02,247.04,Delivered
SHIP000772,PO000431,China,UK,2025-08-27,2025-10-23,2025-10-23,Air Freight,4717.69,1468.29,313.42,Delivered
SHIP000773,PO000103,China,UK,2026-07-29,2026-09-16,2026-09-17,Rail Freight,1906.18,1083.34,456.17,Delayed
SHIP000774,PO000942,India,UK,2025-03-26,2025-04-24,2025-04-24,Sea Freight,4757.73,162.66,167.32,Delivered
SHIP000775,PO000889,China,UK,2025-06-01,2025-07-10,2025-07-13,Air Freight,1540.55,1274.62,107.7,Delivered
SHIP000776,PO000165,UK,UK,2026-02-24,2026-02-25,2026-02-28,Courier,3806.14,0.0,150.67,Delivered
SHIP000777,PO000442,India,UK,2025-08-31,2025-09-23,2025-09-24,Sea Freight,2613.53,931.17,88.31,Delayed
SHIP000778,PO001260,India,UK,2025-05-31,2025-06-25,2025-06-25,Air Freight,642.76,162.74,371.82,Delivered
SHIP000779,PO000503,China,UK,2026-07-12,2026-08-24,2026-08-24,Rail Freight,4396.74,889.53,170.16,Delivered
SHIP000780,PO000985,China,UK,2026-05-09,2026-06-21,2026-06-21,Air Freight,4079.1,740.88,394.5,Delivered
SHIP000781,PO000701,China,UK,2025-02-12,2025-04-06,2025-04-13,Sea Freight,3565.94,1080.6,358.46,Delivered
SHIP000782,PO001006,China,UK,2025-12-11,2026-02-02,2026-02-02,Rail Freight,2480.23,869.46,306.88,Delivered
SHIP000783,PO001563,China,UK,2026-04-15,2026-06-09,2026-06-09,Rail Freight,997.69,201.7,316.24,Delivered
SHIP000784,PO001296,India,UK,2025-07-09,2025-08-01,2025-08-01,Sea Freight,749.73,767.59,166.51,Delivered
SHIP000785,PO000472,China,UK,2026-02-03,2026-04-02,2026-04-02,Sea Freight,4808.96,859.31,190.58,Delivered
SHIP000786,PO000999,India,UK,2026-07-03,2026-07-28,2026-07-28,Sea Freight,1186.23,274.32,152.75,Delivered
SHIP000787,PO000187,India,UK,2025-09-24,2025-10-17,2025-10-17,Sea Freight,301.79,479.41,214.11,Delivered
SHIP000788,PO000411,China,UK,2025-11-14,2026-01-08,2026-01-22,Sea Freight,3191.53,216.95,88.59,Delayed
SHIP000789,PO000607,UK,UK,2026-02-02,2026-02-04,2026-02-04,Road Freight,799.22,0.0,384.03,Delivered
SHIP000790,PO001307,India,UK,2025-11-18,2025-12-08,2025-12-15,Air Freight,4511.97,786.59,57.84,Delivered
SHIP000791,PO001709,India,UK,2026-01-13,2026-02-03,2026-02-03,Air Freight,1346.03,740.67,349.3,Delivered
SHIP000792,PO001031,China,UK,2025-01-31,2025-03-25,2025-03-25,Air Freight,2598.32,604.57,455.01,Delivered
SHIP000793,PO001646,China,UK,2025-12-01,2026-01-26,2026-01-26,Rail Freight,1522.26,128.52,461.96,Delivered
SHIP000794,PO000845,China,UK,2025-03-30,2025-05-15,2025-05-18,Air Freight,596.46,547.67,142.94,Delayed
SHIP000795,PO000977,India,UK,2025-07-20,2025-08-23,2025-08-23,Sea Freight,4845.46,164.05,338.46,Delivered
SHIP000796,PO001644,China,UK,2026-04-03,2026-05-20,2026-05-20,Rail Freight,109.8,118.06,486.73,Delivered
SHIP000797,PO001022,India,UK,2025-10-02,2025-10-24,2025-10-24,Sea Freight,2784.82,1223.36,156.85,Delivered
SHIP000798,PO000697,China,UK,2025-11-03,2025-12-17,2025-12-20,Rail Freight,1423.38,575.24,113.39,Delivered
SHIP000799,PO000151,China,UK,2025-05-21,2025-07-10,2025-07-10,Air Freight,4960.94,1268.78,75.76,Delivered
SHIP000800,PO001516,China,UK,2025-07-02,2025-08-05,2025-08-06,Sea Freight,3702.56,179.49,138.05,Delayed
SHIP000801,PO001426,India,UK,2025-04-01,2025-04-22,2025-04-22,Sea Freight,135.65,1444.1,457.43,Delivered
SHIP000802,PO000445,India,UK,2026-02-22,2026-03-20,2026-03-20,Air Freight,2429.84,1357.5,315.46,Delivered
SHIP000803,PO000669,India,UK,2025-03-25,2025-04-16,2025-04-17,Sea Freight,2734.58,475.95,167.55,Delayed
SHIP000804,PO001403,India,UK,2026-07-17,2026-08-11,2026-08-11,Sea Freight,481.88,802.52,389.3,Delivered
SHIP000805,PO000838,China,UK,2026-07-01,2026-08-16,2026-08-19,Rail Freight,4922.55,1076.7,121.07,Delivered
SHIP000806,PO001054,India,UK,2026-05-14,2026-06-13,2026-06-16,Air Freight,796.73,680.75,299.96,Delivered
SHIP000807,PO000647,India,UK,2025-02-06,2025-03-05,2025-03-12,Air Freight,2686.44,1191.0,181.51,Delivered
SHIP000808,PO000310,India,UK,2025-09-01,2025-09-28,2025-09-28,Sea Freight,2032.36,1248.36,381.26,Delivered
SHIP000809,PO001084,China,UK,2026-04-23,2026-06-01,2026-06-15,Air Freight,1998.52,763.52,273.29,Delivered
SHIP000810,PO001903,India,UK,2025-08-01,2025-08-25,2025-08-28,Air Freight,1590.26,688.35,374.42,Delivered
SHIP000811,PO000094,China,UK,2026-06-10,2026-08-06,2026-08-07,Air Freight,450.2,724.27,300.6,Delayed
SHIP000812,PO000047,India,UK,2026-07-26,2026-08-18,2026-08-25,Air Freight,1395.86,105.24,359.71,Delivered
SHIP000813,PO001807,China,UK,2025-05-10,2025-06-11,2025-06-11,Rail Freight,4184.68,957.98,110.17,Delivered
SHIP000814,PO001932,India,UK,2025-08-30,2025-09-30,2025-09-30,Sea Freight,4107.54,1162.77,478.92,Delivered
SHIP000815,PO000138,China,UK,2025-07-29,2025-09-13,2025-09-16,Air Freight,258.36,1220.03,433.32,Delivered
SHIP000816,PO000943,China,UK,2026-03-26,2026-05-16,2026-05-17,Rail Freight,1120.67,565.67,389.91,Delivered
SHIP000817,PO000930,China,UK,2026-04-15,2026-05-30,2026-05-30,Rail Freight,1483.23,471.32,451.21,Delivered
SHIP000818,PO001504,India,UK,2026-03-15,2026-04-06,2026-04-09,Air Freight,4451.87,1493.95,116.05,Delayed
SHIP000819,PO001886,India,UK,2025-07-17,2025-08-15,2025-08-15,Sea Freight,1563.59,389.25,56.55,Delivered
SHIP000820,PO001626,China,UK,2025-02-01,2025-03-20,2025-03-23,Rail Freight,3602.03,672.98,297.76,Delivered
SHIP000821,PO000173,China,UK,2025-02-17,2025-04-10,2025-04-17,Air Freight,2470.91,1139.38,466.0,Delayed
SHIP000822,PO000760,UK,UK,2026-06-02,2026-06-03,2026-06-06,Courier,4180.03,0.0,163.6,Delayed
SHIP000823,PO000306,China,UK,2025-01-24,2025-03-16,2025-03-16,Sea Freight,2095.27,917.55,190.26,Delivered
SHIP000824,PO001171,China,UK,2025-02-15,2025-04-08,2025-04-11,Sea Freight,2029.8,442.7,312.31,Delayed
SHIP000825,PO001896,China,UK,2025-06-10,2025-07-27,2025-07-27,Air Freight,4030.45,459.64,376.33,Delivered
SHIP000826,PO001867,China,UK,2026-03-04,2026-04-24,2026-04-27,Sea Freight,3688.96,265.39,285.27,Delivered
SHIP000827,PO000817,UK,UK,2026-05-18,2026-05-18,2026-05-18,Road Freight,2205.57,0.0,122.0,Delivered
SHIP000828,PO000366,UK,UK,2026-01-20,2026-01-16,2026-01-16,Courier,2953.83,0.0,160.8,Delivered
SHIP000829,PO000600,China,UK,2025-04-11,2025-06-02,2025-06-03,Air Freight,2787.81,807.05,197.15,Delayed
SHIP000830,PO001863,UK,UK,2026-01-02,2026-01-01,2026-01-01,Road Freight,423.26,0.0,320.07,Delivered
SHIP000831,PO001887,China,UK,2025-07-15,2025-09-04,2025-09-04,Rail Freight,253.26,1344.15,359.99,Delivered
SHIP000832,PO001466,China,UK,2025-10-07,2025-11-21,2025-11-21,Sea Freight,538.29,1280.06,117.76,Delivered
SHIP000833,PO001591,China,UK,2025-01-09,2025-02-10,2025-02-10,Sea Freight,170.35,408.79,206.57,Delivered
SHIP000834,PO001312,China,UK,2025-03-09,2025-04-16,2025-04-19,Sea Freight,552.2,489.72,256.81,Delayed
SHIP000835,PO000965,India,UK,2026-02-27,2026-03-21,2026-03-21,Sea Freight,507.02,600.91,397.27,Delivered
SHIP000836,PO000483,UK,UK,2026-02-14,2026-02-14,2026-02-17,Courier,2258.97,0.0,335.74,Delivered
SHIP000837,PO000395,India,UK,2026-05-13,2026-06-11,2026-06-11,Air Freight,1866.54,956.21,425.03,Delivered
SHIP000838,PO000351,China,UK,2026-06-30,2026-08-12,2026-08-12,Air Freight,4948.89,1043.33,483.27,Delivered
SHIP000839,PO001162,India,UK,2025-05-24,2025-06-15,2025-06-16,Air Freight,2811.42,157.0,298.52,Delayed
SHIP000840,PO001762,China,UK,2026-04-26,2026-05-28,2026-05-28,Sea Freight,3758.42,671.99,292.35,Delivered
SHIP000841,PO001455,China,UK,2026-05-14,2026-06-13,2026-06-16,Air Freight,2685.23,566.72,493.6,Delivered
SHIP000842,PO000856,India,UK,2025-05-16,2025-06-06,2025-06-06,Sea Freight,1043.79,732.28,239.93,Delivered
SHIP000843,PO001114,China,UK,2026-07-08,2026-08-10,2026-08-13,Air Freight,916.18,752.3,314.32,Delivered
SHIP000844,PO001409,China,UK,2025-09-08,2025-10-15,2025-10-18,Air Freight,3343.54,141.36,94.11,Delivered
SHIP000845,PO001891,China,UK,2025-06-08,2025-07-27,2025-07-27,Air Freight,2252.35,490.47,257.54,Delivered
SHIP000846,PO000913,India,UK,2025-09-16,2025-10-17,2025-10-17,Sea Freight,3193.56,1002.6,132.28,Delivered
SHIP000847,PO001928,India,UK,2025-09-14,2025-10-08,2025-10-09,Air Freight,790.29,1483.77,462.32,Delayed
SHIP000848,PO001126,China,UK,2025-08-09,2025-09-07,2025-09-08,Air Freight,3287.86,748.79,311.14,Delayed
SHIP000849,PO000346,China,UK,2026-01-09,2026-03-03,2026-03-04,Rail Freight,298.48,1434.98,359.65,Delayed
SHIP000850,PO000996,India,UK,2025-09-13,2025-10-04,2025-10-04,Air Freight,568.46,309.79,96.49,Delivered
SHIP000851,PO000336,India,UK,2026-07-14,2026-08-08,2026-08-08,Sea Freight,125.41,1258.05,398.15,Delivered
SHIP000852,PO001529,China,UK,2026-06-10,2026-08-04,2026-08-11,Sea Freight,4563.76,886.47,487.0,Delivered
SHIP000853,PO001355,China,UK,2025-11-10,2025-12-22,2025-12-22,Rail Freight,4370.03,1105.31,160.99,Delivered
SHIP000854,PO001736,China,UK,2025-07-26,2025-09-04,2025-09-07,Air Freight,4017.95,1246.66,223.8,Delivered
SHIP000855,PO000176,China,UK,2026-07-09,2026-08-22,2026-08-22,Sea Freight,2624.14,1283.71,498.45,Delivered
SHIP000856,PO000015,China,UK,2026-01-03,2026-02-04,2026-02-04,Air Freight,1490.99,1205.9,299.5,Delivered
SHIP000857,PO000180,UK,UK,2026-05-03,2026-05-09,2026-05-16,Courier,3810.17,0.0,302.84,Delivered
SHIP000858,PO000682,China,UK,2025-10-27,2025-12-06,2025-12-06,Sea Freight,3457.13,1062.11,54.81,Delivered
SHIP000859,PO000275,China,UK,2025-08-19,2025-10-08,2025-10-08,Rail Freight,2902.07,124.83,191.98,Delivered
SHIP000860,PO001218,China,UK,2026-01-13,2026-02-23,2026-02-23,Air Freight,3908.23,999.17,199.21,Delivered
SHIP000861,PO001406,China,UK,2025-07-08,2025-08-26,2025-08-26,Air Freight,2485.01,614.3,234.63,Delivered
SHIP000862,PO000705,UK,UK,2025-06-08,2025-06-13,2025-06-13,Road Freight,3996.33,0.0,348.76,Delivered
SHIP000863,PO000273,UK,UK,2025-03-25,2025-03-26,2025-03-26,Road Freight,1140.87,0.0,306.03,Delivered
SHIP000864,PO000888,UK,UK,2025-08-27,2025-08-26,2025-08-26,Courier,1755.1,0.0,227.94,Delivered
SHIP000865,PO001198,UK,UK,2025-10-16,2025-10-16,2025-10-16,Courier,106.01,0.0,162.89,Delivered
SHIP000866,PO000147,India,UK,2026-02-12,2026-03-14,2026-03-14,Air Freight,139.6,568.36,479.35,Delivered
SHIP000867,PO001840,India,UK,2025-10-03,2025-10-28,2025-10-29,Sea Freight,3161.98,230.03,392.81,Delayed
SHIP000868,PO000577,India,UK,2025-08-29,2025-10-03,2025-10-04,Sea Freight,4314.45,1389.33,148.92,Delivered
SHIP000869,PO000992,India,UK,2025-12-05,2026-01-10,2026-01-11,Air Freight,3956.94,1321.89,264.31,Delivered
SHIP000870,PO001648,China,UK,2025-09-28,2025-11-13,2025-11-13,Rail Freight,4936.79,923.73,261.92,Delivered
SHIP000871,PO001254,China,UK,2026-04-16,2026-05-29,2026-05-29,Rail Freight,4456.53,1398.04,384.7,Delivered
SHIP000872,PO001181,China,UK,2026-03-27,2026-05-20,2026-05-20,Rail Freight,3704.19,440.42,123.31,Delivered
SHIP000873,PO000586,India,UK,2026-02-12,2026-03-15,2026-03-18,Sea Freight,1943.48,1405.72,215.85,Delivered
SHIP000874,PO000148,India,UK,2025-03-20,2025-04-26,2025-04-27,Sea Freight,158.49,1367.17,166.09,Delayed
SHIP000875,PO001738,India,UK,2025-04-25,2025-05-17,2025-05-31,Air Freight,2954.78,1490.37,160.71,Delayed
SHIP000876,PO000557,China,UK,2026-03-15,2026-04-30,2026-05-01,Rail Freight,179.86,532.73,79.28,Delivered
SHIP000877,PO000236,India,UK,2025-07-29,2025-08-23,2025-08-23,Air Freight,718.09,451.13,216.56,Delivered
SHIP000878,PO000758,India,UK,2025-05-16,2025-06-13,2025-06-16,Air Freight,2766.42,151.23,497.28,Delivered
SHIP000879,PO000825,China,UK,2026-03-04,2026-04-20,2026-04-23,Sea Freight,1718.34,1091.97,296.24,Delayed
SHIP000880,PO001721,China,UK,2026-05-09,2026-06-30,2026-07-07,Sea Freight,571.33,101.62,105.15,Delayed
SHIP000881,PO001925,India,UK,2025-03-15,2025-04-11,2025-04-11,Sea Freight,1995.7,884.44,226.04,Delivered
SHIP000882,PO000430,China,UK,2025-03-17,2025-05-10,2025-05-24,Rail Freight,4868.93,849.97,338.16,Delayed
SHIP000883,PO000343,China,UK,2025-09-02,2025-10-19,2025-10-19,Sea Freight,222.98,319.79,453.77,Delivered
SHIP000884,PO001250,China,UK,2026-07-21,2026-08-29,2026-08-29,Air Freight,197.12,1337.46,411.29,Delivered
SHIP000885,PO000315,India,UK,2025-06-18,2025-07-14,2025-07-14,Air Freight,2748.19,1328.75,228.68,Delivered
SHIP000886,PO001262,China,UK,2025-09-05,2025-10-25,2025-10-28,Sea Freight,801.83,798.7,492.96,Delayed
SHIP000887,PO001142,China,UK,2026-05-18,2026-06-25,2026-06-25,Sea Freight,250.18,1071.53,199.93,Delivered
SHIP000888,PO001786,India,UK,2026-07-24,2026-08-16,2026-08-19,Air Freight,4260.56,622.24,418.1,Delayed
SHIP000889,PO001859,UK,UK,2026-04-29,2026-05-04,2026-05-04,Courier,4659.53,0.0,174.37,Delivered
SHIP000890,PO000748,China,UK,2025-11-04,2025-12-18,2025-12-18,Air Freight,3731.81,307.44,319.32,Delivered
SHIP000891,PO001111,UK,UK,2025-02-24,2025-02-25,2025-02-25,Courier,4557.52,0.0,61.82,Delivered
SHIP000892,PO000203,UK,UK,2026-05-15,2026-05-22,2026-05-22,Road Freight,4684.0,0.0,99.96,Delivered
SHIP000893,PO000464,China,UK,2026-07-23,2026-09-07,2026-09-07,Air Freight,4434.15,631.55,335.36,Delivered
SHIP000894,PO000602,UK,UK,2025-07-08,2025-07-04,2025-07-04,Road Freight,2815.78,0.0,330.2,Delivered
SHIP000895,PO000529,China,UK,2026-03-16,2026-04-24,2026-04-24,Rail Freight,4444.82,1468.3,127.27,Delivered
SHIP000896,PO000636,India,UK,2025-12-19,2026-01-18,2026-01-18,Sea Freight,4452.12,930.97,121.24,Delivered
SHIP000897,PO001175,India,UK,2025-07-19,2025-08-17,2025-08-18,Air Freight,4736.88,1173.79,310.94,Delivered
SHIP000898,PO001378,China,UK,2026-03-12,2026-05-05,2026-05-05,Air Freight,116.22,1073.91,150.42,Delivered
SHIP000899,PO001980,UK,UK,2026-06-19,2026-06-19,2026-06-20,Courier,2430.59,0.0,471.43,Delivered
SHIP000900,PO000890,UK,UK,2025-06-16,2025-06-22,2025-06-25,Road Freight,752.88,0.0,365.65,Delivered
SHIP000901,PO000004,India,UK,2025-02-24,2025-03-22,2025-03-22,Sea Freight,2309.33,1469.54,89.14,Delivered
SHIP000902,PO001151,India,UK,2025-05-12,2025-06-01,2025-06-01,Air Freight,4523.32,483.45,231.24,Delivered
SHIP000903,PO001293,China,UK,2026-06-11,2026-07-28,2026-07-29,Air Freight,3705.07,457.08,80.19,Delivered
SHIP000904,PO000492,China,UK,2025-05-28,2025-07-14,2025-07-17,Sea Freight,2107.71,1477.77,309.88,Delivered
SHIP000905,PO000339,India,UK,2025-04-28,2025-05-23,2025-05-24,Air Freight,3240.92,148.49,203.34,Delayed
SHIP000906,PO000006,China,UK,2025-08-12,2025-09-27,2025-09-27,Air Freight,3894.7,1451.78,150.35,Delivered
SHIP000907,PO000234,China,UK,2025-08-01,2025-09-04,2025-09-05,Sea Freight,1256.46,1141.89,447.45,Delayed
SHIP000908,PO000575,India,UK,2025-11-17,2025-12-14,2025-12-15,Air Freight,1010.97,1227.88,425.72,Delivered
SHIP000909,PO000240,China,UK,2025-05-12,2025-07-03,2025-07-03,Sea Freight,2806.2,466.44,332.54,Delivered
SHIP000910,PO000045,China,UK,2025-12-02,2026-01-20,2026-01-27,Air Freight,3273.97,934.15,366.76,Delayed
SHIP000911,PO000569,China,UK,2026-05-13,2026-06-27,2026-06-27,Air Freight,4926.4,269.32,213.37,Delivered
SHIP000912,PO000256,China,UK,2025-05-18,2025-07-13,2025-07-13,Sea Freight,684.78,698.59,244.48,Delivered
SHIP000913,PO000948,UK,UK,2025-02-16,2025-02-15,2025-02-15,Courier,3752.92,0.0,355.67,Delivered
SHIP000914,PO001133,China,UK,2025-05-21,2025-07-02,2025-07-02,Rail Freight,4598.32,383.81,483.65,Delivered
SHIP000915,PO000144,India,UK,2025-09-23,2025-10-22,2025-10-22,Air Freight,4332.38,366.95,170.83,Delivered
SHIP000916,PO001195,UK,UK,2025-07-10,2025-07-10,2025-07-10,Courier,608.73,0.0,143.87,Delivered
SHIP000917,PO001758,UK,UK,2026-01-20,2026-01-23,2026-01-23,Courier,2992.97,0.0,91.93,Delivered
SHIP000918,PO001571,China,UK,2025-08-10,2025-10-01,2025-10-08,Air Freight,2516.43,204.19,190.31,Delayed
SHIP000919,PO000973,India,UK,2025-11-05,2025-12-03,2025-12-06,Sea Freight,2903.78,502.84,368.28,Delivered
SHIP000920,PO000872,China,UK,2025-04-18,2025-05-17,2025-05-17,Rail Freight,2973.35,581.41,140.89,Delivered
SHIP000921,PO000470,China,UK,2026-04-30,2026-06-16,2026-06-23,Rail Freight,2935.65,404.3,136.99,Delayed
SHIP000922,PO000886,China,UK,2025-10-13,2025-12-03,2025-12-03,Sea Freight,3640.44,1482.3,335.57,Delivered
SHIP000923,PO001911,China,UK,2026-02-22,2026-04-08,2026-04-15,Air Freight,2266.62,485.35,279.34,Delayed
SHIP000924,PO001964,China,UK,2025-01-25,2025-03-10,2025-03-10,Sea Freight,1480.55,286.06,300.81,Delivered
SHIP000925,PO001157,UK,UK,2025-12-03,2025-12-04,2025-12-07,Road Freight,4854.33,0.0,171.75,Delayed
SHIP000926,PO001828,India,UK,2025-04-30,2025-05-31,2025-05-31,Sea Freight,3588.32,171.31,236.48,Delivered
SHIP000927,PO000610,China,UK,2025-09-04,2025-10-26,2025-10-27,Rail Freight,3146.05,909.7,254.21,Delivered
SHIP000928,PO001766,UK,UK,2025-03-22,2025-03-20,2025-03-20,Road Freight,3514.1,0.0,287.37,Delivered
SHIP000929,PO001967,UK,UK,2025-09-13,2025-09-10,2025-09-11,Courier,4562.05,0.0,242.58,Delivered
SHIP000930,PO000694,China,UK,2026-03-30,2026-05-21,2026-05-21,Sea Freight,4105.87,1385.02,335.05,Delivered
SHIP000931,PO000460,China,UK,2025-10-01,2025-11-03,2025-11-04,Rail Freight,3910.89,789.35,209.88,Delayed
SHIP000932,PO001856,UK,UK,2025-05-14,2025-05-16,2025-05-16,Road Freight,1921.83,0.0,395.4,Delivered
SHIP000933,PO000396,India,UK,2025-04-23,2025-05-17,2025-05-18,Air Freight,618.64,299.01,410.71,Delayed
SHIP000934,PO001473,India,UK,2026-02-06,2026-03-06,2026-03-09,Air Freight,188.14,1359.24,323.33,Delayed
SHIP000935,PO001651,India,UK,2026-02-06,2026-02-25,2026-02-25,Sea Freight,1808.25,339.04,385.17,Delivered
SHIP000936,PO000332,China,UK,2025-04-15,2025-06-06,2025-06-06,Air Freight,3318.09,879.87,498.94,Delivered
SHIP000937,PO000466,China,UK,2025-11-06,2025-12-21,2025-12-21,Air Freight,2209.9,1186.47,411.93,Delivered
SHIP000938,PO001147,UK,UK,2025-03-21,2025-03-19,2025-03-19,Courier,3571.14,0.0,327.85,Delivered
SHIP000939,PO000337,India,UK,2025-12-30,2026-01-23,2026-01-23,Air Freight,4619.02,601.82,455.31,Delivered
SHIP000940,PO000297,China,UK,2025-09-09,2025-10-21,2025-10-22,Sea Freight,1766.18,854.48,157.77,Delivered
SHIP000941,PO001469,India,UK,2025-07-24,2025-08-19,2025-08-20,Sea Freight,4932.21,912.88,467.81,Delivered
SHIP000942,PO001194,India,UK,2025-07-19,2025-08-22,2025-08-23,Air Freight,3366.32,458.49,196.53,Delayed
SHIP000943,PO001502,China,UK,2026-04-12,2026-05-14,2026-05-14,Air Freight,2880.44,533.84,488.37,Delivered
SHIP000944,PO000448,China,UK,2025-09-30,2025-11-17,2025-11-17,Sea Freight,1482.77,609.47,444.04,Delivered
SHIP000945,PO000581,China,UK,2025-12-10,2026-01-16,2026-01-19,Rail Freight,362.31,1009.71,368.48,Delayed
SHIP000946,PO000624,India,UK,2026-06-09,2026-07-17,2026-07-24,Air Freight,2442.05,1103.25,413.38,Delayed
SHIP000947,PO001961,India,UK,2026-04-13,2026-05-05,2026-05-05,Air Freight,762.0,202.57,70.76,Delivered
SHIP000948,PO000387,UK,UK,2026-07-24,2026-07-28,2026-07-28,Road Freight,4080.74,0.0,330.57,Delivered
SHIP000949,PO001485,China,UK,2025-06-24,2025-07-22,2025-07-22,Sea Freight,3035.92,1499.83,135.43,Delivered
SHIP000950,PO001551,China,UK,2025-04-08,2025-05-31,2025-05-31,Air Freight,678.3,777.39,84.05,Delivered
SHIP000951,PO001746,UK,UK,2025-07-27,2025-07-25,2025-07-26,Courier,2727.71,0.0,92.29,Delivered
SHIP000952,PO001173,China,UK,2025-06-20,2025-07-20,2025-07-20,Rail Freight,4339.27,1427.94,454.68,Delivered
SHIP000953,PO001627,India,UK,2025-08-12,2025-09-06,2025-09-06,Air Freight,4370.37,1329.3,103.04,Delivered
SHIP000954,PO001921,India,UK,2026-05-27,2026-06-22,2026-06-22,Air Freight,175.33,517.91,230.25,Delivered
SHIP000955,PO000239,China,UK,2025-03-30,2025-05-12,2025-05-12,Air Freight,2185.57,1210.12,169.86,Delivered
SHIP000956,PO001117,UK,UK,2026-02-22,2026-02-28,2026-03-03,Courier,1464.94,0.0,478.34,Delayed
SHIP000957,PO001208,India,UK,2025-12-16,2026-01-12,2026-01-13,Sea Freight,3341.25,1345.74,497.67,Delivered
SHIP000958,PO001328,China,UK,2025-02-09,2025-03-18,2025-03-25,Rail Freight,3945.63,535.08,485.53,Delayed
SHIP000959,PO001097,India,UK,2025-05-11,2025-06-05,2025-06-06,Air Freight,4556.87,1318.74,176.86,Delivered
SHIP000960,PO000072,China,UK,2025-06-17,2025-07-20,2025-07-21,Air Freight,975.31,1014.7,139.52,Delivered
SHIP000961,PO000414,China,UK,2025-01-30,2025-03-20,2025-03-21,Air Freight,718.3,479.75,255.94,Delayed
SHIP000962,PO000608,India,UK,2026-02-27,2026-03-26,2026-03-27,Sea Freight,1589.54,1359.68,239.22,Delivered
SHIP000963,PO000030,UK,UK,2026-07-09,2026-07-07,2026-07-14,Road Freight,4896.32,0.0,230.28,Delivered
SHIP000964,PO000222,India,UK,2026-06-30,2026-07-21,2026-07-21,Sea Freight,2364.54,668.96,98.62,Delivered
SHIP000965,PO001535,China,UK,2025-12-08,2026-01-19,2026-01-19,Sea Freight,4645.97,1133.65,468.04,Delivered
SHIP000966,PO000153,China,UK,2025-06-30,2025-08-13,2025-08-20,Air Freight,1135.8,132.5,492.74,Delayed
SHIP000967,PO000563,India,UK,2025-02-24,2025-03-21,2025-03-21,Sea Freight,4182.94,1327.08,493.74,Delivered
SHIP000968,PO000850,India,UK,2025-01-13,2025-02-09,2025-02-09,Sea Freight,3763.56,485.77,459.68,Delivered
SHIP000969,PO001119,India,UK,2026-04-17,2026-05-14,2026-05-14,Sea Freight,2053.29,367.66,267.29,Delivered
SHIP000970,PO001063,China,UK,2026-07-01,2026-07-30,2026-07-30,Rail Freight,4579.83,1231.22,294.53,Delivered
SHIP000971,PO000091,China,UK,2026-03-27,2026-05-11,2026-05-11,Sea Freight,1280.74,1116.79,76.54,Delivered
SHIP000972,PO001808,India,UK,2025-02-13,2025-03-07,2025-03-07,Sea Freight,3470.44,1012.11,227.91,Delivered
SHIP000973,PO000287,India,UK,2025-07-09,2025-08-01,2025-08-01,Air Freight,3176.38,632.87,338.38,Delivered
SHIP000974,PO001008,UK,UK,2025-06-20,2025-06-20,2025-06-20,Road Freight,860.93,0.0,350.56,Delivered
SHIP000975,PO001676,India,UK,2025-08-28,2025-09-19,2025-09-19,Air Freight,3341.58,1116.6,69.15,Delivered
SHIP000976,PO001187,China,UK,2025-03-25,2025-05-02,2025-05-02,Air Freight,4762.47,838.22,321.19,Delivered
SHIP000977,PO001061,India,UK,2025-12-17,2026-01-16,2026-01-16,Sea Freight,2861.21,1109.0,384.46,Delivered
SHIP000978,PO001810,UK,UK,2026-05-06,2026-05-08,2026-05-08,Road Freight,2461.46,0.0,468.18,Delivered
SHIP000979,PO000663,India,UK,2025-12-22,2026-01-18,2026-01-21,Sea Freight,1170.79,495.42,296.17,Delayed
SHIP000980,PO001894,India,UK,2026-01-25,2026-03-05,2026-03-05,Air Freight,4655.03,792.82,474.44,Delivered
SHIP000981,PO001871,China,UK,2026-02-10,2026-04-05,2026-04-08,Sea Freight,3732.79,372.34,428.96,Delivered
SHIP000982,PO001051,China,UK,2026-01-23,2026-03-13,2026-03-13,Sea Freight,409.48,828.24,102.41,Delivered
SHIP000983,PO001369,UK,UK,2025-09-17,2025-09-17,2025-09-20,Road Freight,2140.73,0.0,168.56,Delivered
SHIP000984,PO001146,China,UK,2026-03-09,2026-05-01,2026-05-04,Air Freight,2003.08,505.4,468.12,Delivered
SHIP000985,PO000531,India,UK,2025-02-01,2025-02-25,2025-03-04,Sea Freight,4088.56,1392.75,211.38,Delivered
SHIP000986,PO000288,China,UK,2025-06-13,2025-07-25,2025-07-26,Air Freight,1376.01,511.26,57.74,Delivered
SHIP000987,PO000533,India,UK,2025-11-26,2025-12-19,2025-12-19,Air Freight,4485.82,405.0,491.26,Delivered
SHIP000988,PO001313,India,UK,2026-01-27,2026-02-22,2026-02-22,Sea Freight,789.19,1333.31,487.01,Delivered
SHIP000989,PO000381,China,UK,2025-12-07,2026-01-19,2026-01-20,Sea Freight,4147.4,1118.42,67.31,Delivered
SHIP000990,PO001613,UK,UK,2025-10-06,2025-10-02,2025-10-02,Road Freight,249.76,0.0,326.52,Delivered
SHIP000991,PO001154,China,UK,2026-01-18,2026-03-05,2026-03-05,Rail Freight,1921.68,1076.53,292.66,Delivered
SHIP000992,PO000655,China,UK,2025-01-14,2025-02-23,2025-03-09,Rail Freight,1679.11,354.14,142.09,Delayed
SHIP000993,PO000003,UK,UK,2025-05-02,2025-05-02,2025-05-02,Road Freight,1590.06,0.0,192.47,Delivered
SHIP000994,PO000007,UK,UK,2025-06-04,2025-06-07,2025-06-21,Road Freight,4182.39,0.0,454.76,Delivered
SHIP000995,PO001922,China,UK,2025-07-12,2025-08-19,2025-08-20,Rail Freight,4647.1,590.49,321.97,Delayed
SHIP000996,PO000328,China,UK,2025-09-01,2025-10-15,2025-10-15,Sea Freight,668.86,1437.08,364.59,Delivered
SHIP000997,PO001699,UK,UK,2026-03-27,2026-03-25,2026-03-26,Courier,952.83,0.0,253.84,Delayed
SHIP000998,PO001065,China,UK,2025-06-09,2025-07-24,2025-07-24,Air Freight,4687.38,1250.65,246.56,Delivered
SHIP000999,PO000698,China,UK,2025-02-20,2025-04-03,2025-04-04,Air Freight,2474.85,643.6,289.18,Delayed
SHIP001000,PO000383,UK,UK,2025-02-12,2025-02-16,2025-02-16,Road Freight,2236.95,0.0,498.25,Delivered
SHIP001001,PO001970,China,UK,2025-07-22,2025-09-16,2025-09-16,Sea Freight,4916.29,286.32,304.14,Delivered
SHIP001002,PO000227,China,UK,2025-03-26,2025-04-30,2025-04-30,Air Freight,4572.78,1462.22,198.43,Delivered
SHIP001003,PO000083,India,UK,2026-07-15,2026-08-11,2026-08-11,Air Freight,3108.78,126.48,150.62,Delivered
SHIP001004,PO001039,India,UK,2025-09-04,2025-09-30,2025-10-03,Sea Freight,475.67,978.46,337.14,Delayed
SHIP001005,PO000033,China,UK,2025-08-12,2025-09-28,2025-10-01,Sea Freight,2618.77,248.57,146.49,Delivered
SHIP001006,PO001785,China,UK,2025-07-10,2025-08-15,2025-08-15,Air Freight,2364.12,781.92,339.11,Delivered
SHIP001007,PO000551,China,UK,2026-04-27,2026-06-14,2026-06-14,Sea Freight,1016.8,127.44,232.23,Delivered
SHIP001008,PO001837,India,UK,2025-09-19,2025-10-16,2025-10-17,Air Freight,3952.75,722.27,277.97,Delivered
SHIP001009,PO000061,China,UK,2026-01-10,2026-03-02,2026-03-02,Air Freight,4831.74,915.13,485.3,Delivered
SHIP001010,PO000671,China,UK,2025-05-24,2025-07-08,2025-07-08,Air Freight,2077.61,1294.6,302.9,Delivered
SHIP001011,PO000319,China,UK,2025-04-24,2025-05-22,2025-05-22,Air Freight,1778.37,1481.37,439.68,Delivered
SHIP001012,PO000752,UK,UK,2025-01-13,2025-01-16,2025-01-19,Courier,2799.07,0.0,459.98,Delayed
SHIP001013,PO000724,India,UK,2025-01-17,2025-02-23,2025-02-23,Sea Freight,3346.31,203.89,294.0,Delivered
SHIP001014,PO001564,China,UK,2025-10-29,2025-12-10,2025-12-10,Sea Freight,3430.07,1239.65,496.21,Delivered
SHIP001015,PO001358,UK,UK,2025-09-04,2025-09-02,2025-09-09,Courier,598.09,0.0,306.83,Delayed
SHIP001016,PO000657,UK,UK,2026-03-22,2026-03-25,2026-03-28,Courier,4774.5,0.0,68.6,Delivered
SHIP001017,PO000008,China,UK,2026-05-06,2026-06-10,2026-06-13,Air Freight,359.48,1253.27,231.41,Delayed
SHIP001018,PO000271,China,UK,2025-09-21,2025-10-25,2025-10-25,Air Freight,4975.6,796.47,118.18,Delivered
SHIP001019,PO000842,India,UK,2025-05-19,2025-06-19,2025-06-26,Air Freight,1086.66,645.99,328.22,Delivered
SHIP001020,PO000031,China,UK,2026-07-27,2026-09-05,2026-09-19,Sea Freight,3226.4,440.84,101.7,Delayed
SHIP001021,PO000354,India,UK,2025-08-15,2025-09-09,2025-09-09,Air Freight,533.36,1311.84,220.83,Delivered
SHIP001022,PO000601,China,UK,2025-09-08,2025-10-25,2025-10-25,Air Freight,1048.47,352.2,485.5,Delivered
SHIP001023,PO000053,China,UK,2026-04-13,2026-05-30,2026-06-13,Air Freight,2675.01,885.53,206.36,Delayed
SHIP001024,PO001641,China,UK,2026-01-30,2026-03-05,2026-03-12,Sea Freight,4668.71,1406.24,116.62,Delivered
SHIP001025,PO000113,China,UK,2025-10-03,2025-11-24,2025-11-24,Rail Freight,1261.75,300.41,124.86,Delivered
SHIP001026,PO000367,India,UK,2026-06-12,2026-07-08,2026-07-09,Air Freight,4161.31,698.33,126.11,Delayed
SHIP001027,PO000251,India,UK,2025-02-13,2025-03-06,2025-03-06,Sea Freight,963.96,671.82,382.47,Delivered
SHIP001028,PO000224,UK,UK,2026-07-28,2026-07-29,2026-07-29,Road Freight,1951.98,0.0,307.44,Delivered
SHIP001029,PO001255,China,UK,2025-10-19,2025-11-23,2025-11-23,Sea Freight,2899.71,1445.4,354.69,Delivered
SHIP001030,PO001140,India,UK,2026-02-08,2026-03-07,2026-03-07,Sea Freight,365.78,462.56,80.75,Delivered
SHIP001031,PO000832,UK,UK,2026-03-25,2026-04-01,2026-04-08,Courier,3547.66,0.0,63.04,Delivered
SHIP001032,PO001122,India,UK,2026-03-20,2026-04-16,2026-04-16,Air Freight,2917.73,203.98,430.33,Delivered
SHIP001033,PO001672,India,UK,2026-03-07,2026-03-31,2026-04-03,Air Freight,1311.67,959.4,428.5,Delivered
SHIP001034,PO000549,China,UK,2026-04-27,2026-06-08,2026-06-08,Sea Freight,2318.74,144.44,76.0,Delivered
SHIP001035,PO000244,China,UK,2025-06-28,2025-08-05,2025-08-05,Sea Freight,713.48,352.67,141.61,Delivered
SHIP001036,PO000677,UK,UK,2026-01-18,2026-01-22,2026-01-22,Road Freight,146.63,0.0,240.95,Delivered
SHIP001037,PO001506,India,UK,2025-02-08,2025-03-12,2025-03-15,Air Freight,4748.71,676.97,371.62,Delivered
SHIP001038,PO000559,China,UK,2025-03-16,2025-04-23,2025-04-23,Sea Freight,2830.05,1218.07,278.23,Delivered
SHIP001039,PO001507,India,UK,2025-03-02,2025-03-26,2025-03-26,Sea Freight,731.0,264.4,86.98,Delivered
SHIP001040,PO000634,India,UK,2026-01-01,2026-01-25,2026-01-25,Air Freight,218.69,598.16,161.13,Delivered
SHIP001041,PO001214,India,UK,2026-02-05,2026-03-01,2026-03-04,Air Freight,1141.01,323.08,430.23,Delayed
SHIP001042,PO001301,India,UK,2026-02-25,2026-03-26,2026-03-26,Sea Freight,4035.64,1477.97,427.49,Delivered
SHIP001043,PO000066,UK,UK,2026-07-17,2026-07-16,2026-07-16,Road Freight,4394.47,0.0,94.51,Delivered
SHIP001044,PO001263,India,UK,2025-07-17,2025-08-10,2025-08-17,Air Freight,4191.82,1117.05,232.96,Delivered
SHIP001045,PO000098,China,UK,2026-02-24,2026-04-05,2026-04-05,Rail Freight,1952.67,1467.42,496.4,Delivered
SHIP001046,PO000699,China,UK,2026-07-30,2026-09-02,2026-09-09,Air Freight,186.07,275.68,167.53,Delayed
SHIP001047,PO000296,India,UK,2025-04-16,2025-05-15,2025-05-18,Air Freight,3121.64,1129.42,229.05,Delayed
SHIP001048,PO001113,India,UK,2026-03-25,2026-04-20,2026-04-21,Air Freight,4856.76,695.99,200.38,Delivered
SHIP001049,PO000377,China,UK,2025-11-01,2025-12-11,2025-12-11,Sea Freight,3213.76,350.85,153.52,Delivered
SHIP001050,PO001873,India,UK,2025-09-25,2025-10-18,2025-10-21,Sea Freight,772.23,1372.74,248.71,Delivered
SHIP001051,PO001740,China,UK,2025-08-16,2025-10-10,2025-10-11,Sea Freight,1449.83,1295.76,304.81,Delivered
SHIP001052,PO000891,China,UK,2025-05-17,2025-06-30,2025-06-30,Air Freight,916.3,407.9,464.47,Delivered
SHIP001053,PO001374,China,UK,2025-03-18,2025-04-24,2025-04-24,Rail Freight,4695.92,679.84,92.77,Delivered
SHIP001054,PO000117,UK,UK,2025-06-26,2025-06-25,2025-06-26,Courier,3533.37,0.0,251.89,Delayed
SHIP001055,PO000048,China,UK,2025-03-14,2025-04-21,2025-04-21,Air Freight,4959.19,932.09,73.02,Delivered
SHIP001056,PO000132,China,UK,2025-06-21,2025-07-20,2025-07-20,Sea Freight,4979.47,987.21,258.17,Delivered
SHIP001057,PO000215,India,UK,2025-09-25,2025-10-25,2025-10-26,Air Freight,2980.07,402.62,484.98,Delayed
SHIP001058,PO000058,China,UK,2026-04-13,2026-06-09,2026-06-16,Sea Freight,3468.09,1164.76,195.39,Delivered
SHIP001059,PO000573,China,UK,2025-04-15,2025-05-23,2025-05-30,Sea Freight,2061.35,1042.44,188.17,Delayed
SHIP001060,PO000074,China,UK,2026-04-21,2026-05-27,2026-05-27,Sea Freight,2849.2,503.76,104.58,Delivered
SHIP001061,PO001844,India,UK,2025-09-15,2025-10-03,2025-10-03,Air Freight,191.35,592.92,363.38,Delivered
SHIP001062,PO001720,China,UK,2025-04-07,2025-05-19,2025-05-19,Sea Freight,917.84,829.23,400.57,Delivered
SHIP001063,PO000192,China,UK,2025-07-26,2025-09-05,2025-09-05,Sea Freight,389.61,481.2,476.53,Delivered
SHIP001064,PO000146,China,UK,2025-06-09,2025-07-19,2025-07-19,Rail Freight,2339.48,968.88,463.89,Delivered
SHIP001065,PO000949,UK,UK,2025-03-18,2025-03-18,2025-03-18,Courier,2301.02,0.0,245.46,Delivered
SHIP001066,PO000835,China,UK,2025-12-18,2026-02-05,2026-02-12,Sea Freight,1740.65,277.42,248.47,Delayed
SHIP001067,PO000140,UK,UK,2025-03-08,2025-03-08,2025-03-15,Courier,3835.67,0.0,61.9,Delivered
SHIP001068,PO000086,China,UK,2025-07-14,2025-08-15,2025-08-15,Rail Freight,2427.79,412.83,273.69,Delivered
SHIP001069,PO001539,China,UK,2025-05-29,2025-06-28,2025-06-28,Rail Freight,1078.48,228.47,273.31,Delivered
SHIP001070,PO000568,China,UK,2025-08-11,2025-09-16,2025-09-17,Air Freight,3653.89,1428.99,362.56,Delayed
SHIP001071,PO001940,UK,UK,2025-03-31,2025-04-01,2025-04-01,Courier,1956.56,0.0,124.53,Delivered
SHIP001072,PO001040,India,UK,2026-05-04,2026-06-12,2026-06-12,Air Freight,3760.02,1458.97,251.89,Delivered
SHIP001073,PO000174,China,UK,2026-06-01,2026-07-07,2026-07-07,Air Freight,1486.81,1043.18,229.38,Delivered
SHIP001074,PO000262,UK,UK,2026-06-13,2026-06-13,2026-06-20,Road Freight,3042.43,0.0,197.83,Delivered
SHIP001075,PO000471,China,UK,2025-02-24,2025-04-07,2025-04-08,Air Freight,4126.34,1393.66,85.35,Delivered
SHIP001076,PO001150,China,UK,2025-07-05,2025-08-10,2025-08-10,Air Freight,3316.55,777.15,58.01,Delivered
SHIP001077,PO000904,China,UK,2026-04-14,2026-05-23,2026-05-23,Air Freight,1036.64,651.08,70.84,Delivered
SHIP001078,PO001216,China,UK,2026-01-03,2026-02-09,2026-02-10,Rail Freight,865.39,1101.74,430.65,Delayed
SHIP001079,PO000104,India,UK,2025-10-01,2025-10-29,2025-10-29,Sea Freight,3289.51,931.69,162.17,Delivered
SHIP001080,PO001971,China,UK,2025-12-15,2026-02-05,2026-02-05,Air Freight,4808.15,1075.98,469.88,Delivered
SHIP001081,PO000773,India,UK,2025-12-23,2026-01-30,2026-01-30,Air Freight,261.98,656.36,245.86,Delivered
SHIP001082,PO001662,China,UK,2026-02-25,2026-04-04,2026-04-04,Air Freight,174.5,602.75,372.15,Delivered
SHIP001083,PO000109,India,UK,2025-08-21,2025-09-20,2025-09-23,Air Freight,2160.17,728.47,155.87,Delayed
SHIP001084,PO000458,UK,UK,2025-06-03,2025-06-04,2025-06-04,Courier,3131.57,0.0,53.15,Delivered
SHIP001085,PO000080,China,UK,2025-04-30,2025-05-30,2025-06-02,Rail Freight,2944.03,1411.99,441.69,Delivered
SHIP001086,PO001798,China,UK,2026-04-05,2026-05-08,2026-05-08,Air Freight,4327.29,907.27,436.37,Delivered
SHIP001087,PO001643,India,UK,2025-06-07,2025-06-30,2025-06-30,Sea Freight,2569.54,1290.83,114.73,Delivered
SHIP001088,PO000969,China,UK,2026-05-25,2026-07-07,2026-07-08,Sea Freight,4109.88,752.63,342.64,Delivered
SHIP001089,PO001713,UK,UK,2025-01-20,2025-01-21,2025-01-21,Road Freight,3511.53,0.0,113.31,Delivered
SHIP001090,PO001671,China,UK,2026-02-16,2026-04-05,2026-04-05,Air Freight,1692.33,209.58,384.95,Delivered
SHIP001091,PO001748,India,UK,2026-01-05,2026-01-27,2026-01-30,Air Freight,3158.67,1220.48,481.6,Delivered
SHIP001092,PO000800,India,UK,2025-05-19,2025-06-25,2025-06-25,Sea Freight,190.47,430.81,394.7,Delivered
SHIP001093,PO001046,China,UK,2025-11-05,2025-12-29,2025-12-29,Air Freight,4440.14,301.8,306.53,Delivered
SHIP001094,PO000409,India,UK,2025-02-24,2025-03-22,2025-03-22,Air Freight,3264.36,1372.02,262.86,Delivered
SHIP001095,PO000248,India,UK,2025-03-16,2025-04-12,2025-04-12,Air Freight,4719.32,645.24,300.5,Delivered
SHIP001096,PO001505,China,UK,2025-12-16,2026-01-23,2026-01-23,Air Freight,1788.98,304.81,222.66,Delivered
SHIP001097,PO000282,China,UK,2026-04-16,2026-05-28,2026-05-28,Air Freight,1995.49,395.17,385.95,Delivered
SHIP001098,PO001191,India,UK,2026-03-03,2026-03-30,2026-03-30,Air Freight,4114.92,1452.74,212.98,Delivered
SHIP001099,PO000124,India,UK,2026-01-04,2026-01-27,2026-01-30,Sea Freight,1741.41,726.95,74.35,Delivered
SHIP001100,PO001607,China,UK,2026-06-07,2026-07-16,2026-07-16,Sea Freight,2020.51,1278.87,389.59,Delivered
SHIP001101,PO000706,China,UK,2026-06-26,2026-08-14,2026-08-14,Rail Freight,2625.17,672.28,425.67,Delivered
SHIP001102,PO000264,China,UK,2025-11-09,2025-12-30,2025-12-30,Rail Freight,1988.38,858.24,110.35,Delivered
SHIP001103,PO001450,India,UK,2025-04-27,2025-05-18,2025-05-21,Air Freight,1051.69,512.18,73.69,Delivered
SHIP001104,PO001994,India,UK,2025-12-21,2026-01-18,2026-01-18,Sea Freight,2598.71,552.44,185.64,Delivered
SHIP001105,PO000101,India,UK,2026-04-05,2026-04-25,2026-04-26,Sea Freight,2089.48,1078.81,242.11,Delayed
SHIP001106,PO000039,India,UK,2026-04-18,2026-05-10,2026-05-10,Sea Freight,1186.31,289.89,433.18,Delivered
SHIP001107,PO001461,India,UK,2025-12-16,2026-01-08,2026-01-08,Sea Freight,927.3,438.89,188.6,Delivered
SHIP001108,PO001788,China,UK,2025-12-20,2026-01-21,2026-01-28,Rail Freight,2512.23,253.94,155.52,Delivered
SHIP001109,PO000473,China,UK,2026-02-10,2026-03-12,2026-03-13,Rail Freight,676.44,1349.81,346.76,Delayed
SHIP001110,PO000750,UK,UK,2025-08-16,2025-08-18,2025-08-21,Road Freight,2984.83,0.0,234.66,Delivered
SHIP001111,PO001305,UK,UK,2025-06-25,2025-06-24,2025-06-24,Courier,3011.34,0.0,67.15,Delivered
SHIP001112,PO001783,China,UK,2025-08-11,2025-10-05,2025-10-12,Rail Freight,4651.36,891.59,169.36,Delayed
SHIP001113,PO000001,China,UK,2025-11-05,2025-12-29,2025-12-29,Sea Freight,270.54,512.76,127.06,Delivered
SHIP001114,PO001372,China,UK,2025-11-02,2025-12-01,2025-12-01,Rail Freight,3086.62,803.43,222.06,Delivered
SHIP001115,PO001169,UK,UK,2026-07-21,2026-07-21,2026-07-24,Courier,3701.11,0.0,179.04,Delivered
SHIP001116,PO001177,China,UK,2025-10-19,2025-12-05,2025-12-08,Rail Freight,2249.47,724.53,300.13,Delayed
SHIP001117,PO000088,UK,UK,2025-09-02,2025-09-02,2025-09-05,Courier,938.62,0.0,308.06,Delivered
SHIP001118,PO001363,China,UK,2025-02-03,2025-03-09,2025-03-09,Sea Freight,706.77,1040.46,237.49,Delivered
SHIP001119,PO000709,China,UK,2026-05-27,2026-07-13,2026-07-16,Rail Freight,1752.94,395.15,264.9,Delayed
SHIP001120,PO001474,UK,UK,2025-04-21,2025-04-21,2025-04-28,Road Freight,1724.17,0.0,63.82,Delivered
SHIP001121,PO001110,China,UK,2025-03-04,2025-04-26,2025-04-26,Rail Freight,4594.13,758.62,422.37,Delivered
SHIP001122,PO000808,UK,UK,2025-03-19,2025-03-24,2025-03-24,Courier,4905.87,0.0,123.01,Delivered
SHIP001123,PO001514,India,UK,2025-03-30,2025-04-19,2025-04-26,Sea Freight,2195.43,1387.47,212.26,Delivered
SHIP001124,PO001279,India,UK,2025-06-22,2025-07-22,2025-07-25,Air Freight,3072.57,182.15,351.37,Delayed
SHIP001125,PO001755,China,UK,2025-10-25,2025-12-07,2025-12-10,Air Freight,1335.94,332.15,157.72,Delayed
SHIP001126,PO001486,China,UK,2025-01-10,2025-02-26,2025-03-01,Air Freight,1985.08,1063.83,252.22,Delivered
SHIP001127,PO000425,India,UK,2025-04-25,2025-05-16,2025-05-17,Sea Freight,4823.8,1131.28,497.73,Delayed
SHIP001128,PO001729,China,UK,2026-06-15,2026-08-01,2026-08-01,Air Freight,3160.14,322.45,251.15,Delivered
SHIP001129,PO001295,India,UK,2026-03-17,2026-04-12,2026-04-12,Sea Freight,3338.34,768.48,433.41,Delivered
SHIP001130,PO001337,China,UK,2025-03-18,2025-05-02,2025-05-03,Air Freight,3745.81,1498.19,223.68,Delivered
SHIP001131,PO000111,China,UK,2026-05-19,2026-07-02,2026-07-05,Air Freight,4498.34,784.88,226.08,Delayed
SHIP001132,PO000721,China,UK,2025-05-12,2025-06-19,2025-06-19,Rail Freight,2631.26,1065.35,389.72,Delivered
SHIP001133,PO001302,India,UK,2026-02-23,2026-03-17,2026-03-17,Sea Freight,2959.99,420.7,164.98,Delivered
SHIP001134,PO000869,India,UK,2026-01-18,2026-02-15,2026-02-15,Air Freight,4043.97,1044.8,261.98,Delivered
SHIP001135,PO000068,UK,UK,2025-07-26,2025-08-01,2025-08-01,Road Freight,3619.35,0.0,349.35,Delivered
SHIP001136,PO000897,India,UK,2025-02-17,2025-03-24,2025-03-24,Air Freight,2278.76,1163.55,362.77,Delivered
SHIP001137,PO001890,China,UK,2026-07-08,2026-08-08,2026-08-09,Sea Freight,3312.29,1044.19,395.05,Delayed
SHIP001138,PO000235,India,UK,2025-04-16,2025-05-06,2025-05-06,Air Freight,678.72,563.89,314.05,Delivered
SHIP001139,PO000154,UK,UK,2025-03-06,2025-03-04,2025-03-05,Courier,4588.53,0.0,198.08,Delivered
SHIP001140,PO001155,China,UK,2026-05-19,2026-06-30,2026-07-07,Air Freight,548.18,149.09,116.42,Delivered
SHIP001141,PO000393,China,UK,2025-06-04,2025-07-10,2025-07-10,Air Freight,3973.32,576.68,239.52,Delivered
SHIP001142,PO001417,UK,UK,2025-03-03,2025-03-05,2025-03-05,Road Freight,265.84,0.0,439.42,Delivered
SHIP001143,PO001993,China,UK,2025-04-07,2025-06-01,2025-06-04,Sea Freight,1293.43,400.02,167.04,Delivered
SHIP001144,PO001912,India,UK,2026-01-14,2026-02-08,2026-02-08,Air Freight,127.91,1438.12,376.72,Delivered
SHIP001145,PO001601,India,UK,2026-03-17,2026-04-10,2026-04-10,Air Freight,4819.13,427.5,80.48,Delivered
SHIP001146,PO001306,China,UK,2026-04-04,2026-05-08,2026-05-11,Sea Freight,4957.67,841.06,380.22,Delayed
SHIP001147,PO000010,India,UK,2026-02-17,2026-03-16,2026-03-17,Air Freight,755.03,768.77,230.96,Delayed
SHIP001148,PO000474,China,UK,2025-10-02,2025-11-16,2025-11-16,Air Freight,2603.17,642.28,52.07,Delivered
SHIP001149,PO000741,India,UK,2026-02-09,2026-03-12,2026-03-13,Sea Freight,3071.73,1350.39,162.5,Delayed
SHIP001150,PO000270,China,UK,2025-10-20,2025-11-28,2025-11-28,Air Freight,4572.74,340.03,358.33,Delivered
SHIP001151,PO000931,China,UK,2025-02-10,2025-03-27,2025-03-27,Air Freight,1749.14,1434.09,61.29,Delivered
SHIP001152,PO000410,India,UK,2026-02-08,2026-03-05,2026-03-05,Air Freight,4809.63,247.09,79.2,Delivered
SHIP001153,PO000958,India,UK,2026-03-20,2026-04-09,2026-04-09,Sea Freight,1582.18,1340.81,194.9,Delivered
SHIP001154,PO000976,China,UK,2026-02-12,2026-03-14,2026-03-21,Sea Freight,2774.99,1229.54,392.14,Delivered
SHIP001155,PO001706,India,UK,2025-03-20,2025-04-15,2025-04-18,Air Freight,1340.41,737.23,292.62,Delayed
SHIP001156,PO001235,China,UK,2025-02-20,2025-04-03,2025-04-06,Rail Freight,1447.71,1401.72,223.77,Delayed
SHIP001157,PO000485,India,UK,2025-01-20,2025-02-27,2025-02-27,Air Freight,4194.82,639.82,50.81,Delivered
SHIP001158,PO001269,China,UK,2025-07-05,2025-08-27,2025-08-27,Rail Freight,2749.03,251.68,126.69,Delivered
SHIP001159,PO001015,China,UK,2025-07-06,2025-08-27,2025-08-28,Sea Freight,4646.62,1475.51,174.96,Delivered
SHIP001160,PO000527,UK,UK,2025-07-25,2025-07-27,2025-07-30,Road Freight,3304.06,0.0,476.47,Delayed
SHIP001161,PO000776,India,UK,2025-11-02,2025-12-03,2025-12-03,Air Freight,4357.71,950.52,416.73,Delivered
SHIP001162,PO001851,China,UK,2026-01-24,2026-03-20,2026-03-23,Air Freight,1782.06,562.7,120.28,Delivered
SHIP001163,PO000914,India,UK,2025-07-15,2025-08-16,2025-08-16,Air Freight,4320.99,511.49,409.53,Delivered
SHIP001164,PO000767,UK,UK,2026-06-03,2026-06-02,2026-06-02,Road Freight,2378.87,0.0,403.9,Delivered
SHIP001165,PO000566,China,UK,2026-03-31,2026-05-07,2026-05-07,Sea Freight,2965.54,1430.11,386.7,Delivered
SHIP001166,PO000730,China,UK,2026-06-05,2026-07-15,2026-07-15,Rail Freight,3801.14,591.58,258.02,Delivered
SHIP001167,PO001429,China,UK,2026-03-05,2026-05-01,2026-05-02,Rail Freight,724.39,293.33,329.96,Delayed
SHIP001168,PO001935,UK,UK,2026-03-27,2026-03-31,2026-04-03,Road Freight,3234.47,0.0,491.84,Delayed
SHIP001169,PO001217,China,UK,2025-06-11,2025-07-18,2025-07-19,Rail Freight,1332.65,407.77,138.6,Delayed
SHIP001170,PO001094,India,UK,2026-02-23,2026-04-01,2026-04-01,Sea Freight,4521.47,703.76,128.65,Delivered
SHIP001171,PO000392,China,UK,2026-02-03,2026-03-04,2026-03-04,Sea Freight,3103.84,1474.23,421.58,Delivered
SHIP001172,PO000700,China,UK,2025-09-14,2025-10-21,2025-10-28,Air Freight,1045.68,216.93,380.6,Delivered
SHIP001173,PO001525,UK,UK,2025-04-25,2025-04-25,2025-04-25,Road Freight,387.17,0.0,176.08,Delivered
SHIP001174,PO000375,India,UK,2026-05-03,2026-05-29,2026-05-29,Sea Freight,846.62,134.57,299.42,Delivered
SHIP001175,PO001024,India,UK,2026-04-16,2026-05-12,2026-05-15,Sea Freight,3269.53,655.2,368.79,Delivered
SHIP001176,PO000822,China,UK,2026-02-05,2026-03-12,2026-03-12,Rail Freight,4416.41,401.82,62.3,Delivered
SHIP001177,PO000771,India,UK,2025-06-09,2025-07-10,2025-07-10,Air Freight,4658.65,1030.22,309.43,Delivered
SHIP001178,PO001098,China,UK,2025-04-04,2025-05-14,2025-05-21,Rail Freight,1655.09,1258.48,59.44,Delayed
SHIP001179,PO001027,UK,UK,2025-03-08,2025-03-14,2025-03-14,Courier,2487.57,0.0,180.94,Delivered
SHIP001180,PO001524,China,UK,2025-03-14,2025-05-06,2025-05-07,Air Freight,4493.82,122.66,286.19,Delivered
SHIP001181,PO001484,UK,UK,2025-07-23,2025-07-21,2025-07-21,Courier,1879.65,0.0,329.81,Delivered
SHIP001182,PO001523,China,UK,2026-05-18,2026-07-13,2026-07-13,Air Freight,3057.15,998.46,288.13,Delivered
SHIP001183,PO001488,India,UK,2026-01-25,2026-02-13,2026-02-13,Sea Freight,4455.92,748.15,409.71,Delivered
SHIP001184,PO001693,China,UK,2026-02-04,2026-03-29,2026-03-30,Air Freight,2266.17,277.5,274.5,Delayed
SHIP001185,PO001719,China,UK,2025-01-09,2025-02-19,2025-02-19,Air Freight,1595.67,858.52,494.87,Delivered
SHIP001186,PO000934,China,UK,2026-01-20,2026-02-20,2026-02-20,Sea Freight,803.95,350.07,366.94,Delivered
SHIP001187,PO000085,China,UK,2026-04-17,2026-05-28,2026-05-29,Air Freight,2595.28,798.47,136.13,Delivered
SHIP001188,PO001245,China,UK,2026-05-12,2026-06-27,2026-06-27,Rail Freight,3569.05,1252.76,242.47,Delivered
SHIP001189,PO000853,China,UK,2025-08-06,2025-10-01,2025-10-02,Air Freight,142.64,1459.04,64.16,Delivered
SHIP001190,PO001283,India,UK,2025-02-13,2025-03-13,2025-03-13,Air Freight,3374.74,857.64,334.71,Delivered
SHIP001191,PO000704,India,UK,2026-02-13,2026-03-15,2026-03-16,Sea Freight,4428.15,221.18,460.84,Delayed
SHIP001192,PO001531,China,UK,2025-09-28,2025-11-10,2025-11-10,Air Freight,3346.6,1158.63,346.23,Delivered
SHIP001193,PO000063,China,UK,2025-05-10,2025-06-30,2025-06-30,Sea Freight,4057.55,744.69,268.69,Delivered
SHIP001194,PO000141,China,UK,2026-06-28,2026-08-01,2026-08-08,Air Freight,2807.64,727.38,209.03,Delivered
SHIP001195,PO001211,China,UK,2026-04-19,2026-05-22,2026-05-22,Sea Freight,2246.77,445.93,473.19,Delivered
SHIP001196,PO000987,China,UK,2026-06-23,2026-08-10,2026-08-10,Rail Freight,341.17,1297.15,197.45,Delivered
SHIP001197,PO001684,India,UK,2025-06-26,2025-07-24,2025-07-24,Air Freight,640.81,1154.85,253.45,Delivered
SHIP001198,PO000866,UK,UK,2025-03-15,2025-03-18,2025-03-18,Road Freight,4981.94,0.0,178.79,Delivered
SHIP001199,PO000530,China,UK,2025-04-29,2025-06-03,2025-06-03,Air Freight,4951.6,567.24,337.96,Delivered
SHIP001200,PO001778,India,UK,2025-08-03,2025-08-31,2025-09-01,Air Freight,4217.21,318.32,66.55,Delivered
SHIP001201,PO000365,China,UK,2025-01-31,2025-03-22,2025-03-22,Air Freight,4534.06,955.28,221.55,Delivered
SHIP001202,PO000407,India,UK,2026-03-05,2026-03-29,2026-04-05,Sea Freight,2296.36,903.62,370.64,Delayed
SHIP001203,PO001085,China,UK,2026-03-27,2026-05-02,2026-05-02,Rail Freight,1809.61,862.07,118.79,Delivered
SHIP001204,PO000944,UK,UK,2026-06-13,2026-06-15,2026-06-15,Courier,4068.99,0.0,205.79,Delivered
SHIP001205,PO000871,China,UK,2026-03-17,2026-05-05,2026-05-05,Sea Freight,1214.12,1268.69,276.72,Delivered
SHIP001206,PO001893,China,UK,2025-07-22,2025-08-22,2025-08-23,Rail Freight,1797.71,1161.31,407.53,Delayed
SHIP001207,PO000501,UK,UK,2026-06-27,2026-06-26,2026-06-26,Courier,1736.89,0.0,258.45,Delivered
SHIP001208,PO001609,China,UK,2025-04-06,2025-05-16,2025-05-16,Rail Freight,3414.07,1452.62,55.88,Delivered
SHIP001209,PO001393,China,UK,2025-04-27,2025-06-23,2025-06-23,Rail Freight,1416.47,618.89,427.28,Delivered
SHIP001210,PO000685,China,UK,2025-12-27,2026-02-13,2026-02-16,Sea Freight,884.82,1488.4,408.71,Delivered
SHIP001211,PO000181,China,UK,2026-04-06,2026-05-13,2026-05-13,Air Freight,1162.85,232.08,105.12,Delivered
SHIP001212,PO001221,UK,UK,2026-03-14,2026-03-11,2026-03-11,Courier,4911.87,0.0,161.11,Delivered
SHIP001213,PO000044,China,UK,2026-06-14,2026-07-19,2026-07-19,Rail Freight,3860.69,1082.37,71.09,Delivered
SHIP001214,PO000746,China,UK,2026-01-14,2026-02-17,2026-02-20,Rail Freight,4315.21,514.37,178.43,Delayed
SHIP001215,PO000096,China,UK,2025-02-11,2025-03-26,2025-03-26,Sea Freight,2276.29,580.88,135.52,Delivered
SHIP001216,PO001936,India,UK,2026-01-13,2026-01-31,2026-01-31,Air Freight,1410.67,1253.89,466.75,Delivered
SHIP001217,PO001278,China,UK,2025-03-04,2025-04-29,2025-04-29,Sea Freight,4159.6,192.11,334.17,Delivered
SHIP001218,PO000923,China,UK,2025-11-22,2025-12-29,2026-01-01,Sea Freight,3744.57,407.36,80.57,Delivered
SHIP001219,PO001348,China,UK,2026-07-22,2026-09-18,2026-09-19,Rail Freight,2655.21,470.69,219.66,Delivered
SHIP001220,PO001161,UK,UK,2026-07-15,2026-07-21,2026-07-22,Road Freight,3111.83,0.0,205.85,Delivered
SHIP001221,PO001227,China,UK,2026-04-10,2026-05-28,2026-05-29,Rail Freight,917.07,1337.77,75.09,Delayed
SHIP001222,PO001360,India,UK,2025-03-06,2025-04-09,2025-04-09,Air Freight,4307.88,131.5,294.94,Delivered
SHIP001223,PO001956,China,UK,2025-10-30,2025-12-14,2025-12-21,Rail Freight,323.93,463.59,193.8,Delivered
SHIP001224,PO000525,China,UK,2025-06-03,2025-07-18,2025-07-21,Sea Freight,3080.34,595.52,348.41,Delivered
SHIP001225,PO000356,India,UK,2025-09-17,2025-10-09,2025-10-09,Sea Freight,2584.07,865.69,475.55,Delivered
SHIP001226,PO001261,India,UK,2025-06-04,2025-07-01,2025-07-01,Air Freight,4814.8,936.03,272.6,Delivered
SHIP001227,PO000034,UK,UK,2025-06-04,2025-06-10,2025-06-10,Courier,4948.5,0.0,428.76,Delivered
SHIP001228,PO001290,India,UK,2025-07-27,2025-08-25,2025-08-26,Air Freight,4648.82,1469.44,149.94,Delayed
SHIP001229,PO001321,China,UK,2025-08-21,2025-10-03,2025-10-17,Rail Freight,1852.64,1331.56,405.31,Delayed
SHIP001230,PO001824,India,UK,2026-03-07,2026-04-07,2026-04-08,Sea Freight,657.1,905.94,216.26,Delivered
SHIP001231,PO001000,China,UK,2025-01-21,2025-03-04,2025-03-04,Air Freight,4884.59,1042.06,325.87,Delivered
SHIP001232,PO000178,India,UK,2026-07-01,2026-07-24,2026-07-24,Sea Freight,3549.59,782.81,386.02,Delivered
SHIP001233,PO001401,China,UK,2025-02-12,2025-03-31,2025-04-03,Air Freight,809.74,1104.01,143.13,Delayed
SHIP001234,PO001270,India,UK,2025-08-10,2025-09-01,2025-09-08,Sea Freight,3012.22,1114.53,419.5,Delayed
SHIP001235,PO000962,China,UK,2025-11-09,2025-12-30,2026-01-02,Rail Freight,1282.2,1247.86,259.95,Delayed
SHIP001236,PO000517,UK,UK,2025-12-27,2025-12-27,2025-12-30,Road Freight,713.47,0.0,317.83,Delivered
SHIP001237,PO001009,UK,UK,2025-02-16,2025-02-17,2025-02-17,Road Freight,2017.68,0.0,69.9,Delivered
SHIP001238,PO001165,China,UK,2025-07-15,2025-09-02,2025-09-05,Sea Freight,1510.68,816.0,341.4,Delayed
SHIP001239,PO001095,UK,UK,2026-07-19,2026-07-14,2026-07-21,Road Freight,1514.47,0.0,305.3,Delayed
SHIP001240,PO000616,UK,UK,2026-02-25,2026-02-28,2026-03-01,Road Freight,723.26,0.0,97.82,Delayed
SHIP001241,PO000787,China,UK,2025-08-18,2025-10-01,2025-10-01,Rail Freight,3846.05,1006.23,99.53,Delivered
SHIP001242,PO000690,China,UK,2025-12-31,2026-01-30,2026-01-31,Rail Freight,2523.15,829.28,102.55,Delivered
SHIP001243,PO000247,UK,UK,2025-09-18,2025-09-14,2025-09-15,Road Freight,1321.31,0.0,83.8,Delayed
SHIP001244,PO000768,UK,UK,2026-05-01,2026-05-04,2026-05-04,Road Freight,3952.44,0.0,314.38,Delivered
SHIP001245,PO001988,India,UK,2025-12-05,2026-01-02,2026-01-02,Air Freight,775.43,170.77,175.04,Delivered
SHIP001246,PO001634,India,UK,2025-04-22,2025-05-20,2025-05-20,Air Freight,3184.95,412.37,492.78,Delivered
SHIP001247,PO001228,China,UK,2025-07-02,2025-08-06,2025-08-06,Rail Freight,3365.96,868.24,209.38,Delivered
SHIP001248,PO001467,India,UK,2025-02-08,2025-03-08,2025-03-11,Air Freight,3132.33,287.34,326.83,Delivered
SHIP001249,PO001421,China,UK,2026-03-05,2026-04-21,2026-04-21,Air Freight,4292.55,982.81,310.54,Delivered
SHIP001250,PO001630,China,UK,2026-01-28,2026-02-25,2026-03-04,Sea Freight,3944.08,991.41,171.55,Delayed
SHIP001251,PO000988,India,UK,2025-07-05,2025-08-01,2025-08-01,Air Freight,1737.71,138.57,347.12,Delivered
SHIP001252,PO001282,China,UK,2025-08-07,2025-10-01,2025-10-04,Rail Freight,1686.81,695.17,468.4,Delayed
SHIP001253,PO001130,India,UK,2026-02-10,2026-03-09,2026-03-09,Sea Freight,1957.49,1156.89,367.09,Delivered
SHIP001254,PO000115,India,UK,2025-04-22,2025-05-21,2025-05-21,Sea Freight,4749.15,301.12,201.69,Delivered
SHIP001255,PO001540,China,UK,2025-05-28,2025-06-26,2025-07-03,Sea Freight,430.56,1067.02,188.54,Delivered
SHIP001256,PO000597,China,UK,2025-01-11,2025-03-01,2025-03-01,Sea Freight,3025.96,844.48,219.31,Delivered
SHIP001257,PO001239,China,UK,2025-03-03,2025-04-01,2025-04-01,Sea Freight,2622.25,228.13,364.04,Delivered
SHIP001258,PO001247,China,UK,2025-06-02,2025-07-18,2025-07-18,Air Freight,4357.53,257.25,483.69,Delivered
SHIP001259,PO000940,UK,UK,2025-05-05,2025-05-08,2025-05-15,Road Freight,2862.13,0.0,349.64,Delivered
SHIP001260,PO001002,China,UK,2026-03-11,2026-04-27,2026-04-30,Sea Freight,683.29,604.8,71.4,Delivered
SHIP001261,PO001112,China,UK,2025-11-05,2025-12-11,2025-12-14,Rail Freight,2770.52,858.67,284.11,Delivered
SHIP001262,PO001349,India,UK,2026-04-16,2026-05-19,2026-06-02,Sea Freight,784.72,1368.35,445.51,Delayed
SHIP001263,PO001368,China,UK,2025-07-07,2025-08-10,2025-08-13,Rail Freight,1871.48,461.42,210.66,Delivered
SHIP001264,PO001443,India,UK,2025-11-01,2025-11-25,2025-11-25,Sea Freight,2834.48,548.46,383.17,Delivered
SHIP001265,PO000933,UK,UK,2025-01-11,2025-01-16,2025-01-17,Road Freight,4368.73,0.0,483.32,Delayed
SHIP001266,PO001673,China,UK,2025-01-31,2025-03-12,2025-03-12,Air Freight,660.15,356.68,398.64,Delivered
SHIP001267,PO000894,China,UK,2025-12-23,2026-01-24,2026-01-27,Air Freight,4336.27,476.72,402.66,Delayed
SHIP001268,PO000770,UK,UK,2026-02-01,2026-02-04,2026-02-05,Courier,1403.98,0.0,92.63,Delivered
SHIP001269,PO000751,China,UK,2025-02-05,2025-03-30,2025-04-06,Air Freight,2130.27,1402.29,496.44,Delivered
SHIP001270,PO000479,India,UK,2026-03-06,2026-03-28,2026-04-04,Sea Freight,1296.15,1119.36,261.23,Delivered
SHIP001271,PO000279,India,UK,2026-01-17,2026-02-18,2026-02-18,Air Freight,2997.32,929.28,140.7,Delivered
SHIP001272,PO000081,India,UK,2026-04-20,2026-05-18,2026-05-18,Air Freight,747.01,1126.39,493.22,Delivered
SHIP001273,PO001659,India,UK,2026-06-20,2026-07-21,2026-07-22,Air Freight,3402.48,1336.02,175.26,Delayed
SHIP001274,PO000469,China,UK,2025-11-23,2025-12-31,2025-12-31,Rail Freight,4645.77,907.53,442.77,Delivered
SHIP001275,PO000416,China,UK,2025-10-29,2025-12-09,2025-12-09,Rail Freight,2628.79,467.82,345.81,Delivered
SHIP001276,PO000185,China,UK,2025-09-17,2025-10-31,2025-11-01,Rail Freight,3973.17,729.22,256.9,Delayed
SHIP001277,PO001106,UK,UK,2025-04-13,2025-04-13,2025-04-20,Courier,1806.99,0.0,97.73,Delayed
SHIP001278,PO001739,China,UK,2026-07-27,2026-09-19,2026-09-19,Sea Freight,221.23,839.74,136.19,Delivered
SHIP001279,PO001397,India,UK,2026-02-02,2026-02-24,2026-02-25,Air Freight,3990.38,497.91,160.54,Delayed
SHIP001280,PO001973,China,UK,2026-01-15,2026-02-18,2026-02-18,Air Freight,991.06,1199.72,229.88,Delivered
SHIP001281,PO000626,China,UK,2026-04-09,2026-06-03,2026-06-04,Air Freight,318.29,1334.22,431.94,Delivered
SHIP001282,PO000067,India,UK,2025-09-26,2025-10-24,2025-10-25,Air Freight,447.88,892.21,383.18,Delivered
SHIP001283,PO000919,China,UK,2025-11-30,2026-01-18,2026-01-18,Sea Freight,2635.41,324.1,55.97,Delivered
SHIP001284,PO001487,China,UK,2025-07-09,2025-08-25,2025-08-25,Rail Freight,746.27,742.07,455.77,Delivered
SHIP001285,PO001878,China,UK,2025-01-06,2025-02-18,2025-02-25,Rail Freight,3984.41,1301.84,409.71,Delivered
SHIP001286,PO000294,China,UK,2025-09-06,2025-10-09,2025-10-12,Sea Freight,360.83,183.13,365.57,Delivered
SHIP001287,PO000042,India,UK,2025-01-29,2025-02-21,2025-02-21,Sea Freight,3128.71,699.48,223.69,Delivered
SHIP001288,PO001515,China,UK,2025-08-04,2025-09-18,2025-09-18,Rail Freight,3175.51,738.5,218.36,Delivered
SHIP001289,PO000695,China,UK,2025-11-21,2026-01-15,2026-01-22,Sea Freight,2473.47,961.27,466.47,Delayed
SHIP001290,PO001955,China,UK,2025-11-29,2026-01-05,2026-01-05,Rail Freight,2397.45,452.74,103.44,Delivered
SHIP001291,PO001441,China,UK,2025-09-15,2025-10-27,2025-10-27,Sea Freight,3991.6,1023.1,360.09,Delivered
SHIP001292,PO001034,China,UK,2026-05-25,2026-07-02,2026-07-02,Sea Freight,3763.61,1167.38,80.05,Delivered
SHIP001293,PO001570,India,UK,2026-04-20,2026-05-16,2026-05-17,Sea Freight,3556.65,929.33,119.59,Delayed
SHIP001294,PO000774,China,UK,2025-03-07,2025-04-17,2025-04-20,Sea Freight,2610.64,654.6,277.88,Delivered
SHIP001295,PO000201,UK,UK,2025-09-29,2025-09-29,2025-09-30,Courier,4782.6,0.0,340.76,Delayed
SHIP001296,PO000970,UK,UK,2026-01-20,2026-01-20,2026-01-23,Courier,4388.57,0.0,68.06,Delivered
SHIP001297,PO000481,India,UK,2026-06-11,2026-07-08,2026-07-09,Sea Freight,985.47,1264.77,109.57,Delayed
SHIP001298,PO000708,India,UK,2025-12-15,2026-01-11,2026-01-11,Sea Freight,3963.25,1480.85,148.1,Delivered
SHIP001299,PO000798,China,UK,2025-06-07,2025-07-12,2025-07-12,Rail Freight,2938.25,1466.69,298.68,Delivered
SHIP001300,PO001812,India,UK,2025-05-06,2025-05-26,2025-06-09,Sea Freight,1114.79,1404.6,415.26,Delivered
SHIP001301,PO000764,UK,UK,2026-04-24,2026-04-22,2026-04-23,Courier,692.71,0.0,409.86,Delivered
SHIP001302,PO000433,India,UK,2026-02-15,2026-03-15,2026-03-15,Air Freight,3121.73,324.3,468.48,Delivered
SHIP001303,PO001166,China,UK,2025-04-06,2025-05-24,2025-05-27,Air Freight,696.15,1499.8,96.48,Delayed
SHIP001304,PO000868,India,UK,2025-01-11,2025-02-05,2025-02-05,Sea Freight,2210.56,232.42,276.8,Delivered
SHIP001305,PO001909,India,UK,2026-01-22,2026-02-20,2026-02-20,Air Freight,4404.17,305.58,462.3,Delivered
SHIP001306,PO000648,China,UK,2026-04-18,2026-05-26,2026-05-29,Air Freight,3208.14,1316.32,365.64,Delivered
SHIP001307,PO000121,UK,UK,2025-10-11,2025-10-14,2025-10-17,Courier,960.8,0.0,116.32,Delivered
SHIP001308,PO000440,UK,UK,2025-02-25,2025-02-23,2025-02-24,Road Freight,4964.45,0.0,131.61,Delivered
SHIP001309,PO001910,India,UK,2025-10-26,2025-11-22,2025-11-23,Air Freight,3498.11,1230.72,299.76,Delivered
SHIP001310,PO001026,China,UK,2025-12-18,2026-01-25,2026-01-25,Air Freight,401.89,1481.61,378.04,Delivered
SHIP001311,PO000635,China,UK,2025-07-12,2025-08-30,2025-08-30,Sea Freight,4970.26,870.67,57.65,Delivered
SHIP001312,PO001917,China,UK,2026-05-28,2026-07-10,2026-07-10,Air Freight,3392.11,1116.86,467.18,Delivered
SHIP001313,PO000095,China,UK,2025-10-23,2025-11-25,2025-11-26,Air Freight,4868.72,258.51,169.25,Delayed
SHIP001314,PO000892,China,UK,2025-03-09,2025-04-24,2025-04-24,Rail Freight,4840.22,302.34,106.43,Delivered
SHIP001315,PO001519,China,UK,2025-09-03,2025-10-28,2025-10-29,Sea Freight,160.23,954.55,347.37,Delivered
SHIP001316,PO001951,UK,UK,2025-07-31,2025-08-04,2025-08-07,Road Freight,772.9,0.0,138.12,Delayed
SHIP001317,PO000790,UK,UK,2026-04-20,2026-04-25,2026-04-26,Road Freight,3884.44,0.0,72.44,Delayed
SHIP001318,PO000524,India,UK,2025-11-19,2025-12-15,2025-12-15,Sea Freight,2241.76,1103.83,177.33,Delivered
SHIP001319,PO001351,UK,UK,2025-04-26,2025-05-02,2025-05-02,Courier,2552.39,0.0,104.73,Delivered
SHIP001320,PO000014,China,UK,2026-05-29,2026-07-05,2026-07-08,Air Freight,3938.97,642.86,307.27,Delayed
SHIP001321,PO000417,China,UK,2026-01-25,2026-03-03,2026-03-03,Sea Freight,1387.58,1093.56,295.5,Delivered
SHIP001322,PO000300,China,UK,2025-01-16,2025-02-21,2025-02-21,Rail Freight,2451.8,263.04,187.42,Delivered
SHIP001323,PO001131,India,UK,2026-07-21,2026-08-11,2026-08-12,Sea Freight,3958.4,1089.96,224.18,Delayed
SHIP001324,PO001264,China,UK,2025-10-03,2025-11-26,2025-11-29,Air Freight,3262.51,997.88,181.48,Delayed
SHIP001325,PO001749,India,UK,2025-10-08,2025-11-07,2025-11-07,Sea Freight,567.8,716.78,223.67,Delivered
SHIP001326,PO000723,India,UK,2025-08-14,2025-09-04,2025-09-07,Air Freight,2848.98,392.47,283.22,Delayed
SHIP001327,PO001633,India,UK,2025-10-24,2025-12-01,2025-12-02,Sea Freight,1936.38,1043.7,422.89,Delivered
SHIP001328,PO001875,India,UK,2026-01-10,2026-02-05,2026-02-05,Sea Freight,489.93,117.47,334.63,Delivered
SHIP001329,PO000722,China,UK,2026-06-19,2026-08-14,2026-08-14,Air Freight,3892.73,1107.22,330.74,Delivered
SHIP001330,PO000896,China,UK,2025-01-20,2025-03-18,2025-03-18,Air Freight,153.5,886.81,339.98,Delivered
SHIP001331,PO000168,UK,UK,2025-09-23,2025-09-24,2025-09-24,Courier,3592.4,0.0,395.7,Delivered
SHIP001332,PO000945,UK,UK,2025-03-07,2025-03-06,2025-03-13,Road Freight,3902.9,0.0,71.21,Delivered
SHIP001333,PO001574,China,UK,2026-05-03,2026-06-08,2026-06-08,Air Freight,1148.18,254.78,141.86,Delivered
SHIP001334,PO000272,China,UK,2025-12-26,2026-02-08,2026-02-08,Rail Freight,2903.75,139.67,193.77,Delivered
SHIP001335,PO000353,India,UK,2025-05-02,2025-06-05,2025-06-05,Sea Freight,393.17,580.21,327.53,Delivered
SHIP001336,PO001879,India,UK,2025-05-27,2025-07-02,2025-07-03,Air Freight,637.87,385.63,275.52,Delivered
SHIP001337,PO001103,China,UK,2025-04-27,2025-05-30,2025-06-02,Air Freight,514.47,786.37,290.3,Delivered
SHIP001338,PO000541,India,UK,2025-11-14,2025-12-10,2025-12-13,Air Freight,2794.16,722.9,238.06,Delivered
SHIP001339,PO001074,India,UK,2025-11-28,2025-12-24,2025-12-31,Air Freight,734.55,1466.38,119.36,Delivered
SHIP001340,PO000806,UK,UK,2025-09-02,2025-09-03,2025-09-06,Road Freight,220.49,0.0,494.77,Delayed
SHIP001341,PO001751,China,UK,2025-04-07,2025-05-21,2025-05-21,Sea Freight,3469.49,557.87,363.27,Delivered
SHIP001342,PO000799,UK,UK,2025-11-02,2025-11-02,2025-11-02,Courier,934.78,0.0,412.74,Delivered
SHIP001343,PO001320,UK,UK,2025-08-17,2025-08-12,2025-08-12,Courier,2429.4,0.0,223.34,Delivered
SHIP001344,PO001276,UK,UK,2026-05-01,2026-05-02,2026-05-02,Road Freight,154.01,0.0,469.7,Delivered
SHIP001345,PO001465,China,UK,2025-03-23,2025-05-16,2025-05-23,Rail Freight,3542.77,1139.24,197.87,Delayed
SHIP001346,PO001982,India,UK,2026-07-23,2026-08-14,2026-08-17,Air Freight,3769.33,832.21,201.94,Delayed
SHIP001347,PO000547,China,UK,2025-05-17,2025-06-17,2025-06-17,Sea Freight,1530.43,656.37,108.98,Delivered
SHIP001348,PO000028,UK,UK,2026-06-28,2026-07-01,2026-07-01,Courier,878.54,0.0,76.63,Delivered
SHIP001349,PO000374,India,UK,2025-08-27,2025-09-19,2025-09-19,Air Freight,1328.35,703.5,351.28,Delivered
SHIP001350,PO001352,UK,UK,2025-06-11,2025-06-11,2025-06-11,Courier,2571.65,0.0,373.84,Delivered
SHIP001351,PO001389,UK,UK,2026-01-12,2026-01-12,2026-01-13,Road Freight,1719.96,0.0,477.59,Delayed
SHIP001352,PO001683,China,UK,2025-06-04,2025-07-07,2025-07-07,Rail Freight,4058.49,712.43,87.87,Delivered
SHIP001353,PO000358,China,UK,2026-03-12,2026-04-30,2026-05-07,Air Freight,1291.87,1246.69,98.88,Delivered
SHIP001354,PO000455,China,UK,2025-07-22,2025-09-07,2025-09-07,Rail Freight,3566.72,1499.9,451.96,Delivered
SHIP001355,PO000498,India,UK,2025-11-13,2025-12-15,2025-12-15,Air Freight,2769.21,908.15,75.28,Delivered
SHIP001356,PO000229,China,UK,2025-04-23,2025-06-04,2025-06-11,Sea Freight,728.33,1218.09,327.4,Delayed
SHIP001357,PO000961,UK,UK,2026-05-18,2026-05-20,2026-05-27,Road Freight,1348.67,0.0,325.55,Delayed
SHIP001358,PO001300,China,UK,2025-03-30,2025-05-10,2025-05-13,Sea Freight,4324.27,1044.79,212.54,Delivered
SHIP001359,PO001596,China,UK,2026-04-20,2026-05-27,2026-05-27,Rail Freight,2983.27,121.18,274.46,Delivered
SHIP001360,PO001070,China,UK,2026-04-17,2026-06-02,2026-06-02,Air Freight,1322.05,674.33,152.55,Delivered
SHIP001361,PO001947,India,UK,2025-01-15,2025-02-07,2025-02-07,Air Freight,1270.81,188.28,134.45,Delivered
SHIP001362,PO000099,India,UK,2025-02-07,2025-03-03,2025-03-06,Sea Freight,2315.57,246.51,223.2,Delayed
SHIP001363,PO001067,India,UK,2025-02-01,2025-02-22,2025-02-22,Air Freight,4447.94,977.58,255.8,Delivered
SHIP001364,PO001137,India,UK,2026-02-02,2026-02-23,2026-02-26,Air Freight,1657.57,1083.99,473.84,Delayed
SHIP001365,PO001160,India,UK,2025-04-10,2025-05-17,2025-05-18,Sea Freight,1974.88,1264.01,495.74,Delivered
SHIP001366,PO001906,China,UK,2026-01-24,2026-02-25,2026-03-04,Rail Freight,759.54,1428.47,475.22,Delayed
SHIP001367,PO001385,India,UK,2026-06-02,2026-06-25,2026-06-25,Air Freight,626.13,1484.59,333.58,Delivered
SHIP001368,PO000729,China,UK,2025-02-20,2025-03-24,2025-03-24,Sea Freight,3303.15,130.16,417.86,Delivered
SHIP001369,PO001799,China,UK,2025-10-28,2025-12-20,2025-12-20,Air Freight,2649.16,1427.84,68.65,Delivered
SHIP001370,PO001053,UK,UK,2025-11-04,2025-11-08,2025-11-08,Courier,4994.73,0.0,464.81,Delivered
SHIP001371,PO000162,India,UK,2026-05-16,2026-06-19,2026-06-19,Air Freight,997.88,708.39,76.42,Delivered
SHIP001372,PO001167,China,UK,2026-06-13,2026-08-01,2026-08-01,Air Freight,4603.07,1459.13,495.6,Delivered
SHIP001373,PO001722,UK,UK,2025-08-19,2025-08-15,2025-08-15,Courier,4776.83,0.0,250.23,Delivered
SHIP001374,PO001997,China,UK,2026-01-01,2026-02-02,2026-02-05,Sea Freight,1343.19,1126.93,195.3,Delivered
SHIP001375,PO000828,India,UK,2025-12-01,2025-12-31,2026-01-03,Sea Freight,4813.0,1399.19,460.67,Delayed
SHIP001376,PO000609,China,UK,2026-02-23,2026-04-09,2026-04-09,Air Freight,4165.79,644.63,137.67,Delivered
SHIP001377,PO000736,India,UK,2026-05-06,2026-05-30,2026-05-30,Air Freight,2114.08,1384.38,497.84,Delivered
SHIP001378,PO001285,China,UK,2026-02-19,2026-03-23,2026-03-23,Air Freight,3454.58,590.53,277.68,Delivered
SHIP001379,PO001371,India,UK,2025-01-11,2025-02-07,2025-02-07,Sea Freight,2390.67,755.66,356.65,Delivered
SHIP001380,PO001820,UK,UK,2026-06-22,2026-06-24,2026-06-24,Courier,875.98,0.0,263.38,Delivered
SHIP001381,PO001335,China,UK,2025-01-13,2025-03-04,2025-03-05,Air Freight,2635.82,659.89,404.41,Delivered
SHIP001382,PO000513,UK,UK,2026-05-13,2026-05-12,2026-05-12,Road Freight,3402.3,0.0,265.62,Delivered
SHIP001383,PO000587,China,UK,2026-05-21,2026-07-12,2026-07-12,Sea Freight,1270.43,121.77,362.04,Delivered
SHIP001384,PO001212,UK,UK,2025-05-02,2025-04-29,2025-04-29,Road Freight,4467.28,0.0,410.66,Delivered
SHIP001385,PO001189,India,UK,2025-10-11,2025-11-12,2025-11-12,Air Freight,4838.16,421.81,275.63,Delivered
SHIP001386,PO000840,China,UK,2026-07-24,2026-09-16,2026-09-16,Rail Freight,3531.8,1440.24,210.64,Delivered
SHIP001387,PO000538,UK,UK,2025-07-02,2025-07-06,2025-07-06,Road Freight,816.48,0.0,433.14,Delivered
SHIP001388,PO000666,China,UK,2026-06-19,2026-07-30,2026-07-30,Sea Freight,1554.02,679.71,328.53,Delivered
SHIP001389,PO001475,China,UK,2026-05-27,2026-07-13,2026-07-13,Air Freight,2938.38,1242.39,314.71,Delivered
SHIP001390,PO001794,China,UK,2025-01-29,2025-03-10,2025-03-13,Air Freight,2135.61,475.3,134.95,Delivered
SHIP001391,PO001222,China,UK,2025-05-06,2025-06-30,2025-07-01,Sea Freight,547.31,1066.64,490.09,Delayed
SHIP001392,PO000829,China,UK,2025-03-02,2025-04-13,2025-04-16,Air Freight,4707.87,1017.96,482.7,Delayed
SHIP001393,PO000123,China,UK,2025-01-08,2025-02-24,2025-02-24,Sea Freight,258.14,391.36,154.0,Delivered
SHIP001394,PO000777,China,UK,2026-01-02,2026-02-18,2026-02-19,Sea Freight,4047.78,822.67,412.23,Delivered
SHIP001395,PO001690,China,UK,2025-02-17,2025-04-01,2025-04-01,Air Freight,3858.94,605.36,490.07,Delivered
SHIP001396,PO001148,China,UK,2025-11-08,2025-12-24,2025-12-25,Sea Freight,3817.98,1158.33,66.46,Delayed
SHIP001397,PO000873,India,UK,2026-06-29,2026-08-01,2026-08-01,Air Freight,473.86,943.23,102.67,Delivered
SHIP001398,PO000126,China,UK,2025-03-08,2025-04-23,2025-04-23,Air Freight,745.55,349.23,224.32,Delivered
SHIP001399,PO000689,UK,UK,2025-05-11,2025-05-13,2025-05-13,Road Freight,3248.11,0.0,256.98,Delivered
SHIP001400,PO001907,India,UK,2026-07-06,2026-08-05,2026-08-12,Air Freight,3622.76,555.64,76.31,Delivered
SHIP001401,PO000668,China,UK,2025-10-13,2025-12-05,2025-12-05,Air Freight,3394.55,826.75,386.46,Delivered
SHIP001402,PO000389,UK,UK,2026-07-15,2026-07-17,2026-07-18,Courier,4994.4,0.0,148.02,Delivered
SHIP001403,PO000283,India,UK,2025-10-22,2025-11-22,2025-11-29,Sea Freight,4942.2,824.55,198.61,Delivered
SHIP001404,PO000688,China,UK,2025-05-02,2025-06-26,2025-06-29,Sea Freight,2136.63,400.18,142.69,Delivered
SHIP001405,PO000989,China,UK,2026-02-02,2026-03-19,2026-03-19,Air Freight,4810.08,1192.28,91.85,Delivered
SHIP001406,PO000865,China,UK,2025-12-03,2026-01-10,2026-01-11,Rail Freight,4199.43,744.99,442.39,Delivered
SHIP001407,PO000912,China,UK,2025-12-15,2026-02-10,2026-02-13,Air Freight,3701.07,526.08,284.12,Delivered
SHIP001408,PO000052,China,UK,2025-08-22,2025-10-07,2025-10-07,Sea Freight,3859.4,414.38,60.24,Delivered
SHIP001409,PO001453,China,UK,2025-10-06,2025-11-08,2025-11-11,Air Freight,4475.62,998.54,388.73,Delivered
SHIP001410,PO001710,China,UK,2025-06-17,2025-08-08,2025-08-08,Rail Freight,2019.75,1298.45,180.06,Delivered
SHIP001411,PO001048,China,UK,2025-12-25,2026-02-03,2026-02-03,Sea Freight,2329.29,558.41,63.64,Delivered
SHIP001412,PO000924,China,UK,2025-04-11,2025-06-07,2025-06-07,Rail Freight,477.91,868.72,299.36,Delivered
SHIP001413,PO000811,China,UK,2025-05-16,2025-06-22,2025-06-23,Rail Freight,3075.77,1407.35,300.52,Delivered
SHIP001414,PO001292,China,UK,2025-11-14,2025-12-28,2026-01-04,Air Freight,3184.1,1086.04,121.78,Delayed
SHIP001415,PO001999,China,UK,2025-10-09,2025-11-19,2025-11-20,Sea Freight,2508.2,168.12,427.22,Delayed
SHIP001416,PO000005,China,UK,2026-04-17,2026-06-09,2026-06-09,Rail Freight,4189.31,245.24,422.99,Delivered
SHIP001417,PO001060,India,UK,2026-06-13,2026-07-15,2026-07-15,Sea Freight,3561.31,592.01,342.09,Delivered
SHIP001418,PO001726,UK,UK,2026-02-17,2026-02-21,2026-02-21,Road Freight,2179.83,0.0,469.74,Delivered
SHIP001419,PO000278,China,UK,2025-06-27,2025-08-05,2025-08-12,Sea Freight,4411.11,995.32,190.12,Delayed
SHIP001420,PO001818,India,UK,2025-03-22,2025-04-10,2025-04-10,Sea Freight,4425.04,998.53,456.05,Delivered
SHIP001421,PO001834,India,UK,2026-01-03,2026-01-30,2026-01-30,Air Freight,1078.38,821.39,342.51,Delivered
SHIP001422,PO000467,China,UK,2025-03-01,2025-04-15,2025-04-22,Sea Freight,3734.11,1182.7,368.01,Delayed
SHIP001423,PO001059,India,UK,2026-03-06,2026-04-01,2026-04-01,Sea Freight,3084.63,782.98,236.51,Delivered
SHIP001424,PO001144,China,UK,2025-03-04,2025-04-15,2025-04-18,Sea Freight,1493.59,176.62,51.33,Delivered
SHIP001425,PO000880,India,UK,2025-06-08,2025-07-02,2025-07-02,Air Freight,3079.15,223.33,97.67,Delivered
SHIP001426,PO001797,India,UK,2026-05-05,2026-05-29,2026-06-01,Air Freight,1821.76,784.5,491.75,Delayed
SHIP001427,PO000321,UK,UK,2026-03-27,2026-03-28,2026-03-31,Courier,1472.47,0.0,158.39,Delayed
SHIP001428,PO001444,UK,UK,2025-08-11,2025-08-10,2025-08-10,Road Freight,238.32,0.0,197.73,Delivered
SHIP001429,PO001555,India,UK,2025-08-15,2025-09-19,2025-09-20,Air Freight,1784.94,856.47,69.36,Delivered
SHIP001430,PO000331,China,UK,2025-05-20,2025-06-18,2025-07-02,Rail Freight,3663.65,1073.54,433.54,Delivered
SHIP001431,PO000158,India,UK,2026-06-22,2026-07-27,2026-08-10,Air Freight,3798.13,1282.09,393.61,Delayed
SHIP001432,PO001220,UK,UK,2025-05-27,2025-06-01,2025-06-01,Road Freight,2550.43,0.0,299.3,Delivered
SHIP001433,PO001286,China,UK,2025-08-23,2025-09-25,2025-09-25,Sea Freight,350.73,1358.75,208.6,Delivered
SHIP001434,PO000603,India,UK,2026-04-26,2026-05-17,2026-05-20,Sea Freight,313.13,751.47,464.58,Delayed
SHIP001435,PO000056,India,UK,2026-04-22,2026-05-21,2026-05-21,Sea Freight,1225.21,1125.48,447.87,Delivered
SHIP001436,PO001550,China,UK,2026-02-26,2026-04-15,2026-04-18,Sea Freight,497.89,962.92,200.84,Delayed
SHIP001437,PO000762,China,UK,2025-10-12,2025-11-26,2025-11-29,Sea Freight,4212.73,637.56,183.12,Delayed
SHIP001438,PO000876,China,UK,2025-04-15,2025-05-31,2025-05-31,Sea Freight,209.09,1329.64,88.54,Delivered
SHIP001439,PO001457,China,UK,2025-02-01,2025-03-20,2025-03-27,Rail Freight,3726.8,1497.88,381.17,Delivered
SHIP001440,PO001184,China,UK,2025-01-16,2025-02-20,2025-02-23,Rail Freight,4197.36,513.75,209.97,Delayed
SHIP001441,PO001238,China,UK,2025-01-17,2025-02-15,2025-02-16,Air Freight,1618.88,557.55,425.66,Delivered
SHIP001442,PO000495,UK,UK,2025-06-05,2025-06-11,2025-06-11,Courier,2584.51,0.0,339.98,Delivered
SHIP001443,PO001028,China,UK,2026-04-20,2026-06-04,2026-06-04,Air Freight,1896.04,1142.94,298.81,Delivered
SHIP001444,PO000686,India,UK,2025-10-25,2025-11-27,2025-12-04,Air Freight,4875.35,844.44,494.78,Delayed
SHIP001445,PO000420,UK,UK,2025-11-04,2025-11-07,2025-11-07,Road Freight,908.84,0.0,277.88,Delivered
SHIP001446,PO000537,China,UK,2026-01-02,2026-02-20,2026-02-21,Rail Freight,814.21,454.88,334.92,Delayed
SHIP001447,PO000338,China,UK,2025-03-02,2025-04-08,2025-04-08,Air Freight,3536.23,158.24,444.38,Delivered
SHIP001448,PO000024,China,UK,2025-08-31,2025-10-22,2025-10-22,Air Freight,3209.3,1467.12,211.22,Delivered
SHIP001449,PO000717,China,UK,2025-10-22,2025-11-28,2025-12-01,Air Freight,194.93,382.27,62.14,Delayed
SHIP001450,PO000041,China,UK,2025-10-28,2025-12-01,2025-12-15,Sea Freight,195.46,796.78,197.32,Delayed
SHIP001451,PO000952,China,UK,2025-07-24,2025-09-19,2025-09-20,Air Freight,2079.36,316.12,256.33,Delayed
SHIP001452,PO000870,UK,UK,2026-03-05,2026-03-03,2026-03-10,Courier,383.77,0.0,436.99,Delivered
SHIP001453,PO001802,China,UK,2025-09-03,2025-10-06,2025-10-07,Rail Freight,4333.46,857.0,454.53,Delivered
SHIP001454,PO000428,China,UK,2026-07-21,2026-09-07,2026-09-07,Sea Freight,914.03,972.2,198.79,Delivered
SHIP001455,PO000971,China,UK,2026-04-06,2026-05-23,2026-05-23,Rail Freight,3494.14,903.19,100.99,Delivered
SHIP001456,PO000564,India,UK,2025-10-24,2025-11-20,2025-11-21,Sea Freight,249.45,1299.55,419.85,Delayed
SHIP001457,PO000796,India,UK,2026-03-03,2026-03-28,2026-03-28,Air Freight,894.21,1341.2,394.94,Delivered
SHIP001458,PO001127,China,UK,2026-07-01,2026-08-06,2026-08-06,Sea Freight,1142.9,541.86,273.88,Delivered
SHIP001459,PO001272,China,UK,2026-03-19,2026-04-30,2026-04-30,Air Freight,3282.51,797.9,473.84,Delivered
SHIP001460,PO000259,India,UK,2026-07-15,2026-08-11,2026-08-11,Sea Freight,3998.02,1447.32,464.12,Delivered
SHIP001461,PO001498,China,UK,2026-07-02,2026-07-31,2026-07-31,Air Freight,1291.61,812.63,281.53,Delivered
SHIP001462,PO001197,China,UK,2025-09-16,2025-11-05,2025-11-05,Rail Freight,1399.42,1205.67,490.13,Delivered
SHIP001463,PO000823,India,UK,2025-01-26,2025-02-16,2025-02-16,Sea Freight,157.65,978.34,278.5,Delivered
SHIP001464,PO001747,India,UK,2026-02-10,2026-03-09,2026-03-10,Sea Freight,690.8,727.08,302.85,Delayed
SHIP001465,PO000515,UK,UK,2025-04-15,2025-04-20,2025-04-20,Courier,2892.72,0.0,314.52,Delivered
SHIP001466,PO000163,India,UK,2025-01-16,2025-02-10,2025-02-10,Air Freight,1335.8,1177.68,118.73,Delivered
SHIP001467,PO001018,China,UK,2025-07-15,2025-08-24,2025-08-25,Air Freight,1362.45,1213.32,316.06,Delivered
SHIP001468,PO000899,China,UK,2025-08-03,2025-09-25,2025-09-25,Sea Freight,4230.97,1463.26,263.68,Delivered
SHIP001469,PO001388,India,UK,2025-06-12,2025-07-13,2025-07-14,Sea Freight,2630.27,246.82,78.83,Delivered
SHIP001470,PO000658,China,UK,2026-01-15,2026-02-27,2026-02-27,Rail Freight,3036.79,661.02,339.79,Delivered
SHIP001471,PO000718,India,UK,2026-02-26,2026-03-27,2026-03-27,Sea Freight,365.67,1316.13,490.83,Delivered
SHIP001472,PO001559,India,UK,2025-09-01,2025-10-05,2025-10-05,Sea Freight,4536.79,467.23,109.76,Delivered
SHIP001473,PO000598,UK,UK,2025-09-06,2025-09-03,2025-09-03,Road Freight,751.54,0.0,200.7,Delivered
SHIP001474,PO001908,China,UK,2025-04-21,2025-06-07,2025-06-07,Rail Freight,1917.51,850.51,409.95,Delivered
SHIP001475,PO000022,India,UK,2025-10-11,2025-11-09,2025-11-09,Sea Freight,2661.2,611.56,306.8,Delivered
SHIP001476,PO000134,China,UK,2025-07-12,2025-08-14,2025-08-14,Sea Freight,490.22,1249.64,280.34,Delivered
SHIP001477,PO001425,China,UK,2025-05-25,2025-07-22,2025-07-22,Sea Freight,2032.53,921.18,350.68,Delivered
SHIP001478,PO001354,China,UK,2025-06-16,2025-07-30,2025-08-06,Sea Freight,3571.67,1302.24,151.27,Delivered
SHIP001479,PO001966,India,UK,2025-05-04,2025-05-26,2025-05-27,Air Freight,4510.62,931.6,163.63,Delivered
SHIP001480,PO000979,India,UK,2025-03-01,2025-04-01,2025-04-01,Sea Freight,1356.31,1220.91,120.74,Delivered
SHIP001481,PO001037,UK,UK,2025-04-17,2025-04-22,2025-04-22,Courier,3024.47,0.0,318.01,Delivered
SHIP001482,PO001962,India,UK,2025-05-19,2025-06-15,2025-06-15,Air Freight,3707.4,1028.05,274.39,Delivered
SHIP001483,PO000200,China,UK,2026-03-07,2026-04-09,2026-04-16,Sea Freight,664.91,287.36,54.57,Delivered
SHIP001484,PO001210,China,UK,2025-05-19,2025-07-09,2025-07-09,Rail Freight,3464.15,999.52,285.53,Delivered
SHIP001485,PO001049,China,UK,2025-07-26,2025-09-05,2025-09-05,Rail Freight,3628.77,539.26,496.36,Delivered
SHIP001486,PO001953,China,UK,2025-02-02,2025-03-13,2025-03-13,Rail Freight,1783.99,1188.26,239.48,Delivered
SHIP001487,PO001658,China,UK,2025-09-08,2025-10-19,2025-10-20,Sea Freight,2848.08,912.95,90.96,Delayed
SHIP001488,PO000637,China,UK,2025-02-26,2025-04-06,2025-04-09,Rail Freight,3410.75,979.03,280.07,Delayed
SHIP001489,PO000189,India,UK,2025-07-04,2025-08-01,2025-08-02,Air Freight,3706.93,568.98,274.38,Delayed
SHIP001490,PO000318,India,UK,2025-01-14,2025-02-06,2025-02-13,Air Freight,4935.6,954.66,90.2,Delayed
SHIP001491,PO000522,India,UK,2025-12-10,2026-01-08,2026-01-08,Air Freight,4470.83,680.51,448.37,Delivered
SHIP001492,PO001695,India,UK,2025-05-19,2025-06-12,2025-06-13,Sea Freight,2928.38,157.33,146.38,Delayed
SHIP001493,PO001711,UK,UK,2025-10-15,2025-10-14,2025-10-15,Road Freight,2571.72,0.0,241.94,Delayed
SHIP001494,PO001663,India,UK,2025-06-15,2025-07-17,2025-07-17,Sea Freight,3474.86,983.31,486.42,Delivered
SHIP001495,PO001640,UK,UK,2025-05-11,2025-05-10,2025-05-10,Road Freight,4696.57,0.0,148.58,Delivered
SHIP001496,PO000543,UK,UK,2025-10-14,2025-10-11,2025-10-11,Courier,3174.15,0.0,483.78,Delivered
SHIP001497,PO001983,China,UK,2025-08-26,2025-10-17,2025-10-17,Rail Freight,736.59,1285.14,160.45,Delivered
SHIP001498,PO001136,China,UK,2025-06-23,2025-08-10,2025-08-10,Sea Freight,3324.13,396.34,445.92,Delivered
SHIP001499,PO000502,India,UK,2025-09-14,2025-10-03,2025-10-03,Sea Freight,2016.75,207.32,401.75,Delivered
SHIP001500,PO000166,China,UK,2025-03-20,2025-04-29,2025-04-29,Air Freight,4384.61,721.12,402.31,Delivered
